-- MySQL dump 10.13  Distrib 8.0.25, for Linux (x86_64)
--
-- Host: 217.25.94.36    Database: kindergo
-- ------------------------------------------------------
-- Server version	8.0.25-0ubuntu0.20.04.1

/*!40101 SET @OLD_CHARACTER_SET_CLIENT=@@CHARACTER_SET_CLIENT */;
/*!40101 SET @OLD_CHARACTER_SET_RESULTS=@@CHARACTER_SET_RESULTS */;
/*!40101 SET @OLD_COLLATION_CONNECTION=@@COLLATION_CONNECTION */;
/*!50503 SET NAMES utf8 */;
/*!40103 SET @OLD_TIME_ZONE=@@TIME_ZONE */;
/*!40103 SET TIME_ZONE='+00:00' */;
/*!40014 SET @OLD_UNIQUE_CHECKS=@@UNIQUE_CHECKS, UNIQUE_CHECKS=0 */;
/*!40014 SET @OLD_FOREIGN_KEY_CHECKS=@@FOREIGN_KEY_CHECKS, FOREIGN_KEY_CHECKS=0 */;
/*!40101 SET @OLD_SQL_MODE=@@SQL_MODE, SQL_MODE='NO_AUTO_VALUE_ON_ZERO' */;
/*!40111 SET @OLD_SQL_NOTES=@@SQL_NOTES, SQL_NOTES=0 */;

--
-- Table structure for table `berli_globalsearch_data`
--

DROP TABLE IF EXISTS `berli_globalsearch_data`;
/*!40101 SET @saved_cs_client     = @@character_set_client */;
/*!50503 SET character_set_client = utf8mb4 */;
CREATE TABLE `berli_globalsearch_data` (
  `gscrmid` int NOT NULL,
  `searchlabel` varchar(255) NOT NULL,
  PRIMARY KEY (`gscrmid`),
  CONSTRAINT `fk_1_berli_globalsearch_data` FOREIGN KEY (`gscrmid`) REFERENCES `vtiger_crmentity` (`crmid`) ON DELETE CASCADE
) ENGINE=InnoDB DEFAULT CHARSET=utf8mb3;
/*!40101 SET character_set_client = @saved_cs_client */;

--
-- Dumping data for table `berli_globalsearch_data`
--

LOCK TABLES `berli_globalsearch_data` WRITE;
/*!40000 ALTER TABLE `berli_globalsearch_data` DISABLE KEYS */;
INSERT INTO `berli_globalsearch_data` VALUES (2,''),(3,''),(4,''),(5,''),(6,''),(7,''),(8,''),(9,''),(10,''),(11,''),(12,''),(13,''),(14,''),(15,''),(16,''),(17,''),(18,''),(19,'');
/*!40000 ALTER TABLE `berli_globalsearch_data` ENABLE KEYS */;
UNLOCK TABLES;

--
-- Table structure for table `berli_globalsearch_settings`
--

DROP TABLE IF EXISTS `berli_globalsearch_settings`;
/*!40101 SET @saved_cs_client     = @@character_set_client */;
/*!50503 SET character_set_client = utf8mb4 */;
CREATE TABLE `berli_globalsearch_settings` (
  `gstabid` int NOT NULL,
  `displayfield` varchar(150) NOT NULL,
  `searchcolumn` varchar(150) NOT NULL,
  `turn_off` int NOT NULL DEFAULT '1',
  `sequence` int NOT NULL,
  `searchall` tinyint(1) NOT NULL DEFAULT '1',
  PRIMARY KEY (`gstabid`),
  CONSTRAINT `fk_1_berl_globalsearch_settings` FOREIGN KEY (`gstabid`) REFERENCES `vtiger_tab` (`tabid`) ON DELETE CASCADE
) ENGINE=InnoDB DEFAULT CHARSET=utf8mb3;
/*!40101 SET character_set_client = @saved_cs_client */;

--
-- Dumping data for table `berli_globalsearch_settings`
--

LOCK TABLES `berli_globalsearch_settings` WRITE;
/*!40000 ALTER TABLE `berli_globalsearch_settings` DISABLE KEYS */;
INSERT INTO `berli_globalsearch_settings` VALUES (2,'','',1,0,1),(4,'','',1,0,1),(6,'','',1,0,1),(7,'','',1,0,1),(8,'','',1,0,1),(9,'','',1,0,1),(10,'','',0,0,1),(13,'','',1,0,1),(14,'','',1,0,1),(15,'','',1,0,1),(18,'','',1,0,1),(19,'','',1,0,1),(20,'','',1,0,1),(21,'','',1,0,1),(22,'','',1,0,1),(23,'','',1,0,1),(26,'','',1,0,1),(32,'','',1,0,1),(38,'','',1,0,1),(40,'','',1,0,1),(42,'','',1,0,1),(43,'','',1,0,1),(44,'','',1,0,1),(47,'','',1,0,1);
/*!40000 ALTER TABLE `berli_globalsearch_settings` ENABLE KEYS */;
UNLOCK TABLES;

--
-- Table structure for table `com_vtiger_workflow_activatedonce`
--

DROP TABLE IF EXISTS `com_vtiger_workflow_activatedonce`;
/*!40101 SET @saved_cs_client     = @@character_set_client */;
/*!50503 SET character_set_client = utf8mb4 */;
CREATE TABLE `com_vtiger_workflow_activatedonce` (
  `workflow_id` int NOT NULL,
  `entity_id` int NOT NULL,
  PRIMARY KEY (`workflow_id`,`entity_id`)
) ENGINE=InnoDB DEFAULT CHARSET=utf8mb3;
/*!40101 SET character_set_client = @saved_cs_client */;

--
-- Dumping data for table `com_vtiger_workflow_activatedonce`
--

LOCK TABLES `com_vtiger_workflow_activatedonce` WRITE;
/*!40000 ALTER TABLE `com_vtiger_workflow_activatedonce` DISABLE KEYS */;
/*!40000 ALTER TABLE `com_vtiger_workflow_activatedonce` ENABLE KEYS */;
UNLOCK TABLES;

--
-- Table structure for table `com_vtiger_workflow_tasktypes`
--

DROP TABLE IF EXISTS `com_vtiger_workflow_tasktypes`;
/*!40101 SET @saved_cs_client     = @@character_set_client */;
/*!50503 SET character_set_client = utf8mb4 */;
CREATE TABLE `com_vtiger_workflow_tasktypes` (
  `id` int NOT NULL,
  `tasktypename` varchar(255) NOT NULL,
  `label` varchar(255) DEFAULT NULL,
  `classname` varchar(255) DEFAULT NULL,
  `classpath` varchar(255) DEFAULT NULL,
  `templatepath` varchar(255) DEFAULT NULL,
  `modules` varchar(500) DEFAULT NULL,
  `sourcemodule` varchar(255) DEFAULT NULL
) ENGINE=InnoDB DEFAULT CHARSET=utf8mb3;
/*!40101 SET character_set_client = @saved_cs_client */;

--
-- Dumping data for table `com_vtiger_workflow_tasktypes`
--

LOCK TABLES `com_vtiger_workflow_tasktypes` WRITE;
/*!40000 ALTER TABLE `com_vtiger_workflow_tasktypes` DISABLE KEYS */;
INSERT INTO `com_vtiger_workflow_tasktypes` VALUES (1,'VTEmailTask','Send Mail','VTEmailTask','modules/com_vtiger_workflow/tasks/VTEmailTask.inc','modules/Settings/Workflows/Tasks/VTEmailTask.tpl','{\"include\":[],\"exclude\":[]}',''),(2,'VTEntityMethodTask','Invoke Custom Function','VTEntityMethodTask','modules/com_vtiger_workflow/tasks/VTEntityMethodTask.inc','modules/Settings/Workflows/Tasks/VTEntityMethodTask.tpl','{\"include\":[],\"exclude\":[]}',''),(3,'VTCreateTodoTask','Create Todo','VTCreateTodoTask','modules/com_vtiger_workflow/tasks/VTCreateTodoTask.inc','modules/Settings/Workflows/Tasks/VTCreateTodoTask.tpl','{\"include\":[\"Leads\",\"Accounts\",\"Potentials\",\"Contacts\",\"HelpDesk\",\"Campaigns\",\"Quotes\",\"PurchaseOrder\",\"SalesOrder\",\"Invoice\",\"Project\",\"Timetable\",\"Trips\"],\"exclude\":[\"Calendar\",\"FAQ\",\"Events\"]}',''),(4,'VTCreateEventTask','Create Event','VTCreateEventTask','modules/com_vtiger_workflow/tasks/VTCreateEventTask.inc','modules/Settings/Workflows/Tasks/VTCreateEventTask.tpl','{\"include\":[\"Leads\",\"Accounts\",\"Potentials\",\"Contacts\",\"HelpDesk\",\"Campaigns\",\"Project\",\"Timetable\",\"Trips\"],\"exclude\":[\"Calendar\",\"FAQ\",\"Events\"]}',''),(5,'VTUpdateFieldsTask','Update Fields','VTUpdateFieldsTask','modules/com_vtiger_workflow/tasks/VTUpdateFieldsTask.inc','modules/Settings/Workflows/Tasks/VTUpdateFieldsTask.tpl','{\"include\":[],\"exclude\":[]}',''),(6,'VTCreateEntityTask','Create Entity','VTCreateEntityTask','modules/com_vtiger_workflow/tasks/VTCreateEntityTask.inc','modules/Settings/Workflows/Tasks/VTCreateEntityTask.tpl','{\"include\":[],\"exclude\":[]}',''),(7,'VTSMSTask','SMS Task','VTSMSTask','modules/com_vtiger_workflow/tasks/VTSMSTask.inc','modules/Settings/Workflows/Tasks/VTSMSTask.tpl','{\"include\":[],\"exclude\":[]}','SMSNotifier'),(8,'VTPDFMakerMailTask','Send Email with PDF Maker attachments','VTPDFMakerMailTask','modules/PDFMaker/workflow/VTPDFMakerMailTask.inc','modules/PDFMaker/taskforms/VTPDFMakerMailTask.tpl','{\"include\":[],\"exclude\":[]}','PDFMaker'),(9,'VTPDFMakerTask','Save Document from PDF Maker','VTPDFMakerTask','modules/PDFMaker/workflow/VTPDFMakerTask.inc','modules/PDFMaker/taskforms/VTPDFMakerTask.tpl','{\"include\":[],\"exclude\":[]}','PDFMaker');
/*!40000 ALTER TABLE `com_vtiger_workflow_tasktypes` ENABLE KEYS */;
UNLOCK TABLES;

--
-- Table structure for table `com_vtiger_workflow_tasktypes_seq`
--

DROP TABLE IF EXISTS `com_vtiger_workflow_tasktypes_seq`;
/*!40101 SET @saved_cs_client     = @@character_set_client */;
/*!50503 SET character_set_client = utf8mb4 */;
CREATE TABLE `com_vtiger_workflow_tasktypes_seq` (
  `id` int NOT NULL
) ENGINE=InnoDB DEFAULT CHARSET=utf8mb3;
/*!40101 SET character_set_client = @saved_cs_client */;

--
-- Dumping data for table `com_vtiger_workflow_tasktypes_seq`
--

LOCK TABLES `com_vtiger_workflow_tasktypes_seq` WRITE;
/*!40000 ALTER TABLE `com_vtiger_workflow_tasktypes_seq` DISABLE KEYS */;
INSERT INTO `com_vtiger_workflow_tasktypes_seq` VALUES (9);
/*!40000 ALTER TABLE `com_vtiger_workflow_tasktypes_seq` ENABLE KEYS */;
UNLOCK TABLES;

--
-- Table structure for table `com_vtiger_workflows`
--

DROP TABLE IF EXISTS `com_vtiger_workflows`;
/*!40101 SET @saved_cs_client     = @@character_set_client */;
/*!50503 SET character_set_client = utf8mb4 */;
CREATE TABLE `com_vtiger_workflows` (
  `workflow_id` int NOT NULL AUTO_INCREMENT,
  `module_name` varchar(100) DEFAULT NULL,
  `summary` varchar(400) NOT NULL,
  `test` text,
  `execution_condition` int NOT NULL,
  `defaultworkflow` int DEFAULT NULL,
  `type` varchar(255) DEFAULT NULL,
  `filtersavedinnew` int DEFAULT NULL,
  `schtypeid` int DEFAULT NULL,
  `schdayofmonth` varchar(100) DEFAULT NULL,
  `schdayofweek` varchar(100) DEFAULT NULL,
  `schannualdates` varchar(100) DEFAULT NULL,
  `schtime` varchar(50) DEFAULT NULL,
  `nexttrigger_time` datetime DEFAULT NULL,
  `status` tinyint(1) DEFAULT '1',
  `workflowname` varchar(100) DEFAULT NULL,
  PRIMARY KEY (`workflow_id`),
  UNIQUE KEY `com_vtiger_workflows_idx` (`workflow_id`)
) ENGINE=InnoDB AUTO_INCREMENT=26 DEFAULT CHARSET=utf8mb3;
/*!40101 SET character_set_client = @saved_cs_client */;

--
-- Dumping data for table `com_vtiger_workflows`
--

LOCK TABLES `com_vtiger_workflows` WRITE;
/*!40000 ALTER TABLE `com_vtiger_workflows` DISABLE KEYS */;
INSERT INTO `com_vtiger_workflows` VALUES (1,'Invoice','Обновление товаров на складе после каждого сохранения','[{\"fieldname\":\"subject\",\"operation\":\"does not contain\",\"value\":\"`!`\"}]',3,1,'basic',5,NULL,NULL,NULL,NULL,NULL,NULL,1,'Обновление товаров на складе после каждого сохранения'),(2,'Accounts','Отправить Email пользователю, если указано Уведомлять ответственного','[{\"fieldname\":\"notify_owner\",\"operation\":\"is\",\"value\":\"true:boolean\"}]',2,1,'basic',5,NULL,NULL,NULL,NULL,NULL,NULL,1,'Отправить Email пользователю, если указано Уведомлять ответственного'),(3,'Contacts','Отправить Email пользователю, если указано Уведомлять ответственного','[{\"fieldname\":\"notify_owner\",\"operation\":\"is\",\"value\":\"true:boolean\"}]',2,1,'basic',5,NULL,NULL,NULL,NULL,NULL,NULL,1,'Отправить Email пользователю, если указано Уведомлять ответственного'),(4,'Contacts','Отправить Email пользователю, если контакт стал пользователем портала','[{\"fieldname\":\"portal\",\"operation\":\"is\",\"value\":\"1\",\"valuetype\":\"rawtext\",\"joincondition\":\"and\",\"groupjoin\":\"and\",\"groupid\":\"0\"},{\"fieldname\":\"email\",\"operation\":\"is not empty\",\"value\":\"\",\"valuetype\":\"rawtext\",\"joincondition\":\"\",\"groupjoin\":\"and\",\"groupid\":\"0\"}]',3,1,'basic',6,NULL,NULL,NULL,NULL,NULL,NULL,1,'Отправить Email пользователю, если контакт стал пользователем портала'),(5,'Potentials','Отправить Email пользователю при создании Сделки',NULL,1,1,'basic',5,NULL,NULL,NULL,NULL,NULL,NULL,1,'Отправить Email пользователю при создании Сделки'),(6,'Contacts','Автоматические обработчики для создания и модификации контактов','',3,1,'basic',5,NULL,NULL,NULL,NULL,NULL,NULL,1,'Автоматические обработчики для создания и модификации контактов'),(7,'HelpDesk','Cоздание заявки из портала : Отправка электронного письма ответственному и контакту','[{\"fieldname\":\"from_portal\",\"operation\":\"is\",\"value\":1,\"valuetype\":\"rawtext\",\"joincondition\":\"and\",\"groupjoin\":\"and\",\"groupid\":0},{\"fieldname\":\"from_portal\",\"operation\":\"is\",\"value\":\"1\",\"valuetype\":\"rawtext\",\"joincondition\":\"\",\"groupjoin\":\"and\",\"groupid\":\"0\"}]',1,1,'basic',6,NULL,NULL,NULL,NULL,NULL,NULL,1,'Cоздание заявки из портала : Отправка электронного письма ответственному и контакту'),(9,'HelpDesk','Обработчик для изменяемых заявок, не из портала','[{\"fieldname\":\"from_portal\",\"operation\":\"is\",\"value\":\"false:boolean\"}]',3,1,'basic',5,NULL,NULL,NULL,NULL,NULL,NULL,1,'Обработчик для изменяемых заявок, не из портала'),(12,'SPUnits','Автоматический обработчик для модификации Товаров/Услуг',NULL,3,NULL,'basic',5,NULL,NULL,NULL,NULL,NULL,NULL,1,'Автоматический обработчик для модификации Товаров/Услуг'),(13,'Products','Автоматический обработчик для модификации Кода Единицы Измерения',NULL,3,NULL,'basic',5,NULL,NULL,NULL,NULL,NULL,NULL,1,'Автоматический обработчик для модификации Кода Единицы Измерения'),(14,'Services','Автоматический обработчик для модификации Кода Единицы Измерения',NULL,3,NULL,'basic',5,NULL,NULL,NULL,NULL,NULL,NULL,1,'Автоматический обработчик для модификации Кода Единицы Измерения'),(15,'Potentials','Вычисление и обновление прогнозируемой суммы','',3,1,'basic',5,NULL,NULL,NULL,NULL,NULL,NULL,1,'Вычисление и обновление прогнозируемой суммы'),(16,'HelpDesk','Добавлен комментарий из CRM: Отправка Email Контрагенту','[{\"fieldname\":\"_VT_add_comment\",\"operation\":\"is added\",\"value\":\"\",\"valuetype\":\"rawtext\",\"joincondition\":\"\",\"groupjoin\":\"and\",\"groupid\":\"0\"},{\"fieldname\":\"from_portal\",\"operation\":\"is\",\"value\":\"0\",\"valuetype\":\"rawtext\",\"joincondition\":\"\",\"groupjoin\":\"and\",\"groupid\":\"0\"},{\"fieldname\":\"(parent_id : (Accounts) emailoptout)\",\"operation\":\"is\",\"value\":\"0\",\"valuetype\":\"rawtext\",\"joincondition\":\"and\",\"groupjoin\":\"and\",\"groupid\":\"0\"}]',3,1,'basic',6,NULL,NULL,NULL,NULL,NULL,NULL,1,'Добавлен комментарий из CRM: Отправка Email Контрагенту'),(17,'PurchaseOrder','Обновление товаров на складе после каждого сохранения',NULL,3,1,'basic',5,NULL,NULL,NULL,NULL,NULL,NULL,1,'Обновление товаров на складе после каждого сохранения'),(18,'HelpDesk','Добавлен комментарий из портала: Отправка сообщения ответственному','[{\"fieldname\":\"_VT_add_comment\",\"operation\":\"is added\",\"value\":\"\",\"valuetype\":\"rawtext\",\"joincondition\":\"\",\"groupjoin\":\"and\",\"groupid\":\"0\"},{\"fieldname\":\"from_portal\",\"operation\":\"is\",\"value\":\"1\",\"valuetype\":\"rawtext\",\"joincondition\":\"\",\"groupjoin\":\"and\",\"groupid\":\"0\"}]',3,1,'basic',6,NULL,NULL,NULL,NULL,NULL,NULL,1,'Добавлен комментарий из портала: Отправка сообщения ответственному'),(19,'HelpDesk','Добавлен комментарий в CRM: Отправка Email Контакту, который не является пользователем портала','[{\"fieldname\":\"(contact_id : (Contacts) portal)\",\"operation\":\"is\",\"value\":\"0\",\"valuetype\":\"rawtext\",\"joincondition\":\"and\",\"groupjoin\":\"and\",\"groupid\":\"0\"},{\"fieldname\":\"_VT_add_comment\",\"operation\":\"is added\",\"value\":\"\",\"valuetype\":\"rawtext\",\"joincondition\":\"\",\"groupjoin\":\"and\",\"groupid\":\"0\"},{\"fieldname\":\"from_portal\",\"operation\":\"is\",\"value\":\"0\",\"valuetype\":\"rawtext\",\"joincondition\":\"\",\"groupjoin\":\"and\",\"groupid\":\"0\"},{\"fieldname\":\"(contact_id : (Contacts) emailoptout)\",\"operation\":\"is\",\"value\":\"0\",\"valuetype\":\"rawtext\",\"joincondition\":\"and\",\"groupjoin\":\"and\",\"groupid\":\"0\"}]',3,1,'basic',6,NULL,NULL,NULL,NULL,NULL,NULL,1,'Добавлен комментарий в CRM: Отправка Email Контакту, который не является пользователем портала'),(20,'HelpDesk','Добавлен комментарий в CRM: Отправка Email Контакту, который является пользователем портала','[{\"fieldname\":\"(contact_id : (Contacts) portal)\",\"operation\":\"is\",\"value\":\"1\",\"valuetype\":\"rawtext\",\"joincondition\":\"and\",\"groupjoin\":\"and\",\"groupid\":\"0\"},{\"fieldname\":\"_VT_add_comment\",\"operation\":\"is added\",\"value\":\"\",\"valuetype\":\"rawtext\",\"joincondition\":\"\",\"groupjoin\":\"and\",\"groupid\":\"0\"},{\"fieldname\":\"from_portal\",\"operation\":\"is\",\"value\":\"0\",\"valuetype\":\"rawtext\",\"joincondition\":\"\",\"groupjoin\":\"and\",\"groupid\":\"0\"},{\"fieldname\":\"(contact_id : (Contacts) emailoptout)\",\"operation\":\"is\",\"value\":\"0\",\"valuetype\":\"rawtext\",\"joincondition\":\"and\",\"groupjoin\":\"and\",\"groupid\":\"0\"}]',3,1,'basic',6,NULL,NULL,NULL,NULL,NULL,NULL,1,'Добавлен комментарий в CRM: Отправка Email Контакту, который является пользователем портала'),(21,'HelpDesk','Отправка Email ответственному при обновлении заявки','[{\"fieldname\":\"from_portal\",\"operation\":\"is\",\"value\":0,\"valuetype\":\"rawtext\",\"joincondition\":\"and\",\"groupjoin\":\"and\",\"groupid\":0},{\"fieldname\":\"ticketstatus\",\"operation\":\"has changed to\",\"value\":\"Closed\",\"valuetype\":\"rawtext\",\"joincondition\":\"or\",\"groupjoin\":\"and\",\"groupid\":\"1\"},{\"fieldname\":\"solution\",\"operation\":\"has changed\",\"value\":\"\",\"valuetype\":\"\",\"joincondition\":\"or\",\"groupjoin\":\"and\",\"groupid\":\"1\"},{\"fieldname\":\"assigned_user_id\",\"operation\":\"has changed\",\"value\":\"\",\"valuetype\":\"\",\"joincondition\":\"or\",\"groupjoin\":\"and\",\"groupid\":\"1\"},{\"fieldname\":\"description\",\"operation\":\"has changed\",\"value\":\"\",\"valuetype\":\"\",\"joincondition\":\"or\",\"groupjoin\":\"and\",\"groupid\":\"1\"}]',3,1,'basic',6,NULL,NULL,NULL,NULL,NULL,NULL,1,'Отправка Email ответственному при обновлении заявки'),(22,'HelpDesk','Создание заявки в CRM: отправка Email ответственному','[{\"fieldname\":\"from_portal\",\"operation\":\"is\",\"value\":\"0\",\"valuetype\":\"rawtext\",\"joincondition\":\"\",\"groupjoin\":\"and\",\"groupid\":\"0\"}]',1,1,'basic',6,NULL,NULL,NULL,NULL,NULL,NULL,1,'Создание заявки в CRM: отправка Email ответственному'),(23,'Invoice','Обновление товаров на складе после каждого сохранения','[{\"fieldname\":\"subject\",\"operation\":\"does not contain\",\"value\":\"`!`\"}]',3,1,'basic',5,NULL,NULL,NULL,NULL,NULL,NULL,1,'Обновление товаров на складе после каждого сохранения'),(24,'Events','Автоматические обработчики для событий при выбранной опции Отправить уведомление','[{\"fieldname\":\"sendnotification\",\"operation\":\"is\",\"value\":\"true:boolean\"}]',3,1,'basic',5,NULL,NULL,NULL,NULL,NULL,NULL,1,'Автоматические обработчики для событий при выбранной опции Отправить уведомление'),(25,'Calendar','Автоматические обработчики для задач Календаря при выбранной опции Отправить уведомление','[{\"fieldname\":\"sendnotification\",\"operation\":\"is\",\"value\":\"true:boolean\"}]',3,1,'basic',5,NULL,NULL,NULL,NULL,NULL,NULL,1,'Автоматические обработчики для задач Календаря при выбранной опции Отправить уведомление');
/*!40000 ALTER TABLE `com_vtiger_workflows` ENABLE KEYS */;
UNLOCK TABLES;

--
-- Table structure for table `com_vtiger_workflows_seq`
--

DROP TABLE IF EXISTS `com_vtiger_workflows_seq`;
/*!40101 SET @saved_cs_client     = @@character_set_client */;
/*!50503 SET character_set_client = utf8mb4 */;
CREATE TABLE `com_vtiger_workflows_seq` (
  `id` int NOT NULL
) ENGINE=InnoDB DEFAULT CHARSET=utf8mb3;
/*!40101 SET character_set_client = @saved_cs_client */;

--
-- Dumping data for table `com_vtiger_workflows_seq`
--

LOCK TABLES `com_vtiger_workflows_seq` WRITE;
/*!40000 ALTER TABLE `com_vtiger_workflows_seq` DISABLE KEYS */;
INSERT INTO `com_vtiger_workflows_seq` VALUES (25);
/*!40000 ALTER TABLE `com_vtiger_workflows_seq` ENABLE KEYS */;
UNLOCK TABLES;

--
-- Table structure for table `com_vtiger_workflowtask_queue`
--

DROP TABLE IF EXISTS `com_vtiger_workflowtask_queue`;
/*!40101 SET @saved_cs_client     = @@character_set_client */;
/*!50503 SET character_set_client = utf8mb4 */;
CREATE TABLE `com_vtiger_workflowtask_queue` (
  `task_id` int DEFAULT NULL,
  `entity_id` varchar(100) DEFAULT NULL,
  `do_after` int DEFAULT NULL,
  `relatedinfo` varchar(255) DEFAULT NULL,
  `task_contents` text
) ENGINE=InnoDB DEFAULT CHARSET=utf8mb3;
/*!40101 SET character_set_client = @saved_cs_client */;

--
-- Dumping data for table `com_vtiger_workflowtask_queue`
--

LOCK TABLES `com_vtiger_workflowtask_queue` WRITE;
/*!40000 ALTER TABLE `com_vtiger_workflowtask_queue` DISABLE KEYS */;
INSERT INTO `com_vtiger_workflowtask_queue` VALUES (5,'12x5',0,'false','{\"fromEmail\":\"erickorolev@gmail.com\",\"fromName\":\"Admin \\u0410\\u0434\\u043c\\u0438\\u043d\\u0438\\u0441\\u0442\\u0440\\u0430\\u0442\\u043e\\u0440\",\"replyTo\":\"kindergo.driveclub@yandex.ru\",\"toEmail\":\"erickorolev@gmail.com\",\"ccEmail\":\"\",\"bccEmail\":\"\",\"subject\":\"\\u0423\\u0432\\u0435\\u0434\\u043e\\u043c\\u043b\\u0435\\u043d\\u0438\\u0435 \\u043e \\u043d\\u0430\\u0437\\u043d\\u0430\\u0447\\u0435\\u043d\\u0438\\u0438 \\u041a\\u043e\\u043d\\u0442\\u0430\\u043a\\u0442\\u0430\",\"content\":\"\\u0412 \\u0441\\u0438\\u0441\\u0442\\u0435\\u043c\\u0435 vtigerCRM \\u0412\\u0430\\u043c \\u0431\\u044b\\u043b \\u043d\\u0430\\u0437\\u043d\\u0430\\u0447\\u0435\\u043d \\u043a\\u043e\\u043d\\u0442\\u0430\\u043a\\u0442<br>\\u0418\\u043d\\u0444\\u043e\\u0440\\u043c\\u0430\\u0446\\u0438\\u044f \\u043e \\u043a\\u043e\\u043d\\u0442\\u0430\\u043a\\u0442\\u0435 :<br><br>\\u041a\\u043e\\u043d\\u0442\\u0430\\u043a\\u0442 \\u2116:<b>\\u041a\\u041e\\u041d\\u0422\\u0410\\u041a\\u0422_1<\\/b><br>\\u0424\\u0430\\u043c\\u0438\\u043b\\u0438\\u044f:<b>\\u041a\\u043e\\u0440\\u043e\\u043b\\u0435\\u0432<\\/b><br>\\u0418\\u043c\\u044f:<b>\\u042d\\u0440\\u0438\\u043a<\\/b><br>\\u0418\\u0441\\u0442\\u043e\\u0447\\u043d\\u0438\\u043a:<b><\\/b><br>\\u041e\\u0442\\u0434\\u0435\\u043b:<b><\\/b><br>\\u041e\\u043f\\u0438\\u0441\\u0430\\u043d\\u0438\\u0435:<b><\\/b><br><br><br>\\u0410 \\u0442\\u0430\\u043a\\u0436\\u0435 <b>\\u0434\\u0435\\u0442\\u0430\\u043b\\u0438 \\u043b\\u043e\\u0433\\u0438\\u043d\\u0430 \\u043d\\u0430 CustomerPortal<\\/b> \\u0431\\u044b\\u043b\\u0438 \\u043e\\u0442\\u043f\\u0440\\u0430\\u0432\\u043b\\u0435\\u043d\\u044b Email :-erickorolev@gmail.com<br><br>\\u0421\\u043f\\u0430\\u0441\\u0438\\u0431\\u043e,<br>Admin<br><br>\"}'),(7,'12x5',0,'false','{\"fromEmail\":\"erickorolev@gmail.com\",\"fromName\":\"Admin \\u0410\\u0434\\u043c\\u0438\\u043d\\u0438\\u0441\\u0442\\u0440\\u0430\\u0442\\u043e\\u0440\",\"replyTo\":\"kindergo.driveclub@yandex.ru\",\"toEmail\":\"erickorolev@gmail.com\",\"ccEmail\":\"\",\"bccEmail\":\"\",\"subject\":\"\\u0423\\u0432\\u0435\\u0434\\u043e\\u043c\\u043b\\u0435\\u043d\\u0438\\u0435 \\u043e \\u043d\\u0430\\u0437\\u043d\\u0430\\u0447\\u0435\\u043d\\u0438\\u0438 \\u041a\\u043e\\u043d\\u0442\\u0430\\u043a\\u0442\\u0430\",\"content\":\"\\u0412 \\u0441\\u0438\\u0441\\u0442\\u0435\\u043c\\u0435 vtigerCRM \\u0412\\u0430\\u043c \\u0431\\u044b\\u043b \\u043d\\u0430\\u0437\\u043d\\u0430\\u0447\\u0435\\u043d \\u043a\\u043e\\u043d\\u0442\\u0430\\u043a\\u0442<br>\\u0418\\u043d\\u0444\\u043e\\u0440\\u043c\\u0430\\u0446\\u0438\\u044f \\u043e \\u043a\\u043e\\u043d\\u0442\\u0430\\u043a\\u0442\\u0435 :<br><br>\\u041a\\u043e\\u043d\\u0442\\u0430\\u043a\\u0442 \\u2116:<b>\\u041a\\u041e\\u041d\\u0422\\u0410\\u041a\\u0422_1<\\/b><br>\\u0424\\u0430\\u043c\\u0438\\u043b\\u0438\\u044f:<b>\\u041a\\u043e\\u0440\\u043e\\u043b\\u0435\\u0432<\\/b><br>\\u0418\\u043c\\u044f:<b>\\u042d\\u0440\\u0438\\u043a<\\/b><br>\\u0418\\u0441\\u0442\\u043e\\u0447\\u043d\\u0438\\u043a:<b><\\/b><br>\\u041e\\u0442\\u0434\\u0435\\u043b:<b><\\/b><br>\\u041e\\u043f\\u0438\\u0441\\u0430\\u043d\\u0438\\u0435:<b><\\/b><br><br><br>\\u0410 \\u0442\\u0430\\u043a\\u0436\\u0435 <b>\\u0434\\u0435\\u0442\\u0430\\u043b\\u0438 \\u043b\\u043e\\u0433\\u0438\\u043d\\u0430 \\u043d\\u0430 CustomerPortal<\\/b> \\u0431\\u044b\\u043b\\u0438 \\u043e\\u0442\\u043f\\u0440\\u0430\\u0432\\u043b\\u0435\\u043d\\u044b Email :-erickorolev@gmail.com<br><br>\\u0421\\u043f\\u0430\\u0441\\u0438\\u0431\\u043e,<br>Admin<br><br>\"}'),(5,'12x6',0,'false','{\"fromEmail\":\"erickorolev@gmail.com\",\"fromName\":\"Admin \\u0410\\u0434\\u043c\\u0438\\u043d\\u0438\\u0441\\u0442\\u0440\\u0430\\u0442\\u043e\\u0440\",\"replyTo\":\"kindergo.driveclub@yandex.ru\",\"toEmail\":\"erickorolev@gmail.com\",\"ccEmail\":\"\",\"bccEmail\":\"\",\"subject\":\"\\u0423\\u0432\\u0435\\u0434\\u043e\\u043c\\u043b\\u0435\\u043d\\u0438\\u0435 \\u043e \\u043d\\u0430\\u0437\\u043d\\u0430\\u0447\\u0435\\u043d\\u0438\\u0438 \\u041a\\u043e\\u043d\\u0442\\u0430\\u043a\\u0442\\u0430\",\"content\":\"\\u0412 \\u0441\\u0438\\u0441\\u0442\\u0435\\u043c\\u0435 vtigerCRM \\u0412\\u0430\\u043c \\u0431\\u044b\\u043b \\u043d\\u0430\\u0437\\u043d\\u0430\\u0447\\u0435\\u043d \\u043a\\u043e\\u043d\\u0442\\u0430\\u043a\\u0442<br>\\u0418\\u043d\\u0444\\u043e\\u0440\\u043c\\u0430\\u0446\\u0438\\u044f \\u043e \\u043a\\u043e\\u043d\\u0442\\u0430\\u043a\\u0442\\u0435 :<br><br>\\u041a\\u043e\\u043d\\u0442\\u0430\\u043a\\u0442 \\u2116:<b>\\u041a\\u041e\\u041d\\u0422\\u0410\\u041a\\u0422_2<\\/b><br>\\u0424\\u0430\\u043c\\u0438\\u043b\\u0438\\u044f:<b>\\u041a\\u043e\\u0440\\u043e\\u043b\\u0435\\u0432<\\/b><br>\\u0418\\u043c\\u044f:<b>\\u042d\\u0440\\u0438\\u043a<\\/b><br>\\u0418\\u0441\\u0442\\u043e\\u0447\\u043d\\u0438\\u043a:<b><\\/b><br>\\u041e\\u0442\\u0434\\u0435\\u043b:<b><\\/b><br>\\u041e\\u043f\\u0438\\u0441\\u0430\\u043d\\u0438\\u0435:<b><\\/b><br><br><br>\\u0410 \\u0442\\u0430\\u043a\\u0436\\u0435 <b>\\u0434\\u0435\\u0442\\u0430\\u043b\\u0438 \\u043b\\u043e\\u0433\\u0438\\u043d\\u0430 \\u043d\\u0430 CustomerPortal<\\/b> \\u0431\\u044b\\u043b\\u0438 \\u043e\\u0442\\u043f\\u0440\\u0430\\u0432\\u043b\\u0435\\u043d\\u044b Email :-erickorolev@gmail.com<br><br>\\u0421\\u043f\\u0430\\u0441\\u0438\\u0431\\u043e,<br>Admin<br><br>\"}'),(7,'12x6',0,'false','{\"fromEmail\":\"erickorolev@gmail.com\",\"fromName\":\"Admin \\u0410\\u0434\\u043c\\u0438\\u043d\\u0438\\u0441\\u0442\\u0440\\u0430\\u0442\\u043e\\u0440\",\"replyTo\":\"kindergo.driveclub@yandex.ru\",\"toEmail\":\"erickorolev@gmail.com\",\"ccEmail\":\"\",\"bccEmail\":\"\",\"subject\":\"\\u0423\\u0432\\u0435\\u0434\\u043e\\u043c\\u043b\\u0435\\u043d\\u0438\\u0435 \\u043e \\u043d\\u0430\\u0437\\u043d\\u0430\\u0447\\u0435\\u043d\\u0438\\u0438 \\u041a\\u043e\\u043d\\u0442\\u0430\\u043a\\u0442\\u0430\",\"content\":\"\\u0412 \\u0441\\u0438\\u0441\\u0442\\u0435\\u043c\\u0435 vtigerCRM \\u0412\\u0430\\u043c \\u0431\\u044b\\u043b \\u043d\\u0430\\u0437\\u043d\\u0430\\u0447\\u0435\\u043d \\u043a\\u043e\\u043d\\u0442\\u0430\\u043a\\u0442<br>\\u0418\\u043d\\u0444\\u043e\\u0440\\u043c\\u0430\\u0446\\u0438\\u044f \\u043e \\u043a\\u043e\\u043d\\u0442\\u0430\\u043a\\u0442\\u0435 :<br><br>\\u041a\\u043e\\u043d\\u0442\\u0430\\u043a\\u0442 \\u2116:<b>\\u041a\\u041e\\u041d\\u0422\\u0410\\u041a\\u0422_2<\\/b><br>\\u0424\\u0430\\u043c\\u0438\\u043b\\u0438\\u044f:<b>\\u041a\\u043e\\u0440\\u043e\\u043b\\u0435\\u0432<\\/b><br>\\u0418\\u043c\\u044f:<b>\\u042d\\u0440\\u0438\\u043a<\\/b><br>\\u0418\\u0441\\u0442\\u043e\\u0447\\u043d\\u0438\\u043a:<b><\\/b><br>\\u041e\\u0442\\u0434\\u0435\\u043b:<b><\\/b><br>\\u041e\\u043f\\u0438\\u0441\\u0430\\u043d\\u0438\\u0435:<b><\\/b><br><br><br>\\u0410 \\u0442\\u0430\\u043a\\u0436\\u0435 <b>\\u0434\\u0435\\u0442\\u0430\\u043b\\u0438 \\u043b\\u043e\\u0433\\u0438\\u043d\\u0430 \\u043d\\u0430 CustomerPortal<\\/b> \\u0431\\u044b\\u043b\\u0438 \\u043e\\u0442\\u043f\\u0440\\u0430\\u0432\\u043b\\u0435\\u043d\\u044b Email :-erickorolev@gmail.com<br><br>\\u0421\\u043f\\u0430\\u0441\\u0438\\u0431\\u043e,<br>Admin<br><br>\"}'),(5,'12x7',0,'false','{\"fromEmail\":\"erickorolev@gmail.com\",\"fromName\":\"Admin \\u0410\\u0434\\u043c\\u0438\\u043d\\u0438\\u0441\\u0442\\u0440\\u0430\\u0442\\u043e\\u0440\",\"replyTo\":\"kindergo.driveclub@yandex.ru\",\"toEmail\":\"erickorolev@gmail.com\",\"ccEmail\":\"\",\"bccEmail\":\"\",\"subject\":\"\\u0423\\u0432\\u0435\\u0434\\u043e\\u043c\\u043b\\u0435\\u043d\\u0438\\u0435 \\u043e \\u043d\\u0430\\u0437\\u043d\\u0430\\u0447\\u0435\\u043d\\u0438\\u0438 \\u041a\\u043e\\u043d\\u0442\\u0430\\u043a\\u0442\\u0430\",\"content\":\"\\u0412 \\u0441\\u0438\\u0441\\u0442\\u0435\\u043c\\u0435 vtigerCRM \\u0412\\u0430\\u043c \\u0431\\u044b\\u043b \\u043d\\u0430\\u0437\\u043d\\u0430\\u0447\\u0435\\u043d \\u043a\\u043e\\u043d\\u0442\\u0430\\u043a\\u0442<br>\\u0418\\u043d\\u0444\\u043e\\u0440\\u043c\\u0430\\u0446\\u0438\\u044f \\u043e \\u043a\\u043e\\u043d\\u0442\\u0430\\u043a\\u0442\\u0435 :<br><br>\\u041a\\u043e\\u043d\\u0442\\u0430\\u043a\\u0442 \\u2116:<b>\\u041a\\u041e\\u041d\\u0422\\u0410\\u041a\\u0422_3<\\/b><br>\\u0424\\u0430\\u043c\\u0438\\u043b\\u0438\\u044f:<b>\\u041a\\u043e\\u0440\\u043e\\u043b\\u0435\\u0432<\\/b><br>\\u0418\\u043c\\u044f:<b>\\u042d\\u0440\\u0438\\u043a<\\/b><br>\\u0418\\u0441\\u0442\\u043e\\u0447\\u043d\\u0438\\u043a:<b><\\/b><br>\\u041e\\u0442\\u0434\\u0435\\u043b:<b><\\/b><br>\\u041e\\u043f\\u0438\\u0441\\u0430\\u043d\\u0438\\u0435:<b><\\/b><br><br><br>\\u0410 \\u0442\\u0430\\u043a\\u0436\\u0435 <b>\\u0434\\u0435\\u0442\\u0430\\u043b\\u0438 \\u043b\\u043e\\u0433\\u0438\\u043d\\u0430 \\u043d\\u0430 CustomerPortal<\\/b> \\u0431\\u044b\\u043b\\u0438 \\u043e\\u0442\\u043f\\u0440\\u0430\\u0432\\u043b\\u0435\\u043d\\u044b Email :-erickorolev@gmail.com<br><br>\\u0421\\u043f\\u0430\\u0441\\u0438\\u0431\\u043e,<br>Admin<br><br>\"}'),(7,'12x7',0,'false','{\"fromEmail\":\"erickorolev@gmail.com\",\"fromName\":\"Admin \\u0410\\u0434\\u043c\\u0438\\u043d\\u0438\\u0441\\u0442\\u0440\\u0430\\u0442\\u043e\\u0440\",\"replyTo\":\"kindergo.driveclub@yandex.ru\",\"toEmail\":\"erickorolev@gmail.com\",\"ccEmail\":\"\",\"bccEmail\":\"\",\"subject\":\"\\u0423\\u0432\\u0435\\u0434\\u043e\\u043c\\u043b\\u0435\\u043d\\u0438\\u0435 \\u043e \\u043d\\u0430\\u0437\\u043d\\u0430\\u0447\\u0435\\u043d\\u0438\\u0438 \\u041a\\u043e\\u043d\\u0442\\u0430\\u043a\\u0442\\u0430\",\"content\":\"\\u0412 \\u0441\\u0438\\u0441\\u0442\\u0435\\u043c\\u0435 vtigerCRM \\u0412\\u0430\\u043c \\u0431\\u044b\\u043b \\u043d\\u0430\\u0437\\u043d\\u0430\\u0447\\u0435\\u043d \\u043a\\u043e\\u043d\\u0442\\u0430\\u043a\\u0442<br>\\u0418\\u043d\\u0444\\u043e\\u0440\\u043c\\u0430\\u0446\\u0438\\u044f \\u043e \\u043a\\u043e\\u043d\\u0442\\u0430\\u043a\\u0442\\u0435 :<br><br>\\u041a\\u043e\\u043d\\u0442\\u0430\\u043a\\u0442 \\u2116:<b>\\u041a\\u041e\\u041d\\u0422\\u0410\\u041a\\u0422_3<\\/b><br>\\u0424\\u0430\\u043c\\u0438\\u043b\\u0438\\u044f:<b>\\u041a\\u043e\\u0440\\u043e\\u043b\\u0435\\u0432<\\/b><br>\\u0418\\u043c\\u044f:<b>\\u042d\\u0440\\u0438\\u043a<\\/b><br>\\u0418\\u0441\\u0442\\u043e\\u0447\\u043d\\u0438\\u043a:<b><\\/b><br>\\u041e\\u0442\\u0434\\u0435\\u043b:<b><\\/b><br>\\u041e\\u043f\\u0438\\u0441\\u0430\\u043d\\u0438\\u0435:<b><\\/b><br><br><br>\\u0410 \\u0442\\u0430\\u043a\\u0436\\u0435 <b>\\u0434\\u0435\\u0442\\u0430\\u043b\\u0438 \\u043b\\u043e\\u0433\\u0438\\u043d\\u0430 \\u043d\\u0430 CustomerPortal<\\/b> \\u0431\\u044b\\u043b\\u0438 \\u043e\\u0442\\u043f\\u0440\\u0430\\u0432\\u043b\\u0435\\u043d\\u044b Email :-erickorolev@gmail.com<br><br>\\u0421\\u043f\\u0430\\u0441\\u0438\\u0431\\u043e,<br>Admin<br><br>\"}'),(7,'12x11',0,'false','{\"fromEmail\":\"erickorolev@gmail.com\",\"fromName\":\"Admin \\u0410\\u0434\\u043c\\u0438\\u043d\\u0438\\u0441\\u0442\\u0440\\u0430\\u0442\\u043e\\u0440\",\"replyTo\":\"kindergo.driveclub@yandex.ru\",\"toEmail\":\"erickorolev@gmail.com\",\"ccEmail\":\"\",\"bccEmail\":\"\",\"subject\":\"\\u0423\\u0432\\u0435\\u0434\\u043e\\u043c\\u043b\\u0435\\u043d\\u0438\\u0435 \\u043e \\u043d\\u0430\\u0437\\u043d\\u0430\\u0447\\u0435\\u043d\\u0438\\u0438 \\u041a\\u043e\\u043d\\u0442\\u0430\\u043a\\u0442\\u0430\",\"content\":\"\\u0412 \\u0441\\u0438\\u0441\\u0442\\u0435\\u043c\\u0435 vtigerCRM \\u0412\\u0430\\u043c \\u0431\\u044b\\u043b \\u043d\\u0430\\u0437\\u043d\\u0430\\u0447\\u0435\\u043d \\u043a\\u043e\\u043d\\u0442\\u0430\\u043a\\u0442<br>\\u0418\\u043d\\u0444\\u043e\\u0440\\u043c\\u0430\\u0446\\u0438\\u044f \\u043e \\u043a\\u043e\\u043d\\u0442\\u0430\\u043a\\u0442\\u0435 :<br><br>\\u041a\\u043e\\u043d\\u0442\\u0430\\u043a\\u0442 \\u2116:<b>\\u041a\\u041e\\u041d\\u0422\\u0410\\u041a\\u0422_4<\\/b><br>\\u0424\\u0430\\u043c\\u0438\\u043b\\u0438\\u044f:<b>\\u041f\\u0435\\u0442\\u0440\\u043e\\u0432<\\/b><br>\\u0418\\u043c\\u044f:<b>\\u0418\\u0432\\u0430\\u043d<\\/b><br>\\u0418\\u0441\\u0442\\u043e\\u0447\\u043d\\u0438\\u043a:<b><\\/b><br>\\u041e\\u0442\\u0434\\u0435\\u043b:<b><\\/b><br>\\u041e\\u043f\\u0438\\u0441\\u0430\\u043d\\u0438\\u0435:<b><\\/b><br><br><br>\\u0410 \\u0442\\u0430\\u043a\\u0436\\u0435 <b>\\u0434\\u0435\\u0442\\u0430\\u043b\\u0438 \\u043b\\u043e\\u0433\\u0438\\u043d\\u0430 \\u043d\\u0430 CustomerPortal<\\/b> \\u0431\\u044b\\u043b\\u0438 \\u043e\\u0442\\u043f\\u0440\\u0430\\u0432\\u043b\\u0435\\u043d\\u044b Email :-<br><br>\\u0421\\u043f\\u0430\\u0441\\u0438\\u0431\\u043e,<br>Admin<br><br>\"}'),(6,'13x12',0,'false','{\"fromEmail\":\"erickorolev@gmail.com\",\"fromName\":\"Admin \\u0410\\u0434\\u043c\\u0438\\u043d\\u0438\\u0441\\u0442\\u0440\\u0430\\u0442\\u043e\\u0440\",\"replyTo\":\"kindergo.driveclub@yandex.ru\",\"toEmail\":\"erickorolev@gmail.com\",\"ccEmail\":\"\",\"bccEmail\":\"\",\"subject\":\"\\u0423\\u0432\\u0435\\u0434\\u043e\\u043c\\u043b\\u0435\\u043d\\u0438\\u0435 \\u043e \\u043d\\u0430\\u0437\\u043d\\u0430\\u0447\\u0435\\u043d\\u0438\\u0438 \\u0421\\u0434\\u0435\\u043b\\u043a\\u0438\",\"content\":\"\\u0412 \\u0441\\u0438\\u0441\\u0442\\u0435\\u043c\\u0435 vtigerCRM \\u0412\\u0430\\u043c \\u0431\\u044b\\u043b\\u0430 \\u043d\\u0430\\u0437\\u043d\\u0430\\u0447\\u0435\\u043d\\u0430 \\u0441\\u0434\\u0435\\u043b\\u043a\\u0430<br>\\u0418\\u043d\\u0444\\u043e\\u0440\\u043c\\u0430\\u0446\\u0438\\u044f \\u043e \\u0441\\u0434\\u0435\\u043b\\u043a\\u0435 :<br><br>\\u0421\\u0434\\u0435\\u043b\\u043a\\u0430 \\u2116:<b>\\u0421\\u0414\\u0415\\u041b\\u041a\\u0410_1<\\/b><br>\\u041d\\u0430\\u0437\\u0432\\u0430\\u043d\\u0438\\u0435 \\u0421\\u0434\\u0435\\u043b\\u043a\\u0438:<b>\\u0418\\u0432\\u0430\\u043d \\u041f\\u0435\\u0442\\u0440\\u043e\\u0432<\\/b><br>\\u0421\\u0443\\u043c\\u043c\\u0430 (\\u0440\\u0443\\u0431):<b>0\\u0440\\u0443\\u0431<\\/b><br>\\u041e\\u0436\\u0438\\u0434\\u0430\\u0435\\u043c\\u0430\\u044f \\u0414\\u0430\\u0442\\u0430 \\u0417\\u0430\\u043a\\u0440\\u044b\\u0442\\u0438\\u044f:<b>07-07-2021 (dd-mm-yyyy)<\\/b><br>\\u0422\\u0438\\u043f:<b><\\/b><br><br><br>\\u041e\\u043f\\u0438\\u0441\\u0430\\u043d\\u0438\\u0435:<br><br>\\u0421\\u043f\\u0430\\u0441\\u0438\\u0431\\u043e,<br>Admin<br><br>\"}'),(7,'12x11',0,'false','{\"fromEmail\":\"erickorolev@gmail.com\",\"fromName\":\"\\u0410\\u0434\\u043c\\u0438\\u043d\\u0438\\u0441\\u0442\\u0440\\u0430\\u0442\\u043e\\u0440\",\"replyTo\":\"kindergo.driveclub@yandex.ru\",\"toEmail\":\"erickorolev@gmail.com\",\"ccEmail\":\"\",\"bccEmail\":\"\",\"subject\":\"\\u0423\\u0432\\u0435\\u0434\\u043e\\u043c\\u043b\\u0435\\u043d\\u0438\\u0435 \\u043e \\u043d\\u0430\\u0437\\u043d\\u0430\\u0447\\u0435\\u043d\\u0438\\u0438 \\u041a\\u043e\\u043d\\u0442\\u0430\\u043a\\u0442\\u0430\",\"content\":\"\\u0412 \\u0441\\u0438\\u0441\\u0442\\u0435\\u043c\\u0435 vtigerCRM \\u0412\\u0430\\u043c \\u0431\\u044b\\u043b \\u043d\\u0430\\u0437\\u043d\\u0430\\u0447\\u0435\\u043d \\u043a\\u043e\\u043d\\u0442\\u0430\\u043a\\u0442<br>\\u0418\\u043d\\u0444\\u043e\\u0440\\u043c\\u0430\\u0446\\u0438\\u044f \\u043e \\u043a\\u043e\\u043d\\u0442\\u0430\\u043a\\u0442\\u0435 :<br><br>\\u041a\\u043e\\u043d\\u0442\\u0430\\u043a\\u0442 \\u2116:<b>\\u041a\\u041e\\u041d\\u0422\\u0410\\u041a\\u0422_4<\\/b><br>\\u0424\\u0430\\u043c\\u0438\\u043b\\u0438\\u044f:<b>\\u041f\\u0435\\u0442\\u0440\\u043e\\u0432<\\/b><br>\\u0418\\u043c\\u044f:<b>\\u0418\\u0432\\u0430\\u043d<\\/b><br>\\u0418\\u0441\\u0442\\u043e\\u0447\\u043d\\u0438\\u043a:<b><\\/b><br>\\u041e\\u0442\\u0434\\u0435\\u043b:<b><\\/b><br>\\u041e\\u043f\\u0438\\u0441\\u0430\\u043d\\u0438\\u0435:<b><\\/b><br><br><br>\\u0410 \\u0442\\u0430\\u043a\\u0436\\u0435 <b>\\u0434\\u0435\\u0442\\u0430\\u043b\\u0438 \\u043b\\u043e\\u0433\\u0438\\u043d\\u0430 \\u043d\\u0430 CustomerPortal<\\/b> \\u0431\\u044b\\u043b\\u0438 \\u043e\\u0442\\u043f\\u0440\\u0430\\u0432\\u043b\\u0435\\u043d\\u044b Email :-<br><br>\\u0421\\u043f\\u0430\\u0441\\u0438\\u0431\\u043e,<br>Admin<br><br>\"}'),(5,'12x7',0,'false','{\"fromEmail\":\"erickorolev@gmail.com\",\"fromName\":\"\\u0410\\u0434\\u043c\\u0438\\u043d\\u0438\\u0441\\u0442\\u0440\\u0430\\u0442\\u043e\\u0440\",\"replyTo\":\"kindergo.driveclub@yandex.ru\",\"toEmail\":\"erickorolev@gmail.com\",\"ccEmail\":\"\",\"bccEmail\":\"\",\"subject\":\"\\u0423\\u0432\\u0435\\u0434\\u043e\\u043c\\u043b\\u0435\\u043d\\u0438\\u0435 \\u043e \\u043d\\u0430\\u0437\\u043d\\u0430\\u0447\\u0435\\u043d\\u0438\\u0438 \\u041a\\u043e\\u043d\\u0442\\u0430\\u043a\\u0442\\u0430\",\"content\":\"\\u0412 \\u0441\\u0438\\u0441\\u0442\\u0435\\u043c\\u0435 vtigerCRM \\u0412\\u0430\\u043c \\u0431\\u044b\\u043b \\u043d\\u0430\\u0437\\u043d\\u0430\\u0447\\u0435\\u043d \\u043a\\u043e\\u043d\\u0442\\u0430\\u043a\\u0442<br>\\u0418\\u043d\\u0444\\u043e\\u0440\\u043c\\u0430\\u0446\\u0438\\u044f \\u043e \\u043a\\u043e\\u043d\\u0442\\u0430\\u043a\\u0442\\u0435 :<br><br>\\u041a\\u043e\\u043d\\u0442\\u0430\\u043a\\u0442 \\u2116:<b>\\u041a\\u041e\\u041d\\u0422\\u0410\\u041a\\u0422_3<\\/b><br>\\u0424\\u0430\\u043c\\u0438\\u043b\\u0438\\u044f:<b>\\u041a\\u043e\\u0440\\u043e\\u043b\\u0435\\u0432<\\/b><br>\\u0418\\u043c\\u044f:<b>\\u042d\\u0440\\u0438\\u043a<\\/b><br>\\u0418\\u0441\\u0442\\u043e\\u0447\\u043d\\u0438\\u043a:<b><\\/b><br>\\u041e\\u0442\\u0434\\u0435\\u043b:<b><\\/b><br>\\u041e\\u043f\\u0438\\u0441\\u0430\\u043d\\u0438\\u0435:<b><\\/b><br><br><br>\\u0410 \\u0442\\u0430\\u043a\\u0436\\u0435 <b>\\u0434\\u0435\\u0442\\u0430\\u043b\\u0438 \\u043b\\u043e\\u0433\\u0438\\u043d\\u0430 \\u043d\\u0430 CustomerPortal<\\/b> \\u0431\\u044b\\u043b\\u0438 \\u043e\\u0442\\u043f\\u0440\\u0430\\u0432\\u043b\\u0435\\u043d\\u044b Email :-erickorolev@gmail.com<br><br>\\u0421\\u043f\\u0430\\u0441\\u0438\\u0431\\u043e,<br>Admin<br><br>\"}'),(7,'12x7',0,'false','{\"fromEmail\":\"erickorolev@gmail.com\",\"fromName\":\"\\u0410\\u0434\\u043c\\u0438\\u043d\\u0438\\u0441\\u0442\\u0440\\u0430\\u0442\\u043e\\u0440\",\"replyTo\":\"kindergo.driveclub@yandex.ru\",\"toEmail\":\"erickorolev@gmail.com\",\"ccEmail\":\"\",\"bccEmail\":\"\",\"subject\":\"\\u0423\\u0432\\u0435\\u0434\\u043e\\u043c\\u043b\\u0435\\u043d\\u0438\\u0435 \\u043e \\u043d\\u0430\\u0437\\u043d\\u0430\\u0447\\u0435\\u043d\\u0438\\u0438 \\u041a\\u043e\\u043d\\u0442\\u0430\\u043a\\u0442\\u0430\",\"content\":\"\\u0412 \\u0441\\u0438\\u0441\\u0442\\u0435\\u043c\\u0435 vtigerCRM \\u0412\\u0430\\u043c \\u0431\\u044b\\u043b \\u043d\\u0430\\u0437\\u043d\\u0430\\u0447\\u0435\\u043d \\u043a\\u043e\\u043d\\u0442\\u0430\\u043a\\u0442<br>\\u0418\\u043d\\u0444\\u043e\\u0440\\u043c\\u0430\\u0446\\u0438\\u044f \\u043e \\u043a\\u043e\\u043d\\u0442\\u0430\\u043a\\u0442\\u0435 :<br><br>\\u041a\\u043e\\u043d\\u0442\\u0430\\u043a\\u0442 \\u2116:<b>\\u041a\\u041e\\u041d\\u0422\\u0410\\u041a\\u0422_3<\\/b><br>\\u0424\\u0430\\u043c\\u0438\\u043b\\u0438\\u044f:<b>\\u041a\\u043e\\u0440\\u043e\\u043b\\u0435\\u0432<\\/b><br>\\u0418\\u043c\\u044f:<b>\\u042d\\u0440\\u0438\\u043a<\\/b><br>\\u0418\\u0441\\u0442\\u043e\\u0447\\u043d\\u0438\\u043a:<b><\\/b><br>\\u041e\\u0442\\u0434\\u0435\\u043b:<b><\\/b><br>\\u041e\\u043f\\u0438\\u0441\\u0430\\u043d\\u0438\\u0435:<b><\\/b><br><br><br>\\u0410 \\u0442\\u0430\\u043a\\u0436\\u0435 <b>\\u0434\\u0435\\u0442\\u0430\\u043b\\u0438 \\u043b\\u043e\\u0433\\u0438\\u043d\\u0430 \\u043d\\u0430 CustomerPortal<\\/b> \\u0431\\u044b\\u043b\\u0438 \\u043e\\u0442\\u043f\\u0440\\u0430\\u0432\\u043b\\u0435\\u043d\\u044b Email :-erickorolev@gmail.com<br><br>\\u0421\\u043f\\u0430\\u0441\\u0438\\u0431\\u043e,<br>Admin<br><br>\"}');
/*!40000 ALTER TABLE `com_vtiger_workflowtask_queue` ENABLE KEYS */;
UNLOCK TABLES;

--
-- Table structure for table `com_vtiger_workflowtasks`
--

DROP TABLE IF EXISTS `com_vtiger_workflowtasks`;
/*!40101 SET @saved_cs_client     = @@character_set_client */;
/*!50503 SET character_set_client = utf8mb4 */;
CREATE TABLE `com_vtiger_workflowtasks` (
  `task_id` int NOT NULL AUTO_INCREMENT,
  `workflow_id` int DEFAULT NULL,
  `summary` varchar(400) NOT NULL,
  `task` text,
  PRIMARY KEY (`task_id`),
  UNIQUE KEY `com_vtiger_workflowtasks_idx` (`task_id`)
) ENGINE=InnoDB AUTO_INCREMENT=32 DEFAULT CHARSET=utf8mb3;
/*!40101 SET character_set_client = @saved_cs_client */;

--
-- Dumping data for table `com_vtiger_workflowtasks`
--

LOCK TABLES `com_vtiger_workflowtasks` WRITE;
/*!40000 ALTER TABLE `com_vtiger_workflowtasks` DISABLE KEYS */;
INSERT INTO `com_vtiger_workflowtasks` VALUES (1,1,'','O:18:\"VTEntityMethodTask\":6:{s:18:\"executeImmediately\";b:1;s:10:\"workflowId\";i:1;s:7:\"summary\";s:0:\"\";s:6:\"active\";b:1;s:10:\"methodName\";s:15:\"UpdateInventory\";s:2:\"id\";i:1;}'),(2,2,'Создан Контрагент ','O:11:\"VTEmailTask\":9:{s:18:\"executeImmediately\";s:0:\"\";s:10:\"workflowId\";s:1:\"2\";s:7:\"summary\";s:34:\"Создан Контрагент \";s:6:\"active\";s:1:\"1\";s:10:\"methodName\";s:11:\"NotifyOwner\";s:9:\"recepient\";s:36:\"$(assigned_user_id : (Users) email1)\";s:7:\"subject\";s:65:\"Уведомление о создании Контрагента\";s:7:\"content\";s:400:\"В системе vtigerCRM Вам был назначен контрагент<br>Информация о контрагенте :<br><br>Контрагент №:<b>$account_no</b><br>Контрагент:<b>$accountname</b><br>Рейтинг:<b>$rating</b><br>Отрасль:<b>$industry</b><br>Тип:<b>$accounttype</b><br>Описание:<b>$description</b><br><br><br>Спасибо,<br>Admin\";s:2:\"id\";s:1:\"2\";}'),(3,3,'Создан Контакт ','O:11:\"VTEmailTask\":9:{s:18:\"executeImmediately\";s:0:\"\";s:10:\"workflowId\";s:1:\"3\";s:7:\"summary\";s:28:\"Создан Контакт \";s:6:\"active\";s:1:\"1\";s:10:\"methodName\";s:11:\"NotifyOwner\";s:9:\"recepient\";s:36:\"$(assigned_user_id : (Users) email1)\";s:7:\"subject\";s:59:\"Уведомление о создании Контакта\";s:7:\"content\";s:375:\"В системе vtigerCRM Вам был назначен контакт<br>Информация о контакте :<br><br>Контакт №:<b>$contact_no</b><br>Фамилия:<b>$lastname</b><br>Имя:<b>$firstname</b><br>Источник:<b>$leadsource</b><br>Отдел:<b>$department</b><br>Описание:<b>$description</b><br><br><br>Спасибо,<br>Admin\";s:2:\"id\";s:1:\"3\";}'),(4,4,'','O:18:\"VTEntityMethodTask\":7:{s:18:\"executeImmediately\";b:1;s:10:\"workflowId\";i:4;s:7:\"summary\";s:0:\"\";s:6:\"active\";b:1;s:11:\"description\";s:107:\"Сообщение с регистрационными данными клиентского портала\";s:10:\"methodName\";s:22:\"SendPortalLoginDetails\";s:2:\"id\";i:4;}'),(5,4,'Создан Контакт ','O:11:\"VTEmailTask\":9:{s:18:\"executeImmediately\";s:0:\"\";s:10:\"workflowId\";s:1:\"4\";s:7:\"summary\";s:28:\"Создан Контакт \";s:6:\"active\";s:1:\"1\";s:10:\"methodName\";s:11:\"NotifyOwner\";s:9:\"recepient\";s:36:\"$(assigned_user_id : (Users) email1)\";s:7:\"subject\";s:63:\"Уведомление о назначении Контакта\";s:7:\"content\";s:494:\"В системе vtigerCRM Вам был назначен контакт<br>Информация о контакте :<br><br>Контакт №:<b>$contact_no</b><br>Фамилия:<b>$lastname</b><br>Имя:<b>$firstname</b><br>Источник:<b>$leadsource</b><br>Отдел:<b>$department</b><br>Описание:<b>$description</b><br><br><br>А также <b>детали логина на CustomerPortal</b> были отправлены Email :-$email<br><br>Спасибо,<br>Admin\";s:2:\"id\";s:1:\"5\";}'),(6,5,'Создана сделка ','O:11:\"VTEmailTask\":8:{s:18:\"executeImmediately\";s:0:\"\";s:10:\"workflowId\";s:1:\"5\";s:7:\"summary\";s:28:\"Создана сделка \";s:6:\"active\";s:1:\"1\";s:9:\"recepient\";s:36:\"$(assigned_user_id : (Users) email1)\";s:7:\"subject\";s:59:\"Уведомление о назначении Сделки\";s:7:\"content\";s:448:\"В системе vtigerCRM Вам была назначена сделка<br>Информация о сделке :<br><br>Сделка №:<b>$potential_no</b><br>Название Сделки:<b>$potentialname</b><br>Сумма (руб):<b>$amount</b><br>Ожидаемая Дата Закрытия:<b>$closingdate ($_DATE_FORMAT_)</b><br>Тип:<b>$opportunity_type</b><br><br><br>Описание:$description<br><br>Спасибо,<br>Admin\";s:2:\"id\";s:1:\"6\";}'),(7,6,'Создан Контакт ','O:11:\"VTEmailTask\":8:{s:18:\"executeImmediately\";s:0:\"\";s:10:\"workflowId\";s:1:\"6\";s:7:\"summary\";s:28:\"Создан Контакт \";s:6:\"active\";s:1:\"1\";s:9:\"recepient\";s:36:\"$(assigned_user_id : (Users) email1)\";s:7:\"subject\";s:63:\"Уведомление о назначении Контакта\";s:7:\"content\";s:494:\"В системе vtigerCRM Вам был назначен контакт<br>Информация о контакте :<br><br>Контакт №:<b>$contact_no</b><br>Фамилия:<b>$lastname</b><br>Имя:<b>$firstname</b><br>Источник:<b>$leadsource</b><br>Отдел:<b>$department</b><br>Описание:<b>$description</b><br><br><br>А также <b>детали логина на CustomerPortal</b> были отправлены Email :-$email<br><br>Спасибо,<br>Admin\";s:2:\"id\";s:1:\"7\";}'),(8,7,'Notify Related Contact when Ticket is created from Portal','O:11:\"VTEmailTask\":9:{s:18:\"executeImmediately\";s:1:\"0\";s:7:\"summary\";s:57:\"Notify Related Contact when Ticket is created from Portal\";s:6:\"active\";s:1:\"1\";s:2:\"id\";s:1:\"8\";s:10:\"workflowId\";s:1:\"7\";s:9:\"fromEmail\";s:93:\"$(general : (__VtigerMeta__) supportName)&lt;$(general : (__VtigerMeta__) supportEmailId)&gt;\";s:9:\"recepient\";s:33:\",$(contact_id : (Contacts) email)\";s:7:\"subject\";s:93:\"[From Portal] $ticket_no [ Ticket Id : $(general : (__VtigerMeta__) recordId) ] $ticket_title\";s:7:\"content\";s:161:\"Ticket No : $ticket_no<br>\r\n							  Ticket ID : $(general : (__VtigerMeta__) recordId)<br>\r\n							  Ticket Title : $ticket_title<br><br>\r\n							  $description\";}'),(14,12,'Изменение Единицы Измерения','O:18:\"VTEntityMethodTask\":7:{s:18:\"executeImmediately\";b:1;s:10:\"workflowId\";i:12;s:7:\"summary\";s:52:\"Изменение Единицы Измерения\";s:6:\"active\";b:0;s:7:\"trigger\";N;s:10:\"methodName\";s:16:\"processUsageUnit\";s:2:\"id\";i:14;}'),(15,13,'Изменение Кода Единицы Измерения для Товаров','O:18:\"VTEntityMethodTask\":7:{s:18:\"executeImmediately\";b:1;s:10:\"workflowId\";i:13;s:7:\"summary\";s:83:\"Изменение Кода Единицы Измерения для Товаров\";s:6:\"active\";b:0;s:7:\"trigger\";N;s:10:\"methodName\";s:15:\"processCodeUnit\";s:2:\"id\";i:15;}'),(16,14,'Изменение Кода Единицы Измерения для Услуг','O:18:\"VTEntityMethodTask\":7:{s:18:\"executeImmediately\";b:1;s:10:\"workflowId\";i:14;s:7:\"summary\";s:79:\"Изменение Кода Единицы Измерения для Услуг\";s:6:\"active\";b:0;s:7:\"trigger\";N;s:10:\"methodName\";s:15:\"processCodeUnit\";s:2:\"id\";i:16;}'),(17,15,'update forecast amount','O:18:\"VTUpdateFieldsTask\":7:{s:18:\"executeImmediately\";b:1;s:43:\"\0VTUpdateFieldsTask\0referenceFieldFocusList\";a:0:{}s:10:\"workflowId\";i:15;s:7:\"summary\";s:22:\"update forecast amount\";s:6:\"active\";b:1;s:19:\"field_value_mapping\";s:95:\"[{\"fieldname\":\"forecast_amount\",\"valuetype\":\"expression\",\"value\":\"amount * probability / 100\"}]\";s:2:\"id\";i:17;}'),(18,NULL,'Send Notification Email to Record Owner','O:11:\"VTEmailTask\":8:{s:18:\"executeImmediately\";b:0;s:10:\"workflowId\";N;s:7:\"summary\";s:39:\"Send Notification Email to Record Owner\";s:6:\"active\";b:1;s:9:\"recepient\";s:36:\"$(assigned_user_id : (Users) email1)\";s:7:\"subject\";s:17:\"Event :  $subject\";s:7:\"content\";s:857:\"$(assigned_user_id : (Users) last_name) $(assigned_user_id : (Users) first_name) ,<br/><b>Activity Notification Details:</b><br/>Subject             : $subject<br/>Start date and time : $date_start  $time_start ( $(general : (__VtigerMeta__) dbtimezone) ) <br/>End date and time   : $due_date  $time_end ( $(general : (__VtigerMeta__) dbtimezone) ) <br/>Status              : $eventstatus <br/>Priority            : $taskpriority <br/>Related To          : $(parent_id : (Leads) lastname) $(parent_id : (Leads) firstname) $(parent_id : (Accounts) accountname) $(parent_id : (Potentials) potentialname) $(parent_id : (HelpDesk) ticket_title) $(parent_id : (Campaigns) campaignname) <br/>Contacts List       : $(contact_id : (Contacts) lastname) $(contact_id : (Contacts) firstname) <br/>Location            : $location <br/>Description         : $description\";s:2:\"id\";i:18;}'),(19,NULL,'Send Notification Email to Record Owner','O:11:\"VTEmailTask\":8:{s:18:\"executeImmediately\";b:0;s:10:\"workflowId\";N;s:7:\"summary\";s:39:\"Send Notification Email to Record Owner\";s:6:\"active\";b:1;s:9:\"recepient\";s:36:\"$(assigned_user_id : (Users) email1)\";s:7:\"subject\";s:16:\"Task :  $subject\";s:7:\"content\";s:792:\"$(assigned_user_id : (Users) last_name) $(assigned_user_id : (Users) first_name) ,<br/><b>Task Notification Details:</b><br/>Subject : $subject<br/>Start date and time : $date_start  $time_start ( $(general : (__VtigerMeta__) dbtimezone) ) <br/>End date and time   : $due_date ( $(general : (__VtigerMeta__) dbtimezone) ) <br/>Status              : $taskstatus <br/>Priority            : $taskpriority <br/>Related To          : $(parent_id : (Leads) lastname) $(parent_id : (Leads) firstname) $(parent_id : (Accounts) accountname) $(parent_id : (Potentials) potentialname) $(parent_id : (HelpDesk) ticket_title) $(parent_id : (Campaigns) campaignname) <br/>Contacts List       : $(contact_id : (Contacts) lastname) $(contact_id : (Contacts) firstname) <br/>Description         : $description\";s:2:\"id\";i:19;}'),(22,17,'Обновление товаров на складе','O:18:\"VTEntityMethodTask\":6:{s:18:\"executeImmediately\";b:1;s:10:\"workflowId\";i:17;s:7:\"summary\";s:53:\"Обновление товаров на складе\";s:6:\"active\";b:1;s:10:\"methodName\";s:15:\"UpdateInventory\";s:2:\"id\";i:22;}'),(23,18,'Добавлен комментарий из портала: Отправка сообщения ответственному','O:11:\"VTEmailTask\":9:{s:18:\"executeImmediately\";s:1:\"0\";s:7:\"summary\";s:125:\"Добавлен комментарий из портала: Отправка сообщения ответственному\";s:6:\"active\";s:1:\"1\";s:2:\"id\";s:2:\"23\";s:10:\"workflowId\";s:2:\"18\";s:9:\"fromEmail\";s:112:\"$(contact_id : (Contacts) lastname) $(contact_id : (Contacts) firstname)&lt;$(contact_id : (Contacts) email)&gt;\";s:9:\"recepient\";s:37:\",$(assigned_user_id : (Users) email1)\";s:7:\"subject\";s:92:\"Respond to Ticket ID## $(general : (__VtigerMeta__) recordId) ## in Customer Portal - URGENT\";s:7:\"content\";s:329:\"Dear $(assigned_user_id : (Users) last_name) $(assigned_user_id : (Users) first_name),<br><br>\r\n								Customer has provided the following additional information to your reply:<br><br>\r\n								<b>$lastComment</b><br><br>\r\n								Kindly respond to above ticket at the earliest.<br><br>\r\n								Regards<br>Support Administrator\";}'),(24,19,'Добавлен комментарий в CRM: Отправка Email Контакту, который не является пользователем портала','O:11:\"VTEmailTask\":9:{s:18:\"executeImmediately\";s:1:\"0\";s:7:\"summary\";s:167:\"Добавлен комментарий в CRM: Отправка Email Контакту, который не является пользователем портала\";s:6:\"active\";s:1:\"1\";s:2:\"id\";s:2:\"24\";s:10:\"workflowId\";s:2:\"19\";s:9:\"fromEmail\";s:93:\"$(general : (__VtigerMeta__) supportName)&lt;$(general : (__VtigerMeta__) supportEmailId)&gt;\";s:9:\"recepient\";s:33:\",$(contact_id : (Contacts) email)\";s:7:\"subject\";s:79:\"$ticket_no [ Ticket Id : $(general : (__VtigerMeta__) recordId) ] $ticket_title\";s:7:\"content\";s:525:\"Dear $(contact_id : (Contacts) lastname) $(contact_id : (Contacts) firstname),<br><br>\r\n							The Ticket is replied the details are :<br><br>\r\n							Ticket No : $ticket_no<br>\r\n							Status : $ticketstatus<br>\r\n							Category : $ticketcategories<br>\r\n							Severity : $ticketseverities<br>\r\n							Priority : $ticketpriorities<br><br>\r\n							Description : <br>$description<br><br>\r\n							Solution : <br>$solution<br>\r\n							The comments are : <br>\r\n							$allComments<br><br>\r\n							Regards<br>Support Administrator\";}'),(25,20,'Добавлен комментарий в CRM: Отправка Email Контакту, который является пользователем портала','O:11:\"VTEmailTask\":9:{s:18:\"executeImmediately\";s:1:\"0\";s:7:\"summary\";s:162:\"Добавлен комментарий в CRM: Отправка Email Контакту, который является пользователем портала\";s:6:\"active\";s:1:\"1\";s:2:\"id\";s:2:\"25\";s:10:\"workflowId\";s:2:\"20\";s:9:\"fromEmail\";s:93:\"$(general : (__VtigerMeta__) supportName)&lt;$(general : (__VtigerMeta__) supportEmailId)&gt;\";s:9:\"recepient\";s:33:\",$(contact_id : (Contacts) email)\";s:7:\"subject\";s:79:\"$ticket_no [ Ticket Id : $(general : (__VtigerMeta__) recordId) ] $ticket_title\";s:7:\"content\";s:554:\"Ticket No : $ticket_no<br>\r\n										Ticket Id : $(general : (__VtigerMeta__) recordId)<br>\r\n										Subject : $ticket_title<br><br>\r\n										Dear $(contact_id : (Contacts) lastname) $(contact_id : (Contacts) firstname),<br><br>\r\n										There is a reply to <b>$ticket_title</b> in the \"Customer Portal\" at VTiger.\r\n										You can use the following link to view the replies made:<br>\r\n										<a href=\"$(general : (__VtigerMeta__) portaldetailviewurl)\">Ticket Details</a><br><br>\r\n										Thanks<br>$(general : (__VtigerMeta__) supportName)\";}'),(26,16,'Добавлен комментарий из CRM: Отправка Email Контрагенту','O:11:\"VTEmailTask\":9:{s:18:\"executeImmediately\";s:1:\"0\";s:7:\"summary\";s:95:\"Добавлен комментарий из CRM: Отправка Email Контрагенту\";s:6:\"active\";s:1:\"1\";s:2:\"id\";s:2:\"26\";s:10:\"workflowId\";s:2:\"16\";s:9:\"fromEmail\";s:93:\"$(general : (__VtigerMeta__) supportName)&lt;$(general : (__VtigerMeta__) supportEmailId)&gt;\";s:9:\"recepient\";s:34:\",$(parent_id : (Accounts) email1),\";s:7:\"subject\";s:79:\"$ticket_no [ Ticket Id : $(general : (__VtigerMeta__) recordId) ] $ticket_title\";s:7:\"content\";s:601:\"Ticket ID : $(general : (__VtigerMeta__) recordId)<br>Ticket Title : $ticket_title<br><br>\r\n								Dear $(parent_id : (Accounts) accountname),<br><br>\r\n								The Ticket is replied the details are :<br><br>\r\n								Ticket No : $ticket_no<br>\r\n								Status : $ticketstatus<br>\r\n								Category : $ticketcategories<br>\r\n								Severity : $ticketseverities<br>\r\n								Priority : $ticketpriorities<br><br>\r\n								Description : <br>$description<br><br>\r\n								Solution : <br>$solution<br>\r\n								The comments are : <br>\r\n								$allComments<br><br>\r\n								Regards<br>Support Administrator\";}'),(27,7,'Уведомление ответственного, при создании заявки из портала','O:11:\"VTEmailTask\":9:{s:18:\"executeImmediately\";s:1:\"0\";s:7:\"summary\";s:109:\"Уведомление ответственного, при создании заявки из портала\";s:6:\"active\";s:1:\"1\";s:2:\"id\";s:2:\"27\";s:10:\"workflowId\";s:1:\"7\";s:9:\"fromEmail\";s:124:\"$(contact_id : (Contacts) lastname) $(contact_id : (Contacts) firstname)&lt;$(general : (__VtigerMeta__) supportEmailId)&gt;\";s:9:\"recepient\";s:37:\",$(assigned_user_id : (Users) email1)\";s:7:\"subject\";s:93:\"[From Portal] $ticket_no [ Ticket Id : $(general : (__VtigerMeta__) recordId) ] $ticket_title\";s:7:\"content\";s:161:\"Ticket No : $ticket_no<br>\r\n							  Ticket ID : $(general : (__VtigerMeta__) recordId)<br>\r\n							  Ticket Title : $ticket_title<br><br>\r\n							  $description\";}'),(28,21,'Отправка Email ответственному при обновлении заявки','O:11:\"VTEmailTask\":9:{s:18:\"executeImmediately\";s:1:\"0\";s:7:\"summary\";s:92:\"Отправка Email ответственному при обновлении заявки\";s:6:\"active\";s:1:\"1\";s:2:\"id\";s:2:\"28\";s:10:\"workflowId\";s:2:\"21\";s:9:\"fromEmail\";s:93:\"$(general : (__VtigerMeta__) supportName)&lt;$(general : (__VtigerMeta__) supportEmailId)&gt;\";s:9:\"recepient\";s:37:\",$(assigned_user_id : (Users) email1)\";s:7:\"subject\";s:40:\"Ticket Number : $ticket_no $ticket_title\";s:7:\"content\";s:607:\"Ticket ID : $(general : (__VtigerMeta__) recordId)<br>Ticket Title : $ticket_title<br><br>\r\n								Dear $(assigned_user_id : (Users) last_name) $(assigned_user_id : (Users) first_name),<br><br>\r\n								The Ticket is replied the details are :<br><br>\r\n								Ticket No : $ticket_no<br>\r\n								Status : $ticketstatus<br>\r\n								Category : $ticketcategories<br>\r\n								Severity : $ticketseverities<br>\r\n								Priority : $ticketpriorities<br><br>\r\n								Description : <br>$description<br><br>\r\n								Solution : <br>$solution\r\n								$allComments<br><br>\r\n								Regards<br>Support Administrator\";}'),(29,22,'Создание заявки в CRM: отправка Email ответственному','O:11:\"VTEmailTask\":9:{s:18:\"executeImmediately\";s:1:\"0\";s:7:\"summary\";s:89:\"Создание заявки в CRM: отправка Email ответственному\";s:6:\"active\";s:1:\"1\";s:2:\"id\";s:2:\"29\";s:10:\"workflowId\";s:2:\"22\";s:9:\"fromEmail\";s:93:\"$(general : (__VtigerMeta__) supportName)&lt;$(general : (__VtigerMeta__) supportEmailId)&gt;\";s:9:\"recepient\";s:37:\",$(assigned_user_id : (Users) email1)\";s:7:\"subject\";s:40:\"Ticket Number : $ticket_no $ticket_title\";s:7:\"content\";s:607:\"Ticket ID : $(general : (__VtigerMeta__) recordId)<br>Ticket Title : $ticket_title<br><br>\r\n								Dear $(assigned_user_id : (Users) last_name) $(assigned_user_id : (Users) first_name),<br><br>\r\n								The Ticket is replied the details are :<br><br>\r\n								Ticket No : $ticket_no<br>\r\n								Status : $ticketstatus<br>\r\n								Category : $ticketcategories<br>\r\n								Severity : $ticketseverities<br>\r\n								Priority : $ticketpriorities<br><br>\r\n								Description : <br>$description<br><br>\r\n								Solution : <br>$solution\r\n								$allComments<br><br>\r\n								Regards<br>Support Administrator\";}'),(30,24,'Отправляет письмо с уведомлением приглашенным пользователям','O:11:\"VTEmailTask\":8:{s:18:\"executeImmediately\";b:0;s:10:\"workflowId\";i:24;s:7:\"summary\";s:113:\"Отправляет письмо с уведомлением приглашенным пользователям\";s:6:\"active\";b:1;s:9:\"recepient\";s:36:\"$(assigned_user_id : (Users) email1)\";s:7:\"subject\";s:26:\"Событие :  $subject\";s:7:\"content\";s:943:\"$(assigned_user_id : (Users) first_name) $(assigned_user_id : (Users) last_name) ,<br/><b>Детали события:</b><br/>Название события         : $subject<br/>Дата и Время Начала  : $date_start  $time_start ( $(general : (__VtigerMeta__) dbtimezone) ) <br/>Дата и Время Окончания    : $due_date  $time_end ( $(general : (__VtigerMeta__) dbtimezone) ) <br/>Статус             : $eventstatus <br/>Приоритет           : $taskpriority <br/>Относится к       : $(parent_id : (Leads) lastname) $(parent_id : (Leads) firstname) $(parent_id : (Accounts) accountname) $(parent_id            : (Potentials) potentialname) $(parent_id : (HelpDesk) ticket_title) <br/>Контакты           : $(contact_id : (Contacts) lastname) $(contact_id : (Contacts) firstname) <br/>Место проведения           : $location <br/>Описание        : $description\";s:2:\"id\";i:30;}'),(31,25,'Отправляет письмо с уведомлением ответственному за задачу','O:11:\"VTEmailTask\":8:{s:18:\"executeImmediately\";b:0;s:10:\"workflowId\";i:25;s:7:\"summary\";s:108:\"Отправляет письмо с уведомлением ответственному за задачу\";s:6:\"active\";b:1;s:9:\"recepient\";s:36:\"$(assigned_user_id : (Users) email1)\";s:7:\"subject\";s:24:\"Задача :  $subject\";s:7:\"content\";s:908:\"$(assigned_user_id : (Users) first_name) $(assigned_user_id : (Users) last_name) ,<br/><b>Детали задачи:</b><br/>Название задачи         : $subject<br/>Дата и Время Начала : $date_start  $time_start ( $(general : (__VtigerMeta__) dbtimezone) ) <br/>Дата и Время Окончания   : $due_date ( $(general : (__VtigerMeta__) dbtimezone) ) <br/>Статус            : $taskstatus <br/>Приоритет          : $taskpriority <br/>Относится к      : $(parent_id : (Leads) lastname) $(parent_id : (Leads) firstname) $(parent_id : (Accounts) accountname) $(parent_id : (Potentials) potentialname) $(parent_id : (HelpDesk) ticket_title) <br/>Контакты          : $(contact_id : (Contacts) lastname) $(contact_id : (Contacts) firstname) <br/>Место проведения          : $location <br/>Описание       : $description\";s:2:\"id\";i:31;}');
/*!40000 ALTER TABLE `com_vtiger_workflowtasks` ENABLE KEYS */;
UNLOCK TABLES;

--
-- Table structure for table `com_vtiger_workflowtasks_entitymethod`
--

DROP TABLE IF EXISTS `com_vtiger_workflowtasks_entitymethod`;
/*!40101 SET @saved_cs_client     = @@character_set_client */;
/*!50503 SET character_set_client = utf8mb4 */;
CREATE TABLE `com_vtiger_workflowtasks_entitymethod` (
  `workflowtasks_entitymethod_id` int NOT NULL,
  `module_name` varchar(100) DEFAULT NULL,
  `method_name` varchar(100) DEFAULT NULL,
  `function_path` varchar(400) DEFAULT NULL,
  `function_name` varchar(100) DEFAULT NULL,
  PRIMARY KEY (`workflowtasks_entitymethod_id`),
  UNIQUE KEY `com_vtiger_workflowtasks_entitymethod_idx` (`workflowtasks_entitymethod_id`)
) ENGINE=InnoDB DEFAULT CHARSET=utf8mb3;
/*!40101 SET character_set_client = @saved_cs_client */;

--
-- Dumping data for table `com_vtiger_workflowtasks_entitymethod`
--

LOCK TABLES `com_vtiger_workflowtasks_entitymethod` WRITE;
/*!40000 ALTER TABLE `com_vtiger_workflowtasks_entitymethod` DISABLE KEYS */;
INSERT INTO `com_vtiger_workflowtasks_entitymethod` VALUES (1,'SalesOrder','UpdateInventory','include/InventoryHandler.php','handleInventoryProductRel'),(2,'Invoice','UpdateInventory','include/InventoryHandler.php','handleInventoryProductRel'),(3,'Contacts','SendPortalLoginDetails','modules/Contacts/ContactsHandler.php','Contacts_sendCustomerPortalLoginDetails'),(4,'HelpDesk','NotifyOnPortalTicketCreation','modules/HelpDesk/HelpDeskHandler.php','HelpDesk_nofifyOnPortalTicketCreation'),(5,'HelpDesk','NotifyOnPortalTicketComment','modules/HelpDesk/HelpDeskHandler.php','HelpDesk_notifyOnPortalTicketComment'),(6,'HelpDesk','NotifyOwnerOnTicketChange','modules/HelpDesk/HelpDeskHandler.php','HelpDesk_notifyOwnerOnTicketChange'),(7,'HelpDesk','NotifyParentOnTicketChange','modules/HelpDesk/HelpDeskHandler.php','HelpDesk_notifyParentOnTicketChange'),(8,'SPUnits','processUsageUnit','modules/SPUnits/workflow/processUsageUnit.php','processUsageUnit'),(9,'Products','processCodeUnit','modules/SPUnits/workflow/processCodeUnit.php','processCodeUnit'),(10,'Services','processCodeUnit','modules/SPUnits/workflow/processCodeUnit.php','processCodeUnit'),(11,'ModComments','CustomerCommentFromPortal','modules/ModComments/ModCommentsHandler.php','CustomerCommentFromPortal'),(12,'ModComments','TicketOwnerComments','modules/ModComments/ModCommentsHandler.php','TicketOwnerComments'),(13,'PurchaseOrder','UpdateInventory','include/InventoryHandler.php','handleInventoryProductRel');
/*!40000 ALTER TABLE `com_vtiger_workflowtasks_entitymethod` ENABLE KEYS */;
UNLOCK TABLES;

--
-- Table structure for table `com_vtiger_workflowtasks_entitymethod_seq`
--

DROP TABLE IF EXISTS `com_vtiger_workflowtasks_entitymethod_seq`;
/*!40101 SET @saved_cs_client     = @@character_set_client */;
/*!50503 SET character_set_client = utf8mb4 */;
CREATE TABLE `com_vtiger_workflowtasks_entitymethod_seq` (
  `id` int NOT NULL
) ENGINE=InnoDB DEFAULT CHARSET=utf8mb3;
/*!40101 SET character_set_client = @saved_cs_client */;

--
-- Dumping data for table `com_vtiger_workflowtasks_entitymethod_seq`
--

LOCK TABLES `com_vtiger_workflowtasks_entitymethod_seq` WRITE;
/*!40000 ALTER TABLE `com_vtiger_workflowtasks_entitymethod_seq` DISABLE KEYS */;
INSERT INTO `com_vtiger_workflowtasks_entitymethod_seq` VALUES (13);
/*!40000 ALTER TABLE `com_vtiger_workflowtasks_entitymethod_seq` ENABLE KEYS */;
UNLOCK TABLES;

--
-- Table structure for table `com_vtiger_workflowtasks_seq`
--

DROP TABLE IF EXISTS `com_vtiger_workflowtasks_seq`;
/*!40101 SET @saved_cs_client     = @@character_set_client */;
/*!50503 SET character_set_client = utf8mb4 */;
CREATE TABLE `com_vtiger_workflowtasks_seq` (
  `id` int NOT NULL
) ENGINE=InnoDB DEFAULT CHARSET=utf8mb3;
/*!40101 SET character_set_client = @saved_cs_client */;

--
-- Dumping data for table `com_vtiger_workflowtasks_seq`
--

LOCK TABLES `com_vtiger_workflowtasks_seq` WRITE;
/*!40000 ALTER TABLE `com_vtiger_workflowtasks_seq` DISABLE KEYS */;
INSERT INTO `com_vtiger_workflowtasks_seq` VALUES (31);
/*!40000 ALTER TABLE `com_vtiger_workflowtasks_seq` ENABLE KEYS */;
UNLOCK TABLES;

--
-- Table structure for table `com_vtiger_workflowtemplates`
--

DROP TABLE IF EXISTS `com_vtiger_workflowtemplates`;
/*!40101 SET @saved_cs_client     = @@character_set_client */;
/*!50503 SET character_set_client = utf8mb4 */;
CREATE TABLE `com_vtiger_workflowtemplates` (
  `template_id` int NOT NULL AUTO_INCREMENT,
  `module_name` varchar(100) DEFAULT NULL,
  `title` varchar(400) DEFAULT NULL,
  `template` text,
  PRIMARY KEY (`template_id`)
) ENGINE=InnoDB DEFAULT CHARSET=utf8mb3;
/*!40101 SET character_set_client = @saved_cs_client */;

--
-- Dumping data for table `com_vtiger_workflowtemplates`
--

LOCK TABLES `com_vtiger_workflowtemplates` WRITE;
/*!40000 ALTER TABLE `com_vtiger_workflowtemplates` DISABLE KEYS */;
/*!40000 ALTER TABLE `com_vtiger_workflowtemplates` ENABLE KEYS */;
UNLOCK TABLES;

--
-- Table structure for table `relatedblockslists_blocks`
--

DROP TABLE IF EXISTS `relatedblockslists_blocks`;
/*!40101 SET @saved_cs_client     = @@character_set_client */;
/*!50503 SET character_set_client = utf8mb4 */;
CREATE TABLE `relatedblockslists_blocks` (
  `blockid` int NOT NULL AUTO_INCREMENT,
  `module` varchar(50) DEFAULT NULL,
  `relmodule` varchar(50) DEFAULT NULL,
  `type` varchar(20) DEFAULT NULL,
  `active` int DEFAULT NULL,
  `after_block` varchar(250) DEFAULT NULL,
  `limit_per_page` int DEFAULT NULL,
  `expand` int DEFAULT NULL,
  `filterfield` varchar(255) DEFAULT NULL,
  `filtervalue` varchar(255) DEFAULT NULL,
  `sortfield` varchar(255) DEFAULT NULL,
  `sorttype` varchar(10) DEFAULT NULL,
  `sequence` int DEFAULT NULL,
  PRIMARY KEY (`blockid`)
) ENGINE=InnoDB AUTO_INCREMENT=3 DEFAULT CHARSET=utf8mb3;
/*!40101 SET character_set_client = @saved_cs_client */;

--
-- Dumping data for table `relatedblockslists_blocks`
--

LOCK TABLES `relatedblockslists_blocks` WRITE;
/*!40000 ALTER TABLE `relatedblockslists_blocks` DISABLE KEYS */;
INSERT INTO `relatedblockslists_blocks` VALUES (1,'Leads','Timetable','block',1,'142',5,NULL,'','','','ASC',1),(2,'Potentials','Timetable','block',1,'1',5,NULL,'','','','ASC',2);
/*!40000 ALTER TABLE `relatedblockslists_blocks` ENABLE KEYS */;
UNLOCK TABLES;

--
-- Table structure for table `relatedblockslists_fields`
--

DROP TABLE IF EXISTS `relatedblockslists_fields`;
/*!40101 SET @saved_cs_client     = @@character_set_client */;
/*!50503 SET character_set_client = utf8mb4 */;
CREATE TABLE `relatedblockslists_fields` (
  `blockid` int NOT NULL,
  `fieldname` varchar(50) NOT NULL,
  `sequence` int DEFAULT NULL,
  PRIMARY KEY (`blockid`,`fieldname`)
) ENGINE=InnoDB DEFAULT CHARSET=utf8mb3;
/*!40101 SET character_set_client = @saved_cs_client */;

--
-- Dumping data for table `relatedblockslists_fields`
--

LOCK TABLES `relatedblockslists_fields` WRITE;
/*!40000 ALTER TABLE `relatedblockslists_fields` DISABLE KEYS */;
INSERT INTO `relatedblockslists_fields` VALUES (1,'childrens',3),(1,'childrens_age',11),(1,'date',6),(1,'description',12),(1,'distance',8),(1,'duration',7),(1,'name',1),(1,'parking_info',13),(1,'scheduled_wait_from',9),(1,'scheduled_wait_where',10),(1,'time',5),(1,'trips',4),(1,'where_address',2),(2,'childrens',3),(2,'childrens_age',5),(2,'date',6),(2,'description',12),(2,'distance',8),(2,'duration',9),(2,'name',1),(2,'parking_info',13),(2,'scheduled_wait_from',10),(2,'scheduled_wait_where',11),(2,'time',7),(2,'trips',4),(2,'where_address',2);
/*!40000 ALTER TABLE `relatedblockslists_fields` ENABLE KEYS */;
UNLOCK TABLES;

--
-- Table structure for table `relatedblockslists_settings`
--

DROP TABLE IF EXISTS `relatedblockslists_settings`;
/*!40101 SET @saved_cs_client     = @@character_set_client */;
/*!50503 SET character_set_client = utf8mb4 */;
CREATE TABLE `relatedblockslists_settings` (
  `enable` int DEFAULT NULL
) ENGINE=InnoDB DEFAULT CHARSET=utf8mb3;
/*!40101 SET character_set_client = @saved_cs_client */;

--
-- Dumping data for table `relatedblockslists_settings`
--

LOCK TABLES `relatedblockslists_settings` WRITE;
/*!40000 ALTER TABLE `relatedblockslists_settings` DISABLE KEYS */;
INSERT INTO `relatedblockslists_settings` VALUES (1);
/*!40000 ALTER TABLE `relatedblockslists_settings` ENABLE KEYS */;
UNLOCK TABLES;

--
-- Table structure for table `sp_cml_site_settings`
--

DROP TABLE IF EXISTS `sp_cml_site_settings`;
/*!40101 SET @saved_cs_client     = @@character_set_client */;
/*!50503 SET character_set_client = utf8mb4 */;
CREATE TABLE `sp_cml_site_settings` (
  `id` int NOT NULL AUTO_INCREMENT,
  `setting_type` varchar(255) CHARACTER SET utf8 COLLATE utf8_unicode_ci DEFAULT NULL,
  `key` varchar(255) CHARACTER SET utf8 COLLATE utf8_unicode_ci DEFAULT NULL,
  `value` varchar(255) CHARACTER SET utf8 COLLATE utf8_unicode_ci DEFAULT NULL,
  PRIMARY KEY (`id`)
) ENGINE=InnoDB AUTO_INCREMENT=6 DEFAULT CHARSET=utf8mb3 COLLATE=utf8_unicode_ci;
/*!40101 SET character_set_client = @saved_cs_client */;

--
-- Dumping data for table `sp_cml_site_settings`
--

LOCK TABLES `sp_cml_site_settings` WRITE;
/*!40000 ALTER TABLE `sp_cml_site_settings` DISABLE KEYS */;
INSERT INTO `sp_cml_site_settings` VALUES (1,'siteParam','adminLogin','admin'),(2,'siteParam','adminPassword','admin'),(3,'siteParam','siteUrl','http://localhost/1c_exchange.php'),(4,'siteParam','assignedUser','admin'),(5,'statusParam','Created','Принят');
/*!40000 ALTER TABLE `sp_cml_site_settings` ENABLE KEYS */;
UNLOCK TABLES;

--
-- Table structure for table `sp_commercetranzaction`
--

DROP TABLE IF EXISTS `sp_commercetranzaction`;
/*!40101 SET @saved_cs_client     = @@character_set_client */;
/*!50503 SET character_set_client = utf8mb4 */;
CREATE TABLE `sp_commercetranzaction` (
  `id` int NOT NULL AUTO_INCREMENT,
  `date` datetime NOT NULL,
  `type` varchar(32) NOT NULL,
  `status` int DEFAULT NULL,
  `direction` varchar(16) DEFAULT NULL,
  `error` varchar(255) DEFAULT NULL,
  PRIMARY KEY (`id`)
) ENGINE=InnoDB DEFAULT CHARSET=utf8mb3;
/*!40101 SET character_set_client = @saved_cs_client */;

--
-- Dumping data for table `sp_commercetranzaction`
--

LOCK TABLES `sp_commercetranzaction` WRITE;
/*!40000 ALTER TABLE `sp_commercetranzaction` DISABLE KEYS */;
/*!40000 ALTER TABLE `sp_commercetranzaction` ENABLE KEYS */;
UNLOCK TABLES;

--
-- Table structure for table `sp_custom_reports`
--

DROP TABLE IF EXISTS `sp_custom_reports`;
/*!40101 SET @saved_cs_client     = @@character_set_client */;
/*!50503 SET character_set_client = utf8mb4 */;
CREATE TABLE `sp_custom_reports` (
  `reporttype` varchar(50) NOT NULL,
  PRIMARY KEY (`reporttype`)
) ENGINE=InnoDB DEFAULT CHARSET=utf8mb3;
/*!40101 SET character_set_client = @saved_cs_client */;

--
-- Dumping data for table `sp_custom_reports`
--

LOCK TABLES `sp_custom_reports` WRITE;
/*!40000 ALTER TABLE `sp_custom_reports` DISABLE KEYS */;
/*!40000 ALTER TABLE `sp_custom_reports` ENABLE KEYS */;
UNLOCK TABLES;

--
-- Table structure for table `sp_payments`
--

DROP TABLE IF EXISTS `sp_payments`;
/*!40101 SET @saved_cs_client     = @@character_set_client */;
/*!50503 SET character_set_client = utf8mb4 */;
CREATE TABLE `sp_payments` (
  `payid` int NOT NULL DEFAULT '0',
  `pay_no` varchar(100) NOT NULL,
  `pay_date` date NOT NULL,
  `pay_details` varchar(255) DEFAULT NULL,
  `pay_type` varchar(100) DEFAULT NULL,
  `payer` int NOT NULL DEFAULT '0',
  `doc_no` int DEFAULT NULL,
  `related_to` int NOT NULL DEFAULT '0',
  `type_payment` varchar(100) DEFAULT NULL,
  `amount` decimal(25,8) DEFAULT NULL,
  `spstatus` varchar(200) DEFAULT NULL,
  `debit` varchar(100) DEFAULT NULL,
  `coracc_subacc` varchar(100) DEFAULT NULL,
  `analytics_code` varchar(100) DEFAULT NULL,
  `target_code` varchar(100) DEFAULT NULL,
  `spcompany` varchar(200) CHARACTER SET utf8 COLLATE utf8_unicode_ci DEFAULT 'Default',
  `tags` varchar(1) DEFAULT NULL,
  PRIMARY KEY (`payid`),
  CONSTRAINT `fk_crmid_sp_payments` FOREIGN KEY (`payid`) REFERENCES `vtiger_crmentity` (`crmid`) ON DELETE CASCADE
) ENGINE=InnoDB DEFAULT CHARSET=utf8mb3;
/*!40101 SET character_set_client = @saved_cs_client */;

--
-- Dumping data for table `sp_payments`
--

LOCK TABLES `sp_payments` WRITE;
/*!40000 ALTER TABLE `sp_payments` DISABLE KEYS */;
/*!40000 ALTER TABLE `sp_payments` ENABLE KEYS */;
UNLOCK TABLES;

--
-- Table structure for table `sp_paymentscf`
--

DROP TABLE IF EXISTS `sp_paymentscf`;
/*!40101 SET @saved_cs_client     = @@character_set_client */;
/*!50503 SET character_set_client = utf8mb4 */;
CREATE TABLE `sp_paymentscf` (
  `payid` int NOT NULL DEFAULT '0',
  PRIMARY KEY (`payid`),
  CONSTRAINT `fk_payid_sp_paymentscf` FOREIGN KEY (`payid`) REFERENCES `sp_payments` (`payid`) ON DELETE CASCADE
) ENGINE=InnoDB DEFAULT CHARSET=utf8mb3;
/*!40101 SET character_set_client = @saved_cs_client */;

--
-- Dumping data for table `sp_paymentscf`
--

LOCK TABLES `sp_paymentscf` WRITE;
/*!40000 ALTER TABLE `sp_paymentscf` DISABLE KEYS */;
/*!40000 ALTER TABLE `sp_paymentscf` ENABLE KEYS */;
UNLOCK TABLES;

--
-- Table structure for table `sp_templates`
--

DROP TABLE IF EXISTS `sp_templates`;
/*!40101 SET @saved_cs_client     = @@character_set_client */;
/*!50503 SET character_set_client = utf8mb4 */;
CREATE TABLE `sp_templates` (
  `templateid` int NOT NULL,
  `name` varchar(64) DEFAULT NULL,
  `module` varchar(64) DEFAULT NULL,
  `template` mediumtext,
  `header_size` int DEFAULT NULL,
  `footer_size` int DEFAULT NULL,
  `page_orientation` varchar(1) DEFAULT NULL,
  `spcompany` varchar(200) CHARACTER SET utf8 COLLATE utf8_unicode_ci NOT NULL DEFAULT 'All',
  PRIMARY KEY (`templateid`)
) ENGINE=InnoDB DEFAULT CHARSET=utf8mb3;
/*!40101 SET character_set_client = @saved_cs_client */;

--
-- Dumping data for table `sp_templates`
--

LOCK TABLES `sp_templates` WRITE;
/*!40000 ALTER TABLE `sp_templates` DISABLE KEYS */;
INSERT INTO `sp_templates` VALUES (1,'Счет','Invoice','{header}\n\n<p style=\"font-weight: bold; text-decoration: underline\">{$orgName}</p>\n\n<p style=\"font-weight: bold\">Адрес: {$orgBillingAddress}, тел.: {$orgPhone}</p>\n\n<div style=\"font-weight: bold; text-align: center\">Образец заполнения платежного поручения</div>\n\n<table border=\"1\" cellpadding=\"2\">\n<tr>\n  <td width=\"140\">ИНН {$orgInn}</td><td width=\"140\">КПП {$orgKpp}</td><td rowspan=\"2\" width=\"50\"><br/><br/>Сч. №</td><td rowspan=\"2\" width=\"200\"><br/><br/>{$orgBankAccount}</td>\n</tr>\n<tr>\n<td colspan=\"2\" width=\"280\"><span style=\"font-size: 8pt\">Получатель</span><br/>{$orgName}</td>\n</tr>\n<tr>\n<td colspan=\"2\" rowspan=\"2\" width=\"280\"><span style=\"font-size: 8pt\">Банк получателя</span><br/>{$orgBankName}</td>\n<td width=\"50\">БИК</td>\n<td rowspan=\"2\" width=\"200\">{$orgBankId}<br/>{$orgCorrAccount}</td>\n</tr>\n<tr>\n<td width=\"50\">Сч. №</td>\n</tr>\n</table>\n<br/>\n<h1 style=\"text-align: center\">СЧЕТ № {$invoice_no} от {$invoice_invoicedate}</h1>\n<br/><br/>\n<table border=\"0\">\n<tr>\n<td width=\"100\">Плательщик:</td><td width=\"450\"><span style=\"font-weight: bold\">{$account_accountname}</span></td>\n</tr>\n<tr>\n<td width=\"100\">Грузополучатель:</td><td width=\"450\"><span style=\"font-weight: bold\">{$account_accountname}</span></td>\n</tr>\n</table>\n\n{/header}\n\n{table_head}\n<table border=\"1\" style=\"font-size: 8pt\" cellpadding=\"2\">\n    <tr style=\"text-align: center; font-weight: bold\">\n	<td width=\"30\">№</td>\n      <td width=\"260\">Наименование<br/>товара</td>\n      <td width=\"65\">Единица<br/>изме-<br/>рения</td>\n      <td width=\"35\">Коли-<br/>чество</td>\n	<td width=\"70\">Цена</td>\n	<td width=\"70\">Сумма</td>\n	</tr>\n{/table_head}\n\n{table_row}\n    <tr>\n	<td width=\"30\">{$productNumber}</td>\n      <td width=\"260\">{$productName} {$productComment}</td>\n	<td width=\"65\" style=\"text-align: center\">{$productUnits}</td>\n	<td width=\"35\" style=\"text-align: right\">{$productQuantityInt}</td>\n	<td width=\"70\" style=\"text-align: right\">{$productPriceWithTax}</td>\n	<td width=\"70\" style=\"text-align: right\">{$productTotal}</td>\n    </tr>\n{/table_row}\n\n{summary}\n</table>\n<table border=\"0\" style=\"font-size: 8pt;font-weight: bold\">\n    <tr>\n      <td width=\"450\">\n        <table border=\"0\" cellpadding=\"2\">\n          <tr><td width=\"450\" style=\"text-align: right\">Итого:</td></tr>\n          <tr><td width=\"450\" style=\"text-align: right\">В т.ч. НДС:</td></tr>\n          <tr><td width=\"450\" style=\"text-align: right\">Всего к оплате:</td></tr>\n        </table>\n      </td>\n      <td width=\"70\">\n        <table border=\"1\" cellpadding=\"2\">\n          <tr><td width=\"70\" style=\"text-align: right\">{$summaryGrandTotal}</td></tr>\n          <tr><td width=\"70\" style=\"text-align: right\">{$summaryTax}</td></tr>\n          <tr><td width=\"70\" style=\"text-align: right\">{$summaryGrandTotal}</td></tr>\n        </table>\n      </td>\n  </tr>\n</table>\n\n<p>\nВсего наименований {$summaryTotalItems}, на сумму {$summaryGrandTotal} руб.<br/>\n<span style=\"font-weight: bold\">{$summaryGrandTotalLiteral}</span>\n</p>\n\n{/summary}\n\n{ending}\n<br/>\n    <p>Руководитель предприятия  __________________ ( {$orgDirector} ) <br/>\n    <br/>\n    Главный бухгалтер  __________________ ( {$orgBookkeeper} )\n    </p>\n{/ending}',110,50,'P','All'),(2,'Накладная','SalesOrder','{header}\n<h1 style=\"font-size: 14pt\">Расходная накладная № {$salesorder_no}</h1>\n<hr/>\n<p><br></p>\n<table border=\"0\" style=\"font-size: 9pt\">\n<tr>\n<td width=\"80\">Поставщик:</td><td width=\"450\"><span style=\"font-weight: bold\">{$orgName}</span></td>\n</tr>\n<tr>\n<td width=\"80\">Покупатель:</td><td width=\"450\"><span style=\"font-weight: bold\">{$account_accountname}</span></td>\n</tr>\n</table>\n{/header}\n\n{table_head}\n<table border=\"1\" style=\"font-size: 8pt\" cellpadding=\"2\">\n    <tr style=\"text-align: center; font-weight: bold\">\n	<td width=\"30\" rowspan=\"2\">№</td>\n	<td width=\"200\" rowspan=\"2\">Товар</td>\n	<td width=\"50\" rowspan=\"2\" colspan=\"2\">Мест</td>\n	<td width=\"60\" rowspan=\"2\" colspan=\"2\">Количество</td>\n	<td width=\"60\" rowspan=\"2\">Цена</td>\n	<td width=\"60\" rowspan=\"2\">Сумма</td>\n	<td width=\"70\">Номер ГТД</td>\n    </tr>\n    <tr style=\"text-align: center; font-weight: bold\">\n	<td width=\"70\">Страна<br/>происхождения</td>\n    </tr>\n{/table_head}\n\n{table_row}\n    <tr>\n	<td width=\"30\" rowspan=\"2\">{$productNumber}</td>\n	<td width=\"200\" rowspan=\"2\">{$productName}</td>\n	<td width=\"25\" rowspan=\"2\"></td>\n	<td width=\"25\" rowspan=\"2\">шт.</td>\n	<td width=\"30\" rowspan=\"2\" style=\"text-align: right\">{$productQuantityInt}</td>\n	<td width=\"30\" rowspan=\"2\">{$productUnits}</td>\n	<td width=\"60\" rowspan=\"2\" style=\"text-align: right\">{$productPrice}</td>\n	<td width=\"60\" rowspan=\"2\" style=\"text-align: right\">{$productNetTotal}</td>\n	<td width=\"70\">{$customsId}</td>\n    </tr>\n    <tr>\n	<td width=\"70\">{$manufCountry}</td>\n    </tr>\n{/table_row}\n\n{summary}\n</table>\n<p></p>\n<table border=\"0\" style=\"font-weight: bold\">\n    <tr>\n	<td width=\"400\" style=\"text-align: right\">Итого:</td>\n	<td width=\"60\" style=\"text-align: right\">{$summaryNetTotal}</td>\n    </tr>\n    <tr>\n	<td width=\"400\" style=\"text-align: right\">Сумма НДС:</td>\n	<td width=\"60\" style=\"text-align: right\">{$summaryTax}</td>\n    </tr>\n</table>\n\n<p>\nВсего наименований {$summaryTotalItems}, на сумму {$summaryGrandTotal} руб.<br/>\n<span style=\"font-weight: bold\">{$summaryGrandTotalLiteral}</span>\n</p>\n\n{/summary}\n\n{ending}\n    <hr size=\"2\">\n    <p><br></p>\n    <table border=\"0\">\n    <tr>\n	<td>Отпустил  __________ </td><td>Получил  __________ </td>\n    </tr>\n    </table>\n{/ending}',50,0,'P','All'),(3,'Предложение','Quotes','{header}\n\n<p align=\"right\">{$orgLogo}</p>\n<p style=\"font-weight: bold\">\n{$orgName}<br/>\nИНН {$orgInn}<br/>\nКПП {$orgKpp}<br/>\n{$orgBillingAddress}<br/>\nТел.: {$orgPhone}<br/>\nФакс: {$orgFax}<br/>\n{$orgWebsite}\n</p>\n\n<h1>Коммерческое предложение № {$quote_no}</h1>\n<p>Действительно до: {$quote_validtill}</p>\n<hr size=\"2\">\n<p><br></p>\n<p style=\"font-weight: bold\">\n{$account_accountname}<br/>\n{$billingAddress}\n</p>\n{/header}\n\n{table_head}\n<table border=\"1\" style=\"font-size: 8pt\" cellpadding=\"2\">\n    <tr style=\"text-align: center; font-weight: bold\">\n	<td width=\"30\">№</td>\n	<td width=\"260\">Товары (работы, услуги)</td>\n	<td width=\"70\">Ед.</td>\n	<td width=\"30\">Кол-во</td>\n	<td width=\"70\">Цена</td>\n	<td width=\"70\">Сумма</td>\n	</tr>\n{/table_head}\n\n{table_row}\n    <tr>\n	<td width=\"30\">{$productNumber}</td>\n	<td width=\"260\">{$productName}</td>\n	<td width=\"70\">{$productUnits}</td>\n	<td width=\"30\" style=\"text-align: right\">{$productQuantity}</td>\n	<td width=\"70\" style=\"text-align: right\">{$productPrice}</td>\n	<td width=\"70\" style=\"text-align: right\">{$productNetTotal}</td>\n    </tr>\n{/table_row}\n\n{summary}\n</table>\n<p></p>\n<table border=\"0\">\n    <tr>\n	<td width=\"460\" style=\"text-align: right\">Итого:</td>\n	<td width=\"70\" style=\"text-align: right\">{$summaryNetTotal}</td>\n    </tr>\n    <tr>\n	<td width=\"460\" style=\"text-align: right\">Сумма НДС:</td>\n	<td width=\"70\" style=\"text-align: right\">{$summaryTax}</td>\n    </tr>\n</table>\n\n<p style=\"font-weight: bold\">\nВсего: {$summaryGrandTotal} руб. ( {$summaryGrandTotalLiteral} )\n</p>\n\n{/summary}\n\n{ending}\n    <hr size=\"2\">\n    <p>Руководитель предприятия  __________ ( {$orgDirector} ) <br/>\n    </p>\n{/ending}',100,0,'P','All'),(4,'Заказ на закупку','PurchaseOrder','{header}\n<h1 style=\"font-size: 14pt\">Заказ на закупку № {$purchaseorder_no}</h1>\n<hr>\n<p><br></p>\n<table border=\"0\" style=\"font-size: 9pt\">\n<tr>\n<td width=\"80\">Поставщик:</td><td width=\"450\"><span style=\"font-weight: bold\">{$vendor_vendorname}</span></td>\n</tr>\n<tr>\n<td width=\"80\">Покупатель:</td><td width=\"450\"><span style=\"font-weight: bold\">{$orgName}</span></td>\n</tr>\n</table>\n{/header}\n{table_head}\n<table border=\"1\" style=\"font-size: 8pt\" cellpadding=\"2\">\n<tr style=\"text-align: center; font-weight: bold\">\n<td width=\"30\">№</td>\n<td width=\"200\">Товар</td>\n<td width=\"60\" colspan=\"2\">Количество</td>\n<td width=\"60\">Цена</td>\n<td width=\"60\">Сумма</td>\n</tr>\n{/table_head}\n{table_row}\n<tr>\n<td width=\"30\">{$productNumber}</td>\n<td width=\"200\">{$productName}</td>\n<td width=\"30\" style=\"text-align: right\">{$productQuantityInt}</td>\n<td width=\"30\">{$productUnits}</td>\n<td width=\"60\" style=\"text-align: right\">{$productPrice}</td>\n<td width=\"60\" style=\"text-align: right\">{$productNetTotal}</td>\n</tr>\n{/table_row}\n{summary}\n</table>\n<p></p>\n<table border=\"0\" style=\"font-weight: bold\">\n<tr>\n<td width=\"350\" style=\"text-align: right\">Итого:</td>\n<td width=\"60\" style=\"text-align: right\">{$summaryNetTotal}</td>\n</tr>\n<tr>\n<td width=\"350\" style=\"text-align: right\">Сумма НДС:</td>\n<td width=\"60\" style=\"text-align: right\">{$summaryTax}</td>\n</tr>\n</table>\n<p>\nВсего наименований {$summaryTotalItems}, на сумму {$summaryGrandTotal} руб.<br/>\n<span style=\"font-weight: bold\">{$summaryGrandTotalLiteral}</span>\n</p>\n{/summary}\n{ending}\n{/ending}',50,0,'P','All'),(5,'Счет-фактура','Consignment','{header}\n\n<p style=\"font-size: 6pt; text-align: right; margin: 0; padding: 0\">Приложение №1<br/>\nк постановлению Правительства Российской Федерации<br/>\nот 26 декабря 2011 г. № 1137\n</p>\n<h1 style=\"font-size: 12pt; margin: 0; padding: 0\">Счет-фактура № {$consignment_no} от {$consignment_consignmentdate} </h1>\n<h1 style=\"font-size: 12pt; margin: 0; padding: 0\">Исправление № -- от -- </h1>\n<p style=\"font-size: 8pt; margin: 0; padding: 0\">Продавец: {$orgName} <br/>\nАдрес: {$orgBillingAddress} <br/>\nИНН/КПП продавца: {$orgInn}/{$orgKpp} <br/>\nГрузоотправитель и его адрес: -- <br/>\nГрузополучатель и его адрес: {$account_accountname}, {$billingAddress} <br/>\nК платежно-расчетному документу № {$invoice_invoice_no} от {$invoice_invoicedate} <br/>\nПокупатель: {$account_accountname} <br/>\nАдрес:	{$billingAddress} <br/>\nИНН / КПП покупателя: {$account_inn}/{$account_kpp}<br/>\nВалюта: наименование, код Российский рубль, 643<br/>\nИдентификатор государственного контракта, договора (соглашения) (при наличии)</p>\n{/header}\n\n{table_head}\n<table border=\"1\" style=\"font-size: 6pt\" cellpadding=\"2\">\n    <tr style=\"text-align: center\">\n	<td width=\"130\" valign=\"middle\" rowspan=\"2\">Наименование товара (описание<br/>выполненных работ, оказанных услуг),<br/>имущественного права</td>\n    <td width=\"40\" valign=\"middle\" rowspan=\"2\">Код<br /> вида<br /> товара</td>\n	<td width=\"77\" valign=\"middle\" colspan=\"2\">Единица<br/>измерения</td>\n        <td width=\"45\" valign=\"middle\" rowspan=\"2\">Коли-<br/>чество<br/>(объем)</td>\n	<td width=\"55\" valign=\"middle\" rowspan=\"2\">Цена (тариф)<br/>за единицу<br/>измерения</td>\n	<td width=\"60\" valign=\"middle\" rowspan=\"2\">Стоимость товаров (работ,<br/>услуг),<br/>имущественных<br/>прав, без налога -<br/>всего</td>\n	<td width=\"35\" valign=\"middle\" rowspan=\"2\">В том<br/>числе<br/>сумма<br/>акциза</td>\n	<td width=\"55\" valign=\"middle\" rowspan=\"2\">Налоговая<br/>ставка</td>\n        <td width=\"55\" valign=\"middle\" rowspan=\"2\">Сумма<br/>налога<br/>предъяв-<br/>ляемая<br/>покупателю</td>\n	<td width=\"70\" valign=\"middle\" rowspan=\"2\">Стоимость товаров<br/>(работ, услуг),<br/>имущественных<br/>прав, с налогом -<br/>всего</td>\n	<td width=\"85\" valign=\"middle\" colspan=\"2\">Страна<br/>происхождения товара</td>\n    <td width=\"75\" valign=\"middle\" rowspan=\"2\">Регистрационный<br/> номер<br/>таможенной<br/>декларации</td>\n	</tr>\n        <tr style=\"text-align: center\">\n	  <td width=\"27\" valign=\"middle\">код</td>\n          <td width=\"50\" valign=\"middle\">условное<br/>обозначение<br/>(национальное)</td>\n	  <td width=\"35\" valign=\"middle\">цифровой<br/>код</td>\n	  <td width=\"50\" valign=\"middle\">краткое<br/>наименование</td>\n	</tr>\n    <tr style=\"text-align: center\">\n	<td width=\"130\">1</td>\n    <td width=\"40\">1а</td>\n	<td width=\"27\">2</td>\n	<td width=\"50\">2а</td>\n	<td width=\"45\">3</td>\n	<td width=\"55\">4</td>\n	<td width=\"60\">5</td>\n	<td width=\"35\">6</td>\n	<td width=\"55\">7</td>\n	<td width=\"55\">8</td>\n	<td width=\"70\">9</td>\n	<td width=\"35\">10</td>\n	<td width=\"50\">10а</td>\n	<td width=\"75\">11</td>\n    </tr>\n{/table_head}\n\n{table_row}\n    <tr>\n	<td width=\"130\" style=\"padding: 3px\">{$productName}</td>\n    <td width=\"40\" style=\"text-align: center; padding: 3px;\">{$internatonalCode}</td>  \n	<td width=\"27\" style=\"text-align: center;padding: 3px\">{$productUnitsCode}</td>\n	<td width=\"50\" style=\"text-align: center;padding: 3px\">{$productUnits}</td>\n	<td width=\"45\" style=\"text-align: right;padding: 3px\">{$productQuantity}</td>\n	<td width=\"55\" style=\"text-align: right;padding: 3px\">{$productPrice}</td>\n	<td width=\"60\" style=\"text-align: right;padding: 3px\">{$productNetTotal}</td>\n	<td width=\"35\" style=\"text-align: center;padding: 3px\">--</td>\n	<td width=\"55\" style=\"text-align: center;padding: 3px\">{$productTaxPercent}%</td>\n	<td width=\"55\" style=\"text-align: right;padding: 3px\">{$productTax}</td>\n	<td width=\"70\" style=\"text-align: right;padding: 3px\">{$productTotal}</td>\n	<td width=\"35\" style=\"text-align: center;padding-left: 3px\">{$manufCountryCode}</td>\n	<td width=\"50\" style=\"text-align: center;padding-left: 3px\">{$manufCountry}</td>\n	<td width=\"75\" style=\"text-align: center;padding: 3px\">{$customsId}</td>\n    </tr>\n{/table_row}\n\n{summary}\n    <tr>\n	<td width=\"347\" colspan=\"7\"><span style=\"font-weight: bold\">Всего к оплате</span></td>\n	<td width=\"60\" style=\"text-align: right;padding: 3px\"><span style=\"font-weight: bold\">{$summaryNetTotal}</span></td>\n	<td width=\"90\" colspan=\"2\" style=\"text-align: center\"><span style=\"font-weight: bold\">X</span></td>\n	<td width=\"55\" style=\"text-align: right\"><span style=\"font-weight: bold\">{$summaryTax}</span></td>\n	<td width=\"70\" style=\"text-align: right\"><span style=\"font-weight: bold\">{$summaryGrandTotal}</span></td>\n    </tr>\n</table>\n{/summary}\n\n{ending}\n<p></p>\n<table border=\"0\" style=\"font-size: 8pt\">\n<tr>\n    <td width=\"200\" style=\"text-align: right\">Руководитель организации<br/>или иное уполномоченное лицо</td>\n    <td width=\"80\" style=\"text-align: center\"> __________ </td>\n    <td width=\"80\" style=\"text-align: center\"> <span style=\"text-decoration: underline\">{$orgDirector}</span></td>\n    <td style=\"text-align: right\">Главный бухгалтер<br/>или иное уполномоченное лицо</td>\n    <td width=\"80\" style=\"text-align: center\">  __________ </td>\n    <td width=\"80\" style=\"text-align: center\"> <span style=\"text-decoration: underline\">{$orgBookkeeper}</span></td>\n</tr>\n<tr style=\"font-size: 6pt; text-align: center\">\n    <td width=\"200\"></td><td width=\"80\"> (подпись) </td><td width=\"80\"> (ФИО)</td><td></td><td width=\"80\"> (подпись)</td><td width=\"80\"> (ФИО)</td>\n</tr>\n<tr>\n<td colspan=\"6\"><p></p></td>\n</tr>\n<tr>\n  <td width=\"200\" style=\"text-align: right\">Индивидуальный предприниматель<br/> или иное уполномоченное лицо</td>\n    <td width=\"80\" style=\"text-align: center\"> __________ </td>\n    <td width=\"80\" style=\"text-align: center\"> <span style=\"text-decoration: underline\">{$orgEntrepreneur}</span> </td>\n    <td colspan=\"3\" style=\"text-align: center\"> <span style=\"text-decoration: underline\">{$orgEntrepreneurreg}</span> </td>\n</tr>\n<tr style=\"font-size: 6pt; text-align: center\">\n    <td width=\"200\"></td><td width=\"80\"> (подпись) </td><td width=\"80\"> (ФИО) </td><td colspan=\"3\"> (реквизиты свидетельства о государственной <br/>регистрации индивидуального предпринимателя)</td>\n</tr>\n</table>\n<p></p>\n<p style=\"font-size: 6pt\">Примечание 1. Первый экземпляр счета-фактуры, составленного на бумажном носителе - покупателю, второй экземпляр - продавцу.<br/>\n  2. При составлении организацией счета-фактуры в электронном виде показатель \"Главный бухгалтер (подпись) (ФИО)\" не формируется.\n</p>\n{/ending}',85,50,'L','All'),(6,'ТОРГ-12','Consignment','{header}\n<!-- Table marking up header, goods table and footer -->\n<table>\n<tr><td colspan=\"2\">\n\n  <table>\n    <tr>\n      <td colspan=\"3\" rowspan=\"2\" style=\"width:700px\">\n      </td>\n      <td style=\"text-align:right; font-size:x-small; width:80px\">\n        Унифицированная форма № ТОРГ-12\n        Утверждена постановлением Госкомстата России от 25.12.98 № 132\n      </td>\n    </tr>\n    <tr>\n      <td style=\"width:80px\">\n        <table border=\"1\">\n          <tr><td style=\"text-align:center\">Коды</td></tr>\n        </table>\n      </td>\n    </tr>\n    <tr>\n      <td style=\"font-size:x-small; width:80px\">Грузоотправитель</td>\n      <td style=\"font-size:x-small; font-weight:bold; width:520px\">{$orgName}, {$orgBillingAddress}, тел. : {$orgPhone}, р/с {$orgBankAccount}, {$orgBankName}, БИК {$orgBankId}, к/с {$orgCorrAccount}</td>\n      <td rowspan=\"8\" style=\"width:100px\">\n        <table style=\"text-align:right; font-size:small\">\n          <tr><td>Форма по ОКУД</td></tr>\n          <tr><td>по ОКПО</td></tr>\n          <tr><td></td></tr>\n          <tr><td>Вид деятельности по ОКДП</td></tr>\n          <tr><td>по ОКПО</td></tr>\n          <tr><td>по ОКПО</td></tr>\n          <tr><td>по ОКПО</td></tr>\n          <tr><td rowspan=\"4\">\n            <table border=\"1\">\n              <tr><td>номер</td></tr>\n              <tr><td>дата</td></tr>\n              <tr><td>номер</td></tr>\n              <tr><td>дата</td></tr>\n            </table>\n            <table>\n              <tr><td>Вид операции</td></tr>\n            </table>\n            </td></tr>\n        </table>\n      </td>\n      <td rowspan=\"8\" style=\"width:80px\">\n        <table border=\"2\" style=\"text-align:center; font-size:small\">\n          <tr><td style=\"font-weight:bold\">0330212</td></tr>\n          <tr><td></td></tr>\n          <tr><td></td></tr>\n          <tr><td></td></tr>\n          <tr><td></td></tr>\n          <tr><td></td></tr>\n          <tr><td></td></tr>\n          <tr><td></td></tr>\n          <tr><td></td></tr>\n          <tr><td></td></tr>\n          <tr><td></td></tr>\n          <tr><td></td></tr>\n        </table>\n      </td>\n    </tr>\n    <tr>\n      <td style=\"font-size:x-small; width:80px\">Структурное подразделение</td>\n      <td style=\"font-size:x-small; width:400px\"></td>\n    </tr>\n    <tr>\n      <td style=\"font-size:x-small; width:80px\">Грузополучатель</td>\n      <td style=\"font-size:x-small; width:400px\">{$account_accountname}</td>\n    </tr>\n    <tr>\n      <td style=\"font-size:x-small; width:80px\">Поставщик</td>\n      <td style=\"font-size:x-small; width:400px\">{$orgName}</td>\n    </tr>\n    <tr>\n      <td style=\"font-size:x-small; width:80px\">Плательщик</td>\n      <td style=\"font-size:x-small; width:400px\">{$account_accountname}</td>\n    </tr>\n    <tr>\n      <td style=\"font-size:x-small; width:80px\">Основание</td>\n      <td style=\"font-size:x-small; width:400px\"></td>\n    </tr>\n    <tr>\n      <td style=\"width:80px\"></td>\n      <td style=\"text-align: center; font-size:xx-small; width:400px\">наименование документа (договор, контракт, заказ-наряд)</td>\n    </tr>\n  </table>\n\n</td></tr>\n<tr>\n  <td colspan=\"2\" style=\"text-align:center; width:600px\">\n    <!-- Markup inside heading elements -->\n    <table cellspacing=\"5\" style=\"font-size:x-small\">\n      <tr>\n        <td></td>\n        <td rowspan=\"2\">\n          <table border=\"1\" style=\"text-align:center\">\n            <tr>\n              <td>Номер документа</td>\n              <td>Дата составления</td>\n            </tr>\n            <tr>\n              <td>{$consignment_goods_consignment_no}</td>\n              <td>{$consignment_consignmentdate_short}</td>\n            </tr>\n          </table>\n        </td>\n        <td>Транспортная накладная</td>\n      </tr>\n      <tr>\n        <td style=\"font-weight:bold; text-align:right\">ТОВАРНАЯ НАКЛАДНАЯ</td>\n        <td></td>\n      </tr>\n    </table>\n  </td>\n</tr>\n<tr><td>\n<!-- Whitespace between header and goods table -->\n</td></tr>\n{/header}\n{table_head}\n<tr><td colspan=\"2\">\n\n  <!-- Goods table -->\n  <table border=\"1\" style=\"font-size:x-small; text-align:center; width:780px\">\n    <tr style=\"text-align:center\">\n      <td style=\"width:30px\">Номер<br />по<br />порядку</td>\n      <td colspan=\"2\" style=\"width:210px\">Товар</td>\n      <td colspan=\"2\" style=\"width:80px\">Единица измерения</td>\n      <td style=\"width:40px\">Вид упаковки</td>\n      <td colspan=\"2\" style=\"width:80px\">Количество</td>\n      <td style=\"width:50px\">Масса брутто</td>\n      <td style=\"width:50px\">Количество<br />(масса нетто)</td>\n      <td style=\"width:50px\">Цена, руб. коп.</td>\n      <td style=\"width:50px\">Сумма без учёта НДС, руб. коп.</td>\n      <td colspan=\"2\" style=\"width:60px\">НДС</td>\n      <td style=\"width:80px\">Сумма с учётом НДС, руб. коп.</td>\n    </tr>\n    <tr>\n      <td style=\"width:30px\"></td>\n      <td style=\"width:180px\">наименование, характеристика, сорт, артикул товара</td>\n      <td style=\"width:30px\">код</td>\n      <td style=\"width:50px\">наименование</td>\n      <td style=\"width:30px\">код по ОКЕИ</td>\n      <td style=\"width:40px\"></td>\n      <td style=\"width:40px\">в одном<br />месте</td>\n      <td style=\"width:40px\">мест,<br />штук</td>\n      <td style=\"width:50px\"></td>\n      <td style=\"width:50px\"></td>\n      <td style=\"width:50px\"></td>\n      <td style=\"width:50px\"></td>\n      <td style=\"width:30px\">ставка, %</td>\n      <td style=\"width:30px\">сумма, руб. коп.</td>\n      <td style=\"width:80px\"></td>\n    </tr>\n    <tr>\n      <td style=\"width:30px\">1</td>\n      <td style=\"width:180px\">2</td>\n      <td style=\"width:30px\">3</td>\n      <td style=\"width:50px\">4</td>\n      <td style=\"width:30px\">5</td>\n      <td style=\"width:40px\">6</td>\n      <td style=\"width:40px\">7</td>\n      <td style=\"width:40px\">8</td>\n      <td style=\"width:50px\">9</td>\n      <td style=\"width:50px\">10</td>\n      <td style=\"width:50px\">11</td>\n      <td style=\"width:50px\">12</td>\n      <td style=\"width:30px\">13</td>\n      <td style=\"width:30px\">14</td>\n      <td style=\"width:80px\">15</td>\n    </tr>\n{/table_head}\n{goods_row}\n    <tr>\n      <td style=\"width:30px\">{$goodsNumber}</td>\n      <td style=\"width:180px\">{$productName}</td>\n      <td style=\"width:30px\">{$productCode}</td>\n      <td style=\"width:50px\">{$productUnits}</td>\n      <td style=\"width:30px\">{$productUnitsCode}</td>\n      <td style=\"width:40px\"></td>\n      <td style=\"width:40px\"></td>\n      <td style=\"width:40px\">{$productQuantityInt}</td>\n      <td style=\"width:50px\"></td>\n      <td style=\"width:50px\"></td>\n      <td style=\"width:50px\">{$productPrice}</td>\n      <td style=\"width:50px\">{$productNetTotal}</td>\n      <td style=\"width:30px\">{$productTaxPercent}</td>\n      <td style=\"width:30px\">{$productTax}</td>\n      <td style=\"width:80px\">{$productTotal}</td>\n    </tr>\n{/goods_row}\n{summary}\n  </table>\n\n</td></tr>\n<!-- Total subtable -->\n<tr style=\"font-size:x-small\">\n  <!-- Whitespace in the left -->\n  <td style=\"width:403px\">\n\n    <table>\n      <tr>\n        <td colspan=\"7\" style=\"text-align:right\">Итого:</td>\n      </tr>\n      <tr>\n        <td colspan=\"7\" style=\"text-align:right\">Всего по накладной:</td>\n      </tr>\n    </table>\n\n  </td>\n  <!-- Total subtable itself -->\n  <td>\n\n    <table border=\"1\" style=\"text-align:center\">\n      <tr>\n        <td style=\"width:40px\"></td>\n        <td style=\"width:50px\"></td>\n        <td style=\"width:50px\"></td>\n        <td style=\"width:50px\">X</td>\n        <td style=\"width:50px\">{$summaryNetTotalGoods}</td>\n        <td style=\"width:30px\">X</td>\n        <td style=\"width:30px\">{$summaryTaxGoods}</td>\n        <td style=\"width:80px\">{$summaryGrandTotalGoods}</td>\n      </tr>\n      <tr>\n        <td style=\"width:40px\"></td>\n        <td style=\"width:50px\"></td>\n        <td style=\"width:50px\"></td>\n        <td style=\"width:50px\">X</td>\n        <td style=\"width:50px\">{$summaryNetTotalGoods}</td>\n        <td style=\"width:30px\">X</td>\n        <td style=\"width:30px\">{$summaryTaxGoods}</td>\n        <td style=\"width:80px\">{$summaryGrandTotalGoods}</td>\n      </tr>\n    </table>\n\n  </td>\n</tr>\n<tr style=\"page-break-before: always\"><td>\n<!-- Whitespace -->\n</td></tr>\n<tr><td colspan=\"2\" style=\"width:780px\">\n\n  <table style=\"font-size:x-small\">\n    <tr>\n      <td rowspan=\"2\" style=\"width:250px\">Товарная накладная имеет приложение на </td>\n      <td style=\"text-align: center; width:350px\">______________________________________________________________________</td>\n      <td rowspan=\"2\" style=\"width:80px\"> листах</td>\n    </tr>\n    <tr>\n      <td style=\"text-align:center; width:350px\">прописью</td>\n    </tr>\n    <tr>\n      <td rowspan=\"2\" style=\"width:250px\">и содержит </td>\n      <td style=\"text-align: center; width:350px\">______________________________________________________________________</td>\n      <td rowspan=\"2\" style=\"width:80px\"> порядковых номеров записей</td>\n    </tr>\n    <tr>\n      <td style=\"text-align:center; width:350px\">прописью</td>\n    </tr>\n  </table>\n\n</td></tr>\n<tr><td colspan=\"2\" style=\"text-align:center; width:780px\">\n\n  <table style=\"font-size:x-small\">\n    <tr>\n      <td colspan=\"2\" rowspan=\"2\" style=\"width:200px\"></td>\n      <td rowspan=\"2\" style=\"text-align:right; width:190px\">Масса груза (нетто)</td>\n      <td style=\"text-align:center; width:390px\">______________________________________________________________________</td>\n    </tr>\n    <tr>\n      <td style=\"text-align:center; width:390px\">прописью</td>\n    </tr>\n    <tr>\n      <td rowspan=\"2\" style=\"text-align:right; width:100px\">Всего мест</td>\n      <td rowspan=\"2\" style=\"width:100px\">{$summaryTotalGoods}</td>\n      <td rowspan=\"2\" style=\"text-align:right; width:190px\">Масса груза (брутто)</td>\n      <td style=\"text-align:center; width:390px\">______________________________________________________________________</td>\n    </tr>\n    <tr>\n      <td style=\"text-align:center; width:390px\">прописью</td>\n    </tr>\n    <tr>\n      <td colspan=\"3\" style=\"width:390px\">\n        <table>\n          <tr>\n            <td rowspan=\"2\" style=\"width:170px\">Приложение (паспорта, сертификаты и т.п.) на </td>\n            <td style=\"text-align:center; width:170px\">__________________________________________</td>\n            <td rowspan=\"2\" style=\"width:50px\"> листах</td>\n          </tr>\n          <tr>\n            <td style=\"text-align:center; width:170px\">прописью</td>\n          </tr>\n        </table>\n      </td>\n      <td></td>\n    </tr>\n  </table>\n\n</td></tr>\n<tr><td>\n</td></tr>\n<!-- Footer (sent/received, stamps, etc.) -->\n<tr style=\"font-size:small\">\n  <td style=\"text-align:center; width:390px\">\n    <!-- \"Sent\" part on the left -->\n    <table>\n      <tr><td>\n        Всего отпущено на сумму {$summaryGrandTotalGoodsLiteral}<br />\n      </td></tr>\n{/summary}\n{ending}\n      <tr><td>\n        <table>\n          <tr>\n            <td rowspan=\"2\">Отпуск груза разрешил</td>\n            <td>Директор</td>\n            <td>_____________________</td>\n            <td>{$orgDirector}</td>\n          </tr>\n          <tr style=\"font-size:x-small\">\n            <td>должность</td>\n            <td>подпись</td>\n            <td>расшифровка подписи</td>\n          </tr>\n          <tr>\n            <td colspan=\"2\" rowspan=\"2\" style=\"font-weight:bold\">Главный (старший) бухгалтер</td>\n            <td>_____________________</td>\n            <td>{$orgBookkeeper}</td>\n          </tr>\n          <tr style=\"font-size:x-small\">\n            <td>подпись</td>\n            <td>расшифровка подписи</td>\n          </tr>\n          <tr>\n            <td rowspan=\"2\">Отпуск груза произвёл</td>\n            <td>_____________________</td>\n            <td>_____________________</td>\n            <td>_____________________</td>\n          </tr>\n          <tr style=\"font-size:x-small\">\n            <td>должность</td>\n            <td>подпись</td>\n            <td>расшифровка подписи</td>\n          </tr>\n        </table>\n      </td></tr>\n      <tr><td>\n        М.П. \"   \" _____________ 20   года\n      </td></tr>\n    </table>\n  </td>\n  <!-- \"Received\" part on the right -->\n  <td style=\"text-align:center; width:390px\">\n    <table>\n      <tr><td>\n        По доверенности № _______ от   \"   \" _____________ 20   года\n      </td></tr>\n      <tr><td>\n        выданной ________________________________________________\n      </td></tr>\n      <tr><td style=\"text-align:center; font-size:x-small\">\n        кем, кому (организация, место работы, должность, фамилия, и. о.)\n      </td></tr>\n      <tr><td>\n        <table>\n          <tr>\n            <td rowspan=\"2\">Груз принял</td>\n            <td>_____________________</td>\n            <td>_____________________</td>\n            <td>_____________________</td>\n          </tr>\n          <tr style=\"font-size:x-small\">\n            <td>должность</td>\n            <td>подпись</td>\n            <td>расшифровка подписи</td>\n          </tr>\n          <!-- Whitespace to aline with left-side clauses -->\n          <tr>\n            <td></td>\n          </tr>\n          <tr>\n            <td rowspan=\"2\">Груз получил<br />грузополучатель</td>\n            <td>_____________________</td>\n            <td>_____________________</td>\n            <td>_____________________</td>\n          </tr>\n          <tr style=\"font-size:x-small\">\n            <td>должность</td>\n            <td>подпись</td>\n            <td>расшифровка подписи</td>\n          </tr>\n        </table>\n      </td></tr>\n      <tr><td>\n        М.П. \"   \" _____________ 20   года\n      </td></tr>\n    </table>\n  </td>\n</tr>\n\n</table>\n{/ending}',90,20,'L','All'),(7,'Приходный кассовый ордер','SPPayments','{content}\n\n<!-- Таблица, разделяющая ордер, перфорацию и квитанцию -->\n<table border=0>\n  <tr>\n\n    <td style=\"width: 360\">\n      <!--  Таблица, упорядочивающая элементы ордера -->\n      <table border=0>\n\n        <tr style=\"text-align: right; font-size: 4pt;\"><td>\n          <p>Унифицированная форма КО-1<br />Утверждена постановлением Госкомстата России от 18.08.98 № 88<br/></p>\n        </td></tr>\n\n        <tr><td>\n          <!-- Название организации и подразделения, коды по ОКУД и ОКПО -->\n          <table border=\"0\">\n\n            <tr style=\"text-align: center; font-size: 6pt;\">\n              <td></td>\n              <td></td>\n              <td>\n                <table border=\"1\">\n                  <tr><td>Коды</td></tr>\n                </table>\n              </td>\n            </tr>\n\n            <tr style=\"font-size: 8pt;\">\n              <td style=\"text-align: center;\"></td>\n              <td style=\"text-align: right;\">Форма по ОКУД</td>\n              <td rowspan=\"3\" style=\"text-align: center;\">\n                <!-- Таблица, создающая жирную рамку -->\n                <table border=\"2\">\n                  <tr>\n                    <td style=\"text-align: center;\">\n                      <!-- Таблица, создающая внутреннюю разметку -->\n                      <table border=\"1\">\n                        <tr><td>310001</td></tr>\n                        <tr><td>{$orgOKPO}</td></tr>\n                        <tr><td></td></tr>\n                      </table>\n                    </td>\n                  </tr>\n                </table>\n              </td>\n\n            </tr>\n\n            <tr>\n\n              <td>\n                <table>\n                  <tr><td style=\"font-size: 6pt;\">{$orgName}</td></tr>\n                  <tr><td style=\"font-size: 6pt;\">_________________________________</td></tr>\n                  <tr><td style=\"font-size: 4pt;\">организация</td></tr>\n                </table>\n              </td>\n\n              <td style=\"text-align: right; font-size: 8pt;\">по ОКПО</td>\n\n            </tr>\n\n            <tr>\n\n              <td colspan=\"2\">\n                <table>\n                  <tr><td style=\"font-size: 6pt;\"></td></tr>\n                  <tr><td style=\"font-size: 6pt;\">_____________________________________________________</td></tr>\n                  <tr><td style=\"font-size: 4pt;\">подразделение</td></tr>\n                </table>\n              </td>\n\n            </tr>\n\n          </table>\n\n        </td></tr>\n\n        <tr><td>\n          <!-- Номер документа, дата составления -->\n          <table border=\"0\">\n\n            <tr>\n\n              <td align=\"center\" valign=\"middle\" rowspan=\"2\" style=\"font-weight: bold; font-size: 8pt;\">ПРИХОДНЫЙ КАССОВЫЙ ОРДЕР</td>\n\n              <td>\n                <!-- Номер документа, дата составления -->\n                <table border=1 style=\"text-align: center; font-size: 6pt;\">\n                  <tr>\n                    <td>Номер документа</td>\n                    <td>Дата составления</td>\n                  </tr>\n                </table>\n              </td>\n\n            </tr>\n\n            <tr>\n              <!-- Номер документа, дата составления -->\n              <td>\n                <table border=\"2\" style=\"text-align: center; font-size: 6pt;\">\n                  <tr>\n                    <td>{$payment_doc_no}</td>\n                    <td>{$payment_pay_date}</td>\n                  </tr>\n                </table>\n              </td>\n            </tr>\n\n          </table>\n          <br/>\n        </td></tr>\n\n        <tr><td>\n          <table border=\"1\">\n\n            <tr align=\"center\" valign=\"middle\" style=\"font-size: 6pt;\">\n              <td rowspan=\"2\">Дебет</td>\n              <td colspan=\"4\">Кредит</td>\n              <td rowspan=\"2\">Сумма</td>\n              <td rowspan=\"2\">Код целевого назначения</td>\n              <td rowspan=\"2\"></td>\n            </tr>\n\n            <tr align=\"center\" valign=\"middle\" style=\"font-size: 4pt;\">\n              <td></td>\n              <td>код<br />структурного<br />подразделения</td>\n              <td>корреспондирующий<br />счет,<br />субсчет</td>\n              <td>код<br />аналитического<br />учета</td>\n            </tr>\n\n            <tr align=\"center\" valign=\"middle\" style=\"font-size: 6pt;\">\n              <td>{$payment_debit}</td>\n              <td></td>\n              <td></td>\n              <td>{$payment_coracc_subacc}</td>\n              <td>{$payment_analytics_code}</td>\n              <td>{$payment_amount}</td>\n              <td>{$payment_target_code}</td>\n              <td></td>\n            </tr>\n\n          </table>\n\n        </td></tr>\n\n        <tr><td>\n          <p style=\"font-size: 6pt;\"><br />Принято от:<br />{$payment_payer}</p>\n          <p style=\"font-size: 6pt;\">Основание:<br />{$payment_pay_details}</p>\n          <p style=\"font-size: 6pt;\">Сумма:<br />{$payment_amount_literal}</p>\n          <p style=\"font-size: 6pt;\">В том числе: НДС (Без НДС)</p>\n          <p style=\"font-size: 6pt;\">Приложение:</p>\n\n          <table border=\"0\">\n\n            <tr style=\"font-size: 6pt;\">\n              <td rowspan=\"2\" style=\"width: 70;\"><b>Главный бухгалтер</b></td>\n              <td align=\"center\" style=\"width: 70;\">_____________</td>\n              <td align=\"center\" style=\"width: 100;\">{$orgBookkeeper}</td>\n            </tr>\n\n            <tr align=\"center\" style=\"font-size: 4pt;\">\n              <td style=\"width: 70;\">подпись</td>\n              <td style=\"width: 100;\">расшифровка подписи</td>\n            </tr>\n\n            <tr style=\"font-size: 6pt;\">\n              <td rowspan=\"2\" style=\"width: 70;\"><b>Получил кассир</b></td>\n              <td align=\"center\" style=\"width: 70;\">_____________</td>\n              <td align=\"center\" style=\"width: 100;\"></td>\n            </tr>\n\n            <tr align=\"center\" style=\"font-size: 4pt;\">\n              <td style=\"width: 70;\">подпись</td>\n              <td style=\"width: 100;\">расшифровка подписи</td>\n            </tr>\n\n          </table>\n\n        </td></tr>\n      </table> <!-- Таблица ордера -->\n\n    </td>\n\n    <td style=\"width: 20\">\n      <!-- Перфорация -->\n      <img src=\"test/logo/perforation.gif\" />\n    </td>\n\n    <td style=\"width: 200\">\n      <!-- Квитанция -->\n      <!-- Внешняя таблица. Упорядочивает элементы квитанции -->\n      <table border=\"0\">\n\n        <tr><td>\n          <table border=\"0\">\n            <tr><td align=\"left\" style=\"font-size: 6pt;\">{$orgName}</td></tr>\n            <tr><td align=\"left\" style=\"font-size: 6pt;\">_________________</td></tr>\n            <tr><td align=\"left\" style=\"font-size: 4pt;\">организация</td></tr>\n          </table>\n        </td></tr>\n\n        <tr><td>\n          <p align=\"left\" style=\"font-size: 6pt;\"><b><br />КВИТАНЦИЯ</b></p>\n        </td></tr>\n\n        <tr><td>\n          <!-- к ПКО от -->\n          <table border=\"0\" style=\"font-size: 6pt;\">\n\n            <tr>\n              <td align=\"right\" style=\"width: 30\">к ПКО №</td>\n              <td align=\"center\" style=\"width: 120\">{$payment_doc_no}</td>\n            </tr>\n\n            <tr>\n              <td align=\"right\" style=\"width: 30\"></td>\n              <td align=\"center\" style=\"width: 120\">_____________</td>\n            </tr>\n\n            <tr>\n              <td align=\"right\" style=\"width: 30\">от</td>\n              <td align=\"center\" style=\"width: 120\">{$payment_pay_date}</td>\n            </tr>\n\n            <tr>\n              <td align=\"left\" style=\"width: 30\"></td>\n              <td align=\"center\" style=\"width: 120\">_____________</td>\n            </tr>\n\n          </table>\n        </td></tr>\n\n        <tr style=\"font-size: 6pt;\"><td>\n          <p><br />Принято от<br />{$payment_payer}</p>\n          <p><br />Основание<br />{$payment_pay_details}</p>\n        </td></tr>\n\n        <tr><td>\n          <table>\n\n            <tr align=\"left\" style=\"font-size: 6pt;\">\n              <td rowspan=\"3\">Сумма</td>\n              <td><b>{$payment_amount}</b></td>\n            </tr>\n\n            <tr align=\"left\" style=\"font-size: 6pt;\">\n              <td>____________________</td>\n            </tr>\n\n            <tr>\n              <td align=\"left\" style=\"font-size: 4pt;\"><b>цифрами</b></td>\n            </tr>\n\n          </table>\n        </td></tr>\n\n        <tr style=\"font-size: 6pt;\"><td>\n          <p><br />{$payment_amount_literal}</p>\n          <p><br />В том числе<br />НДС (Без НДС)</p>\n        </td></tr>\n\n        <tr align=\"right\" style=\"font-size: 6pt;\"><td style=\"width: 150;\">\n          <table>\n            <tr><td>\n              <b>{$payment_pay_date}</b>\n            </td></tr>\n            <tr><td>\n              <b>_______________</b>\n            </td></tr>\n          </table>\n          <p align=\"left\"><b>М.П. (штампа)<br /></b></p>\n        </td></tr>\n\n        <tr><td>\n\n          <table>\n            <tr align=\"left\" style=\"font-size: 6pt;\"><td colspan=\"2\">\n              <b>Главный бухгалтер</b>\n            </td></tr>\n            <tr align=\"center\" style=\"font-size: 6pt; width: 200;\">\n              <td></td>\n              <td>{$orgBookkeeper}</td>\n            </tr>\n            <tr align=\"center\" style=\"font-size: 6pt;\">\n              <td>_____________</td>\n              <td>_____________</td>\n            </tr>\n            <tr align=\"center\" style=\"font-size: 4pt;\">\n              <td align=\"center\">подпись</td>\n              <td align=\"center\">расшифровка подписи</td>\n            </tr>\n          </table>\n\n          <table>\n            <tr align=\"left\" style=\"font-size: 6pt;\"><td colspan=\"2\">\n              <b>Кассир</b>\n            </td></tr>\n            <tr align=\"center\" style=\"font-size: 6pt; width: 200\">\n              <td></td>\n              <td></td>\n            </tr>\n            <tr align=\"center\" style=\"font-size: 6pt;\">\n              <td>_____________</td>\n              <td>_____________</td>\n            </tr>\n            <tr align=\"center\" style=\"font-size: 4pt;\">\n              <td>подпись</td>\n              <td>расшифровка подписи</td>\n            </tr>\n          </table>\n\n        </td></tr>\n\n      </table>\n    </td>\n\n  </tr>\n</table>\n\n{/content}',0,50,'P','All'),(8,'Акт','Act','{header}\n<div style=\"font-weight: bold;text-decoration: underline\">{$orgName}</div>\n<div style=\"font-weight: bold\">Адрес: {$orgBillingAddress}, тел.: {$orgPhone}</div>\n\n\n<h1 style=\"text-align: center\">Акт № {$act_no} от {$act_actdate} г.</h1>\n\n<p>Заказчик: {$account_accountname}</p>\n\n{/header}\n{content}{/content}\n{table_head}\n\n<table border=\"1\" style=\"font-size: 8pt\" cellpadding=\"2\">\n <tr style=\"text-align: center; font-weight: bold\">\n <td width=\"30\">№</td>\n <td width=\"220\">Наименование работы (услуги)</td>\n <td width=\"70\">Ед. изм.</td>\n <td width=\"70\">Количество</td>\n <td width=\"70\">Цена</td>\n <td width=\"70\">Сумма</td>\n </tr>\n\n{/table_head}\n\n{services_row}\n <tr>\n <td width=\"30\">{$serviceNumber}</td>\n <td width=\"220\">{$productName}</td>\n <td width=\"70\" style=\"text-align: center\">{$productUnits}</td>\n <td width=\"70\" style=\"text-align: right\">{$productQuantity}</td>\n <td width=\"70\" style=\"text-align: right\">{$productPrice}</td>\n <td width=\"70\" style=\"text-align: right\">{$productNetTotal}</td>\n </tr>\n{/services_row}\n\n{summary}\n</table>\n<table border=\"0\" style=\"font-weight: bold\">\n <tr>\n <td width=\"457\" style=\"text-align: right\">Итого:</td>\n   <td width=\"76\" style=\"text-align: right\"><table border=\"1\"><tr><td>{$summaryNetTotalServices}</td></tr></table></td>\n </tr>\n <tr>\n <td width=\"457\" style=\"text-align: right\">Без налога (НДС).</td>\n <td width=\"76\" style=\"text-align: center\"><table border=\"1\"><tr><td>-</td></tr></table></td>\n </tr>\n <tr>\n <td width=\"457\" style=\"text-align: right\">Всего (с учетом НДС):</td>\n <td width=\"76\" style=\"text-align: right\"><table border=\"1\"><tr><td>{$summaryGrandTotalServices}</td></tr></table></td>\n </tr>\n</table>\n\n<p style=\"font-style: italic\">\n    Всего оказано услуг на сумму: {$summaryGrandTotalServicesLiteral}\n</p>\n<br/>\n<p>\nВышеперечисленные услуги выполнены полностью и в срок. Заказчик претензий по объему, качеству и срокам оказания услуг не имеет.\n</p>\n\n{/summary}\n\n{ending}\n<table border=\"0\">\n <tr>\n   <td align=\"center\" colspan=\"2\">\n    Исполнитель: _________ ({$orgDirector})<br/>\n   </td>\n   <td align=\"center\" colspan=\"2\">\n    Заказчик: _________ (____________)\n</td>\n  </tr>\n  <tr>\n    <td align=\"right\"><span style=\"font-size: 6pt\">подпись</span></td>\n    <td align=\"left\"><br/><br/>М.П.</td>\n    <td align=\"right\"><span style=\"font-size: 6pt\">подпись</span></td>\n    <td align=\"left\"><br/><br/>М.П.</td>\n  </tr>\n</table>\n{/ending}',50,50,'P','All'),(9,'Акт с НДС','Act','{header}\n<div style=\"font-weight: bold;text-decoration: underline\">{$orgName}</div>\n<div style=\"font-weight: bold\">Адрес: {$orgBillingAddress}, тел.: {$orgPhone}</div>\n\n\n<h1 style=\"text-align: center\">Акт № {$act_no} от {$act_actdate} г.</h1>\n\n<p>Заказчик: {$account_accountname}</p>\n\n{/header}\n{content}{/content}\n{table_head}\n\n<table border=\"1\" style=\"font-size: 8pt\" cellpadding=\"2\">\n <tr style=\"text-align: center; font-weight: bold\">\n <td width=\"30\">№</td>\n <td width=\"220\">Наименование работы (услуги)</td>\n <td width=\"70\">Ед. изм.</td>\n <td width=\"70\">Количество</td>\n <td width=\"70\">Цена</td>\n <td width=\"70\">Сумма</td>\n </tr>\n\n{/table_head}\n\n{services_row}\n <tr>\n <td width=\"30\">{$serviceNumber}</td>\n <td width=\"220\">{$productName}</td>\n <td width=\"70\" style=\"text-align: center\">{$productUnits}</td>\n <td width=\"70\" style=\"text-align: right\">{$productQuantity}</td>\n <td width=\"70\" style=\"text-align: right\">{$productPriceWithTax}</td>\n <td width=\"70\" style=\"text-align: right\">{$productTotal}</td>\n </tr>\n{/services_row}\n\n{summary}\n</table>\n<table border=\"0\" style=\"font-weight: bold\">\n <tr>\n <td width=\"457\" style=\"text-align: right\">Итого:</td>\n   <td width=\"76\" style=\"text-align: right\"><table border=\"1\"><tr><td>{$summaryGrandTotalServices}</td></tr></table></td>\n </tr>\n <tr>\n <td width=\"457\" style=\"text-align: right\">В т.ч. НДС:</td>\n <td width=\"76\" style=\"text-align: right\"><table border=\"1\"><tr><td>{$summaryTaxServices}</td></tr></table></td>\n </tr>\n <tr>\n <td width=\"457\" style=\"text-align: right\">Всего (с учетом НДС):</td>\n <td width=\"76\" style=\"text-align: right\"><table border=\"1\"><tr><td>{$summaryGrandTotalServices}</td></tr></table></td>\n </tr>\n</table>\n\n<p style=\"font-style: italic\">\nВсего оказано услуг на сумму: {$summaryGrandTotalServicesLiteral}\n</p>\n<br/>\n<p>\nВышеперечисленные услуги выполнены полностью и в срок. Заказчик претензий по объему, качеству и срокам оказания услуг не имеет.\n</p>\n\n{/summary}\n\n{ending}\n<table border=\"0\">\n <tr>\n   <td align=\"center\" colspan=\"2\">\n     Исполнитель: _________ ({$orgDirector})<br/>\n   </td>\n   <td align=\"center\" colspan=\"2\">\n     Заказчик: _________ (____________)\n  </td>\n  </tr>\n  <tr>\n    <td align=\"right\"><span style=\"font-size: 6pt\">подпись</span></td>\n    <td align=\"left\"><br/><br/>М.П.</td>\n    <td align=\"right\"><span style=\"font-size: 6pt\">подпись</span></td>\n    <td align=\"left\"><br/><br/>М.П.</td>\n  </tr>\n</table>\n{/ending}',50,50,'P','All');
/*!40000 ALTER TABLE `sp_templates` ENABLE KEYS */;
UNLOCK TABLES;

--
-- Table structure for table `sp_templates_seq`
--

DROP TABLE IF EXISTS `sp_templates_seq`;
/*!40101 SET @saved_cs_client     = @@character_set_client */;
/*!50503 SET character_set_client = utf8mb4 */;
CREATE TABLE `sp_templates_seq` (
  `id` int NOT NULL
) ENGINE=InnoDB DEFAULT CHARSET=utf8mb3;
/*!40101 SET character_set_client = @saved_cs_client */;

--
-- Dumping data for table `sp_templates_seq`
--

LOCK TABLES `sp_templates_seq` WRITE;
/*!40000 ALTER TABLE `sp_templates_seq` DISABLE KEYS */;
INSERT INTO `sp_templates_seq` VALUES (9);
/*!40000 ALTER TABLE `sp_templates_seq` ENABLE KEYS */;
UNLOCK TABLES;

--
-- Table structure for table `sp_tips_dependent_fields`
--

DROP TABLE IF EXISTS `sp_tips_dependent_fields`;
/*!40101 SET @saved_cs_client     = @@character_set_client */;
/*!50503 SET character_set_client = utf8mb4 */;
CREATE TABLE `sp_tips_dependent_fields` (
  `field_id` int NOT NULL AUTO_INCREMENT,
  `vtiger_fieldname` varchar(127) DEFAULT NULL,
  `provider_fieldname` varchar(127) DEFAULT NULL,
  `rule_id` int DEFAULT NULL,
  PRIMARY KEY (`field_id`),
  KEY `rule` (`rule_id`),
  CONSTRAINT `sp_tips_dependent_fields_ibfk_1` FOREIGN KEY (`rule_id`) REFERENCES `sp_tips_module_rules` (`rule_id`) ON DELETE CASCADE ON UPDATE CASCADE
) ENGINE=InnoDB DEFAULT CHARSET=utf8mb3;
/*!40101 SET character_set_client = @saved_cs_client */;

--
-- Dumping data for table `sp_tips_dependent_fields`
--

LOCK TABLES `sp_tips_dependent_fields` WRITE;
/*!40000 ALTER TABLE `sp_tips_dependent_fields` DISABLE KEYS */;
/*!40000 ALTER TABLE `sp_tips_dependent_fields` ENABLE KEYS */;
UNLOCK TABLES;

--
-- Table structure for table `sp_tips_module_rules`
--

DROP TABLE IF EXISTS `sp_tips_module_rules`;
/*!40101 SET @saved_cs_client     = @@character_set_client */;
/*!50503 SET character_set_client = utf8mb4 */;
CREATE TABLE `sp_tips_module_rules` (
  `rule_id` int NOT NULL AUTO_INCREMENT,
  `module` varchar(127) DEFAULT NULL,
  `field` varchar(127) DEFAULT NULL,
  `provider_id` int DEFAULT NULL,
  `type` varchar(255) DEFAULT NULL,
  PRIMARY KEY (`rule_id`),
  KEY `provider` (`provider_id`),
  CONSTRAINT `sp_tips_module_rules_ibfk_1` FOREIGN KEY (`provider_id`) REFERENCES `sp_tips_providers` (`provider_id`) ON DELETE CASCADE ON UPDATE CASCADE
) ENGINE=InnoDB DEFAULT CHARSET=utf8mb3;
/*!40101 SET character_set_client = @saved_cs_client */;

--
-- Dumping data for table `sp_tips_module_rules`
--

LOCK TABLES `sp_tips_module_rules` WRITE;
/*!40000 ALTER TABLE `sp_tips_module_rules` DISABLE KEYS */;
/*!40000 ALTER TABLE `sp_tips_module_rules` ENABLE KEYS */;
UNLOCK TABLES;

--
-- Table structure for table `sp_tips_providers`
--

DROP TABLE IF EXISTS `sp_tips_providers`;
/*!40101 SET @saved_cs_client     = @@character_set_client */;
/*!50503 SET character_set_client = utf8mb4 */;
CREATE TABLE `sp_tips_providers` (
  `provider_id` int NOT NULL AUTO_INCREMENT,
  `provider_name` varchar(255) DEFAULT NULL,
  `settings` varchar(1024) DEFAULT '{}',
  PRIMARY KEY (`provider_id`)
) ENGINE=InnoDB AUTO_INCREMENT=3 DEFAULT CHARSET=utf8mb3;
/*!40101 SET character_set_client = @saved_cs_client */;

--
-- Dumping data for table `sp_tips_providers`
--

LOCK TABLES `sp_tips_providers` WRITE;
/*!40000 ALTER TABLE `sp_tips_providers` DISABLE KEYS */;
INSERT INTO `sp_tips_providers` VALUES (1,'DaData','{\"api_key\":\"\"}'),(2,'Google','{\"api_key\":\"\"}');
/*!40000 ALTER TABLE `sp_tips_providers` ENABLE KEYS */;
UNLOCK TABLES;

--
-- Table structure for table `sp_units`
--

DROP TABLE IF EXISTS `sp_units`;
/*!40101 SET @saved_cs_client     = @@character_set_client */;
/*!50503 SET character_set_client = utf8mb4 */;
CREATE TABLE `sp_units` (
  `unitid` int NOT NULL DEFAULT '0',
  `unit_no` varchar(100) NOT NULL,
  `unitname` varchar(200) NOT NULL,
  `usageunit` varchar(200) DEFAULT NULL,
  `unit_code` varchar(200) DEFAULT NULL,
  `tags` varchar(1) DEFAULT NULL,
  PRIMARY KEY (`unitid`),
  CONSTRAINT `fk_crmid_sp_units` FOREIGN KEY (`unitid`) REFERENCES `vtiger_crmentity` (`crmid`) ON DELETE CASCADE
) ENGINE=InnoDB DEFAULT CHARSET=utf8mb3;
/*!40101 SET character_set_client = @saved_cs_client */;

--
-- Dumping data for table `sp_units`
--

LOCK TABLES `sp_units` WRITE;
/*!40000 ALTER TABLE `sp_units` DISABLE KEYS */;
/*!40000 ALTER TABLE `sp_units` ENABLE KEYS */;
UNLOCK TABLES;

--
-- Table structure for table `sp_unitscf`
--

DROP TABLE IF EXISTS `sp_unitscf`;
/*!40101 SET @saved_cs_client     = @@character_set_client */;
/*!50503 SET character_set_client = utf8mb4 */;
CREATE TABLE `sp_unitscf` (
  `unitid` int NOT NULL DEFAULT '0',
  PRIMARY KEY (`unitid`),
  CONSTRAINT `fk_unitid_sp_unitscf` FOREIGN KEY (`unitid`) REFERENCES `sp_units` (`unitid`) ON DELETE CASCADE
) ENGINE=InnoDB DEFAULT CHARSET=utf8mb3;
/*!40101 SET character_set_client = @saved_cs_client */;

--
-- Dumping data for table `sp_unitscf`
--

LOCK TABLES `sp_unitscf` WRITE;
/*!40000 ALTER TABLE `sp_unitscf` DISABLE KEYS */;
/*!40000 ALTER TABLE `sp_unitscf` ENABLE KEYS */;
UNLOCK TABLES;

--
-- Table structure for table `vte_control_layout_fields`
--

DROP TABLE IF EXISTS `vte_control_layout_fields`;
/*!40101 SET @saved_cs_client     = @@character_set_client */;
/*!50503 SET character_set_client = utf8mb4 */;
CREATE TABLE `vte_control_layout_fields` (
  `id` int NOT NULL AUTO_INCREMENT,
  `module` varchar(50) DEFAULT NULL,
  `description` varchar(255) DEFAULT NULL,
  `field` varchar(255) DEFAULT NULL,
  `condition` text,
  `layout` varchar(255) DEFAULT NULL,
  PRIMARY KEY (`id`)
) ENGINE=InnoDB AUTO_INCREMENT=4 DEFAULT CHARSET=utf8mb3;
/*!40101 SET character_set_client = @saved_cs_client */;

--
-- Dumping data for table `vte_control_layout_fields`
--

LOCK TABLES `vte_control_layout_fields` WRITE;
/*!40000 ALTER TABLE `vte_control_layout_fields` DISABLE KEYS */;
INSERT INTO `vte_control_layout_fields` VALUES (1,'Contacts','Тип контакта - клиент',NULL,'{\"1\":{\"columns\":[{\"columnname\":\"vtiger_contactdetails:type:type:Contacts_LBL_TYPE:V\",\"comparator\":\"is\",\"value\":\"Client\",\"valuetype\":\"rawtext\",\"column_condition\":\"\",\"groupid\":\"0\"}],\"condition\":\"and\"}}',NULL),(2,'Contacts','Тип контакта - ребенок',NULL,'{\"1\":{\"columns\":[{\"columnname\":\"vtiger_contactdetails:type:type:Contacts_LBL_TYPE:V\",\"comparator\":\"is\",\"value\":\"Child\",\"valuetype\":\"rawtext\",\"column_condition\":\"\",\"groupid\":\"0\"}],\"condition\":\"and\"}}',NULL),(3,'Contacts','Тип контакта - сопровождающий',NULL,'{\"1\":{\"columns\":[{\"columnname\":\"vtiger_contactdetails:type:type:Contacts_LBL_TYPE:V\",\"comparator\":\"is\",\"value\":\"Attendant\",\"valuetype\":\"rawtext\",\"column_condition\":\"\",\"groupid\":\"0\"}],\"condition\":\"and\"}}',NULL);
/*!40000 ALTER TABLE `vte_control_layout_fields` ENABLE KEYS */;
UNLOCK TABLES;

--
-- Table structure for table `vte_control_layout_fields_task`
--

DROP TABLE IF EXISTS `vte_control_layout_fields_task`;
/*!40101 SET @saved_cs_client     = @@character_set_client */;
/*!50503 SET character_set_client = utf8mb4 */;
CREATE TABLE `vte_control_layout_fields_task` (
  `id` int NOT NULL AUTO_INCREMENT,
  `clf_id` int NOT NULL,
  `name` varchar(255) CHARACTER SET utf8 COLLATE utf8_unicode_ci DEFAULT NULL,
  `active` smallint DEFAULT '0',
  `actions` text CHARACTER SET utf8 COLLATE utf8_unicode_ci,
  PRIMARY KEY (`id`)
) ENGINE=InnoDB AUTO_INCREMENT=4 DEFAULT CHARSET=utf8mb3;
/*!40101 SET character_set_client = @saved_cs_client */;

--
-- Dumping data for table `vte_control_layout_fields_task`
--

LOCK TABLES `vte_control_layout_fields_task` WRITE;
/*!40000 ALTER TABLE `vte_control_layout_fields_task` DISABLE KEYS */;
INSERT INTO `vte_control_layout_fields_task` VALUES (1,1,'Скрыть поля других типов клиентов',1,'[{\"field\":\"contact_id\",\"option\":\"hide\"},{\"field\":\"attendant_status\",\"option\":\"hide\"},{\"field\":\"attendant_category\",\"option\":\"hide\"},{\"field\":\"attendant_hired\",\"option\":\"hide\"},{\"field\":\"vehicle_data\",\"option\":\"hide\"},{\"field\":\"resume\",\"option\":\"hide\"},{\"field\":\"payment_data\",\"option\":\"hide\"},{\"field\":\"gender\",\"option\":\"hide\"},{\"field\":\"birthday\",\"option\":\"hide\"},{\"field\":\"car_model\",\"option\":\"hide\"},{\"field\":\"car_year\",\"option\":\"hide\"},{\"field\":\"metro_station\",\"option\":\"hide\"},{\"field\":\"email\",\"option\":\"mandatory\"}]'),(2,2,'Скрыть поля других типов контакта',1,'[{\"field\":\"attendant_gender\",\"option\":\"hide\"},{\"field\":\"attendant_category\",\"option\":\"hide\"},{\"field\":\"attendant_status\",\"option\":\"hide\"},{\"field\":\"attendant_hired\",\"option\":\"hide\"},{\"field\":\"payment_data\",\"option\":\"hide\"},{\"field\":\"resume\",\"option\":\"hide\"},{\"field\":\"car_model\",\"option\":\"hide\"},{\"field\":\"metro_station\",\"option\":\"hide\"},{\"field\":\"car_year\",\"option\":\"hide\"},{\"field\":\"cf_nrl_contacts358_id\",\"option\":\"hide\"},{\"field\":\"cf_nrl_contacts50_id\",\"option\":\"hide\"},{\"field\":\"cf_nrl_contacts706_id\",\"option\":\"hide\"},{\"field\":\"cf_nrl_contacts753_id\",\"option\":\"hide\"},{\"field\":\"email\",\"option\":\"hide\"},{\"field\":\"birthday\",\"option\":\"mandatory\"},{\"field\":\"gender\",\"option\":\"mandatory\"},{\"field\":\"contact_id\",\"option\":\"mandatory\"}]'),(3,3,'Скрыть поля других типов',1,'[{\"field\":\"contact_id\",\"option\":\"hide\"},{\"field\":\"birthday\",\"option\":\"hide\"},{\"field\":\"attendant_gender\",\"option\":\"hide\"},{\"field\":\"email\",\"option\":\"mandatory\"},{\"field\":\"gender\",\"option\":\"mandatory\"},{\"field\":\"payment_data\",\"option\":\"mandatory\"},{\"field\":\"resume\",\"option\":\"mandatory\"},{\"field\":\"metro_station\",\"option\":\"mandatory\"},{\"field\":\"attendant_hired\",\"option\":\"mandatory\"},{\"field\":\"car_year\",\"option\":\"mandatory\"},{\"field\":\"car_model\",\"option\":\"mandatory\"},{\"field\":\"cf_nrl_contacts358_id\",\"option\":\"hide\"},{\"field\":\"cf_nrl_contacts50_id\",\"option\":\"hide\"},{\"field\":\"cf_nrl_contacts706_id\",\"option\":\"hide\"},{\"field\":\"cf_nrl_contacts753_id\",\"option\":\"hide\"}]');
/*!40000 ALTER TABLE `vte_control_layout_fields_task` ENABLE KEYS */;
UNLOCK TABLES;

--
-- Table structure for table `vte_module_link_creator`
--

DROP TABLE IF EXISTS `vte_module_link_creator`;
/*!40101 SET @saved_cs_client     = @@character_set_client */;
/*!50503 SET character_set_client = utf8mb4 */;
CREATE TABLE `vte_module_link_creator` (
  `id` int NOT NULL AUTO_INCREMENT,
  `status` tinyint NOT NULL DEFAULT '1' COMMENT '// 0: delete; 1: enable; 2 disable',
  `created` datetime NOT NULL,
  `updated` datetime NOT NULL,
  `module_id` int NOT NULL DEFAULT '0' COMMENT '// FK: with entityname table',
  `module_name` varchar(100) NOT NULL,
  `module_label` varchar(255) NOT NULL,
  `module_type` tinyint NOT NULL DEFAULT '1' COMMENT '// 1: entity; 2: extension',
  `module_fields` text,
  `module_list_view_filter_fields` text,
  `module_summary_fields` text,
  `module_quick_create_fields` text,
  `module_links` text,
  `description` text,
  `singular_module_label` varchar(255) DEFAULT NULL,
  PRIMARY KEY (`id`)
) ENGINE=InnoDB AUTO_INCREMENT=3 DEFAULT CHARSET=utf8mb3;
/*!40101 SET character_set_client = @saved_cs_client */;

--
-- Dumping data for table `vte_module_link_creator`
--

LOCK TABLES `vte_module_link_creator` WRITE;
/*!40000 ALTER TABLE `vte_module_link_creator` DISABLE KEYS */;
INSERT INTO `vte_module_link_creator` VALUES (1,1,'2021-07-02 14:47:22','2021-07-02 14:47:22',65,'Timetable','Timetable',1,'[\"0\",\"1\",\"2\",\"3\",\"4\",\"5\",\"6\",\"7\"]','[\"0\",\"1\",\"2\",\"3\"]','[\"0\",\"1\",\"2\",\"3\"]','[\"0\",\"1\",\"2\"]','[\"Updates\",\"Comments\",\"Documents\",\"Activities\",\"Emails\"]',NULL,'Timetable'),(2,1,'2021-07-05 15:55:35','2021-07-05 15:55:35',66,'Trips','Trips',1,'[\"0\",\"1\",\"2\",\"3\",\"4\",\"5\",\"6\",\"7\"]','[\"0\",\"1\",\"2\",\"3\"]','[\"0\",\"1\",\"2\",\"3\"]','[\"0\",\"1\",\"2\"]','[\"Updates\",\"Comments\",\"Documents\",\"Activities\",\"Emails\"]',NULL,'TRIP');
/*!40000 ALTER TABLE `vte_module_link_creator` ENABLE KEYS */;
UNLOCK TABLES;

--
-- Table structure for table `vte_module_link_creator_settings`
--

DROP TABLE IF EXISTS `vte_module_link_creator_settings`;
/*!40101 SET @saved_cs_client     = @@character_set_client */;
/*!50503 SET character_set_client = utf8mb4 */;
CREATE TABLE `vte_module_link_creator_settings` (
  `id` int unsigned NOT NULL AUTO_INCREMENT,
  `status` tinyint NOT NULL DEFAULT '1' COMMENT '// 0: delete; 1: enable; 2 disable',
  `created` datetime NOT NULL,
  `updated` datetime NOT NULL,
  `module_id` int unsigned NOT NULL COMMENT '// FK - with entityname table',
  `description` text,
  PRIMARY KEY (`id`)
) ENGINE=InnoDB DEFAULT CHARSET=utf8mb3;
/*!40101 SET character_set_client = @saved_cs_client */;

--
-- Dumping data for table `vte_module_link_creator_settings`
--

LOCK TABLES `vte_module_link_creator_settings` WRITE;
/*!40000 ALTER TABLE `vte_module_link_creator_settings` DISABLE KEYS */;
/*!40000 ALTER TABLE `vte_module_link_creator_settings` ENABLE KEYS */;
UNLOCK TABLES;

--
-- Table structure for table `vte_modules`
--

DROP TABLE IF EXISTS `vte_modules`;
/*!40101 SET @saved_cs_client     = @@character_set_client */;
/*!50503 SET character_set_client = utf8mb4 */;
CREATE TABLE `vte_modules` (
  `module` varchar(50) NOT NULL,
  `valid` int DEFAULT NULL,
  PRIMARY KEY (`module`)
) ENGINE=InnoDB DEFAULT CHARSET=utf8mb3;
/*!40101 SET character_set_client = @saved_cs_client */;

--
-- Dumping data for table `vte_modules`
--

LOCK TABLES `vte_modules` WRITE;
/*!40000 ALTER TABLE `vte_modules` DISABLE KEYS */;
INSERT INTO `vte_modules` VALUES ('ControlLayoutFields',1),('ModuleLinkCreator',1),('RelatedBlocksLists',0);
/*!40000 ALTER TABLE `vte_modules` ENABLE KEYS */;
UNLOCK TABLES;

--
-- Table structure for table `vtiger_account`
--

DROP TABLE IF EXISTS `vtiger_account`;
/*!40101 SET @saved_cs_client     = @@character_set_client */;
/*!50503 SET character_set_client = utf8mb4 */;
CREATE TABLE `vtiger_account` (
  `accountid` int NOT NULL DEFAULT '0',
  `account_no` varchar(100) NOT NULL,
  `accountname` varchar(100) NOT NULL,
  `parentid` int DEFAULT '0',
  `account_type` varchar(200) DEFAULT NULL,
  `industry` varchar(200) DEFAULT NULL,
  `annualrevenue` decimal(25,8) DEFAULT NULL,
  `rating` varchar(200) DEFAULT NULL,
  `ownership` varchar(50) DEFAULT NULL,
  `siccode` varchar(50) DEFAULT NULL,
  `tickersymbol` varchar(30) DEFAULT NULL,
  `phone` varchar(30) DEFAULT NULL,
  `otherphone` varchar(30) DEFAULT NULL,
  `email1` varchar(100) DEFAULT NULL,
  `email2` varchar(100) DEFAULT NULL,
  `website` varchar(100) DEFAULT NULL,
  `fax` varchar(30) DEFAULT NULL,
  `employees` int DEFAULT '0',
  `emailoptout` varchar(3) DEFAULT '0',
  `notify_owner` varchar(3) DEFAULT '0',
  `inn` varchar(30) DEFAULT '',
  `kpp` varchar(30) DEFAULT '',
  `splastsms` datetime DEFAULT NULL,
  `one_s_id` varchar(255) DEFAULT NULL,
  `isconvertedfromlead` varchar(3) DEFAULT '0',
  `tags` varchar(1) DEFAULT NULL,
  PRIMARY KEY (`accountid`),
  KEY `account_account_type_idx` (`account_type`),
  KEY `email_idx` (`email1`,`email2`),
  CONSTRAINT `fk_1_vtiger_account` FOREIGN KEY (`accountid`) REFERENCES `vtiger_crmentity` (`crmid`) ON DELETE CASCADE
) ENGINE=InnoDB DEFAULT CHARSET=utf8mb3;
/*!40101 SET character_set_client = @saved_cs_client */;

--
-- Dumping data for table `vtiger_account`
--

LOCK TABLES `vtiger_account` WRITE;
/*!40000 ALTER TABLE `vtiger_account` DISABLE KEYS */;
INSERT INTO `vtiger_account` VALUES (2,'КОНТР_1','Тестовая компания',0,'','',0.00000000,'','','','','','','','','','',0,'0','0','','',NULL,'','0','');
/*!40000 ALTER TABLE `vtiger_account` ENABLE KEYS */;
UNLOCK TABLES;

--
-- Table structure for table `vtiger_accountbillads`
--

DROP TABLE IF EXISTS `vtiger_accountbillads`;
/*!40101 SET @saved_cs_client     = @@character_set_client */;
/*!50503 SET character_set_client = utf8mb4 */;
CREATE TABLE `vtiger_accountbillads` (
  `accountaddressid` int NOT NULL DEFAULT '0',
  `bill_city` varchar(30) DEFAULT NULL,
  `bill_code` varchar(30) DEFAULT NULL,
  `bill_country` varchar(30) DEFAULT NULL,
  `bill_state` varchar(30) DEFAULT NULL,
  `bill_street` varchar(250) DEFAULT NULL,
  `bill_pobox` varchar(30) DEFAULT NULL,
  PRIMARY KEY (`accountaddressid`),
  CONSTRAINT `fk_1_vtiger_accountbillads` FOREIGN KEY (`accountaddressid`) REFERENCES `vtiger_account` (`accountid`) ON DELETE CASCADE
) ENGINE=InnoDB DEFAULT CHARSET=utf8mb3;
/*!40101 SET character_set_client = @saved_cs_client */;

--
-- Dumping data for table `vtiger_accountbillads`
--

LOCK TABLES `vtiger_accountbillads` WRITE;
/*!40000 ALTER TABLE `vtiger_accountbillads` DISABLE KEYS */;
INSERT INTO `vtiger_accountbillads` VALUES (2,'','','','','','');
/*!40000 ALTER TABLE `vtiger_accountbillads` ENABLE KEYS */;
UNLOCK TABLES;

--
-- Table structure for table `vtiger_accountrating`
--

DROP TABLE IF EXISTS `vtiger_accountrating`;
/*!40101 SET @saved_cs_client     = @@character_set_client */;
/*!50503 SET character_set_client = utf8mb4 */;
CREATE TABLE `vtiger_accountrating` (
  `accountratingid` int NOT NULL AUTO_INCREMENT,
  `rating` varchar(200) NOT NULL,
  `sortorderid` int NOT NULL DEFAULT '0',
  `presence` int NOT NULL DEFAULT '1',
  PRIMARY KEY (`accountratingid`),
  UNIQUE KEY `accountrating_rating_idx` (`rating`)
) ENGINE=InnoDB DEFAULT CHARSET=utf8mb3;
/*!40101 SET character_set_client = @saved_cs_client */;

--
-- Dumping data for table `vtiger_accountrating`
--

LOCK TABLES `vtiger_accountrating` WRITE;
/*!40000 ALTER TABLE `vtiger_accountrating` DISABLE KEYS */;
/*!40000 ALTER TABLE `vtiger_accountrating` ENABLE KEYS */;
UNLOCK TABLES;

--
-- Table structure for table `vtiger_accountscf`
--

DROP TABLE IF EXISTS `vtiger_accountscf`;
/*!40101 SET @saved_cs_client     = @@character_set_client */;
/*!50503 SET character_set_client = utf8mb4 */;
CREATE TABLE `vtiger_accountscf` (
  `accountid` int NOT NULL DEFAULT '0',
  `vk_url` varchar(155) DEFAULT NULL,
  `tw_url` varchar(155) DEFAULT NULL,
  PRIMARY KEY (`accountid`),
  CONSTRAINT `fk_1_vtiger_accountscf` FOREIGN KEY (`accountid`) REFERENCES `vtiger_account` (`accountid`) ON DELETE CASCADE
) ENGINE=InnoDB DEFAULT CHARSET=utf8mb3;
/*!40101 SET character_set_client = @saved_cs_client */;

--
-- Dumping data for table `vtiger_accountscf`
--

LOCK TABLES `vtiger_accountscf` WRITE;
/*!40000 ALTER TABLE `vtiger_accountscf` DISABLE KEYS */;
INSERT INTO `vtiger_accountscf` VALUES (2,'','');
/*!40000 ALTER TABLE `vtiger_accountscf` ENABLE KEYS */;
UNLOCK TABLES;

--
-- Table structure for table `vtiger_accountshipads`
--

DROP TABLE IF EXISTS `vtiger_accountshipads`;
/*!40101 SET @saved_cs_client     = @@character_set_client */;
/*!50503 SET character_set_client = utf8mb4 */;
CREATE TABLE `vtiger_accountshipads` (
  `accountaddressid` int NOT NULL DEFAULT '0',
  `ship_city` varchar(30) DEFAULT NULL,
  `ship_code` varchar(30) DEFAULT NULL,
  `ship_country` varchar(30) DEFAULT NULL,
  `ship_state` varchar(30) DEFAULT NULL,
  `ship_pobox` varchar(30) DEFAULT NULL,
  `ship_street` varchar(250) DEFAULT NULL,
  PRIMARY KEY (`accountaddressid`),
  CONSTRAINT `fk_1_vtiger_accountshipads` FOREIGN KEY (`accountaddressid`) REFERENCES `vtiger_account` (`accountid`) ON DELETE CASCADE
) ENGINE=InnoDB DEFAULT CHARSET=utf8mb3;
/*!40101 SET character_set_client = @saved_cs_client */;

--
-- Dumping data for table `vtiger_accountshipads`
--

LOCK TABLES `vtiger_accountshipads` WRITE;
/*!40000 ALTER TABLE `vtiger_accountshipads` DISABLE KEYS */;
INSERT INTO `vtiger_accountshipads` VALUES (2,'','','','','','');
/*!40000 ALTER TABLE `vtiger_accountshipads` ENABLE KEYS */;
UNLOCK TABLES;

--
-- Table structure for table `vtiger_accounttype`
--

DROP TABLE IF EXISTS `vtiger_accounttype`;
/*!40101 SET @saved_cs_client     = @@character_set_client */;
/*!50503 SET character_set_client = utf8mb4 */;
CREATE TABLE `vtiger_accounttype` (
  `accounttypeid` int NOT NULL AUTO_INCREMENT,
  `accounttype` varchar(200) NOT NULL,
  `presence` int NOT NULL DEFAULT '1',
  `picklist_valueid` int NOT NULL DEFAULT '0',
  `sortorderid` int DEFAULT NULL,
  `color` varchar(10) DEFAULT NULL,
  PRIMARY KEY (`accounttypeid`),
  UNIQUE KEY `accounttype_accounttype_idx` (`accounttype`)
) ENGINE=InnoDB AUTO_INCREMENT=12 DEFAULT CHARSET=utf8mb3;
/*!40101 SET character_set_client = @saved_cs_client */;

--
-- Dumping data for table `vtiger_accounttype`
--

LOCK TABLES `vtiger_accounttype` WRITE;
/*!40000 ALTER TABLE `vtiger_accounttype` DISABLE KEYS */;
INSERT INTO `vtiger_accounttype` VALUES (2,'Analyst',1,2,1,NULL),(3,'Competitor',1,3,2,NULL),(4,'Customer',1,4,3,NULL),(5,'Integrator',1,5,4,NULL),(6,'Investor',1,6,5,NULL),(7,'Partner',1,7,6,NULL),(8,'Press',1,8,7,NULL),(9,'Prospect',1,9,8,NULL),(10,'Reseller',1,10,9,NULL),(11,'Other',1,11,10,NULL);
/*!40000 ALTER TABLE `vtiger_accounttype` ENABLE KEYS */;
UNLOCK TABLES;

--
-- Table structure for table `vtiger_accounttype_seq`
--

DROP TABLE IF EXISTS `vtiger_accounttype_seq`;
/*!40101 SET @saved_cs_client     = @@character_set_client */;
/*!50503 SET character_set_client = utf8mb4 */;
CREATE TABLE `vtiger_accounttype_seq` (
  `id` int NOT NULL
) ENGINE=InnoDB DEFAULT CHARSET=utf8mb3;
/*!40101 SET character_set_client = @saved_cs_client */;

--
-- Dumping data for table `vtiger_accounttype_seq`
--

LOCK TABLES `vtiger_accounttype_seq` WRITE;
/*!40000 ALTER TABLE `vtiger_accounttype_seq` DISABLE KEYS */;
INSERT INTO `vtiger_accounttype_seq` VALUES (11);
/*!40000 ALTER TABLE `vtiger_accounttype_seq` ENABLE KEYS */;
UNLOCK TABLES;

--
-- Table structure for table `vtiger_actionmapping`
--

DROP TABLE IF EXISTS `vtiger_actionmapping`;
/*!40101 SET @saved_cs_client     = @@character_set_client */;
/*!50503 SET character_set_client = utf8mb4 */;
CREATE TABLE `vtiger_actionmapping` (
  `actionid` int NOT NULL,
  `actionname` varchar(200) NOT NULL,
  `securitycheck` int DEFAULT NULL,
  PRIMARY KEY (`actionid`,`actionname`)
) ENGINE=InnoDB DEFAULT CHARSET=utf8mb3;
/*!40101 SET character_set_client = @saved_cs_client */;

--
-- Dumping data for table `vtiger_actionmapping`
--

LOCK TABLES `vtiger_actionmapping` WRITE;
/*!40000 ALTER TABLE `vtiger_actionmapping` DISABLE KEYS */;
INSERT INTO `vtiger_actionmapping` VALUES (0,'Save',0),(0,'SavePriceBook',1),(0,'SaveVendor',1),(1,'DetailViewAjax',1),(1,'EditView',0),(1,'PriceBookEditView',1),(1,'QuickCreate',1),(1,'VendorEditView',1),(2,'Delete',0),(2,'DeletePriceBook',1),(2,'DeleteVendor',1),(3,'index',0),(3,'Popup',1),(4,'DetailView',0),(4,'PriceBookDetailView',1),(4,'TagCloud',1),(4,'VendorDetailView',1),(5,'Import',0),(6,'Export',0),(7,'CreateView',0),(8,'Merge',0),(9,'ConvertLead',0),(10,'DuplicatesHandling',0),(13,'Print',0);
/*!40000 ALTER TABLE `vtiger_actionmapping` ENABLE KEYS */;
UNLOCK TABLES;

--
-- Table structure for table `vtiger_activity`
--

DROP TABLE IF EXISTS `vtiger_activity`;
/*!40101 SET @saved_cs_client     = @@character_set_client */;
/*!50503 SET character_set_client = utf8mb4 */;
CREATE TABLE `vtiger_activity` (
  `activityid` int NOT NULL DEFAULT '0',
  `subject` varchar(255) DEFAULT NULL,
  `semodule` varchar(20) DEFAULT NULL,
  `activitytype` varchar(200) NOT NULL,
  `date_start` date NOT NULL,
  `due_date` date DEFAULT NULL,
  `time_start` varchar(50) DEFAULT NULL,
  `time_end` varchar(50) DEFAULT NULL,
  `sendnotification` varchar(3) NOT NULL DEFAULT '0',
  `duration_hours` varchar(200) DEFAULT NULL,
  `duration_minutes` varchar(200) DEFAULT NULL,
  `status` varchar(200) DEFAULT NULL,
  `eventstatus` varchar(200) DEFAULT NULL,
  `priority` varchar(200) DEFAULT NULL,
  `location` varchar(150) DEFAULT NULL,
  `notime` varchar(3) NOT NULL DEFAULT '0',
  `visibility` varchar(50) NOT NULL DEFAULT 'all',
  `recurringtype` varchar(200) DEFAULT NULL,
  `tags` varchar(1) DEFAULT NULL,
  PRIMARY KEY (`activityid`),
  KEY `activity_activityid_subject_idx` (`activityid`,`subject`),
  KEY `activity_activitytype_date_start_idx` (`activitytype`,`date_start`),
  KEY `activity_date_start_due_date_idx` (`date_start`,`due_date`),
  KEY `activity_date_start_time_start_idx` (`date_start`,`time_start`),
  KEY `activity_eventstatus_idx` (`eventstatus`),
  KEY `activity_status_idx` (`status`),
  CONSTRAINT `fk_1_vtiger_activity` FOREIGN KEY (`activityid`) REFERENCES `vtiger_crmentity` (`crmid`) ON DELETE CASCADE
) ENGINE=InnoDB DEFAULT CHARSET=utf8mb3;
/*!40101 SET character_set_client = @saved_cs_client */;

--
-- Dumping data for table `vtiger_activity`
--

LOCK TABLES `vtiger_activity` WRITE;
/*!40000 ALTER TABLE `vtiger_activity` DISABLE KEYS */;
/*!40000 ALTER TABLE `vtiger_activity` ENABLE KEYS */;
UNLOCK TABLES;

--
-- Table structure for table `vtiger_activity_recurring_info`
--

DROP TABLE IF EXISTS `vtiger_activity_recurring_info`;
/*!40101 SET @saved_cs_client     = @@character_set_client */;
/*!50503 SET character_set_client = utf8mb4 */;
CREATE TABLE `vtiger_activity_recurring_info` (
  `activityid` int NOT NULL,
  `recurrenceid` int NOT NULL
) ENGINE=InnoDB DEFAULT CHARSET=utf8mb3;
/*!40101 SET character_set_client = @saved_cs_client */;

--
-- Dumping data for table `vtiger_activity_recurring_info`
--

LOCK TABLES `vtiger_activity_recurring_info` WRITE;
/*!40000 ALTER TABLE `vtiger_activity_recurring_info` DISABLE KEYS */;
/*!40000 ALTER TABLE `vtiger_activity_recurring_info` ENABLE KEYS */;
UNLOCK TABLES;

--
-- Table structure for table `vtiger_activity_reminder`
--

DROP TABLE IF EXISTS `vtiger_activity_reminder`;
/*!40101 SET @saved_cs_client     = @@character_set_client */;
/*!50503 SET character_set_client = utf8mb4 */;
CREATE TABLE `vtiger_activity_reminder` (
  `activity_id` int NOT NULL,
  `reminder_time` int NOT NULL,
  `reminder_sent` int NOT NULL,
  `recurringid` int NOT NULL,
  PRIMARY KEY (`activity_id`,`recurringid`),
  CONSTRAINT `fk_activityid_vtiger_activity_reminder` FOREIGN KEY (`activity_id`) REFERENCES `vtiger_activity` (`activityid`) ON DELETE CASCADE
) ENGINE=InnoDB DEFAULT CHARSET=utf8mb3;
/*!40101 SET character_set_client = @saved_cs_client */;

--
-- Dumping data for table `vtiger_activity_reminder`
--

LOCK TABLES `vtiger_activity_reminder` WRITE;
/*!40000 ALTER TABLE `vtiger_activity_reminder` DISABLE KEYS */;
/*!40000 ALTER TABLE `vtiger_activity_reminder` ENABLE KEYS */;
UNLOCK TABLES;

--
-- Table structure for table `vtiger_activity_reminder_popup`
--

DROP TABLE IF EXISTS `vtiger_activity_reminder_popup`;
/*!40101 SET @saved_cs_client     = @@character_set_client */;
/*!50503 SET character_set_client = utf8mb4 */;
CREATE TABLE `vtiger_activity_reminder_popup` (
  `reminderid` int NOT NULL AUTO_INCREMENT,
  `semodule` varchar(100) NOT NULL,
  `recordid` int NOT NULL,
  `date_start` date NOT NULL,
  `time_start` varchar(100) NOT NULL,
  `status` int NOT NULL,
  PRIMARY KEY (`reminderid`)
) ENGINE=InnoDB DEFAULT CHARSET=utf8mb3;
/*!40101 SET character_set_client = @saved_cs_client */;

--
-- Dumping data for table `vtiger_activity_reminder_popup`
--

LOCK TABLES `vtiger_activity_reminder_popup` WRITE;
/*!40000 ALTER TABLE `vtiger_activity_reminder_popup` DISABLE KEYS */;
/*!40000 ALTER TABLE `vtiger_activity_reminder_popup` ENABLE KEYS */;
UNLOCK TABLES;

--
-- Table structure for table `vtiger_activity_view`
--

DROP TABLE IF EXISTS `vtiger_activity_view`;
/*!40101 SET @saved_cs_client     = @@character_set_client */;
/*!50503 SET character_set_client = utf8mb4 */;
CREATE TABLE `vtiger_activity_view` (
  `activity_viewid` int NOT NULL AUTO_INCREMENT,
  `activity_view` varchar(200) NOT NULL,
  `sortorderid` int NOT NULL DEFAULT '0',
  `presence` int NOT NULL DEFAULT '1',
  PRIMARY KEY (`activity_viewid`)
) ENGINE=InnoDB AUTO_INCREMENT=6 DEFAULT CHARSET=utf8mb3;
/*!40101 SET character_set_client = @saved_cs_client */;

--
-- Dumping data for table `vtiger_activity_view`
--

LOCK TABLES `vtiger_activity_view` WRITE;
/*!40000 ALTER TABLE `vtiger_activity_view` DISABLE KEYS */;
INSERT INTO `vtiger_activity_view` VALUES (1,'Today',0,1),(2,'This Week',1,1),(3,'This Month',2,1),(4,'This Year',3,1),(5,'Agenda',4,1);
/*!40000 ALTER TABLE `vtiger_activity_view` ENABLE KEYS */;
UNLOCK TABLES;

--
-- Table structure for table `vtiger_activity_view_seq`
--

DROP TABLE IF EXISTS `vtiger_activity_view_seq`;
/*!40101 SET @saved_cs_client     = @@character_set_client */;
/*!50503 SET character_set_client = utf8mb4 */;
CREATE TABLE `vtiger_activity_view_seq` (
  `id` int NOT NULL
) ENGINE=InnoDB DEFAULT CHARSET=utf8mb3;
/*!40101 SET character_set_client = @saved_cs_client */;

--
-- Dumping data for table `vtiger_activity_view_seq`
--

LOCK TABLES `vtiger_activity_view_seq` WRITE;
/*!40000 ALTER TABLE `vtiger_activity_view_seq` DISABLE KEYS */;
INSERT INTO `vtiger_activity_view_seq` VALUES (5);
/*!40000 ALTER TABLE `vtiger_activity_view_seq` ENABLE KEYS */;
UNLOCK TABLES;

--
-- Table structure for table `vtiger_activitycf`
--

DROP TABLE IF EXISTS `vtiger_activitycf`;
/*!40101 SET @saved_cs_client     = @@character_set_client */;
/*!50503 SET character_set_client = utf8mb4 */;
CREATE TABLE `vtiger_activitycf` (
  `activityid` int NOT NULL DEFAULT '0',
  PRIMARY KEY (`activityid`),
  CONSTRAINT `fk_activityid_vtiger_activitycf` FOREIGN KEY (`activityid`) REFERENCES `vtiger_activity` (`activityid`) ON DELETE CASCADE
) ENGINE=InnoDB DEFAULT CHARSET=utf8mb3;
/*!40101 SET character_set_client = @saved_cs_client */;

--
-- Dumping data for table `vtiger_activitycf`
--

LOCK TABLES `vtiger_activitycf` WRITE;
/*!40000 ALTER TABLE `vtiger_activitycf` DISABLE KEYS */;
/*!40000 ALTER TABLE `vtiger_activitycf` ENABLE KEYS */;
UNLOCK TABLES;

--
-- Table structure for table `vtiger_activityproductrel`
--

DROP TABLE IF EXISTS `vtiger_activityproductrel`;
/*!40101 SET @saved_cs_client     = @@character_set_client */;
/*!50503 SET character_set_client = utf8mb4 */;
CREATE TABLE `vtiger_activityproductrel` (
  `activityid` int NOT NULL DEFAULT '0',
  `productid` int NOT NULL DEFAULT '0',
  PRIMARY KEY (`activityid`,`productid`),
  KEY `activityproductrel_activityid_idx` (`activityid`),
  KEY `activityproductrel_productid_idx` (`productid`),
  CONSTRAINT `fk_2_vtiger_activityproductrel` FOREIGN KEY (`productid`) REFERENCES `vtiger_products` (`productid`) ON DELETE CASCADE
) ENGINE=InnoDB DEFAULT CHARSET=utf8mb3;
/*!40101 SET character_set_client = @saved_cs_client */;

--
-- Dumping data for table `vtiger_activityproductrel`
--

LOCK TABLES `vtiger_activityproductrel` WRITE;
/*!40000 ALTER TABLE `vtiger_activityproductrel` DISABLE KEYS */;
/*!40000 ALTER TABLE `vtiger_activityproductrel` ENABLE KEYS */;
UNLOCK TABLES;

--
-- Table structure for table `vtiger_activitytype`
--

DROP TABLE IF EXISTS `vtiger_activitytype`;
/*!40101 SET @saved_cs_client     = @@character_set_client */;
/*!50503 SET character_set_client = utf8mb4 */;
CREATE TABLE `vtiger_activitytype` (
  `activitytypeid` int NOT NULL AUTO_INCREMENT,
  `activitytype` varchar(200) NOT NULL,
  `presence` int NOT NULL DEFAULT '1',
  `picklist_valueid` int NOT NULL DEFAULT '0',
  `sortorderid` int DEFAULT NULL,
  `color` varchar(10) DEFAULT NULL,
  PRIMARY KEY (`activitytypeid`),
  UNIQUE KEY `activitytype_activitytype_idx` (`activitytype`)
) ENGINE=InnoDB AUTO_INCREMENT=4 DEFAULT CHARSET=utf8mb3;
/*!40101 SET character_set_client = @saved_cs_client */;

--
-- Dumping data for table `vtiger_activitytype`
--

LOCK TABLES `vtiger_activitytype` WRITE;
/*!40000 ALTER TABLE `vtiger_activitytype` DISABLE KEYS */;
INSERT INTO `vtiger_activitytype` VALUES (1,'Call',0,12,0,NULL),(2,'Meeting',0,13,1,NULL),(3,'Mobile Call',0,313,1,NULL);
/*!40000 ALTER TABLE `vtiger_activitytype` ENABLE KEYS */;
UNLOCK TABLES;

--
-- Table structure for table `vtiger_activitytype_seq`
--

DROP TABLE IF EXISTS `vtiger_activitytype_seq`;
/*!40101 SET @saved_cs_client     = @@character_set_client */;
/*!50503 SET character_set_client = utf8mb4 */;
CREATE TABLE `vtiger_activitytype_seq` (
  `id` int NOT NULL
) ENGINE=InnoDB DEFAULT CHARSET=utf8mb3;
/*!40101 SET character_set_client = @saved_cs_client */;

--
-- Dumping data for table `vtiger_activitytype_seq`
--

LOCK TABLES `vtiger_activitytype_seq` WRITE;
/*!40000 ALTER TABLE `vtiger_activitytype_seq` DISABLE KEYS */;
INSERT INTO `vtiger_activitytype_seq` VALUES (3);
/*!40000 ALTER TABLE `vtiger_activitytype_seq` ENABLE KEYS */;
UNLOCK TABLES;

--
-- Table structure for table `vtiger_announcement`
--

DROP TABLE IF EXISTS `vtiger_announcement`;
/*!40101 SET @saved_cs_client     = @@character_set_client */;
/*!50503 SET character_set_client = utf8mb4 */;
CREATE TABLE `vtiger_announcement` (
  `creatorid` int NOT NULL,
  `announcement` text,
  `title` varchar(255) DEFAULT NULL,
  `time` timestamp NULL DEFAULT NULL,
  PRIMARY KEY (`creatorid`),
  KEY `announcement_creatorid_idx` (`creatorid`)
) ENGINE=InnoDB DEFAULT CHARSET=utf8mb3;
/*!40101 SET character_set_client = @saved_cs_client */;

--
-- Dumping data for table `vtiger_announcement`
--

LOCK TABLES `vtiger_announcement` WRITE;
/*!40000 ALTER TABLE `vtiger_announcement` DISABLE KEYS */;
/*!40000 ALTER TABLE `vtiger_announcement` ENABLE KEYS */;
UNLOCK TABLES;

--
-- Table structure for table `vtiger_app2tab`
--

DROP TABLE IF EXISTS `vtiger_app2tab`;
/*!40101 SET @saved_cs_client     = @@character_set_client */;
/*!50503 SET character_set_client = utf8mb4 */;
CREATE TABLE `vtiger_app2tab` (
  `tabid` int DEFAULT NULL,
  `appname` varchar(20) DEFAULT NULL,
  `sequence` int DEFAULT NULL,
  `visible` int DEFAULT '1',
  KEY `vtiger_app2tab_fk_tab` (`tabid`),
  CONSTRAINT `vtiger_app2tab_fk_tab` FOREIGN KEY (`tabid`) REFERENCES `vtiger_tab` (`tabid`) ON DELETE CASCADE
) ENGINE=InnoDB DEFAULT CHARSET=utf8mb3;
/*!40101 SET character_set_client = @saved_cs_client */;

--
-- Dumping data for table `vtiger_app2tab`
--

LOCK TABLES `vtiger_app2tab` WRITE;
/*!40000 ALTER TABLE `vtiger_app2tab` DISABLE KEYS */;
INSERT INTO `vtiger_app2tab` VALUES (32,'SUPPORT',3,1),(36,'TOOLS',6,1),(38,'INVENTORY',2,1),(40,'SALES',8,0),(41,'TOOLS',5,1),(42,'INVENTORY',10,1),(43,'SALES',9,0),(44,'TOOLS',7,0),(47,'SALES',5,1),(49,'SALES',10,0),(52,'TOOLS',1,1),(61,'SETTINGS',1,1),(2,'SALES',1,1),(20,'SALES',2,1),(4,'SALES',6,0),(6,'SALES',7,0),(22,'SALES',11,1),(23,'SALES',12,1),(36,'SALES',13,1),(14,'SALES',3,1),(38,'SALES',4,0),(4,'MARKETING',3,1),(6,'MARKETING',4,1),(7,'MARKETING',2,1),(26,'MARKETING',1,1),(47,'MARKETING',5,0),(36,'MARKETING',6,0),(4,'INVENTORY',8,0),(6,'INVENTORY',9,0),(22,'INVENTORY',5,0),(23,'INVENTORY',4,0),(40,'INVENTORY',11,1),(43,'INVENTORY',12,1),(47,'INVENTORY',13,0),(49,'INVENTORY',14,1),(36,'INVENTORY',15,0),(14,'INVENTORY',1,1),(18,'INVENTORY',7,1),(19,'INVENTORY',3,1),(21,'INVENTORY',6,1),(4,'SUPPORT',6,0),(6,'SUPPORT',7,0),(47,'SUPPORT',5,0),(36,'SUPPORT',8,0),(13,'SUPPORT',1,0),(15,'SUPPORT',2,1),(51,'SUPPORT',4,1),(59,'PROJECT',1,1),(58,'PROJECT',2,1),(57,'PROJECT',3,1),(4,'PROJECT',4,0),(6,'PROJECT',5,0),(47,'PROJECT',6,0),(36,'PROJECT',7,0),(24,'TOOLS',3,1),(27,'TOOLS',4,1),(30,'TOOLS',2,1),(62,'TOOLS',8,1),(65,'SALES',14,1),(66,'SALES',15,1);
/*!40000 ALTER TABLE `vtiger_app2tab` ENABLE KEYS */;
UNLOCK TABLES;

--
-- Table structure for table `vtiger_assets`
--

DROP TABLE IF EXISTS `vtiger_assets`;
/*!40101 SET @saved_cs_client     = @@character_set_client */;
/*!50503 SET character_set_client = utf8mb4 */;
CREATE TABLE `vtiger_assets` (
  `assetsid` int NOT NULL,
  `asset_no` varchar(30) NOT NULL,
  `account` int DEFAULT NULL,
  `product` int NOT NULL,
  `serialnumber` varchar(200) DEFAULT NULL,
  `datesold` date DEFAULT NULL,
  `dateinservice` date DEFAULT NULL,
  `assetstatus` varchar(200) DEFAULT 'In Service',
  `tagnumber` varchar(300) DEFAULT NULL,
  `invoiceid` int DEFAULT NULL,
  `shippingmethod` varchar(200) DEFAULT NULL,
  `shippingtrackingnumber` varchar(200) DEFAULT NULL,
  `assetname` varchar(100) DEFAULT NULL,
  `contact` int DEFAULT NULL,
  `tags` varchar(1) DEFAULT NULL,
  PRIMARY KEY (`assetsid`),
  CONSTRAINT `fk_1_vtiger_assets` FOREIGN KEY (`assetsid`) REFERENCES `vtiger_crmentity` (`crmid`) ON DELETE CASCADE
) ENGINE=InnoDB DEFAULT CHARSET=utf8mb3;
/*!40101 SET character_set_client = @saved_cs_client */;

--
-- Dumping data for table `vtiger_assets`
--

LOCK TABLES `vtiger_assets` WRITE;
/*!40000 ALTER TABLE `vtiger_assets` DISABLE KEYS */;
/*!40000 ALTER TABLE `vtiger_assets` ENABLE KEYS */;
UNLOCK TABLES;

--
-- Table structure for table `vtiger_assetscf`
--

DROP TABLE IF EXISTS `vtiger_assetscf`;
/*!40101 SET @saved_cs_client     = @@character_set_client */;
/*!50503 SET character_set_client = utf8mb4 */;
CREATE TABLE `vtiger_assetscf` (
  `assetsid` int NOT NULL,
  PRIMARY KEY (`assetsid`),
  CONSTRAINT `fk_assetsid_vtiger_assetscf` FOREIGN KEY (`assetsid`) REFERENCES `vtiger_assets` (`assetsid`) ON DELETE CASCADE
) ENGINE=InnoDB DEFAULT CHARSET=utf8mb3;
/*!40101 SET character_set_client = @saved_cs_client */;

--
-- Dumping data for table `vtiger_assetscf`
--

LOCK TABLES `vtiger_assetscf` WRITE;
/*!40000 ALTER TABLE `vtiger_assetscf` DISABLE KEYS */;
/*!40000 ALTER TABLE `vtiger_assetscf` ENABLE KEYS */;
UNLOCK TABLES;

--
-- Table structure for table `vtiger_assetstatus`
--

DROP TABLE IF EXISTS `vtiger_assetstatus`;
/*!40101 SET @saved_cs_client     = @@character_set_client */;
/*!50503 SET character_set_client = utf8mb4 */;
CREATE TABLE `vtiger_assetstatus` (
  `assetstatusid` int NOT NULL AUTO_INCREMENT,
  `assetstatus` varchar(200) NOT NULL,
  `presence` int NOT NULL DEFAULT '1',
  `picklist_valueid` int NOT NULL DEFAULT '0',
  `sortorderid` int DEFAULT '0',
  `color` varchar(10) DEFAULT NULL,
  PRIMARY KEY (`assetstatusid`)
) ENGINE=InnoDB AUTO_INCREMENT=3 DEFAULT CHARSET=utf8mb3;
/*!40101 SET character_set_client = @saved_cs_client */;

--
-- Dumping data for table `vtiger_assetstatus`
--

LOCK TABLES `vtiger_assetstatus` WRITE;
/*!40000 ALTER TABLE `vtiger_assetstatus` DISABLE KEYS */;
INSERT INTO `vtiger_assetstatus` VALUES (1,'In Service',1,253,1,NULL),(2,'Out-of-service',1,254,2,NULL);
/*!40000 ALTER TABLE `vtiger_assetstatus` ENABLE KEYS */;
UNLOCK TABLES;

--
-- Table structure for table `vtiger_assetstatus_seq`
--

DROP TABLE IF EXISTS `vtiger_assetstatus_seq`;
/*!40101 SET @saved_cs_client     = @@character_set_client */;
/*!50503 SET character_set_client = utf8mb4 */;
CREATE TABLE `vtiger_assetstatus_seq` (
  `id` int NOT NULL
) ENGINE=InnoDB DEFAULT CHARSET=utf8mb3;
/*!40101 SET character_set_client = @saved_cs_client */;

--
-- Dumping data for table `vtiger_assetstatus_seq`
--

LOCK TABLES `vtiger_assetstatus_seq` WRITE;
/*!40000 ALTER TABLE `vtiger_assetstatus_seq` DISABLE KEYS */;
INSERT INTO `vtiger_assetstatus_seq` VALUES (2);
/*!40000 ALTER TABLE `vtiger_assetstatus_seq` ENABLE KEYS */;
UNLOCK TABLES;

--
-- Table structure for table `vtiger_asterisk`
--

DROP TABLE IF EXISTS `vtiger_asterisk`;
/*!40101 SET @saved_cs_client     = @@character_set_client */;
/*!50503 SET character_set_client = utf8mb4 */;
CREATE TABLE `vtiger_asterisk` (
  `server` varchar(30) DEFAULT NULL,
  `port` varchar(30) DEFAULT NULL,
  `username` varchar(50) DEFAULT NULL,
  `password` varchar(50) DEFAULT NULL,
  `version` varchar(50) DEFAULT NULL
) ENGINE=InnoDB DEFAULT CHARSET=utf8mb3;
/*!40101 SET character_set_client = @saved_cs_client */;

--
-- Dumping data for table `vtiger_asterisk`
--

LOCK TABLES `vtiger_asterisk` WRITE;
/*!40000 ALTER TABLE `vtiger_asterisk` DISABLE KEYS */;
/*!40000 ALTER TABLE `vtiger_asterisk` ENABLE KEYS */;
UNLOCK TABLES;

--
-- Table structure for table `vtiger_asteriskextensions`
--

DROP TABLE IF EXISTS `vtiger_asteriskextensions`;
/*!40101 SET @saved_cs_client     = @@character_set_client */;
/*!50503 SET character_set_client = utf8mb4 */;
CREATE TABLE `vtiger_asteriskextensions` (
  `userid` int DEFAULT NULL,
  `asterisk_extension` varchar(50) DEFAULT NULL,
  `use_asterisk` varchar(3) DEFAULT NULL
) ENGINE=InnoDB DEFAULT CHARSET=utf8mb3;
/*!40101 SET character_set_client = @saved_cs_client */;

--
-- Dumping data for table `vtiger_asteriskextensions`
--

LOCK TABLES `vtiger_asteriskextensions` WRITE;
/*!40000 ALTER TABLE `vtiger_asteriskextensions` DISABLE KEYS */;
INSERT INTO `vtiger_asteriskextensions` VALUES (1,NULL,NULL);
/*!40000 ALTER TABLE `vtiger_asteriskextensions` ENABLE KEYS */;
UNLOCK TABLES;

--
-- Table structure for table `vtiger_asteriskincomingcalls`
--

DROP TABLE IF EXISTS `vtiger_asteriskincomingcalls`;
/*!40101 SET @saved_cs_client     = @@character_set_client */;
/*!50503 SET character_set_client = utf8mb4 */;
CREATE TABLE `vtiger_asteriskincomingcalls` (
  `from_number` varchar(50) DEFAULT NULL,
  `from_name` varchar(50) DEFAULT NULL,
  `to_number` varchar(50) DEFAULT NULL,
  `callertype` varchar(30) DEFAULT NULL,
  `flag` int DEFAULT NULL,
  `timer` int DEFAULT NULL,
  `refuid` varchar(255) DEFAULT NULL
) ENGINE=InnoDB DEFAULT CHARSET=utf8mb3;
/*!40101 SET character_set_client = @saved_cs_client */;

--
-- Dumping data for table `vtiger_asteriskincomingcalls`
--

LOCK TABLES `vtiger_asteriskincomingcalls` WRITE;
/*!40000 ALTER TABLE `vtiger_asteriskincomingcalls` DISABLE KEYS */;
/*!40000 ALTER TABLE `vtiger_asteriskincomingcalls` ENABLE KEYS */;
UNLOCK TABLES;

--
-- Table structure for table `vtiger_asteriskincomingevents`
--

DROP TABLE IF EXISTS `vtiger_asteriskincomingevents`;
/*!40101 SET @saved_cs_client     = @@character_set_client */;
/*!50503 SET character_set_client = utf8mb4 */;
CREATE TABLE `vtiger_asteriskincomingevents` (
  `uid` varchar(255) NOT NULL,
  `channel` varchar(100) DEFAULT NULL,
  `from_number` bigint DEFAULT NULL,
  `from_name` varchar(100) DEFAULT NULL,
  `to_number` bigint DEFAULT NULL,
  `callertype` varchar(100) DEFAULT NULL,
  `timer` int DEFAULT NULL,
  `flag` varchar(3) DEFAULT NULL,
  `pbxrecordid` int DEFAULT NULL,
  `relcrmid` int DEFAULT NULL,
  PRIMARY KEY (`uid`)
) ENGINE=InnoDB DEFAULT CHARSET=utf8mb3;
/*!40101 SET character_set_client = @saved_cs_client */;

--
-- Dumping data for table `vtiger_asteriskincomingevents`
--

LOCK TABLES `vtiger_asteriskincomingevents` WRITE;
/*!40000 ALTER TABLE `vtiger_asteriskincomingevents` DISABLE KEYS */;
/*!40000 ALTER TABLE `vtiger_asteriskincomingevents` ENABLE KEYS */;
UNLOCK TABLES;

--
-- Table structure for table `vtiger_attachments`
--

DROP TABLE IF EXISTS `vtiger_attachments`;
/*!40101 SET @saved_cs_client     = @@character_set_client */;
/*!50503 SET character_set_client = utf8mb4 */;
CREATE TABLE `vtiger_attachments` (
  `attachmentsid` int NOT NULL,
  `name` varchar(255) NOT NULL,
  `description` text,
  `type` varchar(100) DEFAULT NULL,
  `path` text,
  `storedname` varchar(255) DEFAULT NULL,
  `subject` varchar(255) DEFAULT NULL,
  PRIMARY KEY (`attachmentsid`),
  KEY `attachments_attachmentsid_idx` (`attachmentsid`),
  CONSTRAINT `fk_1_vtiger_attachments` FOREIGN KEY (`attachmentsid`) REFERENCES `vtiger_crmentity` (`crmid`) ON DELETE CASCADE
) ENGINE=InnoDB DEFAULT CHARSET=utf8mb3;
/*!40101 SET character_set_client = @saved_cs_client */;

--
-- Dumping data for table `vtiger_attachments`
--

LOCK TABLES `vtiger_attachments` WRITE;
/*!40000 ALTER TABLE `vtiger_attachments` DISABLE KEYS */;
/*!40000 ALTER TABLE `vtiger_attachments` ENABLE KEYS */;
UNLOCK TABLES;

--
-- Table structure for table `vtiger_attachmentsfolder`
--

DROP TABLE IF EXISTS `vtiger_attachmentsfolder`;
/*!40101 SET @saved_cs_client     = @@character_set_client */;
/*!50503 SET character_set_client = utf8mb4 */;
CREATE TABLE `vtiger_attachmentsfolder` (
  `folderid` int NOT NULL AUTO_INCREMENT,
  `foldername` varchar(200) NOT NULL,
  `description` varchar(250) DEFAULT NULL,
  `createdby` int NOT NULL,
  `sequence` int DEFAULT NULL,
  PRIMARY KEY (`folderid`)
) ENGINE=InnoDB AUTO_INCREMENT=2 DEFAULT CHARSET=utf8mb3;
/*!40101 SET character_set_client = @saved_cs_client */;

--
-- Dumping data for table `vtiger_attachmentsfolder`
--

LOCK TABLES `vtiger_attachmentsfolder` WRITE;
/*!40000 ALTER TABLE `vtiger_attachmentsfolder` DISABLE KEYS */;
INSERT INTO `vtiger_attachmentsfolder` VALUES (1,'По умолчанию','Это папка по умолчанию',1,1);
/*!40000 ALTER TABLE `vtiger_attachmentsfolder` ENABLE KEYS */;
UNLOCK TABLES;

--
-- Table structure for table `vtiger_attachmentsfolder_seq`
--

DROP TABLE IF EXISTS `vtiger_attachmentsfolder_seq`;
/*!40101 SET @saved_cs_client     = @@character_set_client */;
/*!50503 SET character_set_client = utf8mb4 */;
CREATE TABLE `vtiger_attachmentsfolder_seq` (
  `id` int NOT NULL
) ENGINE=InnoDB DEFAULT CHARSET=utf8mb3;
/*!40101 SET character_set_client = @saved_cs_client */;

--
-- Dumping data for table `vtiger_attachmentsfolder_seq`
--

LOCK TABLES `vtiger_attachmentsfolder_seq` WRITE;
/*!40000 ALTER TABLE `vtiger_attachmentsfolder_seq` DISABLE KEYS */;
INSERT INTO `vtiger_attachmentsfolder_seq` VALUES (1);
/*!40000 ALTER TABLE `vtiger_attachmentsfolder_seq` ENABLE KEYS */;
UNLOCK TABLES;

--
-- Table structure for table `vtiger_attendant_category`
--

DROP TABLE IF EXISTS `vtiger_attendant_category`;
/*!40101 SET @saved_cs_client     = @@character_set_client */;
/*!50503 SET character_set_client = utf8mb4 */;
CREATE TABLE `vtiger_attendant_category` (
  `attendant_categoryid` int NOT NULL AUTO_INCREMENT,
  `attendant_category` varchar(200) NOT NULL,
  `presence` int NOT NULL DEFAULT '1',
  `picklist_valueid` int NOT NULL DEFAULT '0',
  `sortorderid` int DEFAULT '0',
  `color` varchar(10) DEFAULT NULL,
  PRIMARY KEY (`attendant_categoryid`)
) ENGINE=InnoDB AUTO_INCREMENT=3 DEFAULT CHARSET=utf8mb3;
/*!40101 SET character_set_client = @saved_cs_client */;

--
-- Dumping data for table `vtiger_attendant_category`
--

LOCK TABLES `vtiger_attendant_category` WRITE;
/*!40000 ALTER TABLE `vtiger_attendant_category` DISABLE KEYS */;
INSERT INTO `vtiger_attendant_category` VALUES (1,'Авто',1,329,1,'#ffffff'),(2,'Пеший',1,330,2,'#ffffff');
/*!40000 ALTER TABLE `vtiger_attendant_category` ENABLE KEYS */;
UNLOCK TABLES;

--
-- Table structure for table `vtiger_attendant_category_seq`
--

DROP TABLE IF EXISTS `vtiger_attendant_category_seq`;
/*!40101 SET @saved_cs_client     = @@character_set_client */;
/*!50503 SET character_set_client = utf8mb4 */;
CREATE TABLE `vtiger_attendant_category_seq` (
  `id` int NOT NULL
) ENGINE=InnoDB DEFAULT CHARSET=utf8mb3;
/*!40101 SET character_set_client = @saved_cs_client */;

--
-- Dumping data for table `vtiger_attendant_category_seq`
--

LOCK TABLES `vtiger_attendant_category_seq` WRITE;
/*!40000 ALTER TABLE `vtiger_attendant_category_seq` DISABLE KEYS */;
INSERT INTO `vtiger_attendant_category_seq` VALUES (2);
/*!40000 ALTER TABLE `vtiger_attendant_category_seq` ENABLE KEYS */;
UNLOCK TABLES;

--
-- Table structure for table `vtiger_attendant_gender`
--

DROP TABLE IF EXISTS `vtiger_attendant_gender`;
/*!40101 SET @saved_cs_client     = @@character_set_client */;
/*!50503 SET character_set_client = utf8mb4 */;
CREATE TABLE `vtiger_attendant_gender` (
  `attendant_genderid` int NOT NULL AUTO_INCREMENT,
  `attendant_gender` varchar(200) NOT NULL,
  `presence` int NOT NULL DEFAULT '1',
  `picklist_valueid` int NOT NULL DEFAULT '0',
  `sortorderid` int DEFAULT '0',
  `color` varchar(10) DEFAULT NULL,
  PRIMARY KEY (`attendant_genderid`)
) ENGINE=InnoDB AUTO_INCREMENT=4 DEFAULT CHARSET=utf8mb3;
/*!40101 SET character_set_client = @saved_cs_client */;

--
-- Dumping data for table `vtiger_attendant_gender`
--

LOCK TABLES `vtiger_attendant_gender` WRITE;
/*!40000 ALTER TABLE `vtiger_attendant_gender` DISABLE KEYS */;
INSERT INTO `vtiger_attendant_gender` VALUES (1,'Female',1,331,1,NULL),(2,'Male',1,332,2,NULL),(3,'No matter',1,341,3,'#ffffff');
/*!40000 ALTER TABLE `vtiger_attendant_gender` ENABLE KEYS */;
UNLOCK TABLES;

--
-- Table structure for table `vtiger_attendant_gender_seq`
--

DROP TABLE IF EXISTS `vtiger_attendant_gender_seq`;
/*!40101 SET @saved_cs_client     = @@character_set_client */;
/*!50503 SET character_set_client = utf8mb4 */;
CREATE TABLE `vtiger_attendant_gender_seq` (
  `id` int NOT NULL
) ENGINE=InnoDB DEFAULT CHARSET=utf8mb3;
/*!40101 SET character_set_client = @saved_cs_client */;

--
-- Dumping data for table `vtiger_attendant_gender_seq`
--

LOCK TABLES `vtiger_attendant_gender_seq` WRITE;
/*!40000 ALTER TABLE `vtiger_attendant_gender_seq` DISABLE KEYS */;
INSERT INTO `vtiger_attendant_gender_seq` VALUES (3);
/*!40000 ALTER TABLE `vtiger_attendant_gender_seq` ENABLE KEYS */;
UNLOCK TABLES;

--
-- Table structure for table `vtiger_attendant_status`
--

DROP TABLE IF EXISTS `vtiger_attendant_status`;
/*!40101 SET @saved_cs_client     = @@character_set_client */;
/*!50503 SET character_set_client = utf8mb4 */;
CREATE TABLE `vtiger_attendant_status` (
  `attendant_statusid` int NOT NULL AUTO_INCREMENT,
  `attendant_status` varchar(200) NOT NULL,
  `presence` int NOT NULL DEFAULT '1',
  `picklist_valueid` int NOT NULL DEFAULT '0',
  `sortorderid` int DEFAULT '0',
  `color` varchar(10) DEFAULT NULL,
  PRIMARY KEY (`attendant_statusid`)
) ENGINE=InnoDB AUTO_INCREMENT=4 DEFAULT CHARSET=utf8mb3;
/*!40101 SET character_set_client = @saved_cs_client */;

--
-- Dumping data for table `vtiger_attendant_status`
--

LOCK TABLES `vtiger_attendant_status` WRITE;
/*!40000 ALTER TABLE `vtiger_attendant_status` DISABLE KEYS */;
INSERT INTO `vtiger_attendant_status` VALUES (1,'Active',1,333,1,NULL),(2,'Inactive',1,334,2,NULL),(3,'Standby',1,335,3,NULL);
/*!40000 ALTER TABLE `vtiger_attendant_status` ENABLE KEYS */;
UNLOCK TABLES;

--
-- Table structure for table `vtiger_attendant_status_seq`
--

DROP TABLE IF EXISTS `vtiger_attendant_status_seq`;
/*!40101 SET @saved_cs_client     = @@character_set_client */;
/*!50503 SET character_set_client = utf8mb4 */;
CREATE TABLE `vtiger_attendant_status_seq` (
  `id` int NOT NULL
) ENGINE=InnoDB DEFAULT CHARSET=utf8mb3;
/*!40101 SET character_set_client = @saved_cs_client */;

--
-- Dumping data for table `vtiger_attendant_status_seq`
--

LOCK TABLES `vtiger_attendant_status_seq` WRITE;
/*!40000 ALTER TABLE `vtiger_attendant_status_seq` DISABLE KEYS */;
INSERT INTO `vtiger_attendant_status_seq` VALUES (3);
/*!40000 ALTER TABLE `vtiger_attendant_status_seq` ENABLE KEYS */;
UNLOCK TABLES;

--
-- Table structure for table `vtiger_audit_trial`
--

DROP TABLE IF EXISTS `vtiger_audit_trial`;
/*!40101 SET @saved_cs_client     = @@character_set_client */;
/*!50503 SET character_set_client = utf8mb4 */;
CREATE TABLE `vtiger_audit_trial` (
  `auditid` int NOT NULL,
  `userid` int DEFAULT NULL,
  `module` varchar(255) DEFAULT NULL,
  `action` varchar(255) DEFAULT NULL,
  `recordid` varchar(20) DEFAULT NULL,
  `actiondate` datetime DEFAULT NULL,
  PRIMARY KEY (`auditid`)
) ENGINE=InnoDB DEFAULT CHARSET=utf8mb3;
/*!40101 SET character_set_client = @saved_cs_client */;

--
-- Dumping data for table `vtiger_audit_trial`
--

LOCK TABLES `vtiger_audit_trial` WRITE;
/*!40000 ALTER TABLE `vtiger_audit_trial` DISABLE KEYS */;
/*!40000 ALTER TABLE `vtiger_audit_trial` ENABLE KEYS */;
UNLOCK TABLES;

--
-- Table structure for table `vtiger_bill_paid`
--

DROP TABLE IF EXISTS `vtiger_bill_paid`;
/*!40101 SET @saved_cs_client     = @@character_set_client */;
/*!50503 SET character_set_client = utf8mb4 */;
CREATE TABLE `vtiger_bill_paid` (
  `bill_paidid` int NOT NULL AUTO_INCREMENT,
  `bill_paid` varchar(200) NOT NULL,
  `presence` int NOT NULL DEFAULT '1',
  `picklist_valueid` int NOT NULL DEFAULT '0',
  `sortorderid` int DEFAULT '0',
  `color` varchar(10) DEFAULT NULL,
  PRIMARY KEY (`bill_paidid`)
) ENGINE=InnoDB AUTO_INCREMENT=3 DEFAULT CHARSET=utf8mb3;
/*!40101 SET character_set_client = @saved_cs_client */;

--
-- Dumping data for table `vtiger_bill_paid`
--

LOCK TABLES `vtiger_bill_paid` WRITE;
/*!40000 ALTER TABLE `vtiger_bill_paid` DISABLE KEYS */;
INSERT INTO `vtiger_bill_paid` VALUES (1,'No',1,352,1,NULL),(2,'Yes',1,353,2,NULL);
/*!40000 ALTER TABLE `vtiger_bill_paid` ENABLE KEYS */;
UNLOCK TABLES;

--
-- Table structure for table `vtiger_bill_paid_seq`
--

DROP TABLE IF EXISTS `vtiger_bill_paid_seq`;
/*!40101 SET @saved_cs_client     = @@character_set_client */;
/*!50503 SET character_set_client = utf8mb4 */;
CREATE TABLE `vtiger_bill_paid_seq` (
  `id` int NOT NULL
) ENGINE=InnoDB DEFAULT CHARSET=utf8mb3;
/*!40101 SET character_set_client = @saved_cs_client */;

--
-- Dumping data for table `vtiger_bill_paid_seq`
--

LOCK TABLES `vtiger_bill_paid_seq` WRITE;
/*!40000 ALTER TABLE `vtiger_bill_paid_seq` DISABLE KEYS */;
INSERT INTO `vtiger_bill_paid_seq` VALUES (2);
/*!40000 ALTER TABLE `vtiger_bill_paid_seq` ENABLE KEYS */;
UNLOCK TABLES;

--
-- Table structure for table `vtiger_blocks`
--

DROP TABLE IF EXISTS `vtiger_blocks`;
/*!40101 SET @saved_cs_client     = @@character_set_client */;
/*!50503 SET character_set_client = utf8mb4 */;
CREATE TABLE `vtiger_blocks` (
  `blockid` int NOT NULL,
  `tabid` int NOT NULL,
  `blocklabel` varchar(100) NOT NULL,
  `sequence` int DEFAULT NULL,
  `show_title` int DEFAULT NULL,
  `visible` int NOT NULL DEFAULT '0',
  `create_view` int NOT NULL DEFAULT '0',
  `edit_view` int NOT NULL DEFAULT '0',
  `detail_view` int NOT NULL DEFAULT '0',
  `display_status` int NOT NULL DEFAULT '1',
  `iscustom` int NOT NULL DEFAULT '0',
  PRIMARY KEY (`blockid`),
  KEY `block_tabid_idx` (`tabid`),
  CONSTRAINT `fk_1_vtiger_blocks` FOREIGN KEY (`tabid`) REFERENCES `vtiger_tab` (`tabid`) ON DELETE CASCADE
) ENGINE=InnoDB DEFAULT CHARSET=utf8mb3;
/*!40101 SET character_set_client = @saved_cs_client */;

--
-- Dumping data for table `vtiger_blocks`
--

LOCK TABLES `vtiger_blocks` WRITE;
/*!40000 ALTER TABLE `vtiger_blocks` DISABLE KEYS */;
INSERT INTO `vtiger_blocks` VALUES (1,2,'LBL_OPPORTUNITY_INFORMATION',1,0,0,0,0,0,1,0),(2,2,'LBL_CUSTOM_INFORMATION',2,0,0,0,0,0,1,0),(3,2,'LBL_DESCRIPTION_INFORMATION',3,0,0,0,0,0,1,0),(4,4,'LBL_CONTACT_INFORMATION',1,0,0,0,0,0,1,0),(5,4,'LBL_CUSTOM_INFORMATION',5,0,0,0,0,0,1,0),(6,4,'LBL_CUSTOMER_PORTAL_INFORMATION',6,0,0,0,0,0,1,0),(7,4,'Адрес регистрации',7,0,0,0,0,0,1,0),(8,4,'LBL_DESCRIPTION_INFORMATION',9,0,0,0,0,0,1,0),(9,6,'LBL_ACCOUNT_INFORMATION',1,0,0,0,0,0,1,0),(10,6,'LBL_CUSTOM_INFORMATION',2,0,0,0,0,0,1,0),(11,6,'LBL_ADDRESS_INFORMATION',3,0,0,0,0,0,1,0),(12,6,'LBL_DESCRIPTION_INFORMATION',4,0,0,0,0,0,1,0),(13,7,'LBL_LEAD_INFORMATION',1,0,0,0,0,0,1,0),(14,7,'LBL_CUSTOM_INFORMATION',3,0,0,0,0,0,1,0),(15,7,'LBL_ADDRESS_INFORMATION',4,0,0,0,0,0,1,0),(16,7,'LBL_DESCRIPTION_INFORMATION',5,0,0,0,0,0,1,0),(17,8,'LBL_NOTE_INFORMATION',1,0,0,0,0,0,1,0),(18,8,'LBL_FILE_INFORMATION',3,1,0,0,0,0,1,0),(19,9,'LBL_TASK_INFORMATION',1,0,0,0,0,0,1,0),(20,9,'LBL_DESCRIPTION_INFORMATION',3,1,0,0,0,0,1,0),(21,10,'LBL_EMAIL_INFORMATION',1,0,0,0,0,0,1,0),(22,10,'Emails_Block1',2,1,0,0,0,0,1,0),(23,10,'Emails_Block2',3,1,0,0,0,0,1,0),(24,10,'Emails_Block3',4,1,0,0,0,0,1,0),(25,13,'LBL_TICKET_INFORMATION',1,0,0,0,0,0,1,0),(26,13,'',2,1,0,0,0,0,1,0),(27,13,'LBL_CUSTOM_INFORMATION',3,0,0,0,0,0,1,0),(28,13,'LBL_DESCRIPTION_INFORMATION',4,0,0,0,0,0,1,0),(29,13,'LBL_TICKET_RESOLUTION',5,0,0,1,0,0,1,0),(30,13,'LBL_COMMENTS',6,0,0,1,0,0,1,0),(31,14,'LBL_PRODUCT_INFORMATION',1,0,0,0,0,0,1,0),(32,14,'LBL_PRICING_INFORMATION',2,0,0,0,0,0,1,0),(33,14,'LBL_STOCK_INFORMATION',3,0,0,0,0,0,1,0),(34,14,'LBL_CUSTOM_INFORMATION',4,0,0,0,0,0,1,0),(35,14,'LBL_IMAGE_INFORMATION',5,0,0,0,0,0,1,0),(36,14,'LBL_DESCRIPTION_INFORMATION',6,0,0,0,0,0,1,0),(37,15,'LBL_FAQ_INFORMATION',1,0,0,0,0,0,1,0),(38,15,'LBL_COMMENT_INFORMATION',4,0,0,1,0,0,1,0),(39,16,'LBL_EVENT_INFORMATION',1,0,0,0,0,0,1,0),(40,16,'LBL_REMINDER_INFORMATION',2,0,0,0,0,0,1,0),(41,16,'LBL_DESCRIPTION_INFORMATION',5,0,0,0,0,0,1,0),(42,18,'LBL_VENDOR_INFORMATION',1,0,0,0,0,0,1,0),(43,18,'LBL_CUSTOM_INFORMATION',2,0,0,0,0,0,1,0),(44,18,'LBL_VENDOR_ADDRESS_INFORMATION',3,0,0,0,0,0,1,0),(45,18,'LBL_DESCRIPTION_INFORMATION',4,0,0,0,0,0,1,0),(46,19,'LBL_PRICEBOOK_INFORMATION',1,0,0,0,0,0,1,0),(47,19,'LBL_CUSTOM_INFORMATION',2,0,0,0,0,0,1,0),(48,19,'LBL_DESCRIPTION_INFORMATION',3,0,0,0,0,0,1,0),(49,20,'LBL_QUOTE_INFORMATION',1,0,0,0,0,0,1,0),(50,20,'LBL_CUSTOM_INFORMATION',2,0,0,0,0,0,1,0),(51,20,'LBL_ADDRESS_INFORMATION',3,0,0,0,0,0,0,0),(52,20,'LBL_RELATED_PRODUCTS',4,0,0,0,0,0,1,0),(53,20,'LBL_TERMS_INFORMATION',5,0,0,0,0,0,1,0),(54,20,'LBL_DESCRIPTION_INFORMATION',6,0,0,0,0,0,1,0),(55,21,'LBL_PO_INFORMATION',1,0,0,0,0,0,1,0),(56,21,'LBL_CUSTOM_INFORMATION',2,0,0,0,0,0,1,0),(57,21,'LBL_ADDRESS_INFORMATION',3,0,0,0,0,0,1,0),(58,21,'LBL_RELATED_PRODUCTS',4,0,0,0,0,0,1,0),(59,21,'LBL_TERMS_INFORMATION',5,0,0,0,0,0,1,0),(60,21,'LBL_DESCRIPTION_INFORMATION',6,0,0,0,0,0,1,0),(61,22,'LBL_SO_INFORMATION',1,0,0,0,0,0,1,0),(62,22,'LBL_CUSTOM_INFORMATION',3,0,0,0,0,0,1,0),(63,22,'LBL_ADDRESS_INFORMATION',4,0,0,0,0,0,1,0),(64,22,'LBL_RELATED_PRODUCTS',5,0,0,0,0,0,1,0),(65,22,'LBL_TERMS_INFORMATION',6,0,0,0,0,0,1,0),(66,22,'LBL_DESCRIPTION_INFORMATION',7,0,0,0,0,0,1,0),(67,23,'LBL_INVOICE_INFORMATION',1,0,0,0,0,0,1,0),(68,23,'LBL_CUSTOM_INFORMATION',2,0,0,0,0,0,1,0),(69,23,'LBL_ADDRESS_INFORMATION',3,0,0,0,0,0,1,0),(70,23,'LBL_RELATED_PRODUCTS',4,0,0,0,0,0,1,0),(71,23,'LBL_TERMS_INFORMATION',5,0,0,0,0,0,1,0),(72,23,'LBL_DESCRIPTION_INFORMATION',6,0,0,0,0,0,1,0),(73,4,'LBL_IMAGE_INFORMATION',10,0,0,0,0,0,1,0),(74,26,'LBL_CAMPAIGN_INFORMATION',1,0,0,0,0,0,1,0),(75,26,'LBL_CUSTOM_INFORMATION',2,0,0,0,0,0,1,0),(76,26,'LBL_EXPECTATIONS_AND_ACTUALS',3,0,0,0,0,0,1,0),(77,29,'LBL_USERLOGIN_ROLE',1,0,0,0,0,0,1,0),(78,29,'LBL_CURRENCY_CONFIGURATION',3,0,0,0,0,0,1,0),(79,29,'LBL_MORE_INFORMATION',4,0,0,0,0,0,1,0),(80,29,'LBL_ADDRESS_INFORMATION',5,0,0,0,0,0,1,0),(81,26,'LBL_DESCRIPTION_INFORMATION',4,0,0,0,0,0,1,0),(82,29,'LBL_USER_IMAGE_INFORMATION',5,0,0,0,0,0,1,0),(83,29,'LBL_USER_ADV_OPTIONS',6,0,0,0,0,0,1,0),(84,8,'LBL_DESCRIPTION',2,0,0,0,0,0,1,0),(85,22,'Recurring Invoice Information',2,0,0,0,0,0,1,0),(86,9,'LBL_CUSTOM_INFORMATION',4,0,0,0,0,0,1,0),(87,16,'LBL_CUSTOM_INFORMATION',6,0,0,0,0,0,1,0),(88,32,'LBL_SERVICE_CONTRACT_INFORMATION',1,0,0,0,0,0,1,0),(89,32,'LBL_CUSTOM_INFORMATION',2,0,0,0,0,0,1,0),(90,36,'LBL_PBXMANAGER_INFORMATION',1,0,0,0,0,0,1,0),(91,38,'LBL_SERVICE_INFORMATION',1,0,0,0,0,0,1,0),(92,38,'LBL_PRICING_INFORMATION',2,0,0,0,0,0,1,0),(93,38,'LBL_CUSTOM_INFORMATION',3,0,0,0,0,0,1,0),(94,38,'LBL_DESCRIPTION_INFORMATION',4,0,0,0,0,0,1,0),(95,40,'LBL_CONSIGNMENT_INFORMATION',1,0,0,0,0,0,1,0),(96,40,'LBL_GOODS_CONSIGNMENT',2,0,0,0,0,0,1,0),(97,40,'LBL_ADDRESS_INFORMATION',3,0,0,0,0,0,1,0),(98,40,'LBL_RELATED_PRODUCTS',4,0,0,0,0,0,1,0),(99,40,'LBL_DESCRIPTION_INFORMATION',5,0,0,0,0,0,1,0),(100,40,'LBL_RELATED_PRODUCTS',6,0,0,0,0,0,1,0),(101,42,'LBL_UNITS_DETAILS',1,0,0,0,0,0,1,0),(102,43,'LBL_PAYMENT_DETAILS',1,0,0,0,0,0,1,0),(103,43,'LBL_CASH_ORDER',2,0,0,0,0,0,1,0),(104,43,'LBL_DESCRIPTION_INFORMATION',3,0,0,0,0,0,1,0),(105,44,'LBL_SPSOCIALCONNECTOR_INFORMATION',1,0,0,0,0,0,1,0),(106,47,'LBL_SMSNOTIFIER_INFORMATION',1,0,0,0,0,0,1,0),(107,47,'LBL_CUSTOM_INFORMATION',2,0,0,0,0,0,1,0),(108,47,'StatusInformation',3,0,0,0,0,0,1,0),(109,49,'LBL_ACT_INFORMATION',1,0,0,0,0,0,1,0),(110,49,'LBL_ADDRESS_INFORMATION',2,0,0,0,0,0,1,0),(111,49,'LBL_RELATED_PRODUCTS',3,0,0,0,0,0,1,0),(112,49,'LBL_DESCRIPTION_INFORMATION',4,0,0,0,0,0,1,0),(113,49,'LBL_RELATED_PRODUCTS',5,0,0,0,0,0,1,0),(114,51,'LBL_ASSET_INFORMATION',1,0,0,0,0,0,1,0),(115,51,'LBL_CUSTOM_INFORMATION',2,0,0,0,0,0,1,0),(116,51,'LBL_DESCRIPTION_INFORMATION',3,0,0,0,0,0,1,0),(117,54,'LBL_MODCOMMENTS_INFORMATION',1,0,0,0,0,0,1,0),(118,54,'LBL_OTHER_INFORMATION',2,0,0,0,0,0,1,0),(119,54,'LBL_CUSTOM_INFORMATION',3,0,0,0,0,0,1,0),(120,57,'LBL_PROJECT_MILESTONE_INFORMATION',1,0,0,0,0,0,1,0),(121,57,'LBL_CUSTOM_INFORMATION',2,0,0,0,0,0,1,0),(122,57,'LBL_DESCRIPTION_INFORMATION',3,0,0,0,0,0,1,0),(123,58,'LBL_PROJECT_TASK_INFORMATION',1,0,0,0,0,0,1,0),(124,58,'LBL_CUSTOM_INFORMATION',2,0,0,0,0,0,1,0),(125,58,'LBL_DESCRIPTION_INFORMATION',3,0,0,0,0,0,1,0),(126,59,'LBL_PROJECT_INFORMATION',1,0,0,0,0,0,1,0),(127,59,'LBL_CUSTOM_INFORMATION',2,0,0,0,0,0,1,0),(128,59,'LBL_DESCRIPTION_INFORMATION',3,0,0,0,0,0,1,0),(129,23,'LBL_ITEM_DETAILS',5,0,0,0,0,0,1,0),(130,22,'LBL_ITEM_DETAILS',5,0,0,0,0,0,1,0),(131,21,'LBL_ITEM_DETAILS',5,0,0,0,0,0,1,0),(132,20,'LBL_ITEM_DETAILS',5,0,0,0,0,0,1,0),(133,49,'LBL_ITEM_DETAILS',5,0,0,0,0,0,1,0),(134,40,'LBL_ITEM_DETAILS',5,0,0,0,0,0,1,0),(135,16,'LBL_RECURRENCE_INFORMATION',3,0,0,0,0,0,1,0),(136,29,'LBL_CALENDAR_SETTINGS',2,0,0,0,0,0,1,0),(137,16,'LBL_RELATED_TO',4,0,0,0,0,0,1,0),(138,9,'LBL_REMINDER_INFORMATION',2,0,0,0,0,0,1,0),(139,65,'LBL_TIMETABLE_INFORMATION',1,0,0,0,0,0,1,0),(140,65,'LBL_CUSTOM_INFORMATION',4,0,0,0,0,0,1,0),(141,65,'LBL_DESCRIPTION',3,0,0,0,0,0,1,0),(142,7,'Информация о расписании',2,0,0,0,0,0,1,1),(143,65,'Системная информация',5,0,0,0,0,0,0,1),(144,66,'LBL_TRIPS_INFORMATION',1,0,0,0,0,0,1,0),(145,66,'LBL_CUSTOM_INFORMATION',4,0,0,0,0,0,1,0),(146,66,'LBL_DESCRIPTION',3,0,0,0,0,0,1,0),(150,4,'Адрес проживания',8,0,0,0,0,0,1,1),(151,66,'Дети',2,0,0,0,0,0,1,1),(152,65,'Дети',2,0,0,0,0,0,1,1);
/*!40000 ALTER TABLE `vtiger_blocks` ENABLE KEYS */;
UNLOCK TABLES;

--
-- Table structure for table `vtiger_blocks_seq`
--

DROP TABLE IF EXISTS `vtiger_blocks_seq`;
/*!40101 SET @saved_cs_client     = @@character_set_client */;
/*!50503 SET character_set_client = utf8mb4 */;
CREATE TABLE `vtiger_blocks_seq` (
  `id` int NOT NULL
) ENGINE=InnoDB DEFAULT CHARSET=utf8mb3;
/*!40101 SET character_set_client = @saved_cs_client */;

--
-- Dumping data for table `vtiger_blocks_seq`
--

LOCK TABLES `vtiger_blocks_seq` WRITE;
/*!40000 ALTER TABLE `vtiger_blocks_seq` DISABLE KEYS */;
INSERT INTO `vtiger_blocks_seq` VALUES (152);
/*!40000 ALTER TABLE `vtiger_blocks_seq` ENABLE KEYS */;
UNLOCK TABLES;

--
-- Table structure for table `vtiger_calendar_default_activitytypes`
--

DROP TABLE IF EXISTS `vtiger_calendar_default_activitytypes`;
/*!40101 SET @saved_cs_client     = @@character_set_client */;
/*!50503 SET character_set_client = utf8mb4 */;
CREATE TABLE `vtiger_calendar_default_activitytypes` (
  `id` int NOT NULL,
  `module` varchar(50) DEFAULT NULL,
  `fieldname` varchar(50) DEFAULT NULL,
  `defaultcolor` varchar(50) DEFAULT NULL,
  `isdefault` int DEFAULT '1',
  `conditions` varchar(255) DEFAULT '',
  PRIMARY KEY (`id`)
) ENGINE=InnoDB DEFAULT CHARSET=utf8mb3;
/*!40101 SET character_set_client = @saved_cs_client */;

--
-- Dumping data for table `vtiger_calendar_default_activitytypes`
--

LOCK TABLES `vtiger_calendar_default_activitytypes` WRITE;
/*!40000 ALTER TABLE `vtiger_calendar_default_activitytypes` DISABLE KEYS */;
INSERT INTO `vtiger_calendar_default_activitytypes` VALUES (1,'Events','[\"date_start\",\"due_date\"]','#17309A',1,''),(2,'Calendar','[\"date_start\",\"due_date\"]','#3A87AD',1,''),(3,'Potentials','[\"closingdate\"]','#AA6705',1,''),(4,'Contacts','[\"support_end_date\"]','#953B39',1,''),(5,'Contacts','[\"birthday\"]','#545252',1,''),(6,'Invoice','[\"duedate\"]','#87865D',1,''),(7,'Project','[\"startdate\",\"targetenddate\"]','#C71585',1,''),(8,'ProjectTask','[\"startdate\",\"enddate\"]','#006400',1,'');
/*!40000 ALTER TABLE `vtiger_calendar_default_activitytypes` ENABLE KEYS */;
UNLOCK TABLES;

--
-- Table structure for table `vtiger_calendar_default_activitytypes_seq`
--

DROP TABLE IF EXISTS `vtiger_calendar_default_activitytypes_seq`;
/*!40101 SET @saved_cs_client     = @@character_set_client */;
/*!50503 SET character_set_client = utf8mb4 */;
CREATE TABLE `vtiger_calendar_default_activitytypes_seq` (
  `id` int NOT NULL
) ENGINE=InnoDB DEFAULT CHARSET=utf8mb3;
/*!40101 SET character_set_client = @saved_cs_client */;

--
-- Dumping data for table `vtiger_calendar_default_activitytypes_seq`
--

LOCK TABLES `vtiger_calendar_default_activitytypes_seq` WRITE;
/*!40000 ALTER TABLE `vtiger_calendar_default_activitytypes_seq` DISABLE KEYS */;
INSERT INTO `vtiger_calendar_default_activitytypes_seq` VALUES (8);
/*!40000 ALTER TABLE `vtiger_calendar_default_activitytypes_seq` ENABLE KEYS */;
UNLOCK TABLES;

--
-- Table structure for table `vtiger_calendar_user_activitytypes`
--

DROP TABLE IF EXISTS `vtiger_calendar_user_activitytypes`;
/*!40101 SET @saved_cs_client     = @@character_set_client */;
/*!50503 SET character_set_client = utf8mb4 */;
CREATE TABLE `vtiger_calendar_user_activitytypes` (
  `id` int NOT NULL,
  `defaultid` int DEFAULT NULL,
  `userid` int DEFAULT NULL,
  `color` varchar(50) DEFAULT NULL,
  `visible` int DEFAULT '1',
  PRIMARY KEY (`id`)
) ENGINE=InnoDB DEFAULT CHARSET=utf8mb3;
/*!40101 SET character_set_client = @saved_cs_client */;

--
-- Dumping data for table `vtiger_calendar_user_activitytypes`
--

LOCK TABLES `vtiger_calendar_user_activitytypes` WRITE;
/*!40000 ALTER TABLE `vtiger_calendar_user_activitytypes` DISABLE KEYS */;
INSERT INTO `vtiger_calendar_user_activitytypes` VALUES (1,1,1,'#17309A',1),(2,2,1,'#3A87AD',1),(3,3,1,'#AA6705',1),(4,4,1,'#953B39',1),(5,5,1,'#545252',1),(6,6,1,'#87865D',1),(7,7,1,'#C71585',1),(8,8,1,'#006400',1),(9,1,5,'#17309A',1),(10,2,5,'#3A87AD',1),(11,3,5,'#AA6705',1),(12,4,5,'#953B39',1),(13,5,5,'#545252',1),(14,6,5,'#87865D',1),(15,7,5,'#C71585',1),(16,8,5,'#006400',1);
/*!40000 ALTER TABLE `vtiger_calendar_user_activitytypes` ENABLE KEYS */;
UNLOCK TABLES;

--
-- Table structure for table `vtiger_calendar_user_activitytypes_seq`
--

DROP TABLE IF EXISTS `vtiger_calendar_user_activitytypes_seq`;
/*!40101 SET @saved_cs_client     = @@character_set_client */;
/*!50503 SET character_set_client = utf8mb4 */;
CREATE TABLE `vtiger_calendar_user_activitytypes_seq` (
  `id` int NOT NULL
) ENGINE=InnoDB DEFAULT CHARSET=utf8mb3;
/*!40101 SET character_set_client = @saved_cs_client */;

--
-- Dumping data for table `vtiger_calendar_user_activitytypes_seq`
--

LOCK TABLES `vtiger_calendar_user_activitytypes_seq` WRITE;
/*!40000 ALTER TABLE `vtiger_calendar_user_activitytypes_seq` DISABLE KEYS */;
INSERT INTO `vtiger_calendar_user_activitytypes_seq` VALUES (16);
/*!40000 ALTER TABLE `vtiger_calendar_user_activitytypes_seq` ENABLE KEYS */;
UNLOCK TABLES;

--
-- Table structure for table `vtiger_calendarsharedtype`
--

DROP TABLE IF EXISTS `vtiger_calendarsharedtype`;
/*!40101 SET @saved_cs_client     = @@character_set_client */;
/*!50503 SET character_set_client = utf8mb4 */;
CREATE TABLE `vtiger_calendarsharedtype` (
  `calendarsharedtypeid` int NOT NULL AUTO_INCREMENT,
  `calendarsharedtype` varchar(200) NOT NULL,
  `sortorderid` int DEFAULT NULL,
  `presence` int NOT NULL DEFAULT '1',
  PRIMARY KEY (`calendarsharedtypeid`)
) ENGINE=InnoDB AUTO_INCREMENT=4 DEFAULT CHARSET=utf8mb3;
/*!40101 SET character_set_client = @saved_cs_client */;

--
-- Dumping data for table `vtiger_calendarsharedtype`
--

LOCK TABLES `vtiger_calendarsharedtype` WRITE;
/*!40000 ALTER TABLE `vtiger_calendarsharedtype` DISABLE KEYS */;
INSERT INTO `vtiger_calendarsharedtype` VALUES (1,'public',0,1),(2,'private',1,1),(3,'seletedusers',2,1);
/*!40000 ALTER TABLE `vtiger_calendarsharedtype` ENABLE KEYS */;
UNLOCK TABLES;

--
-- Table structure for table `vtiger_calendarsharedtype_seq`
--

DROP TABLE IF EXISTS `vtiger_calendarsharedtype_seq`;
/*!40101 SET @saved_cs_client     = @@character_set_client */;
/*!50503 SET character_set_client = utf8mb4 */;
CREATE TABLE `vtiger_calendarsharedtype_seq` (
  `id` int NOT NULL
) ENGINE=InnoDB DEFAULT CHARSET=utf8mb3;
/*!40101 SET character_set_client = @saved_cs_client */;

--
-- Dumping data for table `vtiger_calendarsharedtype_seq`
--

LOCK TABLES `vtiger_calendarsharedtype_seq` WRITE;
/*!40000 ALTER TABLE `vtiger_calendarsharedtype_seq` DISABLE KEYS */;
INSERT INTO `vtiger_calendarsharedtype_seq` VALUES (3);
/*!40000 ALTER TABLE `vtiger_calendarsharedtype_seq` ENABLE KEYS */;
UNLOCK TABLES;

--
-- Table structure for table `vtiger_callduration`
--

DROP TABLE IF EXISTS `vtiger_callduration`;
/*!40101 SET @saved_cs_client     = @@character_set_client */;
/*!50503 SET character_set_client = utf8mb4 */;
CREATE TABLE `vtiger_callduration` (
  `calldurationid` int NOT NULL AUTO_INCREMENT,
  `callduration` varchar(200) NOT NULL,
  `sortorderid` int DEFAULT NULL,
  `presence` int NOT NULL DEFAULT '1',
  PRIMARY KEY (`calldurationid`)
) ENGINE=InnoDB AUTO_INCREMENT=6 DEFAULT CHARSET=utf8mb3;
/*!40101 SET character_set_client = @saved_cs_client */;

--
-- Dumping data for table `vtiger_callduration`
--

LOCK TABLES `vtiger_callduration` WRITE;
/*!40000 ALTER TABLE `vtiger_callduration` DISABLE KEYS */;
INSERT INTO `vtiger_callduration` VALUES (1,'5',0,1),(2,'10',1,1),(3,'30',2,1),(4,'60',3,1),(5,'120',4,1);
/*!40000 ALTER TABLE `vtiger_callduration` ENABLE KEYS */;
UNLOCK TABLES;

--
-- Table structure for table `vtiger_callduration_seq`
--

DROP TABLE IF EXISTS `vtiger_callduration_seq`;
/*!40101 SET @saved_cs_client     = @@character_set_client */;
/*!50503 SET character_set_client = utf8mb4 */;
CREATE TABLE `vtiger_callduration_seq` (
  `id` int NOT NULL
) ENGINE=InnoDB DEFAULT CHARSET=utf8mb3;
/*!40101 SET character_set_client = @saved_cs_client */;

--
-- Dumping data for table `vtiger_callduration_seq`
--

LOCK TABLES `vtiger_callduration_seq` WRITE;
/*!40000 ALTER TABLE `vtiger_callduration_seq` DISABLE KEYS */;
INSERT INTO `vtiger_callduration_seq` VALUES (5);
/*!40000 ALTER TABLE `vtiger_callduration_seq` ENABLE KEYS */;
UNLOCK TABLES;

--
-- Table structure for table `vtiger_campaign`
--

DROP TABLE IF EXISTS `vtiger_campaign`;
/*!40101 SET @saved_cs_client     = @@character_set_client */;
/*!50503 SET character_set_client = utf8mb4 */;
CREATE TABLE `vtiger_campaign` (
  `campaign_no` varchar(100) NOT NULL,
  `campaignname` varchar(255) DEFAULT NULL,
  `campaigntype` varchar(200) DEFAULT NULL,
  `campaignstatus` varchar(200) DEFAULT NULL,
  `expectedrevenue` decimal(25,8) DEFAULT NULL,
  `budgetcost` decimal(25,8) DEFAULT NULL,
  `actualcost` decimal(25,8) DEFAULT NULL,
  `expectedresponse` varchar(200) DEFAULT NULL,
  `numsent` decimal(11,0) DEFAULT NULL,
  `product_id` int DEFAULT NULL,
  `sponsor` varchar(255) DEFAULT NULL,
  `targetaudience` varchar(255) DEFAULT NULL,
  `targetsize` int DEFAULT NULL,
  `expectedresponsecount` int DEFAULT NULL,
  `expectedsalescount` int DEFAULT NULL,
  `expectedroi` decimal(25,8) DEFAULT NULL,
  `actualresponsecount` int DEFAULT NULL,
  `actualsalescount` int DEFAULT NULL,
  `actualroi` decimal(25,8) DEFAULT NULL,
  `campaignid` int NOT NULL,
  `closingdate` date DEFAULT NULL,
  `tags` varchar(1) DEFAULT NULL,
  PRIMARY KEY (`campaignid`),
  KEY `campaign_campaignstatus_idx` (`campaignstatus`),
  KEY `campaign_campaignname_idx` (`campaignname`),
  KEY `campaign_campaignid_idx` (`campaignid`),
  CONSTRAINT `fk_crmid_vtiger_campaign` FOREIGN KEY (`campaignid`) REFERENCES `vtiger_crmentity` (`crmid`) ON DELETE CASCADE
) ENGINE=InnoDB DEFAULT CHARSET=utf8mb3;
/*!40101 SET character_set_client = @saved_cs_client */;

--
-- Dumping data for table `vtiger_campaign`
--

LOCK TABLES `vtiger_campaign` WRITE;
/*!40000 ALTER TABLE `vtiger_campaign` DISABLE KEYS */;
/*!40000 ALTER TABLE `vtiger_campaign` ENABLE KEYS */;
UNLOCK TABLES;

--
-- Table structure for table `vtiger_campaignaccountrel`
--

DROP TABLE IF EXISTS `vtiger_campaignaccountrel`;
/*!40101 SET @saved_cs_client     = @@character_set_client */;
/*!50503 SET character_set_client = utf8mb4 */;
CREATE TABLE `vtiger_campaignaccountrel` (
  `campaignid` int DEFAULT NULL,
  `accountid` int DEFAULT NULL,
  `campaignrelstatusid` int DEFAULT NULL
) ENGINE=InnoDB DEFAULT CHARSET=utf8mb3;
/*!40101 SET character_set_client = @saved_cs_client */;

--
-- Dumping data for table `vtiger_campaignaccountrel`
--

LOCK TABLES `vtiger_campaignaccountrel` WRITE;
/*!40000 ALTER TABLE `vtiger_campaignaccountrel` DISABLE KEYS */;
/*!40000 ALTER TABLE `vtiger_campaignaccountrel` ENABLE KEYS */;
UNLOCK TABLES;

--
-- Table structure for table `vtiger_campaigncontrel`
--

DROP TABLE IF EXISTS `vtiger_campaigncontrel`;
/*!40101 SET @saved_cs_client     = @@character_set_client */;
/*!50503 SET character_set_client = utf8mb4 */;
CREATE TABLE `vtiger_campaigncontrel` (
  `campaignid` int NOT NULL DEFAULT '0',
  `contactid` int NOT NULL DEFAULT '0',
  `campaignrelstatusid` int NOT NULL DEFAULT '0',
  PRIMARY KEY (`campaignid`,`contactid`,`campaignrelstatusid`),
  KEY `campaigncontrel_contractid_idx` (`contactid`),
  CONSTRAINT `fk_2_vtiger_campaigncontrel` FOREIGN KEY (`contactid`) REFERENCES `vtiger_contactdetails` (`contactid`) ON DELETE CASCADE
) ENGINE=InnoDB DEFAULT CHARSET=utf8mb3;
/*!40101 SET character_set_client = @saved_cs_client */;

--
-- Dumping data for table `vtiger_campaigncontrel`
--

LOCK TABLES `vtiger_campaigncontrel` WRITE;
/*!40000 ALTER TABLE `vtiger_campaigncontrel` DISABLE KEYS */;
/*!40000 ALTER TABLE `vtiger_campaigncontrel` ENABLE KEYS */;
UNLOCK TABLES;

--
-- Table structure for table `vtiger_campaignleadrel`
--

DROP TABLE IF EXISTS `vtiger_campaignleadrel`;
/*!40101 SET @saved_cs_client     = @@character_set_client */;
/*!50503 SET character_set_client = utf8mb4 */;
CREATE TABLE `vtiger_campaignleadrel` (
  `campaignid` int NOT NULL DEFAULT '0',
  `leadid` int NOT NULL DEFAULT '0',
  `campaignrelstatusid` int NOT NULL DEFAULT '0',
  PRIMARY KEY (`campaignid`,`leadid`,`campaignrelstatusid`),
  KEY `campaignleadrel_leadid_campaignid_idx` (`leadid`,`campaignid`),
  CONSTRAINT `fk_2_vtiger_campaignleadrel` FOREIGN KEY (`leadid`) REFERENCES `vtiger_leaddetails` (`leadid`) ON DELETE CASCADE
) ENGINE=InnoDB DEFAULT CHARSET=utf8mb3;
/*!40101 SET character_set_client = @saved_cs_client */;

--
-- Dumping data for table `vtiger_campaignleadrel`
--

LOCK TABLES `vtiger_campaignleadrel` WRITE;
/*!40000 ALTER TABLE `vtiger_campaignleadrel` DISABLE KEYS */;
/*!40000 ALTER TABLE `vtiger_campaignleadrel` ENABLE KEYS */;
UNLOCK TABLES;

--
-- Table structure for table `vtiger_campaignrelstatus`
--

DROP TABLE IF EXISTS `vtiger_campaignrelstatus`;
/*!40101 SET @saved_cs_client     = @@character_set_client */;
/*!50503 SET character_set_client = utf8mb4 */;
CREATE TABLE `vtiger_campaignrelstatus` (
  `campaignrelstatusid` int DEFAULT NULL,
  `campaignrelstatus` varchar(256) DEFAULT NULL,
  `sortorderid` int DEFAULT NULL,
  `presence` int DEFAULT NULL,
  `color` varchar(10) DEFAULT NULL
) ENGINE=InnoDB DEFAULT CHARSET=utf8mb3;
/*!40101 SET character_set_client = @saved_cs_client */;

--
-- Dumping data for table `vtiger_campaignrelstatus`
--

LOCK TABLES `vtiger_campaignrelstatus` WRITE;
/*!40000 ALTER TABLE `vtiger_campaignrelstatus` DISABLE KEYS */;
INSERT INTO `vtiger_campaignrelstatus` VALUES (2,'Contacted - Successful',1,1,NULL),(3,'Contacted - Unsuccessful',2,1,NULL),(4,'Contacted - Never Contact Again',3,1,NULL);
/*!40000 ALTER TABLE `vtiger_campaignrelstatus` ENABLE KEYS */;
UNLOCK TABLES;

--
-- Table structure for table `vtiger_campaignrelstatus_seq`
--

DROP TABLE IF EXISTS `vtiger_campaignrelstatus_seq`;
/*!40101 SET @saved_cs_client     = @@character_set_client */;
/*!50503 SET character_set_client = utf8mb4 */;
CREATE TABLE `vtiger_campaignrelstatus_seq` (
  `id` int NOT NULL
) ENGINE=InnoDB DEFAULT CHARSET=utf8mb3;
/*!40101 SET character_set_client = @saved_cs_client */;

--
-- Dumping data for table `vtiger_campaignrelstatus_seq`
--

LOCK TABLES `vtiger_campaignrelstatus_seq` WRITE;
/*!40000 ALTER TABLE `vtiger_campaignrelstatus_seq` DISABLE KEYS */;
INSERT INTO `vtiger_campaignrelstatus_seq` VALUES (4);
/*!40000 ALTER TABLE `vtiger_campaignrelstatus_seq` ENABLE KEYS */;
UNLOCK TABLES;

--
-- Table structure for table `vtiger_campaignscf`
--

DROP TABLE IF EXISTS `vtiger_campaignscf`;
/*!40101 SET @saved_cs_client     = @@character_set_client */;
/*!50503 SET character_set_client = utf8mb4 */;
CREATE TABLE `vtiger_campaignscf` (
  `campaignid` int NOT NULL DEFAULT '0',
  PRIMARY KEY (`campaignid`),
  CONSTRAINT `fk_1_vtiger_campaignscf` FOREIGN KEY (`campaignid`) REFERENCES `vtiger_campaign` (`campaignid`) ON DELETE CASCADE
) ENGINE=InnoDB DEFAULT CHARSET=utf8mb3;
/*!40101 SET character_set_client = @saved_cs_client */;

--
-- Dumping data for table `vtiger_campaignscf`
--

LOCK TABLES `vtiger_campaignscf` WRITE;
/*!40000 ALTER TABLE `vtiger_campaignscf` DISABLE KEYS */;
/*!40000 ALTER TABLE `vtiger_campaignscf` ENABLE KEYS */;
UNLOCK TABLES;

--
-- Table structure for table `vtiger_campaignstatus`
--

DROP TABLE IF EXISTS `vtiger_campaignstatus`;
/*!40101 SET @saved_cs_client     = @@character_set_client */;
/*!50503 SET character_set_client = utf8mb4 */;
CREATE TABLE `vtiger_campaignstatus` (
  `campaignstatusid` int NOT NULL AUTO_INCREMENT,
  `campaignstatus` varchar(200) NOT NULL,
  `presence` int NOT NULL DEFAULT '1',
  `picklist_valueid` int NOT NULL DEFAULT '0',
  `sortorderid` int DEFAULT NULL,
  `color` varchar(10) DEFAULT NULL,
  PRIMARY KEY (`campaignstatusid`),
  KEY `campaignstatus_campaignstatus_idx` (`campaignstatus`)
) ENGINE=InnoDB AUTO_INCREMENT=7 DEFAULT CHARSET=utf8mb3;
/*!40101 SET character_set_client = @saved_cs_client */;

--
-- Dumping data for table `vtiger_campaignstatus`
--

LOCK TABLES `vtiger_campaignstatus` WRITE;
/*!40000 ALTER TABLE `vtiger_campaignstatus` DISABLE KEYS */;
INSERT INTO `vtiger_campaignstatus` VALUES (2,'Planning',1,15,1,NULL),(3,'Active',1,16,2,NULL),(4,'Inactive',1,17,3,NULL),(5,'Completed',1,18,4,NULL),(6,'Cancelled',1,19,5,NULL);
/*!40000 ALTER TABLE `vtiger_campaignstatus` ENABLE KEYS */;
UNLOCK TABLES;

--
-- Table structure for table `vtiger_campaignstatus_seq`
--

DROP TABLE IF EXISTS `vtiger_campaignstatus_seq`;
/*!40101 SET @saved_cs_client     = @@character_set_client */;
/*!50503 SET character_set_client = utf8mb4 */;
CREATE TABLE `vtiger_campaignstatus_seq` (
  `id` int NOT NULL
) ENGINE=InnoDB DEFAULT CHARSET=utf8mb3;
/*!40101 SET character_set_client = @saved_cs_client */;

--
-- Dumping data for table `vtiger_campaignstatus_seq`
--

LOCK TABLES `vtiger_campaignstatus_seq` WRITE;
/*!40000 ALTER TABLE `vtiger_campaignstatus_seq` DISABLE KEYS */;
INSERT INTO `vtiger_campaignstatus_seq` VALUES (6);
/*!40000 ALTER TABLE `vtiger_campaignstatus_seq` ENABLE KEYS */;
UNLOCK TABLES;

--
-- Table structure for table `vtiger_campaigntype`
--

DROP TABLE IF EXISTS `vtiger_campaigntype`;
/*!40101 SET @saved_cs_client     = @@character_set_client */;
/*!50503 SET character_set_client = utf8mb4 */;
CREATE TABLE `vtiger_campaigntype` (
  `campaigntypeid` int NOT NULL AUTO_INCREMENT,
  `campaigntype` varchar(200) NOT NULL,
  `presence` int NOT NULL DEFAULT '1',
  `picklist_valueid` int NOT NULL DEFAULT '0',
  `sortorderid` int DEFAULT NULL,
  `color` varchar(10) DEFAULT NULL,
  PRIMARY KEY (`campaigntypeid`),
  UNIQUE KEY `campaigntype_campaigntype_idx` (`campaigntype`)
) ENGINE=InnoDB AUTO_INCREMENT=14 DEFAULT CHARSET=utf8mb3;
/*!40101 SET character_set_client = @saved_cs_client */;

--
-- Dumping data for table `vtiger_campaigntype`
--

LOCK TABLES `vtiger_campaigntype` WRITE;
/*!40000 ALTER TABLE `vtiger_campaigntype` DISABLE KEYS */;
INSERT INTO `vtiger_campaigntype` VALUES (2,'Conference',1,21,1,NULL),(3,'Webinar',1,22,2,NULL),(4,'Trade Show',1,23,3,NULL),(5,'Public Relations',1,24,4,NULL),(6,'Partners',1,25,5,NULL),(7,'Referral Program',1,26,6,NULL),(8,'Advertisement',1,27,7,NULL),(9,'Banner Ads',1,28,8,NULL),(10,'Direct Mail',1,29,9,NULL),(11,'Email',1,30,10,NULL),(12,'Telemarketing',1,31,11,NULL),(13,'Others',1,32,12,NULL);
/*!40000 ALTER TABLE `vtiger_campaigntype` ENABLE KEYS */;
UNLOCK TABLES;

--
-- Table structure for table `vtiger_campaigntype_seq`
--

DROP TABLE IF EXISTS `vtiger_campaigntype_seq`;
/*!40101 SET @saved_cs_client     = @@character_set_client */;
/*!50503 SET character_set_client = utf8mb4 */;
CREATE TABLE `vtiger_campaigntype_seq` (
  `id` int NOT NULL
) ENGINE=InnoDB DEFAULT CHARSET=utf8mb3;
/*!40101 SET character_set_client = @saved_cs_client */;

--
-- Dumping data for table `vtiger_campaigntype_seq`
--

LOCK TABLES `vtiger_campaigntype_seq` WRITE;
/*!40000 ALTER TABLE `vtiger_campaigntype_seq` DISABLE KEYS */;
INSERT INTO `vtiger_campaigntype_seq` VALUES (13);
/*!40000 ALTER TABLE `vtiger_campaigntype_seq` ENABLE KEYS */;
UNLOCK TABLES;

--
-- Table structure for table `vtiger_carrier`
--

DROP TABLE IF EXISTS `vtiger_carrier`;
/*!40101 SET @saved_cs_client     = @@character_set_client */;
/*!50503 SET character_set_client = utf8mb4 */;
CREATE TABLE `vtiger_carrier` (
  `carrierid` int NOT NULL AUTO_INCREMENT,
  `carrier` varchar(200) NOT NULL,
  `presence` int NOT NULL DEFAULT '1',
  `picklist_valueid` int NOT NULL DEFAULT '0',
  `sortorderid` int DEFAULT NULL,
  `color` varchar(10) DEFAULT NULL,
  PRIMARY KEY (`carrierid`),
  UNIQUE KEY `carrier_carrier_idx` (`carrier`)
) ENGINE=InnoDB AUTO_INCREMENT=6 DEFAULT CHARSET=utf8mb3;
/*!40101 SET character_set_client = @saved_cs_client */;

--
-- Dumping data for table `vtiger_carrier`
--

LOCK TABLES `vtiger_carrier` WRITE;
/*!40000 ALTER TABLE `vtiger_carrier` DISABLE KEYS */;
INSERT INTO `vtiger_carrier` VALUES (1,'FedEx',1,33,0,NULL),(2,'UPS',1,34,1,NULL),(3,'USPS',1,35,2,NULL),(4,'DHL',1,36,3,NULL),(5,'BlueDart',1,37,4,NULL);
/*!40000 ALTER TABLE `vtiger_carrier` ENABLE KEYS */;
UNLOCK TABLES;

--
-- Table structure for table `vtiger_carrier_seq`
--

DROP TABLE IF EXISTS `vtiger_carrier_seq`;
/*!40101 SET @saved_cs_client     = @@character_set_client */;
/*!50503 SET character_set_client = utf8mb4 */;
CREATE TABLE `vtiger_carrier_seq` (
  `id` int NOT NULL
) ENGINE=InnoDB DEFAULT CHARSET=utf8mb3;
/*!40101 SET character_set_client = @saved_cs_client */;

--
-- Dumping data for table `vtiger_carrier_seq`
--

LOCK TABLES `vtiger_carrier_seq` WRITE;
/*!40000 ALTER TABLE `vtiger_carrier_seq` DISABLE KEYS */;
INSERT INTO `vtiger_carrier_seq` VALUES (5);
/*!40000 ALTER TABLE `vtiger_carrier_seq` ENABLE KEYS */;
UNLOCK TABLES;

--
-- Table structure for table `vtiger_cntactivityrel`
--

DROP TABLE IF EXISTS `vtiger_cntactivityrel`;
/*!40101 SET @saved_cs_client     = @@character_set_client */;
/*!50503 SET character_set_client = utf8mb4 */;
CREATE TABLE `vtiger_cntactivityrel` (
  `contactid` int NOT NULL DEFAULT '0',
  `activityid` int NOT NULL DEFAULT '0',
  PRIMARY KEY (`contactid`,`activityid`),
  KEY `cntactivityrel_contactid_idx` (`contactid`),
  KEY `cntactivityrel_activityid_idx` (`activityid`),
  CONSTRAINT `fk_2_vtiger_cntactivityrel` FOREIGN KEY (`contactid`) REFERENCES `vtiger_contactdetails` (`contactid`) ON DELETE CASCADE
) ENGINE=InnoDB DEFAULT CHARSET=utf8mb3;
/*!40101 SET character_set_client = @saved_cs_client */;

--
-- Dumping data for table `vtiger_cntactivityrel`
--

LOCK TABLES `vtiger_cntactivityrel` WRITE;
/*!40000 ALTER TABLE `vtiger_cntactivityrel` DISABLE KEYS */;
/*!40000 ALTER TABLE `vtiger_cntactivityrel` ENABLE KEYS */;
UNLOCK TABLES;

--
-- Table structure for table `vtiger_contactaddress`
--

DROP TABLE IF EXISTS `vtiger_contactaddress`;
/*!40101 SET @saved_cs_client     = @@character_set_client */;
/*!50503 SET character_set_client = utf8mb4 */;
CREATE TABLE `vtiger_contactaddress` (
  `contactaddressid` int NOT NULL DEFAULT '0',
  `mailingcity` varchar(40) DEFAULT NULL,
  `mailingstreet` varchar(250) DEFAULT NULL,
  `mailingcountry` varchar(40) DEFAULT NULL,
  `othercountry` varchar(30) DEFAULT NULL,
  `mailingstate` varchar(30) DEFAULT NULL,
  `mailingpobox` varchar(30) DEFAULT NULL,
  `othercity` varchar(40) DEFAULT NULL,
  `otherstate` varchar(50) DEFAULT NULL,
  `mailingzip` varchar(30) DEFAULT NULL,
  `otherzip` varchar(30) DEFAULT NULL,
  `otherstreet` varchar(250) DEFAULT NULL,
  `otherpobox` varchar(30) DEFAULT NULL,
  PRIMARY KEY (`contactaddressid`),
  CONSTRAINT `fk_1_vtiger_contactaddress` FOREIGN KEY (`contactaddressid`) REFERENCES `vtiger_contactdetails` (`contactid`) ON DELETE CASCADE
) ENGINE=InnoDB DEFAULT CHARSET=utf8mb3;
/*!40101 SET character_set_client = @saved_cs_client */;

--
-- Dumping data for table `vtiger_contactaddress`
--

LOCK TABLES `vtiger_contactaddress` WRITE;
/*!40000 ALTER TABLE `vtiger_contactaddress` DISABLE KEYS */;
INSERT INTO `vtiger_contactaddress` VALUES (5,'','','','','','','','','','','',''),(6,'','','','','','','','','','','',''),(7,'','','','','','','','','','','',''),(11,'','','','','','','','','','','','');
/*!40000 ALTER TABLE `vtiger_contactaddress` ENABLE KEYS */;
UNLOCK TABLES;

--
-- Table structure for table `vtiger_contactdetails`
--

DROP TABLE IF EXISTS `vtiger_contactdetails`;
/*!40101 SET @saved_cs_client     = @@character_set_client */;
/*!50503 SET character_set_client = utf8mb4 */;
CREATE TABLE `vtiger_contactdetails` (
  `contactid` int NOT NULL DEFAULT '0',
  `contact_no` varchar(100) NOT NULL,
  `accountid` int DEFAULT NULL,
  `salutation` varchar(200) DEFAULT NULL,
  `firstname` varchar(40) DEFAULT NULL,
  `lastname` varchar(80) NOT NULL,
  `email` varchar(100) DEFAULT NULL,
  `phone` varchar(50) DEFAULT NULL,
  `mobile` varchar(50) DEFAULT NULL,
  `title` varchar(50) DEFAULT NULL,
  `department` varchar(30) DEFAULT NULL,
  `fax` varchar(50) DEFAULT NULL,
  `reportsto` varchar(30) DEFAULT NULL,
  `training` varchar(50) DEFAULT NULL,
  `usertype` varchar(50) DEFAULT NULL,
  `contacttype` varchar(50) DEFAULT NULL,
  `otheremail` varchar(100) DEFAULT NULL,
  `secondaryemail` varchar(100) DEFAULT NULL,
  `donotcall` varchar(3) DEFAULT NULL,
  `emailoptout` varchar(3) DEFAULT '0',
  `imagename` varchar(150) DEFAULT NULL,
  `reference` varchar(3) DEFAULT NULL,
  `notify_owner` varchar(3) DEFAULT '0',
  `splastsms` datetime DEFAULT NULL,
  `isconvertedfromlead` varchar(3) DEFAULT '0',
  `tags` varchar(1) DEFAULT NULL,
  `cf_nrl_contacts598_id` int DEFAULT NULL,
  `attendant_category` varchar(255) DEFAULT NULL,
  `attendant_gender` varchar(255) DEFAULT NULL,
  `attendant_hired` date DEFAULT NULL,
  `attendant_status` varchar(255) DEFAULT NULL,
  `Metro_station` varchar(255) DEFAULT NULL,
  `type` varchar(255) DEFAULT NULL,
  `vehicle_data` varchar(250) DEFAULT NULL,
  `gender` varchar(255) DEFAULT NULL,
  `resume` varchar(250) DEFAULT NULL,
  `payment_data` varchar(250) DEFAULT NULL,
  `cf_nrl_contacts358_id` int DEFAULT NULL,
  `cf_nrl_contacts50_id` int DEFAULT NULL,
  `cf_nrl_contacts706_id` int DEFAULT NULL,
  `cf_nrl_contacts753_id` int DEFAULT NULL,
  `car_model` varchar(255) DEFAULT NULL,
  `car_year` varchar(255) DEFAULT NULL,
  `middle_name` varchar(255) DEFAULT NULL,
  PRIMARY KEY (`contactid`),
  KEY `contactdetails_accountid_idx` (`accountid`),
  KEY `email_idx` (`email`),
  KEY `cf_nrl_contacts598_id_index` (`cf_nrl_contacts598_id`) USING BTREE,
  KEY `cf_nrl_contacts358_id_index` (`cf_nrl_contacts358_id`) USING BTREE,
  KEY `cf_nrl_contacts50_id_index` (`cf_nrl_contacts50_id`) USING BTREE,
  KEY `cf_nrl_contacts706_id_index` (`cf_nrl_contacts706_id`) USING BTREE,
  KEY `cf_nrl_contacts753_id_index` (`cf_nrl_contacts753_id`) USING BTREE,
  CONSTRAINT `fk_1_vtiger_contactdetails` FOREIGN KEY (`contactid`) REFERENCES `vtiger_crmentity` (`crmid`) ON DELETE CASCADE
) ENGINE=InnoDB DEFAULT CHARSET=utf8mb3;
/*!40101 SET character_set_client = @saved_cs_client */;

--
-- Dumping data for table `vtiger_contactdetails`
--

LOCK TABLES `vtiger_contactdetails` WRITE;
/*!40000 ALTER TABLE `vtiger_contactdetails` DISABLE KEYS */;
INSERT INTO `vtiger_contactdetails` VALUES (5,'КОНТАКТ_1',0,'','Эрик','Королев','erickorolev@gmail.com','','','','','','0',NULL,NULL,NULL,NULL,'','0','0','','0','0',NULL,'0','',NULL,NULL,NULL,NULL,NULL,NULL,NULL,NULL,NULL,NULL,NULL,NULL,NULL,NULL,NULL,NULL,NULL,NULL),(6,'КОНТАКТ_2',0,'','Эрик','Королев','erickorolev@gmail.com','','','','','','0',NULL,NULL,NULL,NULL,'','0','0','','0','0',NULL,'0','',NULL,NULL,NULL,NULL,NULL,NULL,NULL,NULL,NULL,NULL,NULL,NULL,NULL,NULL,NULL,NULL,NULL,NULL),(7,'КОНТАКТ_3',0,'','Эрик','Королев','erickorolev@gmail.com','','','','','','0',NULL,NULL,NULL,NULL,'','0','0','','0','0',NULL,'0','',NULL,NULL,NULL,NULL,NULL,NULL,'Client',NULL,NULL,NULL,NULL,NULL,NULL,NULL,NULL,NULL,NULL,NULL),(11,'КОНТАКТ_4',0,'','Иван','Петров','','','','','','','0',NULL,NULL,NULL,NULL,'','0','0','','0','0',NULL,'1','',NULL,NULL,NULL,NULL,NULL,NULL,'Client',NULL,NULL,NULL,NULL,NULL,NULL,NULL,NULL,NULL,NULL,NULL);
/*!40000 ALTER TABLE `vtiger_contactdetails` ENABLE KEYS */;
UNLOCK TABLES;

--
-- Table structure for table `vtiger_contactscf`
--

DROP TABLE IF EXISTS `vtiger_contactscf`;
/*!40101 SET @saved_cs_client     = @@character_set_client */;
/*!50503 SET character_set_client = utf8mb4 */;
CREATE TABLE `vtiger_contactscf` (
  `contactid` int NOT NULL DEFAULT '0',
  `vk_url` varchar(155) DEFAULT NULL,
  `tw_url` varchar(155) DEFAULT NULL,
  PRIMARY KEY (`contactid`),
  CONSTRAINT `fk_1_vtiger_contactscf` FOREIGN KEY (`contactid`) REFERENCES `vtiger_contactdetails` (`contactid`) ON DELETE CASCADE
) ENGINE=InnoDB DEFAULT CHARSET=utf8mb3;
/*!40101 SET character_set_client = @saved_cs_client */;

--
-- Dumping data for table `vtiger_contactscf`
--

LOCK TABLES `vtiger_contactscf` WRITE;
/*!40000 ALTER TABLE `vtiger_contactscf` DISABLE KEYS */;
INSERT INTO `vtiger_contactscf` VALUES (5,'',''),(6,'',''),(7,'',''),(11,'','');
/*!40000 ALTER TABLE `vtiger_contactscf` ENABLE KEYS */;
UNLOCK TABLES;

--
-- Table structure for table `vtiger_contactsubdetails`
--

DROP TABLE IF EXISTS `vtiger_contactsubdetails`;
/*!40101 SET @saved_cs_client     = @@character_set_client */;
/*!50503 SET character_set_client = utf8mb4 */;
CREATE TABLE `vtiger_contactsubdetails` (
  `contactsubscriptionid` int NOT NULL DEFAULT '0',
  `homephone` varchar(50) DEFAULT NULL,
  `otherphone` varchar(50) DEFAULT NULL,
  `assistant` varchar(30) DEFAULT NULL,
  `assistantphone` varchar(50) DEFAULT NULL,
  `birthday` date DEFAULT NULL,
  `laststayintouchrequest` int DEFAULT '0',
  `laststayintouchsavedate` int DEFAULT '0',
  `leadsource` varchar(200) DEFAULT NULL,
  PRIMARY KEY (`contactsubscriptionid`),
  CONSTRAINT `fk_1_vtiger_contactsubdetails` FOREIGN KEY (`contactsubscriptionid`) REFERENCES `vtiger_contactdetails` (`contactid`) ON DELETE CASCADE
) ENGINE=InnoDB DEFAULT CHARSET=utf8mb3;
/*!40101 SET character_set_client = @saved_cs_client */;

--
-- Dumping data for table `vtiger_contactsubdetails`
--

LOCK TABLES `vtiger_contactsubdetails` WRITE;
/*!40000 ALTER TABLE `vtiger_contactsubdetails` DISABLE KEYS */;
INSERT INTO `vtiger_contactsubdetails` VALUES (5,'','','','',NULL,0,0,''),(6,'','','','',NULL,0,0,''),(7,'','','','',NULL,0,0,''),(11,'','','','',NULL,0,0,'');
/*!40000 ALTER TABLE `vtiger_contactsubdetails` ENABLE KEYS */;
UNLOCK TABLES;

--
-- Table structure for table `vtiger_contpotentialrel`
--

DROP TABLE IF EXISTS `vtiger_contpotentialrel`;
/*!40101 SET @saved_cs_client     = @@character_set_client */;
/*!50503 SET character_set_client = utf8mb4 */;
CREATE TABLE `vtiger_contpotentialrel` (
  `contactid` int NOT NULL DEFAULT '0',
  `potentialid` int NOT NULL DEFAULT '0',
  PRIMARY KEY (`contactid`,`potentialid`),
  KEY `contpotentialrel_potentialid_idx` (`potentialid`),
  KEY `contpotentialrel_contactid_idx` (`contactid`),
  CONSTRAINT `fk_2_vtiger_contpotentialrel` FOREIGN KEY (`potentialid`) REFERENCES `vtiger_potential` (`potentialid`) ON DELETE CASCADE
) ENGINE=InnoDB DEFAULT CHARSET=utf8mb3;
/*!40101 SET character_set_client = @saved_cs_client */;

--
-- Dumping data for table `vtiger_contpotentialrel`
--

LOCK TABLES `vtiger_contpotentialrel` WRITE;
/*!40000 ALTER TABLE `vtiger_contpotentialrel` DISABLE KEYS */;
/*!40000 ALTER TABLE `vtiger_contpotentialrel` ENABLE KEYS */;
UNLOCK TABLES;

--
-- Table structure for table `vtiger_contract_priority`
--

DROP TABLE IF EXISTS `vtiger_contract_priority`;
/*!40101 SET @saved_cs_client     = @@character_set_client */;
/*!50503 SET character_set_client = utf8mb4 */;
CREATE TABLE `vtiger_contract_priority` (
  `contract_priorityid` int NOT NULL AUTO_INCREMENT,
  `contract_priority` varchar(200) NOT NULL,
  `presence` int NOT NULL DEFAULT '1',
  `picklist_valueid` int NOT NULL DEFAULT '0',
  `sortorderid` int DEFAULT '0',
  `color` varchar(10) DEFAULT NULL,
  PRIMARY KEY (`contract_priorityid`)
) ENGINE=InnoDB AUTO_INCREMENT=4 DEFAULT CHARSET=utf8mb3;
/*!40101 SET character_set_client = @saved_cs_client */;

--
-- Dumping data for table `vtiger_contract_priority`
--

LOCK TABLES `vtiger_contract_priority` WRITE;
/*!40000 ALTER TABLE `vtiger_contract_priority` DISABLE KEYS */;
INSERT INTO `vtiger_contract_priority` VALUES (1,'Low',1,219,1,NULL),(2,'Normal',1,220,2,NULL),(3,'High',1,221,3,NULL);
/*!40000 ALTER TABLE `vtiger_contract_priority` ENABLE KEYS */;
UNLOCK TABLES;

--
-- Table structure for table `vtiger_contract_priority_seq`
--

DROP TABLE IF EXISTS `vtiger_contract_priority_seq`;
/*!40101 SET @saved_cs_client     = @@character_set_client */;
/*!50503 SET character_set_client = utf8mb4 */;
CREATE TABLE `vtiger_contract_priority_seq` (
  `id` int NOT NULL
) ENGINE=InnoDB DEFAULT CHARSET=utf8mb3;
/*!40101 SET character_set_client = @saved_cs_client */;

--
-- Dumping data for table `vtiger_contract_priority_seq`
--

LOCK TABLES `vtiger_contract_priority_seq` WRITE;
/*!40000 ALTER TABLE `vtiger_contract_priority_seq` DISABLE KEYS */;
INSERT INTO `vtiger_contract_priority_seq` VALUES (3);
/*!40000 ALTER TABLE `vtiger_contract_priority_seq` ENABLE KEYS */;
UNLOCK TABLES;

--
-- Table structure for table `vtiger_contract_status`
--

DROP TABLE IF EXISTS `vtiger_contract_status`;
/*!40101 SET @saved_cs_client     = @@character_set_client */;
/*!50503 SET character_set_client = utf8mb4 */;
CREATE TABLE `vtiger_contract_status` (
  `contract_statusid` int NOT NULL AUTO_INCREMENT,
  `contract_status` varchar(200) NOT NULL,
  `presence` int NOT NULL DEFAULT '1',
  `picklist_valueid` int NOT NULL DEFAULT '0',
  `sortorderid` int DEFAULT '0',
  `color` varchar(10) DEFAULT NULL,
  PRIMARY KEY (`contract_statusid`)
) ENGINE=InnoDB AUTO_INCREMENT=7 DEFAULT CHARSET=utf8mb3;
/*!40101 SET character_set_client = @saved_cs_client */;

--
-- Dumping data for table `vtiger_contract_status`
--

LOCK TABLES `vtiger_contract_status` WRITE;
/*!40000 ALTER TABLE `vtiger_contract_status` DISABLE KEYS */;
INSERT INTO `vtiger_contract_status` VALUES (1,'Undefined',1,213,1,NULL),(2,'In Planning',1,214,2,NULL),(3,'In Progress',1,215,3,NULL),(4,'On Hold',1,216,4,NULL),(5,'Complete',0,217,5,NULL),(6,'Archived',1,218,6,NULL);
/*!40000 ALTER TABLE `vtiger_contract_status` ENABLE KEYS */;
UNLOCK TABLES;

--
-- Table structure for table `vtiger_contract_status_seq`
--

DROP TABLE IF EXISTS `vtiger_contract_status_seq`;
/*!40101 SET @saved_cs_client     = @@character_set_client */;
/*!50503 SET character_set_client = utf8mb4 */;
CREATE TABLE `vtiger_contract_status_seq` (
  `id` int NOT NULL
) ENGINE=InnoDB DEFAULT CHARSET=utf8mb3;
/*!40101 SET character_set_client = @saved_cs_client */;

--
-- Dumping data for table `vtiger_contract_status_seq`
--

LOCK TABLES `vtiger_contract_status_seq` WRITE;
/*!40000 ALTER TABLE `vtiger_contract_status_seq` DISABLE KEYS */;
INSERT INTO `vtiger_contract_status_seq` VALUES (6);
/*!40000 ALTER TABLE `vtiger_contract_status_seq` ENABLE KEYS */;
UNLOCK TABLES;

--
-- Table structure for table `vtiger_contract_type`
--

DROP TABLE IF EXISTS `vtiger_contract_type`;
/*!40101 SET @saved_cs_client     = @@character_set_client */;
/*!50503 SET character_set_client = utf8mb4 */;
CREATE TABLE `vtiger_contract_type` (
  `contract_typeid` int NOT NULL AUTO_INCREMENT,
  `contract_type` varchar(200) NOT NULL,
  `presence` int NOT NULL DEFAULT '1',
  `picklist_valueid` int NOT NULL DEFAULT '0',
  `sortorderid` int DEFAULT '0',
  `color` varchar(10) DEFAULT NULL,
  PRIMARY KEY (`contract_typeid`)
) ENGINE=InnoDB AUTO_INCREMENT=4 DEFAULT CHARSET=utf8mb3;
/*!40101 SET character_set_client = @saved_cs_client */;

--
-- Dumping data for table `vtiger_contract_type`
--

LOCK TABLES `vtiger_contract_type` WRITE;
/*!40000 ALTER TABLE `vtiger_contract_type` DISABLE KEYS */;
INSERT INTO `vtiger_contract_type` VALUES (1,'Support',1,222,1,NULL),(2,'Services',1,223,2,NULL),(3,'Administrative',1,224,3,NULL);
/*!40000 ALTER TABLE `vtiger_contract_type` ENABLE KEYS */;
UNLOCK TABLES;

--
-- Table structure for table `vtiger_contract_type_seq`
--

DROP TABLE IF EXISTS `vtiger_contract_type_seq`;
/*!40101 SET @saved_cs_client     = @@character_set_client */;
/*!50503 SET character_set_client = utf8mb4 */;
CREATE TABLE `vtiger_contract_type_seq` (
  `id` int NOT NULL
) ENGINE=InnoDB DEFAULT CHARSET=utf8mb3;
/*!40101 SET character_set_client = @saved_cs_client */;

--
-- Dumping data for table `vtiger_contract_type_seq`
--

LOCK TABLES `vtiger_contract_type_seq` WRITE;
/*!40000 ALTER TABLE `vtiger_contract_type_seq` DISABLE KEYS */;
INSERT INTO `vtiger_contract_type_seq` VALUES (3);
/*!40000 ALTER TABLE `vtiger_contract_type_seq` ENABLE KEYS */;
UNLOCK TABLES;

--
-- Table structure for table `vtiger_convertleadmapping`
--

DROP TABLE IF EXISTS `vtiger_convertleadmapping`;
/*!40101 SET @saved_cs_client     = @@character_set_client */;
/*!50503 SET character_set_client = utf8mb4 */;
CREATE TABLE `vtiger_convertleadmapping` (
  `cfmid` int NOT NULL AUTO_INCREMENT,
  `leadfid` int NOT NULL,
  `accountfid` int DEFAULT NULL,
  `contactfid` int DEFAULT NULL,
  `potentialfid` int DEFAULT NULL,
  `editable` int DEFAULT '1',
  PRIMARY KEY (`cfmid`)
) ENGINE=InnoDB AUTO_INCREMENT=31 DEFAULT CHARSET=utf8mb3;
/*!40101 SET character_set_client = @saved_cs_client */;

--
-- Dumping data for table `vtiger_convertleadmapping`
--

LOCK TABLES `vtiger_convertleadmapping` WRITE;
/*!40000 ALTER TABLE `vtiger_convertleadmapping` DISABLE KEYS */;
INSERT INTO `vtiger_convertleadmapping` VALUES (1,46,1,0,115,0),(2,52,14,0,0,1),(3,43,3,73,0,1),(4,47,5,81,0,1),(5,55,13,0,0,1),(6,49,9,84,0,0),(7,51,4,0,0,1),(8,65,29,103,0,1),(9,64,33,0,0,1),(10,66,35,109,0,1),(11,67,31,105,0,1),(12,63,27,101,0,1),(13,68,37,111,0,1),(14,65,30,0,0,1),(15,64,34,0,0,1),(16,66,36,0,0,1),(17,67,32,0,0,1),(18,63,28,0,0,1),(19,68,38,0,0,1),(20,69,39,114,130,1),(21,40,0,70,0,1),(22,41,0,71,0,0),(23,44,0,74,0,0),(24,45,0,75,0,1),(25,48,0,80,0,1),(26,58,0,87,0,1),(27,50,0,78,122,1),(28,53,0,0,0,1),(29,56,10,0,0,1),(30,54,17,0,0,1);
/*!40000 ALTER TABLE `vtiger_convertleadmapping` ENABLE KEYS */;
UNLOCK TABLES;

--
-- Table structure for table `vtiger_convertpotentialmapping`
--

DROP TABLE IF EXISTS `vtiger_convertpotentialmapping`;
/*!40101 SET @saved_cs_client     = @@character_set_client */;
/*!50503 SET character_set_client = utf8mb4 */;
CREATE TABLE `vtiger_convertpotentialmapping` (
  `cfmid` int NOT NULL AUTO_INCREMENT,
  `potentialfid` int NOT NULL,
  `projectfid` int DEFAULT NULL,
  `editable` int DEFAULT '1',
  PRIMARY KEY (`cfmid`)
) ENGINE=InnoDB AUTO_INCREMENT=3 DEFAULT CHARSET=utf8mb3;
/*!40101 SET character_set_client = @saved_cs_client */;

--
-- Dumping data for table `vtiger_convertpotentialmapping`
--

LOCK TABLES `vtiger_convertpotentialmapping` WRITE;
/*!40000 ALTER TABLE `vtiger_convertpotentialmapping` DISABLE KEYS */;
INSERT INTO `vtiger_convertpotentialmapping` VALUES (1,115,836,NULL),(2,130,852,NULL);
/*!40000 ALTER TABLE `vtiger_convertpotentialmapping` ENABLE KEYS */;
UNLOCK TABLES;

--
-- Table structure for table `vtiger_crmentity`
--

DROP TABLE IF EXISTS `vtiger_crmentity`;
/*!40101 SET @saved_cs_client     = @@character_set_client */;
/*!50503 SET character_set_client = utf8mb4 */;
CREATE TABLE `vtiger_crmentity` (
  `crmid` int NOT NULL,
  `smcreatorid` int NOT NULL DEFAULT '0',
  `smownerid` int NOT NULL DEFAULT '0',
  `modifiedby` int NOT NULL DEFAULT '0',
  `setype` varchar(100) DEFAULT NULL,
  `description` mediumtext,
  `createdtime` datetime NOT NULL,
  `modifiedtime` datetime NOT NULL,
  `viewedtime` datetime DEFAULT NULL,
  `status` varchar(50) DEFAULT NULL,
  `version` int NOT NULL DEFAULT '0',
  `presence` int DEFAULT '1',
  `deleted` int NOT NULL DEFAULT '0',
  `smgroupid` int DEFAULT NULL,
  `source` varchar(100) DEFAULT NULL,
  `label` varchar(255) DEFAULT NULL,
  PRIMARY KEY (`crmid`),
  KEY `crmentity_smcreatorid_idx` (`smcreatorid`),
  KEY `crmentity_modifiedby_idx` (`modifiedby`),
  KEY `crmentity_deleted_idx` (`deleted`),
  KEY `crm_ownerid_del_setype_idx` (`smownerid`,`deleted`,`setype`),
  KEY `vtiger_crmentity_labelidx` (`label`)
) ENGINE=InnoDB DEFAULT CHARSET=utf8mb3;
/*!40101 SET character_set_client = @saved_cs_client */;

--
-- Dumping data for table `vtiger_crmentity`
--

LOCK TABLES `vtiger_crmentity` WRITE;
/*!40000 ALTER TABLE `vtiger_crmentity` DISABLE KEYS */;
INSERT INTO `vtiger_crmentity` VALUES (2,1,1,1,'Accounts','','2021-06-24 09:41:41','2021-06-24 09:41:41',NULL,NULL,0,1,0,0,'CRM','Тестовая компания'),(3,1,1,1,'Products','','2021-06-24 09:42:29','2021-06-24 09:42:42',NULL,NULL,0,1,0,0,'CRM','Тестовый товар'),(4,1,1,1,'Invoice','','2021-06-24 09:42:51','2021-07-05 15:46:23',NULL,NULL,0,1,1,0,'CRM','Тестовый счет'),(5,1,1,1,'Contacts','','2021-06-28 16:55:19','2021-06-29 09:25:22',NULL,NULL,0,1,1,0,'CRM','Эрик Королев'),(6,1,1,1,'Contacts','','2021-06-29 09:29:37','2021-06-29 10:14:32',NULL,NULL,0,1,1,0,'CRM','Эрик Королев'),(7,1,1,1,'Contacts','','2021-06-29 10:15:38','2021-07-07 11:49:34',NULL,NULL,0,1,0,0,'CRM','Эрик Королев'),(8,1,1,1,'Leads','','2021-07-01 15:20:29','2021-07-01 15:41:35',NULL,NULL,0,1,0,0,'CRM','Иван Петров'),(9,1,1,1,'ModComments',NULL,'2021-07-01 15:25:22','2021-07-01 15:25:22',NULL,NULL,0,1,0,0,'CRM','Первый'),(10,1,1,1,'ModComments',NULL,'2021-07-01 15:25:30','2021-07-01 15:25:30',NULL,NULL,0,1,0,0,'CRM','Отправить КП'),(11,1,1,1,'Contacts','','2021-07-01 15:41:35','2021-07-07 11:49:23',NULL,NULL,0,1,0,0,'CRM','Иван Петров'),(12,1,1,1,'Potentials','','2021-07-01 15:41:35','2021-07-01 15:41:35',NULL,NULL,0,1,0,0,'CRM','Иван Петров'),(13,1,1,1,'Services','','2021-07-06 16:29:37','2021-07-06 16:29:37',NULL,NULL,0,1,0,0,'CRM','test'),(14,1,1,1,'Services','','2021-07-07 11:46:20','2021-07-07 11:46:20',NULL,NULL,0,1,0,0,'CRM','Сопровождение 1 ребенка'),(15,1,1,1,'Quotes',NULL,'2021-07-07 11:47:30','2021-07-07 11:47:30',NULL,NULL,0,1,0,0,'CRM','Тестовое КП'),(16,1,1,1,'Leads','','2021-07-11 15:07:52','2021-07-13 13:33:15',NULL,NULL,0,1,1,0,'CRM','Иван Петров'),(17,1,1,1,'Timetable','','2021-07-11 15:20:23','2021-07-11 15:20:23',NULL,NULL,0,1,0,0,'CRM','Адрес 1'),(18,1,1,1,'Quotes',NULL,'2021-07-11 15:22:14','2021-07-11 15:22:14',NULL,NULL,0,1,0,0,'CRM','Тестовое КП'),(19,1,1,1,'Trips','','2021-07-12 10:40:51','2021-07-12 10:41:00',NULL,NULL,0,1,1,0,'CRM','Адрес 1');
/*!40000 ALTER TABLE `vtiger_crmentity` ENABLE KEYS */;
UNLOCK TABLES;

--
-- Table structure for table `vtiger_crmentity_seq`
--

DROP TABLE IF EXISTS `vtiger_crmentity_seq`;
/*!40101 SET @saved_cs_client     = @@character_set_client */;
/*!50503 SET character_set_client = utf8mb4 */;
CREATE TABLE `vtiger_crmentity_seq` (
  `id` int NOT NULL
) ENGINE=InnoDB DEFAULT CHARSET=utf8mb3;
/*!40101 SET character_set_client = @saved_cs_client */;

--
-- Dumping data for table `vtiger_crmentity_seq`
--

LOCK TABLES `vtiger_crmentity_seq` WRITE;
/*!40000 ALTER TABLE `vtiger_crmentity_seq` DISABLE KEYS */;
INSERT INTO `vtiger_crmentity_seq` VALUES (19);
/*!40000 ALTER TABLE `vtiger_crmentity_seq` ENABLE KEYS */;
UNLOCK TABLES;

--
-- Table structure for table `vtiger_crmentity_user_field`
--

DROP TABLE IF EXISTS `vtiger_crmentity_user_field`;
/*!40101 SET @saved_cs_client     = @@character_set_client */;
/*!50503 SET character_set_client = utf8mb4 */;
CREATE TABLE `vtiger_crmentity_user_field` (
  `recordid` int NOT NULL,
  `userid` int NOT NULL,
  `starred` varchar(100) DEFAULT NULL,
  KEY `record_user_idx` (`recordid`,`userid`),
  CONSTRAINT `fk_vtiger_crmentity_user_field_recordid` FOREIGN KEY (`recordid`) REFERENCES `vtiger_crmentity` (`crmid`) ON DELETE CASCADE
) ENGINE=InnoDB DEFAULT CHARSET=utf8mb3;
/*!40101 SET character_set_client = @saved_cs_client */;

--
-- Dumping data for table `vtiger_crmentity_user_field`
--

LOCK TABLES `vtiger_crmentity_user_field` WRITE;
/*!40000 ALTER TABLE `vtiger_crmentity_user_field` DISABLE KEYS */;
INSERT INTO `vtiger_crmentity_user_field` VALUES (2,1,'0'),(3,1,'0'),(4,1,'0'),(5,1,'0'),(6,1,'0'),(7,1,'0'),(8,1,'0'),(11,1,'0'),(12,1,'0'),(13,1,'0'),(14,1,'0'),(15,1,'0'),(16,1,'0'),(17,1,'0'),(18,1,'0'),(19,1,'0');
/*!40000 ALTER TABLE `vtiger_crmentity_user_field` ENABLE KEYS */;
UNLOCK TABLES;

--
-- Table structure for table `vtiger_crmentityrel`
--

DROP TABLE IF EXISTS `vtiger_crmentityrel`;
/*!40101 SET @saved_cs_client     = @@character_set_client */;
/*!50503 SET character_set_client = utf8mb4 */;
CREATE TABLE `vtiger_crmentityrel` (
  `crmid` int NOT NULL,
  `module` varchar(100) NOT NULL,
  `relcrmid` int NOT NULL,
  `relmodule` varchar(100) NOT NULL,
  KEY `idx_crmentityrel_crmid` (`crmid`),
  KEY `idx_crmentityrel_relcrmid` (`relcrmid`),
  KEY `crmid_idx` (`crmid`),
  KEY `relcrmid_idx` (`relcrmid`)
) ENGINE=InnoDB DEFAULT CHARSET=utf8mb3;
/*!40101 SET character_set_client = @saved_cs_client */;

--
-- Dumping data for table `vtiger_crmentityrel`
--

LOCK TABLES `vtiger_crmentityrel` WRITE;
/*!40000 ALTER TABLE `vtiger_crmentityrel` DISABLE KEYS */;
/*!40000 ALTER TABLE `vtiger_crmentityrel` ENABLE KEYS */;
UNLOCK TABLES;

--
-- Table structure for table `vtiger_crmsetup`
--

DROP TABLE IF EXISTS `vtiger_crmsetup`;
/*!40101 SET @saved_cs_client     = @@character_set_client */;
/*!50503 SET character_set_client = utf8mb4 */;
CREATE TABLE `vtiger_crmsetup` (
  `userid` int DEFAULT NULL,
  `setup_status` int DEFAULT NULL
) ENGINE=InnoDB DEFAULT CHARSET=utf8mb3;
/*!40101 SET character_set_client = @saved_cs_client */;

--
-- Dumping data for table `vtiger_crmsetup`
--

LOCK TABLES `vtiger_crmsetup` WRITE;
/*!40000 ALTER TABLE `vtiger_crmsetup` DISABLE KEYS */;
INSERT INTO `vtiger_crmsetup` VALUES (1,1);
/*!40000 ALTER TABLE `vtiger_crmsetup` ENABLE KEYS */;
UNLOCK TABLES;

--
-- Table structure for table `vtiger_cron_task`
--

DROP TABLE IF EXISTS `vtiger_cron_task`;
/*!40101 SET @saved_cs_client     = @@character_set_client */;
/*!50503 SET character_set_client = utf8mb4 */;
CREATE TABLE `vtiger_cron_task` (
  `id` int NOT NULL AUTO_INCREMENT,
  `name` varchar(100) DEFAULT NULL,
  `handler_file` varchar(100) DEFAULT NULL,
  `frequency` int DEFAULT NULL,
  `laststart` int unsigned DEFAULT NULL,
  `lastend` int unsigned DEFAULT NULL,
  `status` int DEFAULT NULL,
  `module` varchar(100) DEFAULT NULL,
  `sequence` int DEFAULT NULL,
  `description` text,
  PRIMARY KEY (`id`),
  UNIQUE KEY `name` (`name`),
  UNIQUE KEY `handler_file` (`handler_file`)
) ENGINE=InnoDB AUTO_INCREMENT=10 DEFAULT CHARSET=utf8mb3;
/*!40101 SET character_set_client = @saved_cs_client */;

--
-- Dumping data for table `vtiger_cron_task`
--

LOCK TABLES `vtiger_cron_task` WRITE;
/*!40000 ALTER TABLE `vtiger_cron_task` DISABLE KEYS */;
INSERT INTO `vtiger_cron_task` VALUES (1,'Workflow','cron/modules/com_vtiger_workflow/com_vtiger_workflow.service',900,1624868701,1624868701,1,'com_vtiger_workflow',1,'Рекомендуемая частота обновления для Обработчиков - 15 минут'),(2,'RecurringInvoice','cron/modules/SalesOrder/RecurringInvoice.service',43200,1624838101,1624838101,1,'SalesOrder',2,'Рекомендуемая частота обновления для RecurringInvoice - 12 часов'),(3,'SendReminder','cron/SendReminder.service',900,1624868701,1624868701,1,'Calendar',3,'Рекомендуемая частота обновления для SendReminder - 15 минут'),(5,'MailScanner','cron/MailScanner.service',900,1624868701,1624868701,1,'Settings',5,'Рекомендуемая частота обновления для MailScanner - 15 минут'),(6,'Scheduled Import','cron/modules/Import/ScheduledImport.service',900,0,0,0,'Import',6,'Recommended frequency for MailScanner is 15 mins'),(7,'Products upload','cron/modules/SPCMLConnector/ProductsUpload.service',900,0,0,0,'SPCMLConnector',8,''),(8,'SalesOrder exchange','cron/modules/SPCMLConnector/SalesOrderExchange.service',900,0,0,0,'SPCMLConnector',9,''),(9,'ScheduleReports','cron/modules/Reports/ScheduleReports.service',900,1624868701,1624868701,1,'Reports',10,'Recommended frequency for ScheduleReports is 15 mins');
/*!40000 ALTER TABLE `vtiger_cron_task` ENABLE KEYS */;
UNLOCK TABLES;

--
-- Table structure for table `vtiger_currencies`
--

DROP TABLE IF EXISTS `vtiger_currencies`;
/*!40101 SET @saved_cs_client     = @@character_set_client */;
/*!50503 SET character_set_client = utf8mb4 */;
CREATE TABLE `vtiger_currencies` (
  `currencyid` int NOT NULL AUTO_INCREMENT,
  `currency_name` varchar(200) DEFAULT NULL,
  `currency_code` varchar(50) DEFAULT NULL,
  `currency_symbol` varchar(11) DEFAULT NULL,
  PRIMARY KEY (`currencyid`)
) ENGINE=InnoDB AUTO_INCREMENT=139 DEFAULT CHARSET=utf8mb3;
/*!40101 SET character_set_client = @saved_cs_client */;

--
-- Dumping data for table `vtiger_currencies`
--

LOCK TABLES `vtiger_currencies` WRITE;
/*!40000 ALTER TABLE `vtiger_currencies` DISABLE KEYS */;
INSERT INTO `vtiger_currencies` VALUES (1,'Albania, Leke','ALL','Lek'),(2,'Argentina, Pesos','ARS','$'),(3,'Aruba, Guilders','AWG','ƒ'),(4,'Australia, Dollars','AUD','$'),(5,'Azerbaijan, New Manats','AZN','ман'),(6,'Bahamas, Dollars','BSD','$'),(7,'Bahrain, Dinar','BHD','BD'),(8,'Barbados, Dollars','BBD','$'),(9,'Belarus, Rubles','BYR','p.'),(10,'Belize, Dollars','BZD','BZ$'),(11,'Bermuda, Dollars','BMD','$'),(12,'Bolivia, Bolivianos','BOB','$b'),(13,'China, Yuan Renminbi','CNY','¥'),(14,'Convertible Marka','BAM','KM'),(15,'Botswana, Pulas','BWP','P'),(16,'Bulgaria, Leva','BGN','лв'),(17,'Brazil, Reais','BRL','R$'),(18,'Great Britain Pounds','GBP','£'),(19,'Brunei Darussalam, Dollars','BND','$'),(20,'Canada, Dollars','CAD','$'),(21,'Cayman Islands, Dollars','KYD','$'),(22,'Chile, Pesos','CLP','$'),(23,'Colombia, Pesos','COP','$'),(24,'Costa Rica, Colón','CRC','₡'),(25,'Croatia, Kuna','HRK','kn'),(26,'Cuba, Pesos','CUP','₱'),(27,'Czech Republic, Koruny','CZK','Kč'),(28,'Cyprus, Pounds','CYP','£'),(29,'Denmark, Kroner','DKK','kr'),(30,'Dominican Republic, Pesos','DOP','RD$'),(31,'East Caribbean, Dollars','XCD','$'),(32,'Egypt, Pounds','EGP','E£'),(33,'El Salvador, Colón','SVC','₡'),(34,'England, Pounds','GBP','£'),(35,'Estonia, Krooni','EEK','kr'),(36,'Euro','EUR','€'),(37,'Falkland Islands, Pounds','FKP','£'),(38,'Fiji, Dollars','FJD','$'),(39,'Ghana, Cedis','GHC','¢'),(40,'Gibraltar, Pounds','GIP','£'),(41,'Guatemala, Quetzales','GTQ','Q'),(42,'Guernsey, Pounds','GGP','£'),(43,'Guyana, Dollars','GYD','$'),(44,'Honduras, Lempiras','HNL','L'),(45,'Hong Kong, Dollars','HKD','HK$'),(46,'Hungary, Forint','HUF','Ft'),(47,'Iceland, Krona','ISK','kr'),(48,'India, Rupees','INR','₹'),(49,'Indonesia, Rupiahs','IDR','Rp'),(50,'Iran, Rials','IRR','﷼'),(51,'Isle of Man, Pounds','IMP','£'),(52,'Israel, New Shekels','ILS','₪'),(53,'Jamaica, Dollars','JMD','J$'),(54,'Japan, Yen','JPY','¥'),(55,'Jersey, Pounds','JEP','£'),(56,'Jordan, Dinar','JOD','JOD'),(57,'Kazakhstan, Tenge','KZT','〒'),(58,'Kenya, Shilling','KES','KES'),(59,'Korea (North), Won','KPW','₩'),(60,'Korea (South), Won','KRW','₩'),(61,'Kuwait, Dinar','KWD','KWD'),(62,'Kyrgyzstan, Soms','KGS','лв'),(63,'Laos, Kips','LAK','₭'),(64,'Latvia, Lati','LVL','Ls'),(65,'Lebanon, Pounds','LBP','£'),(66,'Liberia, Dollars','LRD','$'),(67,'Switzerland Francs','CHF','CHF'),(68,'Lithuania, Litai','LTL','Lt'),(69,'MADAGASCAR, Malagasy Ariary','MGA','MGA'),(70,'Macedonia, Denars','MKD','ден'),(71,'Malaysia, Ringgits','MYR','RM'),(72,'Malta, Liri','MTL','₤'),(73,'Mauritius, Rupees','MUR','₨'),(74,'Mexico, Pesos','MXN','$'),(75,'Mongolia, Tugriks','MNT','₮'),(76,'Mozambique, Meticais','MZN','MT'),(77,'Namibia, Dollars','NAD','$'),(78,'Nepal, Rupees','NPR','₨'),(79,'Netherlands Antilles, Guilders','ANG','ƒ'),(80,'New Zealand, Dollars','NZD','$'),(81,'Nicaragua, Cordobas','NIO','C$'),(82,'Nigeria, Nairas','NGN','₦'),(83,'North Korea, Won','KPW','₩'),(84,'Norway, Krone','NOK','kr'),(85,'Oman, Rials','OMR','﷼'),(86,'Pakistan, Rupees','PKR','₨'),(87,'Panama, Balboa','PAB','B/.'),(88,'Paraguay, Guarani','PYG','Gs'),(89,'Peru, Nuevos Soles','PEN','S/.'),(90,'Philippines, Pesos','PHP','Php'),(91,'Poland, Zlotych','PLN','zł'),(92,'Qatar, Rials','QAR','﷼'),(93,'Romania, New Lei','RON','lei'),(94,'Russia, Rubles','RUB','руб'),(95,'Saint Helena, Pounds','SHP','£'),(96,'Saudi Arabia, Riyals','SAR','﷼'),(97,'Serbia, Dinars','RSD','Дин.'),(98,'Seychelles, Rupees','SCR','₨'),(99,'Singapore, Dollars','SGD','$'),(100,'Solomon Islands, Dollars','SBD','$'),(101,'Somalia, Shillings','SOS','S'),(102,'South Africa, Rand','ZAR','R'),(103,'South Korea, Won','KRW','₩'),(104,'Sri Lanka, Rupees','LKR','₨'),(105,'Sweden, Kronor','SEK','kr'),(106,'Switzerland, Francs','CHF','CHF'),(107,'Suriname, Dollars','SRD','$'),(108,'Syria, Pounds','SYP','£'),(109,'Taiwan, New Dollars','TWD','NT$'),(110,'Thailand, Baht','THB','฿'),(111,'Trinidad and Tobago, Dollars','TTD','TT$'),(112,'Turkey, New Lira','TRY','YTL'),(113,'Turkey, Liras','TRL','₤'),(114,'Tuvalu, Dollars','TVD','$'),(115,'Ukraine, Hryvnia','UAH','₴'),(116,'United Arab Emirates, Dirham','AED','AED'),(117,'United Kingdom, Pounds','GBP','£'),(118,'United Republic of Tanzania, Shilling','TZS','TZS'),(119,'USA, Dollars','USD','$'),(120,'Uruguay, Pesos','UYU','$U'),(121,'Uzbekistan, Sums','UZS','лв'),(122,'Venezuela, Bolivares Fuertes','VEF','Bs'),(123,'Vietnam, Dong','VND','₫'),(124,'Zambia, Kwacha','ZMK','ZMK'),(125,'Yemen, Rials','YER','﷼'),(126,'Zimbabwe Dollars','ZWD','Z$'),(127,'Malawi, Kwacha','MWK','MK'),(128,'Tunisian, Dinar','TD','TD'),(129,'Moroccan, Dirham','MAD','DH'),(130,'Iraqi Dinar','IQD','ID'),(131,'Maldivian Ruffiya','MVR','MVR'),(132,'Ugandan Shilling','UGX','Sh'),(133,'Sudanese Pound','SDG','£'),(134,'CFA Franc BCEAO','XOF','CFA'),(135,'CFA Franc BEAC','XAF','CFA'),(136,'Haiti, Gourde','HTG','G'),(137,'Libya, Dinar','LYD','LYD'),(138,'CFP Franc','XPF','F');
/*!40000 ALTER TABLE `vtiger_currencies` ENABLE KEYS */;
UNLOCK TABLES;

--
-- Table structure for table `vtiger_currencies_seq`
--

DROP TABLE IF EXISTS `vtiger_currencies_seq`;
/*!40101 SET @saved_cs_client     = @@character_set_client */;
/*!50503 SET character_set_client = utf8mb4 */;
CREATE TABLE `vtiger_currencies_seq` (
  `id` int NOT NULL
) ENGINE=InnoDB DEFAULT CHARSET=utf8mb3;
/*!40101 SET character_set_client = @saved_cs_client */;

--
-- Dumping data for table `vtiger_currencies_seq`
--

LOCK TABLES `vtiger_currencies_seq` WRITE;
/*!40000 ALTER TABLE `vtiger_currencies_seq` DISABLE KEYS */;
INSERT INTO `vtiger_currencies_seq` VALUES (138);
/*!40000 ALTER TABLE `vtiger_currencies_seq` ENABLE KEYS */;
UNLOCK TABLES;

--
-- Table structure for table `vtiger_currency`
--

DROP TABLE IF EXISTS `vtiger_currency`;
/*!40101 SET @saved_cs_client     = @@character_set_client */;
/*!50503 SET character_set_client = utf8mb4 */;
CREATE TABLE `vtiger_currency` (
  `currencyid` int NOT NULL AUTO_INCREMENT,
  `currency` varchar(200) NOT NULL,
  `sortorderid` int NOT NULL DEFAULT '0',
  `presence` int NOT NULL DEFAULT '1',
  PRIMARY KEY (`currencyid`),
  UNIQUE KEY `currency_currency_idx` (`currency`)
) ENGINE=InnoDB DEFAULT CHARSET=utf8mb3;
/*!40101 SET character_set_client = @saved_cs_client */;

--
-- Dumping data for table `vtiger_currency`
--

LOCK TABLES `vtiger_currency` WRITE;
/*!40000 ALTER TABLE `vtiger_currency` DISABLE KEYS */;
/*!40000 ALTER TABLE `vtiger_currency` ENABLE KEYS */;
UNLOCK TABLES;

--
-- Table structure for table `vtiger_currency_decimal_separator`
--

DROP TABLE IF EXISTS `vtiger_currency_decimal_separator`;
/*!40101 SET @saved_cs_client     = @@character_set_client */;
/*!50503 SET character_set_client = utf8mb4 */;
CREATE TABLE `vtiger_currency_decimal_separator` (
  `currency_decimal_separatorid` int NOT NULL AUTO_INCREMENT,
  `currency_decimal_separator` varchar(2) NOT NULL,
  `sortorderid` int NOT NULL DEFAULT '0',
  `presence` int NOT NULL DEFAULT '1',
  PRIMARY KEY (`currency_decimal_separatorid`)
) ENGINE=InnoDB AUTO_INCREMENT=6 DEFAULT CHARSET=utf8mb3;
/*!40101 SET character_set_client = @saved_cs_client */;

--
-- Dumping data for table `vtiger_currency_decimal_separator`
--

LOCK TABLES `vtiger_currency_decimal_separator` WRITE;
/*!40000 ALTER TABLE `vtiger_currency_decimal_separator` DISABLE KEYS */;
INSERT INTO `vtiger_currency_decimal_separator` VALUES (1,'.',0,1),(2,',',1,1),(3,'\'',2,1),(4,' ',3,1),(5,'$',4,1);
/*!40000 ALTER TABLE `vtiger_currency_decimal_separator` ENABLE KEYS */;
UNLOCK TABLES;

--
-- Table structure for table `vtiger_currency_decimal_separator_seq`
--

DROP TABLE IF EXISTS `vtiger_currency_decimal_separator_seq`;
/*!40101 SET @saved_cs_client     = @@character_set_client */;
/*!50503 SET character_set_client = utf8mb4 */;
CREATE TABLE `vtiger_currency_decimal_separator_seq` (
  `id` int NOT NULL
) ENGINE=InnoDB DEFAULT CHARSET=utf8mb3;
/*!40101 SET character_set_client = @saved_cs_client */;

--
-- Dumping data for table `vtiger_currency_decimal_separator_seq`
--

LOCK TABLES `vtiger_currency_decimal_separator_seq` WRITE;
/*!40000 ALTER TABLE `vtiger_currency_decimal_separator_seq` DISABLE KEYS */;
INSERT INTO `vtiger_currency_decimal_separator_seq` VALUES (5);
/*!40000 ALTER TABLE `vtiger_currency_decimal_separator_seq` ENABLE KEYS */;
UNLOCK TABLES;

--
-- Table structure for table `vtiger_currency_grouping_pattern`
--

DROP TABLE IF EXISTS `vtiger_currency_grouping_pattern`;
/*!40101 SET @saved_cs_client     = @@character_set_client */;
/*!50503 SET character_set_client = utf8mb4 */;
CREATE TABLE `vtiger_currency_grouping_pattern` (
  `currency_grouping_patternid` int NOT NULL AUTO_INCREMENT,
  `currency_grouping_pattern` varchar(200) NOT NULL,
  `sortorderid` int NOT NULL DEFAULT '0',
  `presence` int NOT NULL DEFAULT '1',
  PRIMARY KEY (`currency_grouping_patternid`)
) ENGINE=InnoDB AUTO_INCREMENT=5 DEFAULT CHARSET=utf8mb3;
/*!40101 SET character_set_client = @saved_cs_client */;

--
-- Dumping data for table `vtiger_currency_grouping_pattern`
--

LOCK TABLES `vtiger_currency_grouping_pattern` WRITE;
/*!40000 ALTER TABLE `vtiger_currency_grouping_pattern` DISABLE KEYS */;
INSERT INTO `vtiger_currency_grouping_pattern` VALUES (1,'123,456,789',0,1),(2,'123456789',1,1),(3,'123456,789',2,1),(4,'12,34,56,789',3,1);
/*!40000 ALTER TABLE `vtiger_currency_grouping_pattern` ENABLE KEYS */;
UNLOCK TABLES;

--
-- Table structure for table `vtiger_currency_grouping_pattern_seq`
--

DROP TABLE IF EXISTS `vtiger_currency_grouping_pattern_seq`;
/*!40101 SET @saved_cs_client     = @@character_set_client */;
/*!50503 SET character_set_client = utf8mb4 */;
CREATE TABLE `vtiger_currency_grouping_pattern_seq` (
  `id` int NOT NULL
) ENGINE=InnoDB DEFAULT CHARSET=utf8mb3;
/*!40101 SET character_set_client = @saved_cs_client */;

--
-- Dumping data for table `vtiger_currency_grouping_pattern_seq`
--

LOCK TABLES `vtiger_currency_grouping_pattern_seq` WRITE;
/*!40000 ALTER TABLE `vtiger_currency_grouping_pattern_seq` DISABLE KEYS */;
INSERT INTO `vtiger_currency_grouping_pattern_seq` VALUES (4);
/*!40000 ALTER TABLE `vtiger_currency_grouping_pattern_seq` ENABLE KEYS */;
UNLOCK TABLES;

--
-- Table structure for table `vtiger_currency_grouping_separator`
--

DROP TABLE IF EXISTS `vtiger_currency_grouping_separator`;
/*!40101 SET @saved_cs_client     = @@character_set_client */;
/*!50503 SET character_set_client = utf8mb4 */;
CREATE TABLE `vtiger_currency_grouping_separator` (
  `currency_grouping_separatorid` int NOT NULL AUTO_INCREMENT,
  `currency_grouping_separator` varchar(2) NOT NULL,
  `sortorderid` int NOT NULL DEFAULT '0',
  `presence` int NOT NULL DEFAULT '1',
  PRIMARY KEY (`currency_grouping_separatorid`)
) ENGINE=InnoDB AUTO_INCREMENT=6 DEFAULT CHARSET=utf8mb3;
/*!40101 SET character_set_client = @saved_cs_client */;

--
-- Dumping data for table `vtiger_currency_grouping_separator`
--

LOCK TABLES `vtiger_currency_grouping_separator` WRITE;
/*!40000 ALTER TABLE `vtiger_currency_grouping_separator` DISABLE KEYS */;
INSERT INTO `vtiger_currency_grouping_separator` VALUES (1,',',0,1),(2,'.',1,1),(3,'\'',2,1),(4,' ',3,1),(5,'$',4,1);
/*!40000 ALTER TABLE `vtiger_currency_grouping_separator` ENABLE KEYS */;
UNLOCK TABLES;

--
-- Table structure for table `vtiger_currency_grouping_separator_seq`
--

DROP TABLE IF EXISTS `vtiger_currency_grouping_separator_seq`;
/*!40101 SET @saved_cs_client     = @@character_set_client */;
/*!50503 SET character_set_client = utf8mb4 */;
CREATE TABLE `vtiger_currency_grouping_separator_seq` (
  `id` int NOT NULL
) ENGINE=InnoDB DEFAULT CHARSET=utf8mb3;
/*!40101 SET character_set_client = @saved_cs_client */;

--
-- Dumping data for table `vtiger_currency_grouping_separator_seq`
--

LOCK TABLES `vtiger_currency_grouping_separator_seq` WRITE;
/*!40000 ALTER TABLE `vtiger_currency_grouping_separator_seq` DISABLE KEYS */;
INSERT INTO `vtiger_currency_grouping_separator_seq` VALUES (5);
/*!40000 ALTER TABLE `vtiger_currency_grouping_separator_seq` ENABLE KEYS */;
UNLOCK TABLES;

--
-- Table structure for table `vtiger_currency_info`
--

DROP TABLE IF EXISTS `vtiger_currency_info`;
/*!40101 SET @saved_cs_client     = @@character_set_client */;
/*!50503 SET character_set_client = utf8mb4 */;
CREATE TABLE `vtiger_currency_info` (
  `id` int NOT NULL AUTO_INCREMENT,
  `currency_name` varchar(100) DEFAULT NULL,
  `currency_code` varchar(100) DEFAULT NULL,
  `currency_symbol` varchar(30) DEFAULT NULL,
  `conversion_rate` decimal(12,5) DEFAULT NULL,
  `currency_status` varchar(25) DEFAULT NULL,
  `defaultid` varchar(10) NOT NULL DEFAULT '0',
  `deleted` int NOT NULL DEFAULT '0',
  PRIMARY KEY (`id`)
) ENGINE=InnoDB AUTO_INCREMENT=2 DEFAULT CHARSET=utf8mb3;
/*!40101 SET character_set_client = @saved_cs_client */;

--
-- Dumping data for table `vtiger_currency_info`
--

LOCK TABLES `vtiger_currency_info` WRITE;
/*!40000 ALTER TABLE `vtiger_currency_info` DISABLE KEYS */;
INSERT INTO `vtiger_currency_info` VALUES (1,'Russia, Rubles','RUB','руб',1.00000,'Active','-11',0);
/*!40000 ALTER TABLE `vtiger_currency_info` ENABLE KEYS */;
UNLOCK TABLES;

--
-- Table structure for table `vtiger_currency_info_seq`
--

DROP TABLE IF EXISTS `vtiger_currency_info_seq`;
/*!40101 SET @saved_cs_client     = @@character_set_client */;
/*!50503 SET character_set_client = utf8mb4 */;
CREATE TABLE `vtiger_currency_info_seq` (
  `id` int NOT NULL
) ENGINE=InnoDB DEFAULT CHARSET=utf8mb3;
/*!40101 SET character_set_client = @saved_cs_client */;

--
-- Dumping data for table `vtiger_currency_info_seq`
--

LOCK TABLES `vtiger_currency_info_seq` WRITE;
/*!40000 ALTER TABLE `vtiger_currency_info_seq` DISABLE KEYS */;
INSERT INTO `vtiger_currency_info_seq` VALUES (1);
/*!40000 ALTER TABLE `vtiger_currency_info_seq` ENABLE KEYS */;
UNLOCK TABLES;

--
-- Table structure for table `vtiger_currency_symbol_placement`
--

DROP TABLE IF EXISTS `vtiger_currency_symbol_placement`;
/*!40101 SET @saved_cs_client     = @@character_set_client */;
/*!50503 SET character_set_client = utf8mb4 */;
CREATE TABLE `vtiger_currency_symbol_placement` (
  `currency_symbol_placementid` int NOT NULL AUTO_INCREMENT,
  `currency_symbol_placement` varchar(30) NOT NULL,
  `sortorderid` int NOT NULL DEFAULT '0',
  `presence` int NOT NULL DEFAULT '1',
  PRIMARY KEY (`currency_symbol_placementid`)
) ENGINE=InnoDB AUTO_INCREMENT=3 DEFAULT CHARSET=utf8mb3;
/*!40101 SET character_set_client = @saved_cs_client */;

--
-- Dumping data for table `vtiger_currency_symbol_placement`
--

LOCK TABLES `vtiger_currency_symbol_placement` WRITE;
/*!40000 ALTER TABLE `vtiger_currency_symbol_placement` DISABLE KEYS */;
INSERT INTO `vtiger_currency_symbol_placement` VALUES (1,'$1.0',0,1),(2,'1.0$',1,1);
/*!40000 ALTER TABLE `vtiger_currency_symbol_placement` ENABLE KEYS */;
UNLOCK TABLES;

--
-- Table structure for table `vtiger_currency_symbol_placement_seq`
--

DROP TABLE IF EXISTS `vtiger_currency_symbol_placement_seq`;
/*!40101 SET @saved_cs_client     = @@character_set_client */;
/*!50503 SET character_set_client = utf8mb4 */;
CREATE TABLE `vtiger_currency_symbol_placement_seq` (
  `id` int NOT NULL
) ENGINE=InnoDB DEFAULT CHARSET=utf8mb3;
/*!40101 SET character_set_client = @saved_cs_client */;

--
-- Dumping data for table `vtiger_currency_symbol_placement_seq`
--

LOCK TABLES `vtiger_currency_symbol_placement_seq` WRITE;
/*!40000 ALTER TABLE `vtiger_currency_symbol_placement_seq` DISABLE KEYS */;
INSERT INTO `vtiger_currency_symbol_placement_seq` VALUES (2);
/*!40000 ALTER TABLE `vtiger_currency_symbol_placement_seq` ENABLE KEYS */;
UNLOCK TABLES;

--
-- Table structure for table `vtiger_customaction`
--

DROP TABLE IF EXISTS `vtiger_customaction`;
/*!40101 SET @saved_cs_client     = @@character_set_client */;
/*!50503 SET character_set_client = utf8mb4 */;
CREATE TABLE `vtiger_customaction` (
  `cvid` int NOT NULL,
  `subject` varchar(250) NOT NULL,
  `module` varchar(50) NOT NULL,
  `content` text,
  KEY `customaction_cvid_idx` (`cvid`),
  CONSTRAINT `fk_1_vtiger_customaction` FOREIGN KEY (`cvid`) REFERENCES `vtiger_customview` (`cvid`) ON DELETE CASCADE
) ENGINE=InnoDB DEFAULT CHARSET=utf8mb3;
/*!40101 SET character_set_client = @saved_cs_client */;

--
-- Dumping data for table `vtiger_customaction`
--

LOCK TABLES `vtiger_customaction` WRITE;
/*!40000 ALTER TABLE `vtiger_customaction` DISABLE KEYS */;
/*!40000 ALTER TABLE `vtiger_customaction` ENABLE KEYS */;
UNLOCK TABLES;

--
-- Table structure for table `vtiger_customerdetails`
--

DROP TABLE IF EXISTS `vtiger_customerdetails`;
/*!40101 SET @saved_cs_client     = @@character_set_client */;
/*!50503 SET character_set_client = utf8mb4 */;
CREATE TABLE `vtiger_customerdetails` (
  `customerid` int NOT NULL,
  `portal` varchar(3) DEFAULT NULL,
  `support_start_date` date DEFAULT NULL,
  `support_end_date` date DEFAULT NULL,
  PRIMARY KEY (`customerid`),
  CONSTRAINT `fk_1_vtiger_customerdetails` FOREIGN KEY (`customerid`) REFERENCES `vtiger_contactdetails` (`contactid`) ON DELETE CASCADE
) ENGINE=InnoDB DEFAULT CHARSET=utf8mb3;
/*!40101 SET character_set_client = @saved_cs_client */;

--
-- Dumping data for table `vtiger_customerdetails`
--

LOCK TABLES `vtiger_customerdetails` WRITE;
/*!40000 ALTER TABLE `vtiger_customerdetails` DISABLE KEYS */;
INSERT INTO `vtiger_customerdetails` VALUES (5,'0',NULL,NULL),(6,'0',NULL,NULL),(7,'1','2021-06-29','2022-06-29'),(11,'0',NULL,NULL);
/*!40000 ALTER TABLE `vtiger_customerdetails` ENABLE KEYS */;
UNLOCK TABLES;

--
-- Table structure for table `vtiger_customerportal_fields`
--

DROP TABLE IF EXISTS `vtiger_customerportal_fields`;
/*!40101 SET @saved_cs_client     = @@character_set_client */;
/*!50503 SET character_set_client = utf8mb4 */;
CREATE TABLE `vtiger_customerportal_fields` (
  `tabid` int NOT NULL,
  `fieldinfo` text,
  `records_visible` int DEFAULT NULL,
  PRIMARY KEY (`tabid`)
) ENGINE=InnoDB DEFAULT CHARSET=utf8mb3;
/*!40101 SET character_set_client = @saved_cs_client */;

--
-- Dumping data for table `vtiger_customerportal_fields`
--

LOCK TABLES `vtiger_customerportal_fields` WRITE;
/*!40000 ALTER TABLE `vtiger_customerportal_fields` DISABLE KEYS */;
INSERT INTO `vtiger_customerportal_fields` VALUES (4,'{\"lastname\":1,\"assigned_user_id\":1}',1),(6,'{\"accountname\":1,\"assigned_user_id\":1}',1),(8,'{\"notes_title\":1,\"assigned_user_id\":1,\"filename\":0}',1),(13,'{\"ticket_title\":1,\"assigned_user_id\":1,\"ticketpriorities\":1,\"ticketstatus\":1,\"description\":1,\"product_id\":1,\"ticketseverities\":1,\"ticketcategories\":1}',1),(14,'{\"assigned_user_id\":1,\"productname\":1}',1),(15,'{\"faqstatus\":1,\"question\":1,\"faq_answer\":1}',1),(20,'{\"subject\":1,\"quotestage\":1,\"account_id\":1,\"assigned_user_id\":1,\"bill_street\":1,\"ship_street\":1}',1),(23,'{\"bill_street\":1,\"ship_street\":1,\"subject\":1,\"account_id\":1,\"assigned_user_id\":1}',1),(32,'{\"subject\":1,\"assigned_user_id\":1}',NULL),(38,'{\"servicename\":1}',1),(51,'{\"product\":1,\"serialnumber\":1,\"assigned_user_id\":1,\"datesold\":1,\"dateinservice\":1,\"assetstatus\":1,\"assetname\":1,\"account\":1}',1),(57,'{\"projectmilestonename\":1,\"projectid\":1,\"assigned_user_id\":1}',1),(58,'{\"projecttaskname\":1,\"projectid\":1,\"assigned_user_id\":1}',1),(59,'{\"projectname\":1,\"assigned_user_id\":1}',1);
/*!40000 ALTER TABLE `vtiger_customerportal_fields` ENABLE KEYS */;
UNLOCK TABLES;

--
-- Table structure for table `vtiger_customerportal_prefs`
--

DROP TABLE IF EXISTS `vtiger_customerportal_prefs`;
/*!40101 SET @saved_cs_client     = @@character_set_client */;
/*!50503 SET character_set_client = utf8mb4 */;
CREATE TABLE `vtiger_customerportal_prefs` (
  `tabid` int NOT NULL,
  `prefkey` varchar(100) NOT NULL,
  `prefvalue` int DEFAULT NULL,
  PRIMARY KEY (`tabid`,`prefkey`)
) ENGINE=InnoDB DEFAULT CHARSET=utf8mb3;
/*!40101 SET character_set_client = @saved_cs_client */;

--
-- Dumping data for table `vtiger_customerportal_prefs`
--

LOCK TABLES `vtiger_customerportal_prefs` WRITE;
/*!40000 ALTER TABLE `vtiger_customerportal_prefs` DISABLE KEYS */;
INSERT INTO `vtiger_customerportal_prefs` VALUES (0,'defaultassignee',1),(0,'userid',1),(4,'showrelatedinfo',1),(6,'showrelatedinfo',1),(8,'showrelatedinfo',1),(13,'showrelatedinfo',1),(14,'showrelatedinfo',1),(15,'showrelatedinfo',1),(20,'showrelatedinfo',1),(23,'showrelatedinfo',1),(38,'showrelatedinfo',1),(51,'showrelatedinfo',1),(57,'showrelatedinfo',1),(58,'showrelatedinfo',1),(59,'showrelatedinfo',1);
/*!40000 ALTER TABLE `vtiger_customerportal_prefs` ENABLE KEYS */;
UNLOCK TABLES;

--
-- Table structure for table `vtiger_customerportal_relatedmoduleinfo`
--

DROP TABLE IF EXISTS `vtiger_customerportal_relatedmoduleinfo`;
/*!40101 SET @saved_cs_client     = @@character_set_client */;
/*!50503 SET character_set_client = utf8mb4 */;
CREATE TABLE `vtiger_customerportal_relatedmoduleinfo` (
  `tabid` int NOT NULL,
  `relatedmodules` text,
  PRIMARY KEY (`tabid`)
) ENGINE=InnoDB DEFAULT CHARSET=utf8mb3;
/*!40101 SET character_set_client = @saved_cs_client */;

--
-- Dumping data for table `vtiger_customerportal_relatedmoduleinfo`
--

LOCK TABLES `vtiger_customerportal_relatedmoduleinfo` WRITE;
/*!40000 ALTER TABLE `vtiger_customerportal_relatedmoduleinfo` DISABLE KEYS */;
INSERT INTO `vtiger_customerportal_relatedmoduleinfo` VALUES (8,'[{\"name\":\"History\",\"value\":1}]'),(13,'[{\"name\":\"History\",\"value\":1},{\"name\":\"ModComments\",\"value\":1},{\"name\":\"Documents\",\"value\":1}]'),(14,'[{\"name\":\"History\",\"value\":1}]'),(20,'[{\"name\":\"History\",\"value\":1}]'),(23,'[{\"name\":\"History\",\"value\":1}]'),(32,'[{\"name\":\"History\",\"value\":1}]'),(38,'[{\"name\":\"History\",\"value\":1}]'),(51,'[{\"name\":\"History\",\"value\":1}]'),(57,'[{\"name\":\"History\",\"value\":1}]'),(58,'[{\"name\":\"History\",\"value\":1},{\"name\":\"ModComments\",\"value\":1}]'),(59,'[{\"name\":\"History\",\"value\":1},{\"name\":\"ModComments\",\"value\":1},{\"name\":\"ProjectTask\",\"value\":1},{\"name\":\"ProjectMilestone\",\"value\":1},{\"name\":\"Documents\",\"value\":1}]');
/*!40000 ALTER TABLE `vtiger_customerportal_relatedmoduleinfo` ENABLE KEYS */;
UNLOCK TABLES;

--
-- Table structure for table `vtiger_customerportal_settings`
--

DROP TABLE IF EXISTS `vtiger_customerportal_settings`;
/*!40101 SET @saved_cs_client     = @@character_set_client */;
/*!50503 SET character_set_client = utf8mb4 */;
CREATE TABLE `vtiger_customerportal_settings` (
  `id` int DEFAULT NULL,
  `url` varchar(250) DEFAULT NULL,
  `default_assignee` int DEFAULT NULL,
  `support_notification` int DEFAULT NULL,
  `announcement` text,
  `shortcuts` text,
  `widgets` text,
  `charts` text
) ENGINE=InnoDB DEFAULT CHARSET=utf8mb3;
/*!40101 SET character_set_client = @saved_cs_client */;

--
-- Dumping data for table `vtiger_customerportal_settings`
--

LOCK TABLES `vtiger_customerportal_settings` WRITE;
/*!40000 ALTER TABLE `vtiger_customerportal_settings` DISABLE KEYS */;
INSERT INTO `vtiger_customerportal_settings` VALUES (1,NULL,1,NULL,NULL,'{\"Documents\":{\"LBL_ADD_DOCUMENT\":1},\"HelpDesk\":{\"LBL_CREATE_TICKET\":1,\"LBL_OPEN_TICKETS\":1}}','{\"widgets\":{\"HelpDesk\":1,\"Documents\":1,\"Faq\":1}}','{\"charts\":{\"OpenTicketsByPriority\":1,\"TicketsClosureTimeByPriority\":1}}');
/*!40000 ALTER TABLE `vtiger_customerportal_settings` ENABLE KEYS */;
UNLOCK TABLES;

--
-- Table structure for table `vtiger_customerportal_tabs`
--

DROP TABLE IF EXISTS `vtiger_customerportal_tabs`;
/*!40101 SET @saved_cs_client     = @@character_set_client */;
/*!50503 SET character_set_client = utf8mb4 */;
CREATE TABLE `vtiger_customerportal_tabs` (
  `tabid` int NOT NULL,
  `visible` int DEFAULT '1',
  `sequence` int DEFAULT NULL,
  `createrecord` tinyint(1) NOT NULL DEFAULT '0',
  `editrecord` tinyint(1) NOT NULL DEFAULT '0',
  PRIMARY KEY (`tabid`)
) ENGINE=InnoDB DEFAULT CHARSET=utf8mb3;
/*!40101 SET character_set_client = @saved_cs_client */;

--
-- Dumping data for table `vtiger_customerportal_tabs`
--

LOCK TABLES `vtiger_customerportal_tabs` WRITE;
/*!40000 ALTER TABLE `vtiger_customerportal_tabs` DISABLE KEYS */;
INSERT INTO `vtiger_customerportal_tabs` VALUES (4,0,11,0,1),(6,0,12,0,1),(8,1,10,1,0),(13,1,4,1,1),(14,1,8,0,0),(15,1,5,0,0),(20,1,7,0,0),(23,1,6,0,0),(32,1,27,0,0),(38,1,9,0,0),(51,1,16,0,1),(57,1,15,0,0),(58,1,14,0,0),(59,1,13,0,0);
/*!40000 ALTER TABLE `vtiger_customerportal_tabs` ENABLE KEYS */;
UNLOCK TABLES;

--
-- Table structure for table `vtiger_customview`
--

DROP TABLE IF EXISTS `vtiger_customview`;
/*!40101 SET @saved_cs_client     = @@character_set_client */;
/*!50503 SET character_set_client = utf8mb4 */;
CREATE TABLE `vtiger_customview` (
  `cvid` int NOT NULL,
  `viewname` varchar(100) NOT NULL,
  `setdefault` int DEFAULT '0',
  `setmetrics` int DEFAULT '0',
  `entitytype` varchar(25) NOT NULL,
  `status` int DEFAULT '1',
  `userid` int DEFAULT '1',
  PRIMARY KEY (`cvid`),
  KEY `customview_entitytype_idx` (`entitytype`),
  CONSTRAINT `fk_1_vtiger_customview` FOREIGN KEY (`entitytype`) REFERENCES `vtiger_tab` (`name`) ON DELETE CASCADE
) ENGINE=InnoDB DEFAULT CHARSET=utf8mb3;
/*!40101 SET character_set_client = @saved_cs_client */;

--
-- Dumping data for table `vtiger_customview`
--

LOCK TABLES `vtiger_customview` WRITE;
/*!40000 ALTER TABLE `vtiger_customview` DISABLE KEYS */;
INSERT INTO `vtiger_customview` VALUES (1,'All',1,0,'Leads',0,1),(2,'Горячие Обращения',0,1,'Leads',3,1),(3,'Обращения этого месяца',0,0,'Leads',3,1),(4,'All',1,0,'Accounts',0,1),(5,'Перспективные Контрагенты',0,1,'Accounts',3,1),(6,'Новые за неделю',0,0,'Accounts',3,1),(7,'All',1,0,'Contacts',0,1),(8,'Показать адреса',0,0,'Contacts',3,1),(9,'Сегодня день рождения',0,0,'Contacts',3,1),(10,'All',1,0,'Potentials',0,1),(11,'Удачные Сделки',0,1,'Potentials',3,1),(12,'Перспективные',0,0,'Potentials',3,1),(13,'All',1,0,'HelpDesk',0,1),(14,'Открытые заявки',0,1,'HelpDesk',3,1),(15,'Приоритетные Заявки',0,0,'HelpDesk',3,1),(16,'All',1,0,'Quotes',0,1),(17,'Открытые Предложения',0,1,'Quotes',3,1),(18,'Отклоненные Предложения',0,0,'Quotes',3,1),(19,'All',1,0,'Calendar',0,1),(20,'All',1,0,'Emails',0,1),(21,'All',1,0,'Invoice',0,1),(22,'All',1,0,'Documents',0,1),(23,'All',1,0,'PriceBooks',0,1),(24,'All',1,0,'Products',0,1),(25,'All',1,0,'PurchaseOrder',0,1),(26,'All',1,0,'SalesOrder',0,1),(27,'All',1,0,'Vendors',0,1),(28,'All',1,0,'Faq',0,1),(29,'All',1,0,'Campaigns',0,1),(30,'All',1,0,'Webmails',0,1),(31,'Черновики БЗ',0,0,'Faq',3,1),(32,'Опубликованные БЗ',0,0,'Faq',3,1),(33,'Открытые Закупки',0,0,'PurchaseOrder',3,1),(34,'Полученные Закупки',0,0,'PurchaseOrder',3,1),(35,'Открытые Счета',0,0,'Invoice',3,1),(36,'Оплаченные Счета',0,0,'Invoice',3,1),(37,'Текущие Заказы',0,0,'SalesOrder',3,1),(38,'All',1,0,'ServiceContracts',0,1),(39,'All',1,0,'PBXManager',0,1),(40,'All',1,0,'Services',0,1),(41,'All',1,0,'Consignment',0,1),(42,'All',1,0,'SPUnits',0,1),(43,'All',1,0,'SPPayments',0,1),(44,'All',1,0,'SPSocialConnector',0,1),(45,'All',0,0,'SMSNotifier',0,1),(46,'All',1,0,'Act',0,1),(47,'All',1,0,'Assets',0,1),(48,'All',0,0,'ModComments',0,1),(52,'All',1,0,'ProjectMilestone',0,1),(53,'All',1,0,'ProjectTask',0,1),(54,'All',1,0,'Project',0,1),(55,'All',1,0,'Timetable',0,1),(56,'All',1,0,'Trips',0,1);
/*!40000 ALTER TABLE `vtiger_customview` ENABLE KEYS */;
UNLOCK TABLES;

--
-- Table structure for table `vtiger_customview_seq`
--

DROP TABLE IF EXISTS `vtiger_customview_seq`;
/*!40101 SET @saved_cs_client     = @@character_set_client */;
/*!50503 SET character_set_client = utf8mb4 */;
CREATE TABLE `vtiger_customview_seq` (
  `id` int NOT NULL
) ENGINE=InnoDB DEFAULT CHARSET=utf8mb3;
/*!40101 SET character_set_client = @saved_cs_client */;

--
-- Dumping data for table `vtiger_customview_seq`
--

LOCK TABLES `vtiger_customview_seq` WRITE;
/*!40000 ALTER TABLE `vtiger_customview_seq` DISABLE KEYS */;
INSERT INTO `vtiger_customview_seq` VALUES (56);
/*!40000 ALTER TABLE `vtiger_customview_seq` ENABLE KEYS */;
UNLOCK TABLES;

--
-- Table structure for table `vtiger_cv2group`
--

DROP TABLE IF EXISTS `vtiger_cv2group`;
/*!40101 SET @saved_cs_client     = @@character_set_client */;
/*!50503 SET character_set_client = utf8mb4 */;
CREATE TABLE `vtiger_cv2group` (
  `cvid` int NOT NULL,
  `groupid` int NOT NULL,
  KEY `vtiger_cv2group_ibfk_1` (`cvid`),
  KEY `vtiger_groups_ibfk_1` (`groupid`),
  CONSTRAINT `vtiger_customview_ibfk_2` FOREIGN KEY (`cvid`) REFERENCES `vtiger_customview` (`cvid`) ON DELETE CASCADE,
  CONSTRAINT `vtiger_groups_ibfk_1` FOREIGN KEY (`groupid`) REFERENCES `vtiger_groups` (`groupid`) ON DELETE CASCADE
) ENGINE=InnoDB DEFAULT CHARSET=utf8mb3;
/*!40101 SET character_set_client = @saved_cs_client */;

--
-- Dumping data for table `vtiger_cv2group`
--

LOCK TABLES `vtiger_cv2group` WRITE;
/*!40000 ALTER TABLE `vtiger_cv2group` DISABLE KEYS */;
/*!40000 ALTER TABLE `vtiger_cv2group` ENABLE KEYS */;
UNLOCK TABLES;

--
-- Table structure for table `vtiger_cv2role`
--

DROP TABLE IF EXISTS `vtiger_cv2role`;
/*!40101 SET @saved_cs_client     = @@character_set_client */;
/*!50503 SET character_set_client = utf8mb4 */;
CREATE TABLE `vtiger_cv2role` (
  `cvid` int NOT NULL,
  `roleid` varchar(255) NOT NULL,
  KEY `vtiger_cv2role_ibfk_1` (`cvid`),
  KEY `vtiger_role_ibfk_1` (`roleid`),
  CONSTRAINT `vtiger_customview_ibfk_3` FOREIGN KEY (`cvid`) REFERENCES `vtiger_customview` (`cvid`) ON DELETE CASCADE,
  CONSTRAINT `vtiger_role_ibfk_1` FOREIGN KEY (`roleid`) REFERENCES `vtiger_role` (`roleid`) ON DELETE CASCADE
) ENGINE=InnoDB DEFAULT CHARSET=utf8mb3;
/*!40101 SET character_set_client = @saved_cs_client */;

--
-- Dumping data for table `vtiger_cv2role`
--

LOCK TABLES `vtiger_cv2role` WRITE;
/*!40000 ALTER TABLE `vtiger_cv2role` DISABLE KEYS */;
/*!40000 ALTER TABLE `vtiger_cv2role` ENABLE KEYS */;
UNLOCK TABLES;

--
-- Table structure for table `vtiger_cv2rs`
--

DROP TABLE IF EXISTS `vtiger_cv2rs`;
/*!40101 SET @saved_cs_client     = @@character_set_client */;
/*!50503 SET character_set_client = utf8mb4 */;
CREATE TABLE `vtiger_cv2rs` (
  `cvid` int NOT NULL,
  `rsid` varchar(255) NOT NULL,
  KEY `vtiger_cv2role_ibfk_1` (`cvid`),
  KEY `vtiger_rolesd_ibfk_1` (`rsid`),
  CONSTRAINT `vtiger_customview_ibfk_4` FOREIGN KEY (`cvid`) REFERENCES `vtiger_customview` (`cvid`) ON DELETE CASCADE,
  CONSTRAINT `vtiger_rolesd_ibfk_1` FOREIGN KEY (`rsid`) REFERENCES `vtiger_role` (`roleid`) ON DELETE CASCADE
) ENGINE=InnoDB DEFAULT CHARSET=utf8mb3;
/*!40101 SET character_set_client = @saved_cs_client */;

--
-- Dumping data for table `vtiger_cv2rs`
--

LOCK TABLES `vtiger_cv2rs` WRITE;
/*!40000 ALTER TABLE `vtiger_cv2rs` DISABLE KEYS */;
/*!40000 ALTER TABLE `vtiger_cv2rs` ENABLE KEYS */;
UNLOCK TABLES;

--
-- Table structure for table `vtiger_cv2users`
--

DROP TABLE IF EXISTS `vtiger_cv2users`;
/*!40101 SET @saved_cs_client     = @@character_set_client */;
/*!50503 SET character_set_client = utf8mb4 */;
CREATE TABLE `vtiger_cv2users` (
  `cvid` int NOT NULL,
  `userid` int NOT NULL,
  KEY `vtiger_cv2users_ibfk_1` (`cvid`),
  KEY `vtiger_users_ibfk_1` (`userid`),
  CONSTRAINT `vtiger_customview_ibfk_1` FOREIGN KEY (`cvid`) REFERENCES `vtiger_customview` (`cvid`) ON DELETE CASCADE,
  CONSTRAINT `vtiger_users_ibfk_1` FOREIGN KEY (`userid`) REFERENCES `vtiger_users` (`id`) ON DELETE CASCADE
) ENGINE=InnoDB DEFAULT CHARSET=utf8mb3;
/*!40101 SET character_set_client = @saved_cs_client */;

--
-- Dumping data for table `vtiger_cv2users`
--

LOCK TABLES `vtiger_cv2users` WRITE;
/*!40000 ALTER TABLE `vtiger_cv2users` DISABLE KEYS */;
/*!40000 ALTER TABLE `vtiger_cv2users` ENABLE KEYS */;
UNLOCK TABLES;

--
-- Table structure for table `vtiger_cvadvfilter`
--

DROP TABLE IF EXISTS `vtiger_cvadvfilter`;
/*!40101 SET @saved_cs_client     = @@character_set_client */;
/*!50503 SET character_set_client = utf8mb4 */;
CREATE TABLE `vtiger_cvadvfilter` (
  `cvid` int NOT NULL,
  `columnindex` int NOT NULL,
  `columnname` varchar(250) DEFAULT '',
  `comparator` varchar(20) DEFAULT NULL,
  `value` varchar(512) DEFAULT NULL,
  `groupid` int DEFAULT '1',
  `column_condition` varchar(255) DEFAULT 'and',
  PRIMARY KEY (`cvid`,`columnindex`),
  KEY `cvadvfilter_cvid_idx` (`cvid`),
  CONSTRAINT `fk_1_vtiger_cvadvfilter` FOREIGN KEY (`cvid`) REFERENCES `vtiger_customview` (`cvid`) ON DELETE CASCADE
) ENGINE=InnoDB DEFAULT CHARSET=utf8mb3;
/*!40101 SET character_set_client = @saved_cs_client */;

--
-- Dumping data for table `vtiger_cvadvfilter`
--

LOCK TABLES `vtiger_cvadvfilter` WRITE;
/*!40000 ALTER TABLE `vtiger_cvadvfilter` DISABLE KEYS */;
INSERT INTO `vtiger_cvadvfilter` VALUES (2,0,'vtiger_leaddetails:leadstatus:leadstatus:Leads_Lead_Status:V','e','Hot',1,'and'),(5,0,'vtiger_account:account_type:accounttype:Accounts_Type:V','e','Prospect',1,'and'),(11,0,'vtiger_potential:sales_stage:sales_stage:Potentials_Sales_Stage:V','e','Closed Won',1,'and'),(12,0,'vtiger_potential:sales_stage:sales_stage:Potentials_Sales_Stage:V','e','Prospecting',1,'and'),(14,0,'vtiger_troubletickets:status:ticketstatus:HelpDesk_Status:V','n','Closed',1,'and'),(15,0,'vtiger_troubletickets:priority:ticketpriorities:HelpDesk_Priority:V','e','High',1,'and'),(17,0,'vtiger_quotes:quotestage:quotestage:Quotes_Quote_Stage:V','n','Accepted',1,'and'),(17,1,'vtiger_quotes:quotestage:quotestage:Quotes_Quote_Stage:V','n','Rejected',1,'and'),(18,0,'vtiger_quotes:quotestage:quotestage:Quotes_Quote_Stage:V','e','Rejected',1,'and'),(31,0,'vtiger_faq:status:faqstatus:Faq_Status:V','e','Draft',1,'and'),(32,0,'vtiger_faq:status:faqstatus:Faq_Status:V','e','Published',1,'and'),(33,0,'vtiger_purchaseorder:postatus:postatus:PurchaseOrder_Status:V','e','Created, Approved, Delivered',1,'and'),(34,0,'vtiger_purchaseorder:postatus:postatus:PurchaseOrder_Status:V','e','Received Shipment',1,'and'),(35,0,'vtiger_invoice:invoicestatus:invoicestatus:Invoice_Status:V','e','Created, Approved, Sent',1,'and'),(36,0,'vtiger_invoice:invoicestatus:invoicestatus:Invoice_Status:V','e','Paid',1,'and'),(37,0,'vtiger_salesorder:sostatus:sostatus:SalesOrder_Status:V','e','Created, Approved',1,'and');
/*!40000 ALTER TABLE `vtiger_cvadvfilter` ENABLE KEYS */;
UNLOCK TABLES;

--
-- Table structure for table `vtiger_cvadvfilter_grouping`
--

DROP TABLE IF EXISTS `vtiger_cvadvfilter_grouping`;
/*!40101 SET @saved_cs_client     = @@character_set_client */;
/*!50503 SET character_set_client = utf8mb4 */;
CREATE TABLE `vtiger_cvadvfilter_grouping` (
  `groupid` int NOT NULL,
  `cvid` int NOT NULL,
  `group_condition` varchar(255) DEFAULT NULL,
  `condition_expression` text,
  PRIMARY KEY (`groupid`,`cvid`)
) ENGINE=InnoDB DEFAULT CHARSET=utf8mb3;
/*!40101 SET character_set_client = @saved_cs_client */;

--
-- Dumping data for table `vtiger_cvadvfilter_grouping`
--

LOCK TABLES `vtiger_cvadvfilter_grouping` WRITE;
/*!40000 ALTER TABLE `vtiger_cvadvfilter_grouping` DISABLE KEYS */;
INSERT INTO `vtiger_cvadvfilter_grouping` VALUES (1,2,'',''),(1,5,'',''),(1,11,'',''),(1,12,'',''),(1,14,'',''),(1,15,'',''),(1,17,'',''),(1,18,'',''),(1,31,'',''),(1,32,'',''),(1,33,'',''),(1,34,'',''),(1,35,'',''),(1,36,'',''),(1,37,'','');
/*!40000 ALTER TABLE `vtiger_cvadvfilter_grouping` ENABLE KEYS */;
UNLOCK TABLES;

--
-- Table structure for table `vtiger_cvcolumnlist`
--

DROP TABLE IF EXISTS `vtiger_cvcolumnlist`;
/*!40101 SET @saved_cs_client     = @@character_set_client */;
/*!50503 SET character_set_client = utf8mb4 */;
CREATE TABLE `vtiger_cvcolumnlist` (
  `cvid` int NOT NULL,
  `columnindex` int NOT NULL,
  `columnname` varchar(250) DEFAULT '',
  PRIMARY KEY (`cvid`,`columnindex`),
  KEY `cvcolumnlist_columnindex_idx` (`columnindex`),
  KEY `cvcolumnlist_cvid_idx` (`cvid`),
  CONSTRAINT `fk_1_vtiger_cvcolumnlist` FOREIGN KEY (`cvid`) REFERENCES `vtiger_customview` (`cvid`) ON DELETE CASCADE
) ENGINE=InnoDB DEFAULT CHARSET=utf8mb3;
/*!40101 SET character_set_client = @saved_cs_client */;

--
-- Dumping data for table `vtiger_cvcolumnlist`
--

LOCK TABLES `vtiger_cvcolumnlist` WRITE;
/*!40000 ALTER TABLE `vtiger_cvcolumnlist` DISABLE KEYS */;
INSERT INTO `vtiger_cvcolumnlist` VALUES (1,1,'vtiger_leaddetails:firstname:firstname:Leads_First_Name:V'),(1,2,'vtiger_leaddetails:lastname:lastname:Leads_Last_Name:V'),(1,3,'vtiger_leaddetails:company:company:Leads_Company:V'),(1,4,'vtiger_leadaddress:phone:phone:Leads_Phone:V'),(1,5,'vtiger_leadsubdetails:website:website:Leads_Website:V'),(1,6,'vtiger_leaddetails:email:email:Leads_Email:V'),(1,7,'vtiger_crmentity:smownerid:assigned_user_id:Leads_Assigned_To:V'),(2,0,'vtiger_leaddetails:firstname:firstname:Leads_First_Name:V'),(2,1,'vtiger_leaddetails:lastname:lastname:Leads_Last_Name:V'),(2,2,'vtiger_leaddetails:company:company:Leads_Company:V'),(2,3,'vtiger_leaddetails:leadsource:leadsource:Leads_Lead_Source:V'),(2,4,'vtiger_leadsubdetails:website:website:Leads_Website:V'),(2,5,'vtiger_leaddetails:email:email:Leads_Email:E'),(3,0,'vtiger_leaddetails:firstname:firstname:Leads_First_Name:V'),(3,1,'vtiger_leaddetails:lastname:lastname:Leads_Last_Name:V'),(3,2,'vtiger_leaddetails:company:company:Leads_Company:V'),(3,3,'vtiger_leaddetails:leadsource:leadsource:Leads_Lead_Source:V'),(3,4,'vtiger_leadsubdetails:website:website:Leads_Website:V'),(3,5,'vtiger_leaddetails:email:email:Leads_Email:E'),(4,0,'vtiger_account:account_no:account_no:Accounts_Account_No:V'),(4,1,'vtiger_account:accountname:accountname:Accounts_Account_Name:V'),(4,2,'vtiger_accountbillads:bill_city:bill_city:Accounts_Billing_City:V'),(4,3,'vtiger_account:website:website:Accounts_Website:V'),(4,4,'vtiger_account:phone:phone:Accounts_Phone:V'),(4,5,'vtiger_crmentity:smownerid:assigned_user_id:Accounts_Assigned_To:V'),(5,0,'vtiger_account:accountname:accountname:Accounts_Account_Name:V'),(5,1,'vtiger_account:phone:phone:Accounts_Phone:V'),(5,2,'vtiger_account:website:website:Accounts_Website:V'),(5,3,'vtiger_account:rating:rating:Accounts_Rating:V'),(5,4,'vtiger_crmentity:smownerid:assigned_user_id:Accounts_Assigned_To:V'),(6,0,'vtiger_account:accountname:accountname:Accounts_Account_Name:V'),(6,1,'vtiger_account:phone:phone:Accounts_Phone:V'),(6,2,'vtiger_account:website:website:Accounts_Website:V'),(6,3,'vtiger_accountbillads:bill_city:bill_city:Accounts_City:V'),(6,4,'vtiger_crmentity:smownerid:assigned_user_id:Accounts_Assigned_To:V'),(7,1,'vtiger_contactdetails:firstname:firstname:Contacts_First_Name:V'),(7,2,'vtiger_contactdetails:lastname:lastname:Contacts_Last_Name:V'),(7,3,'vtiger_contactdetails:title:title:Contacts_Title:V'),(7,4,'vtiger_contactdetails:accountid:account_id:Contacts_Account_Name:V'),(7,5,'vtiger_contactdetails:email:email:Contacts_Email:V'),(7,6,'vtiger_contactdetails:phone:phone:Contacts_Office_Phone:V'),(7,7,'vtiger_crmentity:smownerid:assigned_user_id:Contacts_Assigned_To:V'),(8,0,'vtiger_contactdetails:firstname:firstname:Contacts_First_Name:V'),(8,1,'vtiger_contactdetails:lastname:lastname:Contacts_Last_Name:V'),(8,2,'vtiger_contactaddress:mailingstreet:mailingstreet:Contacts_Mailing_Street:V'),(8,3,'vtiger_contactaddress:mailingcity:mailingcity:Contacts_Mailing_City:V'),(8,4,'vtiger_contactaddress:mailingstate:mailingstate:Contacts_Mailing_State:V'),(8,5,'vtiger_contactaddress:mailingzip:mailingzip:Contacts_Mailing_Zip:V'),(8,6,'vtiger_contactaddress:mailingcountry:mailingcountry:Contacts_Mailing_Country:V'),(9,0,'vtiger_contactdetails:firstname:firstname:Contacts_First_Name:V'),(9,1,'vtiger_contactdetails:lastname:lastname:Contacts_Last_Name:V'),(9,2,'vtiger_contactdetails:title:title:Contacts_Title:V'),(9,3,'vtiger_contactdetails:accountid:account_id:Contacts_Account_Name:I'),(9,4,'vtiger_contactdetails:email:email:Contacts_Email:E'),(9,5,'vtiger_contactsubdetails:otherphone:otherphone:Contacts_Phone:V'),(9,6,'vtiger_crmentity:smownerid:assigned_user_id:Contacts_Assigned_To:V'),(10,1,'vtiger_potential:potentialname:potentialname:Potentials_Potential_Name:V'),(10,2,'vtiger_potential:related_to:related_to:Potentials_Related_To:V'),(10,3,'vtiger_potential:sales_stage:sales_stage:Potentials_Sales_Stage:V'),(10,4,'vtiger_potential:leadsource:leadsource:Potentials_Lead_Source:V'),(10,5,'vtiger_potential:closingdate:closingdate:Potentials_Expected_Close_Date:D'),(10,6,'vtiger_potential:amount:amount:Potentials_Amount:N'),(10,7,'vtiger_crmentity:smownerid:assigned_user_id:Potentials_Assigned_To:V'),(10,8,'vtiger_potential:contact_id:contact_id:Potentials_Contact_Name:V'),(11,0,'vtiger_potential:potentialname:potentialname:Potentials_Potential_Name:V'),(11,1,'vtiger_potential:related_to:related_to:Potentials_Related_To:V'),(11,2,'vtiger_potential:amount:amount:Potentials_Amount:N'),(11,3,'vtiger_potential:closingdate:closingdate:Potentials_Expected_Close_Date:D'),(11,4,'vtiger_crmentity:smownerid:assigned_user_id:Potentials_Assigned_To:V'),(11,5,'vtiger_potential:contact_id:contact_id:Potentials_Contact_Name:V'),(12,0,'vtiger_potential:potentialname:potentialname:Potentials_Potential_Name:V'),(12,1,'vtiger_potential:related_to:related_to:Potentials_Related_To:V'),(12,2,'vtiger_potential:amount:amount:Potentials_Amount:N'),(12,3,'vtiger_potential:leadsource:leadsource:Potentials_Lead_Source:V'),(12,4,'vtiger_potential:closingdate:closingdate:Potentials_Expected_Close_Date:D'),(12,5,'vtiger_crmentity:smownerid:assigned_user_id:Potentials_Assigned_To:V'),(12,6,'vtiger_potential:contact_id:contact_id:Potentials_Contact_Name:V'),(13,1,'vtiger_troubletickets:title:ticket_title:HelpDesk_Title:V'),(13,2,'vtiger_troubletickets:parent_id:parent_id:HelpDesk_Related_To:V'),(13,3,'vtiger_troubletickets:status:ticketstatus:HelpDesk_Status:V'),(13,4,'vtiger_troubletickets:priority:ticketpriorities:HelpDesk_Priority:V'),(13,5,'vtiger_crmentity:smownerid:assigned_user_id:HelpDesk_Assigned_To:V'),(13,6,'vtiger_troubletickets:contact_id:contact_id:HelpDesk_Contact_Name:V'),(14,0,'vtiger_troubletickets:title:ticket_title:HelpDesk_Title:V'),(14,1,'vtiger_troubletickets:parent_id:parent_id:HelpDesk_Related_To:I'),(14,2,'vtiger_troubletickets:priority:ticketpriorities:HelpDesk_Priority:V'),(14,3,'vtiger_troubletickets:product_id:product_id:HelpDesk_Product_Name:I'),(14,4,'vtiger_crmentity:smownerid:assigned_user_id:HelpDesk_Assigned_To:V'),(14,5,'vtiger_troubletickets:contact_id:contact_id:HelpDesk_Contact_Name:V'),(15,0,'vtiger_troubletickets:title:ticket_title:HelpDesk_Title:V'),(15,1,'vtiger_troubletickets:parent_id:parent_id:HelpDesk_Related_To:I'),(15,2,'vtiger_troubletickets:status:ticketstatus:HelpDesk_Status:V'),(15,3,'vtiger_troubletickets:product_id:product_id:HelpDesk_Product_Name:I'),(15,4,'vtiger_crmentity:smownerid:assigned_user_id:HelpDesk_Assigned_To:V'),(15,5,'vtiger_troubletickets:contact_id:contact_id:HelpDesk_Contact_Name:V'),(16,1,'vtiger_quotes:subject:subject:Quotes_Subject:V'),(16,2,'vtiger_quotes:quotestage:quotestage:Quotes_Quote_Stage:V'),(16,3,'vtiger_quotes:potentialid:potential_id:Quotes_Potential_Name:V'),(16,4,'vtiger_quotes:accountid:account_id:Quotes_Account_Name:V'),(16,5,'vtiger_quotes:total:hdnGrandTotal:Quotes_Total:N'),(16,6,'vtiger_crmentity:smownerid:assigned_user_id:Quotes_Assigned_To:V'),(17,0,'vtiger_quotes:subject:subject:Quotes_Subject:V'),(17,1,'vtiger_quotes:quotestage:quotestage:Quotes_Quote_Stage:V'),(17,2,'vtiger_quotes:potentialid:potential_id:Quotes_Potential_Name:I'),(17,3,'vtiger_quotes:accountid:account_id:Quotes_Account_Name:I'),(17,4,'vtiger_quotes:validtill:validtill:Quotes_Valid_Till:D'),(17,5,'vtiger_crmentity:smownerid:assigned_user_id:Quotes_Assigned_To:V'),(18,0,'vtiger_quotes:subject:subject:Quotes_Subject:V'),(18,1,'vtiger_quotes:potentialid:potential_id:Quotes_Potential_Name:I'),(18,2,'vtiger_quotes:accountid:account_id:Quotes_Account_Name:I'),(18,3,'vtiger_quotes:validtill:validtill:Quotes_Valid_Till:D'),(18,4,'vtiger_crmentity:smownerid:assigned_user_id:Quotes_Assigned_To:V'),(19,0,'vtiger_activity:status:taskstatus:Calendar_Status:V'),(19,1,'vtiger_activity:activitytype:activitytype:Calendar_Activity_Type:V'),(19,2,'vtiger_activity:subject:subject:Calendar_Subject:V'),(19,3,'vtiger_seactivityrel:crmid:parent_id:Calendar_Related_To:V'),(19,4,'vtiger_activity:date_start:date_start:Calendar_Start_Date_&_Time:DT'),(19,5,'vtiger_activity:due_date:due_date:Calendar_Due_Date:D'),(19,6,'vtiger_crmentity:smownerid:assigned_user_id:Calendar_Assigned_To:V'),(20,0,'vtiger_activity:subject:subject:Emails_Subject:V'),(20,1,'vtiger_emaildetails:to_email:saved_toid:Emails_To:V'),(20,2,'vtiger_activity:date_start:date_start:Emails_Start_Date:DT'),(20,3,'vtiger_activity:time_start:time_start:Emails_Time_Start:T'),(21,1,'vtiger_invoice:subject:subject:Invoice_Subject:V'),(21,2,'vtiger_invoice:salesorderid:salesorder_id:Invoice_Sales_Order:V'),(21,3,'vtiger_invoice:invoicestatus:invoicestatus:Invoice_Status:V'),(21,4,'vtiger_invoice:total:hdnGrandTotal:Invoice_Total:N'),(21,5,'vtiger_crmentity:smownerid:assigned_user_id:Invoice_Assigned_To:V'),(22,1,'vtiger_notes:title:notes_title:Documents_Title:V'),(22,2,'vtiger_notes:filename:filename:Documents_File_Name:V'),(22,3,'vtiger_crmentity:modifiedtime:modifiedtime:Documents_Modified_Time:DT'),(22,4,'vtiger_crmentity:smownerid:assigned_user_id:Documents_Assigned_To:V'),(23,1,'vtiger_pricebook:bookname:bookname:PriceBooks_Price_Book_Name:V'),(23,2,'vtiger_pricebook:active:active:PriceBooks_Active:C'),(23,3,'vtiger_pricebook:currency_id:currency_id:PriceBooks_Currency:V'),(24,1,'vtiger_products:productname:productname:Products_Product_Name:V'),(24,2,'vtiger_products:productcode:productcode:Products_Part_Number:V'),(24,3,'vtiger_products:commissionrate:commissionrate:Products_Commission_Rate:N'),(24,4,'vtiger_products:qtyinstock:qtyinstock:Products_Qty_In_Stock:NN'),(24,5,'vtiger_products:qty_per_unit:qty_per_unit:Products_Qty/Unit:N'),(24,6,'vtiger_products:unit_price:unit_price:Products_Unit_Price:N'),(25,1,'vtiger_purchaseorder:subject:subject:PurchaseOrder_Subject:V'),(25,2,'vtiger_purchaseorder:vendorid:vendor_id:PurchaseOrder_Vendor_Name:V'),(25,3,'vtiger_purchaseorder:tracking_no:tracking_no:PurchaseOrder_Tracking_Number:V'),(25,4,'vtiger_purchaseorder:total:hdnGrandTotal:PurchaseOrder_Total:N'),(25,5,'vtiger_crmentity:smownerid:assigned_user_id:PurchaseOrder_Assigned_To:V'),(26,1,'vtiger_salesorder:subject:subject:SalesOrder_Subject:V'),(26,2,'vtiger_salesorder:accountid:account_id:SalesOrder_Account_Name:V'),(26,3,'vtiger_salesorder:quoteid:quote_id:SalesOrder_Quote_Name:V'),(26,4,'vtiger_salesorder:total:hdnGrandTotal:SalesOrder_Total:N'),(26,5,'vtiger_crmentity:smownerid:assigned_user_id:SalesOrder_Assigned_To:V'),(27,1,'vtiger_vendor:vendorname:vendorname:Vendors_Vendor_Name:V'),(27,2,'vtiger_vendor:phone:phone:Vendors_Phone:V'),(27,3,'vtiger_vendor:email:email:Vendors_Email:V'),(27,4,'vtiger_vendor:category:category:Vendors_Category:V'),(28,1,'vtiger_faq:question:question:Faq_Question:V'),(28,2,'vtiger_faq:category:faqcategories:Faq_Category:V'),(28,3,'vtiger_faq:product_id:product_id:Faq_Product_Name:V'),(28,4,'vtiger_crmentity:createdtime:createdtime:Faq_Created_Time:DT'),(28,5,'vtiger_crmentity:modifiedtime:modifiedtime:Faq_Modified_Time:DT'),(29,1,'vtiger_campaign:campaignname:campaignname:Campaigns_Campaign_Name:V'),(29,2,'vtiger_campaign:campaigntype:campaigntype:Campaigns_Campaign_Type:V'),(29,3,'vtiger_campaign:campaignstatus:campaignstatus:Campaigns_Campaign_Status:V'),(29,4,'vtiger_campaign:expectedrevenue:expectedrevenue:Campaigns_Expected_Revenue:N'),(29,5,'vtiger_campaign:closingdate:closingdate:Campaigns_Expected_Close_Date:D'),(29,6,'vtiger_crmentity:smownerid:assigned_user_id:Campaigns_Assigned_To:V'),(30,0,'subject:subject:subject:Subject:V'),(30,1,'from:fromname:fromname:From:N'),(30,2,'to:tpname:toname:To:N'),(30,3,'body:body:body:Body:V'),(31,0,'vtiger_faq:question:question:Faq_Question:V'),(31,1,'vtiger_faq:status:faqstatus:Faq_Status:V'),(31,2,'vtiger_faq:product_id:product_id:Faq_Product_Name:I'),(31,3,'vtiger_faq:category:faqcategories:Faq_Category:V'),(31,4,'vtiger_crmentity:createdtime:createdtime:Faq_Created_Time:DT'),(32,0,'vtiger_faq:question:question:Faq_Question:V'),(32,1,'vtiger_faq:answer:faq_answer:Faq_Answer:V'),(32,2,'vtiger_faq:status:faqstatus:Faq_Status:V'),(32,3,'vtiger_faq:product_id:product_id:Faq_Product_Name:I'),(32,4,'vtiger_faq:category:faqcategories:Faq_Category:V'),(32,5,'vtiger_crmentity:createdtime:createdtime:Faq_Created_Time:DT'),(33,0,'vtiger_purchaseorder:subject:subject:PurchaseOrder_Subject:V'),(33,1,'vtiger_purchaseorder:postatus:postatus:PurchaseOrder_Status:V'),(33,2,'vtiger_purchaseorder:vendorid:vendor_id:PurchaseOrder_Vendor_Name:I'),(33,3,'vtiger_crmentity:smownerid:assigned_user_id:PurchaseOrder_Assigned_To:V'),(33,4,'vtiger_purchaseorder:duedate:duedate:PurchaseOrder_Due_Date:V'),(34,0,'vtiger_purchaseorder:subject:subject:PurchaseOrder_Subject:V'),(34,1,'vtiger_purchaseorder:vendorid:vendor_id:PurchaseOrder_Vendor_Name:I'),(34,2,'vtiger_crmentity:smownerid:assigned_user_id:PurchaseOrder_Assigned_To:V'),(34,3,'vtiger_purchaseorder:postatus:postatus:PurchaseOrder_Status:V'),(34,4,'vtiger_purchaseorder:carrier:carrier:PurchaseOrder_Carrier:V'),(34,5,'vtiger_poshipads:ship_street:ship_street:PurchaseOrder_Shipping_Address:V'),(35,0,'vtiger_invoice:invoice_no:invoice_no:Invoice_Invoice_No:V'),(35,1,'vtiger_invoice:subject:subject:Invoice_Subject:V'),(35,2,'vtiger_invoice:accountid:account_id:Invoice_Account_Name:I'),(35,3,'vtiger_invoice:salesorderid:salesorder_id:Invoice_Sales_Order:I'),(35,4,'vtiger_invoice:invoicestatus:invoicestatus:Invoice_Status:V'),(35,5,'vtiger_crmentity:smownerid:assigned_user_id:Invoice_Assigned_To:V'),(35,6,'vtiger_crmentity:createdtime:createdtime:Invoice_Created_Time:DT'),(36,0,'vtiger_invoice:invoice_no:invoice_no:Invoice_Invoice_No:V'),(36,1,'vtiger_invoice:subject:subject:Invoice_Subject:V'),(36,2,'vtiger_invoice:accountid:account_id:Invoice_Account_Name:I'),(36,3,'vtiger_invoice:salesorderid:salesorder_id:Invoice_Sales_Order:I'),(36,4,'vtiger_invoice:invoicestatus:invoicestatus:Invoice_Status:V'),(36,5,'vtiger_invoiceshipads:ship_street:ship_street:Invoice_Shipping_Address:V'),(36,6,'vtiger_crmentity:smownerid:assigned_user_id:Invoice_Assigned_To:V'),(37,0,'vtiger_salesorder:subject:subject:SalesOrder_Subject:V'),(37,1,'vtiger_salesorder:accountid:account_id:SalesOrder_Account_Name:I'),(37,2,'vtiger_salesorder:sostatus:sostatus:SalesOrder_Status:V'),(37,3,'vtiger_crmentity:smownerid:assigned_user_id:SalesOrder_Assigned_To:V'),(37,4,'vtiger_soshipads:ship_street:ship_street:SalesOrder_Shipping_Address:V'),(37,5,'vtiger_salesorder:carrier:carrier:SalesOrder_Carrier:V'),(38,1,'vtiger_servicecontracts:subject:subject:ServiceContracts_Subject:V'),(38,2,'vtiger_servicecontracts:sc_related_to:sc_related_to:ServiceContracts_Related_to:V'),(38,3,'vtiger_crmentity:smownerid:assigned_user_id:ServiceContracts_Assigned_To:V'),(38,4,'vtiger_servicecontracts:start_date:start_date:ServiceContracts_Start_Date:D'),(38,5,'vtiger_servicecontracts:due_date:due_date:ServiceContracts_Due_date:D'),(38,7,'vtiger_servicecontracts:progress:progress:ServiceContracts_Progress:N'),(38,8,'vtiger_servicecontracts:contract_status:contract_status:ServiceContracts_Status:V'),(39,0,'vtiger_pbxmanager:callstatus:callstatus:PBXManager_Call_Status:V'),(39,1,'vtiger_pbxmanager:customernumber:customernumber:PBXManager_Customer_Number:V'),(39,2,'vtiger_pbxmanager:customer:customer:PBXManager_Customer:V'),(39,3,'vtiger_pbxmanager:user:user:PBXManager_User:V'),(39,4,'vtiger_pbxmanager:recordingurl:recordingurl:PBXManager_Recording_URL:V'),(39,5,'vtiger_pbxmanager:totalduration:totalduration:PBXManager_Total_Duration:I'),(39,6,'vtiger_pbxmanager:starttime:starttime:PBXManager_Start_Time:DT'),(40,1,'vtiger_service:servicename:servicename:Services_Service_Name:V'),(40,2,'vtiger_service:service_usageunit:service_usageunit:Services_Usage_Unit:V'),(40,3,'vtiger_service:unit_price:unit_price:Services_Price:N'),(40,4,'vtiger_service:qty_per_unit:qty_per_unit:Services_No_of_Units:N'),(40,5,'vtiger_service:servicecategory:servicecategory:Services_Service_Category:V'),(40,6,'vtiger_crmentity:smownerid:assigned_user_id:Services_Owner:I'),(41,0,'vtiger_sp_consignment:consignment_no:consignment_no:Consignment_Consignment_No:V'),(41,1,'vtiger_sp_consignment:invoiceid:invoice_id:Consignment_Invoice_Name:V'),(41,2,'vtiger_sp_consignment:accountid:account_id:Consignment_Account_Name:V'),(41,3,'vtiger_sp_consignment:sp_consignmentstatus:sp_consignmentstatus:Consignment_Status:V'),(41,4,'vtiger_sp_consignment:total:hdnGrandTotal:Consignment_Total:N'),(41,5,'vtiger_crmentity:smownerid:assigned_user_id:Consignment_Assigned_To:V'),(42,1,'sp_units:unitname:unitname:SPUnits_Unit_Name:V'),(42,2,'sp_units:usageunit:usageunit:SPUnits_Usage_Unit:V'),(42,3,'sp_units:unit_code:unit_code:SPUnits_Unit_Code:V'),(42,4,'vtiger_crmentity:smownerid:assigned_user_id:SPUnits_Assigned_To:V'),(43,1,'sp_payments:pay_type:pay_type:SPPayments_Pay_type:V'),(43,2,'sp_payments:payer:payer:SPPayments_Payer:V'),(43,3,'sp_payments:related_to:related_to:SPPayments_Invoice_To:V'),(43,4,'sp_payments:amount:amount:SPPayments_Amount:N'),(43,5,'sp_payments:type_payment:type_payment:SPPayments_Type_payment:V'),(43,6,'vtiger_crmentity:smownerid:assigned_user_id:SPPayments_Assigned_To:V'),(44,1,'vtiger_sp_socialconnector:message:message:SPSocialConnector_message:V'),(44,2,'vtiger_sp_socialconnector:type:type:SPSocialConnector_Type:V'),(44,3,'vtiger_sp_socialconnector:message_datetime:message_datetime:SPSocialConnector_Date_Time:DT'),(44,4,'vtiger_crmentity:smownerid:assigned_user_id:SPSocialConnector_Assigned_To:V'),(45,0,'vtiger_smsnotifier:message:message:SMSNotifier_message:V'),(45,2,'vtiger_crmentity:smownerid:assigned_user_id:SMSNotifier_Assigned_To:V'),(45,3,'vtiger_crmentity:createdtime:createdtime:SMSNotifier_Created_Time:DT'),(45,4,'vtiger_crmentity:modifiedtime:modifiedtime:SMSNotifier_Modified_Time:DT'),(46,0,'vtiger_sp_act:act_no:act_no:Act_Act_No:V'),(46,1,'vtiger_sp_act:accountid:account_id:Act_Account_Name:V'),(46,2,'vtiger_sp_act:sp_actstatus:sp_actstatus:Act_Status:V'),(46,3,'vtiger_sp_act:total:hdnGrandTotal:Act_Total:N'),(46,4,'vtiger_crmentity:smownerid:assigned_user_id:Act_Assigned_To:V'),(47,1,'vtiger_assets:assetname:assetname:Assets_Asset_Name:V'),(47,2,'vtiger_assets:account:account:Assets_Customer_Name:V'),(47,3,'vtiger_assets:product:product:Assets_Product_Name:V'),(48,0,'vtiger_modcomments:commentcontent:commentcontent:ModComments_Comment:V'),(48,1,'vtiger_modcomments:related_to:related_to:ModComments_Related_To:V'),(48,2,'vtiger_crmentity:modifiedtime:modifiedtime:ModComments_Modified_Time:DT'),(48,3,'vtiger_crmentity:smownerid:assigned_user_id:ModComments_Assigned_To:V'),(52,0,'vtiger_projectmilestone:projectmilestonename:projectmilestonename:ProjectMilestone_Project_Milestone_Name:V'),(52,1,'vtiger_projectmilestone:projectmilestonedate:projectmilestonedate:ProjectMilestone_Milestone_Date:D'),(52,3,'vtiger_crmentity:description:description:ProjectMilestone_description:V'),(52,4,'vtiger_crmentity:createdtime:createdtime:ProjectMilestone_Created_Time:DT'),(52,5,'vtiger_crmentity:modifiedtime:modifiedtime:ProjectMilestone_Modified_Time:DT'),(53,2,'vtiger_projecttask:projecttaskname:projecttaskname:ProjectTask_Project_Task_Name:V'),(53,3,'vtiger_projecttask:projectid:projectid:ProjectTask_Related_to:V'),(53,4,'vtiger_projecttask:projecttaskpriority:projecttaskpriority:ProjectTask_Priority:V'),(53,5,'vtiger_projecttask:projecttaskprogress:projecttaskprogress:ProjectTask_Progress:V'),(53,6,'vtiger_projecttask:projecttaskhours:projecttaskhours:ProjectTask_Worked_Hours:V'),(53,7,'vtiger_projecttask:startdate:startdate:ProjectTask_Start_Date:D'),(53,8,'vtiger_projecttask:enddate:enddate:ProjectTask_End_Date:D'),(53,9,'vtiger_crmentity:smownerid:assigned_user_id:ProjectTask_Assigned_To:V'),(54,0,'vtiger_project:projectname:projectname:Project_Project_Name:V'),(54,1,'vtiger_project:linktoaccountscontacts:linktoaccountscontacts:Project_Related_to:V'),(54,2,'vtiger_project:startdate:startdate:Project_Start_Date:D'),(54,3,'vtiger_project:targetenddate:targetenddate:Project_Target_End_Date:D'),(54,4,'vtiger_project:actualenddate:actualenddate:Project_Actual_End_Date:D'),(54,5,'vtiger_project:targetbudget:targetbudget:Project_Target_Budget:V'),(54,6,'vtiger_project:progress:progress:Project_Progress:V'),(54,7,'vtiger_project:projectstatus:projectstatus:Project_Status:V'),(54,8,'vtiger_crmentity:smownerid:assigned_user_id:Project_Assigned_To:V'),(54,19,'vtiger_project:contactid:contactid:Project_Contact_Name:V'),(55,0,'vtiger_timetable:name:name:Timetable_Name:V'),(55,1,'vtiger_crmentity:smownerid:assigned_user_id:Timetable_Assigned_To:V'),(55,2,'vtiger_crmentity:createdtime:createdtime:Timetable_Created_Time:T'),(55,3,'vtiger_crmentity:description:description:Timetable_Описание:V'),(56,0,'vtiger_trips:name:name:Trips_Name:V'),(56,1,'vtiger_crmentity:smownerid:assigned_user_id:Trips_Assigned_To:V'),(56,2,'vtiger_crmentity:createdtime:createdtime:Trips_Created_Time:T'),(56,3,'vtiger_crmentity:description:description:Trips_Описание:V');
/*!40000 ALTER TABLE `vtiger_cvcolumnlist` ENABLE KEYS */;
UNLOCK TABLES;

--
-- Table structure for table `vtiger_cvstdfilter`
--

DROP TABLE IF EXISTS `vtiger_cvstdfilter`;
/*!40101 SET @saved_cs_client     = @@character_set_client */;
/*!50503 SET character_set_client = utf8mb4 */;
CREATE TABLE `vtiger_cvstdfilter` (
  `cvid` int NOT NULL,
  `columnname` varchar(250) DEFAULT '',
  `stdfilter` varchar(250) DEFAULT '',
  `startdate` date DEFAULT NULL,
  `enddate` date DEFAULT NULL,
  KEY `cvstdfilter_cvid_idx` (`cvid`),
  CONSTRAINT `fk_1_vtiger_cvstdfilter` FOREIGN KEY (`cvid`) REFERENCES `vtiger_customview` (`cvid`) ON DELETE CASCADE
) ENGINE=InnoDB DEFAULT CHARSET=utf8mb3;
/*!40101 SET character_set_client = @saved_cs_client */;

--
-- Dumping data for table `vtiger_cvstdfilter`
--

LOCK TABLES `vtiger_cvstdfilter` WRITE;
/*!40000 ALTER TABLE `vtiger_cvstdfilter` DISABLE KEYS */;
INSERT INTO `vtiger_cvstdfilter` VALUES (3,'vtiger_crmentity:modifiedtime:modifiedtime:Leads_Modified_Time','thismonth','2005-06-01','2005-06-30'),(6,'vtiger_crmentity:createdtime:createdtime:Accounts_Created_Time','thisweek','2005-06-19','2005-06-25'),(9,'vtiger_contactsubdetails:birthday:birthday:Contacts_Birthdate','today','2005-06-25','2005-06-25');
/*!40000 ALTER TABLE `vtiger_cvstdfilter` ENABLE KEYS */;
UNLOCK TABLES;

--
-- Table structure for table `vtiger_dashboard_tabs`
--

DROP TABLE IF EXISTS `vtiger_dashboard_tabs`;
/*!40101 SET @saved_cs_client     = @@character_set_client */;
/*!50503 SET character_set_client = utf8mb4 */;
CREATE TABLE `vtiger_dashboard_tabs` (
  `id` int NOT NULL AUTO_INCREMENT,
  `tabname` varchar(50) DEFAULT NULL,
  `isdefault` int DEFAULT '0',
  `sequence` int DEFAULT '2',
  `appname` varchar(20) DEFAULT NULL,
  `modulename` varchar(50) DEFAULT NULL,
  `userid` int DEFAULT NULL,
  PRIMARY KEY (`id`),
  UNIQUE KEY `tabname` (`tabname`,`userid`),
  KEY `vtiger_dashboard_tabs_ibfk_1` (`userid`),
  CONSTRAINT `vtiger_dashboard_tabs_ibfk_1` FOREIGN KEY (`userid`) REFERENCES `vtiger_users` (`id`) ON DELETE CASCADE
) ENGINE=InnoDB AUTO_INCREMENT=5 DEFAULT CHARSET=utf8mb3;
/*!40101 SET character_set_client = @saved_cs_client */;

--
-- Dumping data for table `vtiger_dashboard_tabs`
--

LOCK TABLES `vtiger_dashboard_tabs` WRITE;
/*!40000 ALTER TABLE `vtiger_dashboard_tabs` DISABLE KEYS */;
INSERT INTO `vtiger_dashboard_tabs` VALUES (1,'Default',0,2,NULL,NULL,1),(2,'My Dashboard',1,1,'','',1);
/*!40000 ALTER TABLE `vtiger_dashboard_tabs` ENABLE KEYS */;
UNLOCK TABLES;

--
-- Table structure for table `vtiger_datashare_grp2grp`
--

DROP TABLE IF EXISTS `vtiger_datashare_grp2grp`;
/*!40101 SET @saved_cs_client     = @@character_set_client */;
/*!50503 SET character_set_client = utf8mb4 */;
CREATE TABLE `vtiger_datashare_grp2grp` (
  `shareid` int NOT NULL,
  `share_groupid` int DEFAULT NULL,
  `to_groupid` int DEFAULT NULL,
  `permission` int DEFAULT NULL,
  PRIMARY KEY (`shareid`),
  KEY `datashare_grp2grp_share_groupid_idx` (`share_groupid`),
  KEY `datashare_grp2grp_to_groupid_idx` (`to_groupid`),
  CONSTRAINT `fk_3_vtiger_datashare_grp2grp` FOREIGN KEY (`to_groupid`) REFERENCES `vtiger_groups` (`groupid`) ON DELETE CASCADE
) ENGINE=InnoDB DEFAULT CHARSET=utf8mb3;
/*!40101 SET character_set_client = @saved_cs_client */;

--
-- Dumping data for table `vtiger_datashare_grp2grp`
--

LOCK TABLES `vtiger_datashare_grp2grp` WRITE;
/*!40000 ALTER TABLE `vtiger_datashare_grp2grp` DISABLE KEYS */;
/*!40000 ALTER TABLE `vtiger_datashare_grp2grp` ENABLE KEYS */;
UNLOCK TABLES;

--
-- Table structure for table `vtiger_datashare_grp2role`
--

DROP TABLE IF EXISTS `vtiger_datashare_grp2role`;
/*!40101 SET @saved_cs_client     = @@character_set_client */;
/*!50503 SET character_set_client = utf8mb4 */;
CREATE TABLE `vtiger_datashare_grp2role` (
  `shareid` int NOT NULL,
  `share_groupid` int DEFAULT NULL,
  `to_roleid` varchar(255) DEFAULT NULL,
  `permission` int DEFAULT NULL,
  PRIMARY KEY (`shareid`),
  KEY `idx_datashare_grp2role_share_groupid` (`share_groupid`),
  KEY `idx_datashare_grp2role_to_roleid` (`to_roleid`),
  CONSTRAINT `fk_3_vtiger_datashare_grp2role` FOREIGN KEY (`to_roleid`) REFERENCES `vtiger_role` (`roleid`) ON DELETE CASCADE
) ENGINE=InnoDB DEFAULT CHARSET=utf8mb3;
/*!40101 SET character_set_client = @saved_cs_client */;

--
-- Dumping data for table `vtiger_datashare_grp2role`
--

LOCK TABLES `vtiger_datashare_grp2role` WRITE;
/*!40000 ALTER TABLE `vtiger_datashare_grp2role` DISABLE KEYS */;
/*!40000 ALTER TABLE `vtiger_datashare_grp2role` ENABLE KEYS */;
UNLOCK TABLES;

--
-- Table structure for table `vtiger_datashare_grp2rs`
--

DROP TABLE IF EXISTS `vtiger_datashare_grp2rs`;
/*!40101 SET @saved_cs_client     = @@character_set_client */;
/*!50503 SET character_set_client = utf8mb4 */;
CREATE TABLE `vtiger_datashare_grp2rs` (
  `shareid` int NOT NULL,
  `share_groupid` int DEFAULT NULL,
  `to_roleandsubid` varchar(255) DEFAULT NULL,
  `permission` int DEFAULT NULL,
  PRIMARY KEY (`shareid`),
  KEY `datashare_grp2rs_share_groupid_idx` (`share_groupid`),
  KEY `datashare_grp2rs_to_roleandsubid_idx` (`to_roleandsubid`),
  CONSTRAINT `fk_3_vtiger_datashare_grp2rs` FOREIGN KEY (`to_roleandsubid`) REFERENCES `vtiger_role` (`roleid`) ON DELETE CASCADE
) ENGINE=InnoDB DEFAULT CHARSET=utf8mb3;
/*!40101 SET character_set_client = @saved_cs_client */;

--
-- Dumping data for table `vtiger_datashare_grp2rs`
--

LOCK TABLES `vtiger_datashare_grp2rs` WRITE;
/*!40000 ALTER TABLE `vtiger_datashare_grp2rs` DISABLE KEYS */;
/*!40000 ALTER TABLE `vtiger_datashare_grp2rs` ENABLE KEYS */;
UNLOCK TABLES;

--
-- Table structure for table `vtiger_datashare_module_rel`
--

DROP TABLE IF EXISTS `vtiger_datashare_module_rel`;
/*!40101 SET @saved_cs_client     = @@character_set_client */;
/*!50503 SET character_set_client = utf8mb4 */;
CREATE TABLE `vtiger_datashare_module_rel` (
  `shareid` int NOT NULL,
  `tabid` int NOT NULL,
  `relationtype` varchar(200) DEFAULT NULL,
  PRIMARY KEY (`shareid`),
  KEY `idx_datashare_module_rel_tabid` (`tabid`),
  CONSTRAINT `fk_1_vtiger_datashare_module_rel` FOREIGN KEY (`tabid`) REFERENCES `vtiger_tab` (`tabid`) ON DELETE CASCADE
) ENGINE=InnoDB DEFAULT CHARSET=utf8mb3;
/*!40101 SET character_set_client = @saved_cs_client */;

--
-- Dumping data for table `vtiger_datashare_module_rel`
--

LOCK TABLES `vtiger_datashare_module_rel` WRITE;
/*!40000 ALTER TABLE `vtiger_datashare_module_rel` DISABLE KEYS */;
/*!40000 ALTER TABLE `vtiger_datashare_module_rel` ENABLE KEYS */;
UNLOCK TABLES;

--
-- Table structure for table `vtiger_datashare_relatedmodule_permission`
--

DROP TABLE IF EXISTS `vtiger_datashare_relatedmodule_permission`;
/*!40101 SET @saved_cs_client     = @@character_set_client */;
/*!50503 SET character_set_client = utf8mb4 */;
CREATE TABLE `vtiger_datashare_relatedmodule_permission` (
  `shareid` int NOT NULL,
  `datashare_relatedmodule_id` int NOT NULL,
  `permission` int DEFAULT NULL,
  PRIMARY KEY (`shareid`,`datashare_relatedmodule_id`),
  KEY `datashare_relatedmodule_permission_shareid_permissions_idx` (`shareid`,`permission`)
) ENGINE=InnoDB DEFAULT CHARSET=utf8mb3;
/*!40101 SET character_set_client = @saved_cs_client */;

--
-- Dumping data for table `vtiger_datashare_relatedmodule_permission`
--

LOCK TABLES `vtiger_datashare_relatedmodule_permission` WRITE;
/*!40000 ALTER TABLE `vtiger_datashare_relatedmodule_permission` DISABLE KEYS */;
/*!40000 ALTER TABLE `vtiger_datashare_relatedmodule_permission` ENABLE KEYS */;
UNLOCK TABLES;

--
-- Table structure for table `vtiger_datashare_relatedmodules`
--

DROP TABLE IF EXISTS `vtiger_datashare_relatedmodules`;
/*!40101 SET @saved_cs_client     = @@character_set_client */;
/*!50503 SET character_set_client = utf8mb4 */;
CREATE TABLE `vtiger_datashare_relatedmodules` (
  `datashare_relatedmodule_id` int NOT NULL,
  `tabid` int DEFAULT NULL,
  `relatedto_tabid` int DEFAULT NULL,
  PRIMARY KEY (`datashare_relatedmodule_id`),
  KEY `datashare_relatedmodules_tabid_idx` (`tabid`),
  KEY `datashare_relatedmodules_relatedto_tabid_idx` (`relatedto_tabid`),
  CONSTRAINT `fk_2_vtiger_datashare_relatedmodules` FOREIGN KEY (`tabid`) REFERENCES `vtiger_tab` (`tabid`) ON DELETE CASCADE
) ENGINE=InnoDB DEFAULT CHARSET=utf8mb3;
/*!40101 SET character_set_client = @saved_cs_client */;

--
-- Dumping data for table `vtiger_datashare_relatedmodules`
--

LOCK TABLES `vtiger_datashare_relatedmodules` WRITE;
/*!40000 ALTER TABLE `vtiger_datashare_relatedmodules` DISABLE KEYS */;
INSERT INTO `vtiger_datashare_relatedmodules` VALUES (1,6,2),(2,6,13),(3,6,20),(4,6,22),(5,6,23),(6,2,20),(7,2,22),(8,20,22),(9,22,23);
/*!40000 ALTER TABLE `vtiger_datashare_relatedmodules` ENABLE KEYS */;
UNLOCK TABLES;

--
-- Table structure for table `vtiger_datashare_relatedmodules_seq`
--

DROP TABLE IF EXISTS `vtiger_datashare_relatedmodules_seq`;
/*!40101 SET @saved_cs_client     = @@character_set_client */;
/*!50503 SET character_set_client = utf8mb4 */;
CREATE TABLE `vtiger_datashare_relatedmodules_seq` (
  `id` int NOT NULL
) ENGINE=InnoDB DEFAULT CHARSET=utf8mb3;
/*!40101 SET character_set_client = @saved_cs_client */;

--
-- Dumping data for table `vtiger_datashare_relatedmodules_seq`
--

LOCK TABLES `vtiger_datashare_relatedmodules_seq` WRITE;
/*!40000 ALTER TABLE `vtiger_datashare_relatedmodules_seq` DISABLE KEYS */;
INSERT INTO `vtiger_datashare_relatedmodules_seq` VALUES (9);
/*!40000 ALTER TABLE `vtiger_datashare_relatedmodules_seq` ENABLE KEYS */;
UNLOCK TABLES;

--
-- Table structure for table `vtiger_datashare_role2group`
--

DROP TABLE IF EXISTS `vtiger_datashare_role2group`;
/*!40101 SET @saved_cs_client     = @@character_set_client */;
/*!50503 SET character_set_client = utf8mb4 */;
CREATE TABLE `vtiger_datashare_role2group` (
  `shareid` int NOT NULL,
  `share_roleid` varchar(255) DEFAULT NULL,
  `to_groupid` int DEFAULT NULL,
  `permission` int DEFAULT NULL,
  PRIMARY KEY (`shareid`),
  KEY `idx_datashare_role2group_share_roleid` (`share_roleid`),
  KEY `idx_datashare_role2group_to_groupid` (`to_groupid`),
  CONSTRAINT `fk_3_vtiger_datashare_role2group` FOREIGN KEY (`share_roleid`) REFERENCES `vtiger_role` (`roleid`) ON DELETE CASCADE
) ENGINE=InnoDB DEFAULT CHARSET=utf8mb3;
/*!40101 SET character_set_client = @saved_cs_client */;

--
-- Dumping data for table `vtiger_datashare_role2group`
--

LOCK TABLES `vtiger_datashare_role2group` WRITE;
/*!40000 ALTER TABLE `vtiger_datashare_role2group` DISABLE KEYS */;
/*!40000 ALTER TABLE `vtiger_datashare_role2group` ENABLE KEYS */;
UNLOCK TABLES;

--
-- Table structure for table `vtiger_datashare_role2role`
--

DROP TABLE IF EXISTS `vtiger_datashare_role2role`;
/*!40101 SET @saved_cs_client     = @@character_set_client */;
/*!50503 SET character_set_client = utf8mb4 */;
CREATE TABLE `vtiger_datashare_role2role` (
  `shareid` int NOT NULL,
  `share_roleid` varchar(255) DEFAULT NULL,
  `to_roleid` varchar(255) DEFAULT NULL,
  `permission` int DEFAULT NULL,
  PRIMARY KEY (`shareid`),
  KEY `datashare_role2role_share_roleid_idx` (`share_roleid`),
  KEY `datashare_role2role_to_roleid_idx` (`to_roleid`),
  CONSTRAINT `fk_3_vtiger_datashare_role2role` FOREIGN KEY (`to_roleid`) REFERENCES `vtiger_role` (`roleid`) ON DELETE CASCADE
) ENGINE=InnoDB DEFAULT CHARSET=utf8mb3;
/*!40101 SET character_set_client = @saved_cs_client */;

--
-- Dumping data for table `vtiger_datashare_role2role`
--

LOCK TABLES `vtiger_datashare_role2role` WRITE;
/*!40000 ALTER TABLE `vtiger_datashare_role2role` DISABLE KEYS */;
/*!40000 ALTER TABLE `vtiger_datashare_role2role` ENABLE KEYS */;
UNLOCK TABLES;

--
-- Table structure for table `vtiger_datashare_role2rs`
--

DROP TABLE IF EXISTS `vtiger_datashare_role2rs`;
/*!40101 SET @saved_cs_client     = @@character_set_client */;
/*!50503 SET character_set_client = utf8mb4 */;
CREATE TABLE `vtiger_datashare_role2rs` (
  `shareid` int NOT NULL,
  `share_roleid` varchar(255) DEFAULT NULL,
  `to_roleandsubid` varchar(255) DEFAULT NULL,
  `permission` int DEFAULT NULL,
  PRIMARY KEY (`shareid`),
  KEY `datashare_role2s_share_roleid_idx` (`share_roleid`),
  KEY `datashare_role2s_to_roleandsubid_idx` (`to_roleandsubid`),
  CONSTRAINT `fk_3_vtiger_datashare_role2rs` FOREIGN KEY (`to_roleandsubid`) REFERENCES `vtiger_role` (`roleid`) ON DELETE CASCADE
) ENGINE=InnoDB DEFAULT CHARSET=utf8mb3;
/*!40101 SET character_set_client = @saved_cs_client */;

--
-- Dumping data for table `vtiger_datashare_role2rs`
--

LOCK TABLES `vtiger_datashare_role2rs` WRITE;
/*!40000 ALTER TABLE `vtiger_datashare_role2rs` DISABLE KEYS */;
/*!40000 ALTER TABLE `vtiger_datashare_role2rs` ENABLE KEYS */;
UNLOCK TABLES;

--
-- Table structure for table `vtiger_datashare_rs2grp`
--

DROP TABLE IF EXISTS `vtiger_datashare_rs2grp`;
/*!40101 SET @saved_cs_client     = @@character_set_client */;
/*!50503 SET character_set_client = utf8mb4 */;
CREATE TABLE `vtiger_datashare_rs2grp` (
  `shareid` int NOT NULL,
  `share_roleandsubid` varchar(255) DEFAULT NULL,
  `to_groupid` int DEFAULT NULL,
  `permission` int DEFAULT NULL,
  PRIMARY KEY (`shareid`),
  KEY `datashare_rs2grp_share_roleandsubid_idx` (`share_roleandsubid`),
  KEY `datashare_rs2grp_to_groupid_idx` (`to_groupid`),
  CONSTRAINT `fk_3_vtiger_datashare_rs2grp` FOREIGN KEY (`share_roleandsubid`) REFERENCES `vtiger_role` (`roleid`) ON DELETE CASCADE
) ENGINE=InnoDB DEFAULT CHARSET=utf8mb3;
/*!40101 SET character_set_client = @saved_cs_client */;

--
-- Dumping data for table `vtiger_datashare_rs2grp`
--

LOCK TABLES `vtiger_datashare_rs2grp` WRITE;
/*!40000 ALTER TABLE `vtiger_datashare_rs2grp` DISABLE KEYS */;
/*!40000 ALTER TABLE `vtiger_datashare_rs2grp` ENABLE KEYS */;
UNLOCK TABLES;

--
-- Table structure for table `vtiger_datashare_rs2role`
--

DROP TABLE IF EXISTS `vtiger_datashare_rs2role`;
/*!40101 SET @saved_cs_client     = @@character_set_client */;
/*!50503 SET character_set_client = utf8mb4 */;
CREATE TABLE `vtiger_datashare_rs2role` (
  `shareid` int NOT NULL,
  `share_roleandsubid` varchar(255) DEFAULT NULL,
  `to_roleid` varchar(255) DEFAULT NULL,
  `permission` int DEFAULT NULL,
  PRIMARY KEY (`shareid`),
  KEY `datashare_rs2role_share_roleandsubid_idx` (`share_roleandsubid`),
  KEY `datashare_rs2role_to_roleid_idx` (`to_roleid`),
  CONSTRAINT `fk_3_vtiger_datashare_rs2role` FOREIGN KEY (`to_roleid`) REFERENCES `vtiger_role` (`roleid`) ON DELETE CASCADE
) ENGINE=InnoDB DEFAULT CHARSET=utf8mb3;
/*!40101 SET character_set_client = @saved_cs_client */;

--
-- Dumping data for table `vtiger_datashare_rs2role`
--

LOCK TABLES `vtiger_datashare_rs2role` WRITE;
/*!40000 ALTER TABLE `vtiger_datashare_rs2role` DISABLE KEYS */;
/*!40000 ALTER TABLE `vtiger_datashare_rs2role` ENABLE KEYS */;
UNLOCK TABLES;

--
-- Table structure for table `vtiger_datashare_rs2rs`
--

DROP TABLE IF EXISTS `vtiger_datashare_rs2rs`;
/*!40101 SET @saved_cs_client     = @@character_set_client */;
/*!50503 SET character_set_client = utf8mb4 */;
CREATE TABLE `vtiger_datashare_rs2rs` (
  `shareid` int NOT NULL,
  `share_roleandsubid` varchar(255) DEFAULT NULL,
  `to_roleandsubid` varchar(255) DEFAULT NULL,
  `permission` int DEFAULT NULL,
  PRIMARY KEY (`shareid`),
  KEY `datashare_rs2rs_share_roleandsubid_idx` (`share_roleandsubid`),
  KEY `idx_datashare_rs2rs_to_roleandsubid_idx` (`to_roleandsubid`),
  CONSTRAINT `fk_3_vtiger_datashare_rs2rs` FOREIGN KEY (`to_roleandsubid`) REFERENCES `vtiger_role` (`roleid`) ON DELETE CASCADE
) ENGINE=InnoDB DEFAULT CHARSET=utf8mb3;
/*!40101 SET character_set_client = @saved_cs_client */;

--
-- Dumping data for table `vtiger_datashare_rs2rs`
--

LOCK TABLES `vtiger_datashare_rs2rs` WRITE;
/*!40000 ALTER TABLE `vtiger_datashare_rs2rs` DISABLE KEYS */;
/*!40000 ALTER TABLE `vtiger_datashare_rs2rs` ENABLE KEYS */;
UNLOCK TABLES;

--
-- Table structure for table `vtiger_date_format`
--

DROP TABLE IF EXISTS `vtiger_date_format`;
/*!40101 SET @saved_cs_client     = @@character_set_client */;
/*!50503 SET character_set_client = utf8mb4 */;
CREATE TABLE `vtiger_date_format` (
  `date_formatid` int NOT NULL AUTO_INCREMENT,
  `date_format` varchar(200) NOT NULL,
  `sortorderid` int NOT NULL DEFAULT '0',
  `presence` int NOT NULL DEFAULT '1',
  PRIMARY KEY (`date_formatid`)
) ENGINE=InnoDB AUTO_INCREMENT=4 DEFAULT CHARSET=utf8mb3;
/*!40101 SET character_set_client = @saved_cs_client */;

--
-- Dumping data for table `vtiger_date_format`
--

LOCK TABLES `vtiger_date_format` WRITE;
/*!40000 ALTER TABLE `vtiger_date_format` DISABLE KEYS */;
INSERT INTO `vtiger_date_format` VALUES (1,'dd-mm-yyyy',0,1),(2,'mm-dd-yyyy',1,1),(3,'yyyy-mm-dd',2,1);
/*!40000 ALTER TABLE `vtiger_date_format` ENABLE KEYS */;
UNLOCK TABLES;

--
-- Table structure for table `vtiger_date_format_seq`
--

DROP TABLE IF EXISTS `vtiger_date_format_seq`;
/*!40101 SET @saved_cs_client     = @@character_set_client */;
/*!50503 SET character_set_client = utf8mb4 */;
CREATE TABLE `vtiger_date_format_seq` (
  `id` int NOT NULL
) ENGINE=InnoDB DEFAULT CHARSET=utf8mb3;
/*!40101 SET character_set_client = @saved_cs_client */;

--
-- Dumping data for table `vtiger_date_format_seq`
--

LOCK TABLES `vtiger_date_format_seq` WRITE;
/*!40000 ALTER TABLE `vtiger_date_format_seq` DISABLE KEYS */;
INSERT INTO `vtiger_date_format_seq` VALUES (3);
/*!40000 ALTER TABLE `vtiger_date_format_seq` ENABLE KEYS */;
UNLOCK TABLES;

--
-- Table structure for table `vtiger_dayoftheweek`
--

DROP TABLE IF EXISTS `vtiger_dayoftheweek`;
/*!40101 SET @saved_cs_client     = @@character_set_client */;
/*!50503 SET character_set_client = utf8mb4 */;
CREATE TABLE `vtiger_dayoftheweek` (
  `dayoftheweekid` int NOT NULL AUTO_INCREMENT,
  `dayoftheweek` varchar(200) NOT NULL,
  `sortorderid` int DEFAULT NULL,
  `presence` int NOT NULL DEFAULT '1',
  PRIMARY KEY (`dayoftheweekid`)
) ENGINE=InnoDB AUTO_INCREMENT=8 DEFAULT CHARSET=utf8mb3;
/*!40101 SET character_set_client = @saved_cs_client */;

--
-- Dumping data for table `vtiger_dayoftheweek`
--

LOCK TABLES `vtiger_dayoftheweek` WRITE;
/*!40000 ALTER TABLE `vtiger_dayoftheweek` DISABLE KEYS */;
INSERT INTO `vtiger_dayoftheweek` VALUES (1,'Sunday',0,1),(2,'Monday',1,1),(3,'Tuesday',2,1),(4,'Wednesday',3,1),(5,'Thursday',4,1),(6,'Friday',5,1),(7,'Saturday',6,1);
/*!40000 ALTER TABLE `vtiger_dayoftheweek` ENABLE KEYS */;
UNLOCK TABLES;

--
-- Table structure for table `vtiger_dayoftheweek_seq`
--

DROP TABLE IF EXISTS `vtiger_dayoftheweek_seq`;
/*!40101 SET @saved_cs_client     = @@character_set_client */;
/*!50503 SET character_set_client = utf8mb4 */;
CREATE TABLE `vtiger_dayoftheweek_seq` (
  `id` int NOT NULL
) ENGINE=InnoDB DEFAULT CHARSET=utf8mb3;
/*!40101 SET character_set_client = @saved_cs_client */;

--
-- Dumping data for table `vtiger_dayoftheweek_seq`
--

LOCK TABLES `vtiger_dayoftheweek_seq` WRITE;
/*!40000 ALTER TABLE `vtiger_dayoftheweek_seq` DISABLE KEYS */;
INSERT INTO `vtiger_dayoftheweek_seq` VALUES (7);
/*!40000 ALTER TABLE `vtiger_dayoftheweek_seq` ENABLE KEYS */;
UNLOCK TABLES;

--
-- Table structure for table `vtiger_def_org_field`
--

DROP TABLE IF EXISTS `vtiger_def_org_field`;
/*!40101 SET @saved_cs_client     = @@character_set_client */;
/*!50503 SET character_set_client = utf8mb4 */;
CREATE TABLE `vtiger_def_org_field` (
  `tabid` int DEFAULT NULL,
  `fieldid` int NOT NULL,
  `visible` int DEFAULT NULL,
  `readonly` int DEFAULT NULL,
  PRIMARY KEY (`fieldid`),
  KEY `def_org_field_tabid_fieldid_idx` (`tabid`,`fieldid`),
  KEY `def_org_field_tabid_idx` (`tabid`),
  KEY `def_org_field_visible_fieldid_idx` (`visible`,`fieldid`)
) ENGINE=InnoDB DEFAULT CHARSET=utf8mb3;
/*!40101 SET character_set_client = @saved_cs_client */;

--
-- Dumping data for table `vtiger_def_org_field`
--

LOCK TABLES `vtiger_def_org_field` WRITE;
/*!40000 ALTER TABLE `vtiger_def_org_field` DISABLE KEYS */;
INSERT INTO `vtiger_def_org_field` VALUES (6,1,0,0),(6,2,0,0),(6,3,0,0),(6,4,0,0),(6,5,0,0),(6,6,0,0),(6,7,0,0),(6,8,0,0),(6,9,0,0),(6,10,0,0),(6,11,0,0),(6,12,0,0),(6,13,0,0),(6,14,0,0),(6,15,0,0),(6,16,0,0),(6,17,0,0),(6,18,0,0),(6,19,0,0),(6,20,0,0),(6,21,0,0),(6,22,0,0),(6,23,0,0),(6,24,0,0),(6,25,0,0),(6,26,0,0),(6,27,0,0),(6,28,0,0),(6,29,0,0),(6,30,0,0),(6,31,0,0),(6,32,0,0),(6,33,0,0),(6,34,0,0),(6,35,0,0),(6,36,0,0),(6,37,0,0),(6,38,0,0),(6,39,0,0),(7,40,0,0),(7,41,0,0),(7,42,0,0),(7,43,0,0),(7,44,0,0),(7,45,0,0),(7,46,0,0),(7,47,0,0),(7,48,0,0),(7,49,0,0),(7,50,0,0),(7,51,0,0),(7,52,0,0),(7,53,0,0),(7,54,0,0),(7,55,0,0),(7,56,0,0),(7,57,0,0),(7,58,0,0),(7,59,0,0),(7,60,0,0),(7,61,0,0),(7,62,0,0),(7,63,0,0),(7,64,0,0),(7,65,0,0),(7,66,0,0),(7,67,0,0),(7,68,0,0),(7,69,0,0),(4,70,0,0),(4,71,0,0),(4,72,0,0),(4,73,0,0),(4,74,0,0),(4,75,0,0),(4,76,0,0),(4,77,0,0),(4,78,0,0),(4,79,0,0),(4,80,0,0),(4,81,0,0),(4,82,0,0),(4,83,0,0),(4,84,0,0),(4,85,0,0),(4,86,0,0),(4,87,0,0),(4,88,0,0),(4,89,0,0),(4,90,0,0),(4,91,0,0),(4,92,0,0),(4,93,0,0),(4,94,0,0),(4,95,0,0),(4,96,0,0),(4,97,0,0),(4,98,0,0),(4,99,0,0),(4,100,0,0),(4,101,0,0),(4,102,0,0),(4,103,0,0),(4,104,0,0),(4,105,0,0),(4,106,0,0),(4,107,0,0),(4,108,0,0),(4,109,0,0),(4,110,0,0),(4,111,0,0),(4,112,0,0),(4,113,0,0),(4,114,0,0),(2,115,0,0),(2,116,0,0),(2,117,0,0),(2,118,0,0),(2,119,0,0),(2,120,0,0),(2,121,0,0),(2,122,0,0),(2,123,0,0),(2,124,0,0),(2,125,0,0),(2,126,0,0),(2,127,0,0),(2,128,0,0),(2,129,0,0),(2,130,0,0),(26,131,0,0),(26,132,0,0),(26,133,0,0),(26,134,0,0),(26,135,0,0),(26,136,0,0),(26,137,0,0),(26,138,0,0),(26,139,0,0),(26,140,0,0),(26,141,0,0),(26,142,0,0),(26,143,0,0),(26,144,0,0),(26,145,0,0),(26,146,0,0),(26,147,0,0),(26,148,0,0),(26,149,0,0),(26,150,0,0),(26,151,0,0),(26,152,0,0),(26,153,0,0),(26,154,0,0),(26,155,0,0),(4,156,0,0),(6,157,0,0),(7,158,0,0),(26,159,0,0),(13,160,0,0),(13,161,0,0),(13,162,0,0),(13,163,0,0),(13,164,0,0),(13,165,0,0),(13,166,0,0),(13,167,0,0),(13,168,0,0),(13,169,0,0),(13,170,0,0),(13,171,0,0),(13,172,0,0),(13,173,0,0),(13,174,0,0),(13,175,0,0),(13,176,0,0),(13,177,0,0),(13,178,0,0),(14,179,0,0),(14,180,0,0),(14,181,0,0),(14,182,0,0),(14,183,0,0),(14,184,0,0),(14,185,0,0),(14,186,0,0),(14,187,0,0),(14,188,0,0),(14,189,0,0),(14,190,0,0),(14,191,0,0),(14,192,0,0),(14,193,0,0),(14,194,0,0),(14,195,0,0),(14,196,0,0),(14,197,0,0),(14,198,0,0),(14,199,0,0),(14,200,0,0),(14,201,0,0),(14,202,0,0),(14,203,0,0),(14,204,0,0),(14,205,0,0),(14,206,0,0),(14,207,0,0),(14,208,0,0),(14,209,0,0),(14,210,0,0),(14,211,0,0),(14,212,0,0),(8,213,0,0),(8,214,0,0),(8,215,0,0),(8,216,0,0),(8,217,0,0),(8,218,0,0),(8,219,0,0),(8,220,0,0),(8,221,0,0),(8,222,0,0),(8,223,0,0),(8,224,0,0),(8,225,0,0),(8,226,0,0),(8,227,0,0),(10,228,0,0),(10,229,0,0),(10,230,0,0),(10,231,0,0),(10,232,0,0),(10,233,0,0),(10,234,0,0),(10,235,0,0),(10,236,0,0),(10,237,0,0),(10,238,0,0),(10,239,0,0),(9,240,0,0),(9,241,0,0),(9,242,0,0),(9,243,0,0),(9,244,0,0),(9,245,0,0),(9,246,0,0),(9,247,0,0),(9,248,0,0),(9,249,0,0),(9,250,0,0),(9,251,0,0),(9,252,0,0),(9,253,0,0),(9,254,0,0),(9,255,0,0),(9,256,0,0),(9,257,0,0),(9,258,0,0),(9,259,0,0),(9,260,0,0),(9,261,0,0),(9,262,0,0),(9,263,0,0),(16,264,0,0),(16,265,0,0),(16,266,0,0),(16,267,0,0),(16,268,0,0),(16,269,0,0),(16,270,0,0),(16,271,0,0),(16,272,0,0),(16,273,0,0),(16,274,0,0),(16,275,0,0),(16,276,0,0),(16,277,0,0),(16,278,0,0),(16,279,0,0),(16,280,0,0),(16,281,0,0),(16,282,0,0),(16,283,0,0),(16,284,0,0),(16,285,0,0),(16,286,0,0),(15,287,0,0),(15,288,0,0),(15,289,0,0),(15,290,0,0),(15,291,0,0),(15,292,0,0),(15,293,0,0),(15,294,0,0),(15,295,0,0),(15,296,0,0),(18,297,0,0),(18,298,0,0),(18,299,0,0),(18,300,0,0),(18,301,0,0),(18,302,0,0),(18,303,0,0),(18,304,0,0),(18,305,0,0),(18,306,0,0),(18,307,0,0),(18,308,0,0),(18,309,0,0),(18,310,0,0),(18,311,0,0),(18,312,0,0),(18,313,0,0),(18,314,0,0),(19,315,0,0),(19,316,0,0),(19,317,0,0),(19,318,0,0),(19,319,0,0),(19,320,0,0),(19,321,0,0),(19,322,0,0),(20,323,0,0),(20,324,0,0),(20,325,0,0),(20,326,0,0),(20,327,0,0),(20,328,0,0),(20,329,0,0),(20,330,0,0),(20,331,0,0),(20,332,0,0),(20,333,0,0),(20,334,0,0),(20,335,0,0),(20,336,0,0),(20,337,0,0),(20,338,0,0),(20,339,0,0),(20,340,0,0),(20,341,0,0),(20,342,0,0),(20,343,0,0),(20,344,0,0),(20,345,0,0),(20,346,0,0),(20,347,0,0),(20,348,0,0),(20,349,0,0),(20,350,0,0),(20,351,0,0),(20,352,0,0),(20,353,0,0),(20,354,0,0),(20,355,0,0),(20,356,0,0),(20,357,0,0),(20,358,0,0),(20,359,0,0),(21,360,0,0),(21,361,0,0),(21,362,0,0),(21,363,0,0),(21,364,0,0),(21,365,0,0),(21,366,0,0),(21,367,0,0),(21,368,0,0),(21,369,0,0),(21,370,0,0),(21,371,0,0),(21,372,0,0),(21,373,0,0),(21,374,0,0),(21,375,0,0),(21,376,0,0),(21,377,0,0),(21,378,0,0),(21,379,0,0),(21,380,0,0),(21,381,0,0),(21,382,0,0),(21,383,0,0),(21,384,0,0),(21,385,0,0),(21,386,0,0),(21,387,0,0),(21,388,0,0),(21,389,0,0),(21,390,0,0),(21,391,0,0),(21,392,0,0),(21,393,0,0),(21,394,0,0),(21,395,0,0),(21,396,0,0),(21,397,0,0),(22,398,0,0),(22,399,0,0),(22,400,0,0),(22,401,0,0),(22,402,0,0),(22,403,0,0),(22,404,0,0),(22,405,0,0),(22,406,0,0),(22,407,0,0),(22,408,0,0),(22,409,0,0),(22,410,0,0),(22,411,0,0),(22,412,0,0),(22,413,0,0),(22,414,0,0),(22,415,0,0),(22,416,0,0),(22,417,0,0),(22,418,0,0),(22,419,0,0),(22,420,0,0),(22,421,0,0),(22,422,0,0),(22,423,0,0),(22,424,0,0),(22,425,0,0),(22,426,0,0),(22,427,0,0),(22,428,0,0),(22,429,0,0),(22,430,0,0),(22,431,0,0),(22,432,0,0),(22,433,0,0),(22,434,0,0),(22,435,0,0),(22,436,0,0),(22,437,0,0),(22,438,0,0),(22,439,0,0),(22,440,0,0),(22,441,0,0),(22,442,0,0),(22,443,0,0),(22,444,0,0),(23,445,0,0),(23,446,0,0),(23,447,0,0),(23,448,0,0),(23,449,0,0),(23,450,0,0),(23,451,0,0),(23,452,0,0),(23,453,0,0),(23,454,0,0),(23,455,0,0),(23,456,0,0),(23,457,0,0),(23,458,0,0),(23,459,0,0),(23,460,0,0),(23,461,0,0),(23,462,0,0),(23,463,0,0),(23,464,0,0),(23,465,0,0),(23,466,0,0),(23,467,0,0),(23,468,0,0),(23,469,0,0),(23,470,0,0),(23,471,0,0),(23,472,0,0),(23,473,0,0),(23,474,0,0),(23,475,0,0),(23,476,0,0),(23,477,0,0),(23,478,0,0),(23,479,0,0),(23,480,0,0),(23,481,0,0),(23,482,0,0),(23,483,0,0),(29,484,0,0),(29,488,0,0),(29,489,0,0),(29,491,0,0),(29,498,0,0),(29,499,0,0),(29,500,0,0),(29,501,0,0),(29,502,0,0),(29,504,0,0),(29,505,0,0),(29,506,0,0),(29,507,0,0),(29,508,0,0),(29,513,0,0),(29,514,0,0),(29,515,0,0),(29,516,0,0),(29,524,0,0),(10,529,0,0),(10,530,0,0),(10,531,0,0),(10,532,0,0),(10,533,0,0),(10,534,0,0),(32,535,0,0),(32,536,0,0),(32,537,0,0),(32,538,0,0),(32,539,0,0),(32,540,0,0),(32,541,0,0),(32,542,0,0),(32,543,0,0),(32,544,0,0),(32,545,0,0),(32,546,0,0),(32,547,0,0),(32,548,0,0),(32,549,0,0),(32,550,0,0),(32,551,0,0),(32,552,0,0),(32,553,0,0),(32,554,0,0),(32,555,0,0),(32,556,0,0),(32,557,0,0),(36,558,0,0),(36,559,0,0),(36,560,0,0),(36,561,0,0),(36,562,0,0),(36,563,0,0),(36,564,0,0),(36,565,0,0),(36,566,0,0),(36,567,0,0),(36,568,0,0),(36,569,0,0),(36,570,0,0),(36,571,0,0),(36,572,0,0),(36,573,0,0),(36,574,0,0),(36,575,0,0),(36,576,0,0),(29,577,0,0),(38,578,0,0),(38,579,0,0),(38,580,0,0),(38,581,0,0),(38,582,0,0),(38,583,0,0),(38,584,0,0),(38,585,0,0),(38,586,0,0),(38,587,0,0),(38,588,0,0),(38,589,0,0),(38,590,0,0),(38,591,0,0),(38,592,0,0),(38,593,0,0),(38,594,0,0),(38,595,0,0),(38,596,0,0),(38,597,0,0),(38,598,0,0),(38,599,0,0),(38,600,0,0),(38,601,0,0),(40,602,0,0),(40,603,0,0),(40,604,0,0),(40,605,0,0),(40,606,0,0),(40,607,0,0),(40,608,0,0),(40,609,0,0),(40,610,0,0),(40,611,0,0),(40,612,0,0),(40,613,0,0),(40,614,0,0),(40,615,0,0),(40,616,0,0),(40,617,0,0),(40,618,0,0),(40,619,0,0),(40,620,0,0),(40,621,0,0),(40,622,0,0),(40,623,0,0),(40,624,0,0),(40,625,0,0),(40,626,0,0),(40,627,0,0),(40,628,0,0),(40,629,0,0),(40,630,0,0),(40,631,0,0),(40,632,0,0),(40,633,0,0),(40,634,0,0),(40,635,0,0),(40,636,0,0),(40,637,0,0),(40,638,0,0),(40,639,0,0),(40,640,0,0),(42,641,0,0),(42,642,0,0),(42,643,0,0),(42,644,0,0),(42,645,0,0),(42,646,0,0),(42,647,0,0),(42,648,0,0),(42,649,0,0),(42,650,0,0),(42,651,0,0),(42,652,0,0),(14,653,0,0),(38,654,0,0),(43,655,0,0),(43,656,0,0),(43,657,0,0),(43,658,0,0),(43,659,0,0),(43,660,0,0),(43,661,0,0),(43,662,0,0),(43,663,0,0),(43,664,0,0),(43,665,0,0),(43,666,0,0),(43,667,0,0),(43,668,0,0),(43,669,0,0),(43,670,0,0),(43,671,0,0),(43,672,0,0),(43,673,0,0),(43,674,0,0),(43,675,0,0),(43,676,0,0),(43,677,0,0),(44,678,0,0),(44,679,0,0),(44,680,0,0),(44,681,0,0),(44,682,0,0),(44,683,0,0),(44,684,0,0),(44,685,0,0),(44,686,0,0),(44,687,0,0),(44,688,0,0),(44,689,0,0),(4,690,0,0),(4,691,0,0),(7,692,0,0),(7,693,0,0),(6,694,0,0),(6,695,0,0),(36,696,0,0),(36,697,0,0),(36,698,0,0),(36,699,0,0),(36,700,0,0),(36,701,0,0),(36,702,0,0),(36,703,0,0),(29,704,0,0),(29,705,0,0),(29,706,0,0),(29,707,0,0),(29,708,0,0),(29,709,0,0),(29,710,0,0),(29,711,0,0),(29,712,0,0),(29,713,0,0),(29,714,0,0),(29,715,0,0),(29,716,0,0),(29,717,0,0),(29,718,0,0),(29,719,0,0),(29,720,0,0),(47,721,0,0),(47,722,0,0),(47,723,0,0),(47,724,0,0),(47,725,0,0),(47,726,0,0),(47,727,0,0),(49,728,0,0),(49,729,0,0),(49,730,0,0),(49,731,0,0),(49,732,0,0),(49,733,0,0),(49,734,0,0),(49,735,0,0),(49,736,0,0),(49,737,0,0),(49,738,0,0),(49,739,0,0),(49,740,0,0),(49,741,0,0),(49,742,0,0),(49,743,0,0),(49,744,0,0),(49,745,0,0),(49,746,0,0),(49,747,0,0),(49,748,0,0),(49,749,0,0),(49,750,0,0),(49,751,0,0),(49,752,0,0),(49,753,0,0),(49,754,0,0),(49,755,0,0),(49,756,0,0),(49,757,0,0),(49,758,0,0),(49,759,0,0),(49,760,0,0),(49,761,0,0),(49,762,0,0),(49,763,0,0),(23,764,0,0),(6,765,0,0),(19,766,0,0),(14,767,0,0),(22,768,0,0),(22,769,0,0),(38,770,0,0),(51,771,0,0),(51,772,0,0),(51,773,0,0),(51,774,0,0),(51,775,0,0),(51,776,0,0),(51,777,0,0),(51,778,0,0),(51,779,0,0),(51,780,0,0),(51,781,0,0),(51,782,0,0),(51,783,0,0),(51,784,0,0),(51,785,0,0),(51,786,0,0),(51,787,0,0),(51,788,0,0),(51,789,0,0),(51,790,0,0),(51,791,0,0),(51,792,0,0),(54,793,0,0),(54,794,0,0),(54,795,0,0),(54,796,0,0),(54,797,0,0),(54,798,0,0),(54,799,0,0),(54,800,0,0),(54,801,0,0),(54,802,0,0),(54,803,0,0),(54,804,0,0),(57,805,0,0),(57,806,0,0),(57,807,0,0),(57,808,0,0),(57,809,0,0),(57,810,0,0),(57,811,0,0),(57,812,0,0),(57,813,0,0),(57,814,0,0),(57,815,0,0),(57,816,0,0),(57,817,0,0),(58,818,0,0),(58,819,0,0),(58,820,0,0),(58,821,0,0),(58,822,0,0),(58,823,0,0),(58,824,0,0),(58,825,0,0),(58,826,0,0),(58,827,0,0),(58,828,0,0),(58,829,0,0),(58,830,0,0),(58,831,0,0),(58,832,0,0),(58,833,0,0),(58,834,0,0),(58,835,0,0),(59,836,0,0),(59,837,0,0),(59,838,0,0),(59,839,0,0),(59,840,0,0),(59,841,0,0),(59,842,0,0),(59,843,0,0),(59,844,0,0),(59,845,0,0),(59,846,0,0),(59,847,0,0),(59,848,0,0),(59,849,0,0),(59,850,0,0),(59,851,0,0),(59,852,0,0),(59,853,0,0),(59,854,0,0),(59,855,0,0),(2,856,0,0),(29,857,0,0),(23,858,0,0),(23,859,0,0),(23,860,0,0),(23,861,0,0),(23,862,0,0),(23,863,0,0),(23,864,0,0),(23,865,0,0),(23,866,0,0),(22,867,0,0),(22,868,0,0),(22,869,0,0),(22,870,0,0),(22,871,0,0),(22,872,0,0),(22,873,0,0),(22,874,0,0),(22,875,0,0),(21,876,0,0),(21,877,0,0),(21,878,0,0),(21,879,0,0),(21,880,0,0),(21,881,0,0),(21,882,0,0),(21,883,0,0),(21,884,0,0),(20,885,0,0),(20,886,0,0),(20,887,0,0),(20,888,0,0),(20,889,0,0),(20,890,0,0),(20,891,0,0),(20,892,0,0),(20,893,0,0),(49,894,0,0),(49,895,0,0),(49,896,0,0),(49,897,0,0),(49,898,0,0),(49,899,0,0),(49,900,0,0),(49,901,0,0),(49,902,0,0),(40,903,0,0),(40,904,0,0),(40,905,0,0),(40,906,0,0),(40,907,0,0),(40,908,0,0),(40,909,0,0),(40,910,0,0),(40,911,0,0),(29,912,0,0),(58,913,0,0),(29,914,0,0),(29,915,0,0),(29,916,0,0),(23,917,0,0),(22,918,0,0),(21,919,0,0),(20,920,0,0),(49,921,0,0),(40,922,0,0),(29,923,0,0),(6,924,0,0),(4,925,0,0),(2,926,0,0),(29,927,0,0),(23,928,0,0),(23,929,0,0),(21,930,0,0),(21,931,0,0),(7,932,0,0),(23,933,0,0),(20,934,0,0),(21,935,0,0),(22,936,0,0),(49,937,0,0),(40,938,0,0),(29,939,0,0),(2,940,0,0),(13,941,0,0),(29,942,0,0),(29,943,0,0),(29,944,0,0),(29,945,0,0),(23,977,0,1),(20,978,0,1),(22,979,0,1),(49,980,0,1),(40,981,0,1),(2,982,0,1),(21,983,0,1),(43,984,0,1),(2,985,0,0),(4,986,0,0),(6,987,0,0),(7,988,0,0),(8,989,0,0),(9,990,0,0),(13,991,0,0),(14,992,0,0),(15,993,0,0),(16,994,0,0),(18,995,0,0),(19,996,0,0),(20,997,0,0),(21,998,0,0),(22,999,0,0),(23,1000,0,0),(26,1001,0,0),(32,1002,0,0),(36,1003,0,0),(38,1004,0,0),(40,1005,0,0),(42,1006,0,0),(43,1007,0,0),(44,1008,0,0),(47,1009,0,0),(49,1010,0,0),(51,1011,0,0),(54,1012,0,0),(57,1013,0,0),(58,1014,0,0),(59,1015,0,0),(14,1016,0,0),(38,1017,0,0),(23,1018,0,0),(29,1019,0,0),(23,1020,0,0),(23,1021,0,0),(23,1022,0,0),(20,1023,0,0),(20,1024,0,0),(20,1025,0,0),(21,1026,0,0),(22,1027,0,0),(22,1028,0,0),(22,1029,0,0),(49,1030,0,0),(49,1031,0,0),(49,1032,0,0),(40,1033,0,0),(40,1034,0,0),(40,1035,0,0),(54,1036,0,0),(54,1037,0,0),(54,1038,0,0),(2,1039,0,0),(4,1040,0,0),(6,1041,0,0),(7,1042,0,0),(8,1043,0,0),(9,1044,0,0),(13,1045,0,0),(14,1046,0,0),(15,1047,0,0),(16,1048,0,0),(18,1049,0,0),(19,1050,0,0),(20,1051,0,0),(21,1052,0,0),(22,1053,0,0),(23,1054,0,0),(26,1055,0,0),(10,1056,0,0),(10,1057,0,0),(2,1058,0,0),(4,1059,0,0),(6,1060,0,0),(7,1061,0,0),(8,1062,0,0),(9,1063,0,0),(10,1064,0,0),(13,1065,0,0),(14,1066,0,0),(15,1067,0,0),(16,1068,0,0),(18,1069,0,0),(19,1070,0,0),(20,1071,0,0),(21,1072,0,0),(22,1073,0,0),(23,1074,0,0),(26,1075,0,0),(36,1076,0,0),(2,1077,0,0),(4,1078,0,0),(6,1079,0,0),(7,1080,0,0),(8,1081,0,0),(9,1082,0,0),(10,1083,0,0),(13,1084,0,0),(14,1085,0,0),(15,1086,0,0),(16,1087,0,0),(18,1088,0,0),(19,1089,0,0),(20,1090,0,0),(21,1091,0,0),(22,1092,0,0),(23,1093,0,0),(26,1094,0,0),(36,1095,0,0),(20,1096,0,0),(21,1097,0,0),(22,1098,0,0),(23,1099,0,0),(49,1100,0,0),(40,1101,0,0),(59,1102,0,0),(59,1103,0,0),(14,1104,0,0),(49,1105,0,0),(40,1106,0,0),(29,1107,0,0),(29,1108,0,0),(65,1109,0,0),(65,1110,0,0),(65,1111,0,0),(65,1112,0,0),(65,1113,0,0),(65,1114,0,0),(65,1115,0,0),(65,1116,0,0),(65,1117,0,0),(65,1118,0,0),(65,1119,0,0),(65,1120,0,0),(65,1121,0,0),(65,1122,0,0),(7,1123,0,0),(7,1124,0,0),(7,1125,0,0),(7,1126,0,0),(65,1127,0,0),(65,1128,0,0),(65,1129,0,0),(65,1130,0,0),(65,1131,0,0),(65,1132,0,0),(65,1133,0,0),(65,1134,0,0),(65,1135,0,0),(65,1136,0,0),(65,1137,0,0),(66,1138,0,0),(66,1139,0,0),(66,1140,0,0),(66,1141,0,0),(66,1142,0,0),(66,1143,0,0),(66,1144,0,0),(66,1145,0,0),(66,1146,0,0),(66,1147,0,0),(66,1148,0,0),(66,1149,0,0),(66,1150,0,0),(66,1151,0,0),(66,1152,0,0),(66,1153,0,0),(66,1154,0,0),(66,1155,0,0),(66,1156,0,0),(66,1157,0,0),(4,1158,0,0),(4,1159,0,0),(4,1160,0,0),(4,1161,0,0),(4,1162,0,0),(4,1163,0,0),(4,1164,0,0),(4,1165,0,0),(4,1166,0,0),(4,1167,0,0),(4,1168,0,0),(4,1169,0,0),(4,1170,0,0),(4,1171,0,0),(4,1172,0,0),(65,1173,0,0),(65,1174,0,0),(65,1175,0,0),(65,1176,0,0),(7,1177,0,0),(7,1178,0,0),(65,1179,0,0),(66,1180,0,0),(66,1181,0,0),(66,1182,0,0),(66,1183,0,0),(66,1184,0,0),(66,1185,0,0),(66,1186,0,0),(66,1187,0,0),(65,1188,0,0),(4,1189,0,0),(4,1190,0,0),(4,1191,0,0),(4,1192,0,0),(4,1193,0,0),(65,1194,0,0),(65,1195,0,0),(65,1196,0,0),(65,1197,0,0),(65,1198,0,0),(65,1199,0,0),(65,1200,0,0),(65,1201,0,0),(23,1202,0,0),(65,1203,0,0);
/*!40000 ALTER TABLE `vtiger_def_org_field` ENABLE KEYS */;
UNLOCK TABLES;

--
-- Table structure for table `vtiger_def_org_share`
--

DROP TABLE IF EXISTS `vtiger_def_org_share`;
/*!40101 SET @saved_cs_client     = @@character_set_client */;
/*!50503 SET character_set_client = utf8mb4 */;
CREATE TABLE `vtiger_def_org_share` (
  `ruleid` int NOT NULL AUTO_INCREMENT,
  `tabid` int NOT NULL,
  `permission` int DEFAULT NULL,
  `editstatus` int DEFAULT NULL,
  PRIMARY KEY (`ruleid`),
  KEY `fk_1_vtiger_def_org_share` (`permission`),
  CONSTRAINT `fk_1_vtiger_def_org_share` FOREIGN KEY (`permission`) REFERENCES `vtiger_org_share_action_mapping` (`share_action_id`) ON DELETE CASCADE
) ENGINE=InnoDB AUTO_INCREMENT=35 DEFAULT CHARSET=utf8mb3;
/*!40101 SET character_set_client = @saved_cs_client */;

--
-- Dumping data for table `vtiger_def_org_share`
--

LOCK TABLES `vtiger_def_org_share` WRITE;
/*!40000 ALTER TABLE `vtiger_def_org_share` DISABLE KEYS */;
INSERT INTO `vtiger_def_org_share` VALUES (1,2,2,0),(2,4,2,0),(3,6,2,0),(4,7,2,0),(5,9,3,1),(6,13,2,0),(7,16,3,2),(8,20,2,0),(9,21,2,0),(10,22,2,0),(11,23,2,0),(12,26,2,0),(13,8,2,0),(14,14,2,0),(15,10,3,0),(16,18,2,0),(17,32,2,0),(18,36,3,0),(19,38,2,0),(20,40,2,0),(21,42,2,0),(22,43,2,0),(23,44,2,0),(24,47,2,0),(25,49,2,0),(26,51,2,0),(27,54,2,0),(28,57,2,0),(29,58,2,0),(30,59,2,0),(31,63,2,0),(32,64,2,0),(33,65,2,0),(34,66,2,0);
/*!40000 ALTER TABLE `vtiger_def_org_share` ENABLE KEYS */;
UNLOCK TABLES;

--
-- Table structure for table `vtiger_def_org_share_seq`
--

DROP TABLE IF EXISTS `vtiger_def_org_share_seq`;
/*!40101 SET @saved_cs_client     = @@character_set_client */;
/*!50503 SET character_set_client = utf8mb4 */;
CREATE TABLE `vtiger_def_org_share_seq` (
  `id` int NOT NULL
) ENGINE=InnoDB DEFAULT CHARSET=utf8mb3;
/*!40101 SET character_set_client = @saved_cs_client */;

--
-- Dumping data for table `vtiger_def_org_share_seq`
--

LOCK TABLES `vtiger_def_org_share_seq` WRITE;
/*!40000 ALTER TABLE `vtiger_def_org_share_seq` DISABLE KEYS */;
INSERT INTO `vtiger_def_org_share_seq` VALUES (34);
/*!40000 ALTER TABLE `vtiger_def_org_share_seq` ENABLE KEYS */;
UNLOCK TABLES;

--
-- Table structure for table `vtiger_default_record_view`
--

DROP TABLE IF EXISTS `vtiger_default_record_view`;
/*!40101 SET @saved_cs_client     = @@character_set_client */;
/*!50503 SET character_set_client = utf8mb4 */;
CREATE TABLE `vtiger_default_record_view` (
  `default_record_viewid` int NOT NULL AUTO_INCREMENT,
  `default_record_view` varchar(200) NOT NULL,
  `sortorderid` int DEFAULT NULL,
  `presence` int NOT NULL DEFAULT '1',
  PRIMARY KEY (`default_record_viewid`)
) ENGINE=InnoDB AUTO_INCREMENT=3 DEFAULT CHARSET=utf8mb3;
/*!40101 SET character_set_client = @saved_cs_client */;

--
-- Dumping data for table `vtiger_default_record_view`
--

LOCK TABLES `vtiger_default_record_view` WRITE;
/*!40000 ALTER TABLE `vtiger_default_record_view` DISABLE KEYS */;
INSERT INTO `vtiger_default_record_view` VALUES (1,'Summary',0,1),(2,'Detail',1,1);
/*!40000 ALTER TABLE `vtiger_default_record_view` ENABLE KEYS */;
UNLOCK TABLES;

--
-- Table structure for table `vtiger_default_record_view_seq`
--

DROP TABLE IF EXISTS `vtiger_default_record_view_seq`;
/*!40101 SET @saved_cs_client     = @@character_set_client */;
/*!50503 SET character_set_client = utf8mb4 */;
CREATE TABLE `vtiger_default_record_view_seq` (
  `id` int NOT NULL
) ENGINE=InnoDB DEFAULT CHARSET=utf8mb3;
/*!40101 SET character_set_client = @saved_cs_client */;

--
-- Dumping data for table `vtiger_default_record_view_seq`
--

LOCK TABLES `vtiger_default_record_view_seq` WRITE;
/*!40000 ALTER TABLE `vtiger_default_record_view_seq` DISABLE KEYS */;
INSERT INTO `vtiger_default_record_view_seq` VALUES (2);
/*!40000 ALTER TABLE `vtiger_default_record_view_seq` ENABLE KEYS */;
UNLOCK TABLES;

--
-- Table structure for table `vtiger_defaultactivitytype`
--

DROP TABLE IF EXISTS `vtiger_defaultactivitytype`;
/*!40101 SET @saved_cs_client     = @@character_set_client */;
/*!50503 SET character_set_client = utf8mb4 */;
CREATE TABLE `vtiger_defaultactivitytype` (
  `defaultactivitytypeid` int NOT NULL AUTO_INCREMENT,
  `defaultactivitytype` varchar(200) NOT NULL,
  `presence` int NOT NULL DEFAULT '1',
  `picklist_valueid` int NOT NULL DEFAULT '0',
  `sortorderid` int DEFAULT '0',
  PRIMARY KEY (`defaultactivitytypeid`)
) ENGINE=InnoDB AUTO_INCREMENT=3 DEFAULT CHARSET=utf8mb3;
/*!40101 SET character_set_client = @saved_cs_client */;

--
-- Dumping data for table `vtiger_defaultactivitytype`
--

LOCK TABLES `vtiger_defaultactivitytype` WRITE;
/*!40000 ALTER TABLE `vtiger_defaultactivitytype` DISABLE KEYS */;
INSERT INTO `vtiger_defaultactivitytype` VALUES (1,'Call',1,317,1),(2,'Meeting',1,318,2);
/*!40000 ALTER TABLE `vtiger_defaultactivitytype` ENABLE KEYS */;
UNLOCK TABLES;

--
-- Table structure for table `vtiger_defaultactivitytype_seq`
--

DROP TABLE IF EXISTS `vtiger_defaultactivitytype_seq`;
/*!40101 SET @saved_cs_client     = @@character_set_client */;
/*!50503 SET character_set_client = utf8mb4 */;
CREATE TABLE `vtiger_defaultactivitytype_seq` (
  `id` int NOT NULL
) ENGINE=InnoDB DEFAULT CHARSET=utf8mb3;
/*!40101 SET character_set_client = @saved_cs_client */;

--
-- Dumping data for table `vtiger_defaultactivitytype_seq`
--

LOCK TABLES `vtiger_defaultactivitytype_seq` WRITE;
/*!40000 ALTER TABLE `vtiger_defaultactivitytype_seq` DISABLE KEYS */;
INSERT INTO `vtiger_defaultactivitytype_seq` VALUES (2);
/*!40000 ALTER TABLE `vtiger_defaultactivitytype_seq` ENABLE KEYS */;
UNLOCK TABLES;

--
-- Table structure for table `vtiger_defaultcalendarview`
--

DROP TABLE IF EXISTS `vtiger_defaultcalendarview`;
/*!40101 SET @saved_cs_client     = @@character_set_client */;
/*!50503 SET character_set_client = utf8mb4 */;
CREATE TABLE `vtiger_defaultcalendarview` (
  `defaultcalendarviewid` int NOT NULL AUTO_INCREMENT,
  `defaultcalendarview` varchar(200) NOT NULL,
  `sortorderid` int DEFAULT NULL,
  `presence` int NOT NULL DEFAULT '1',
  PRIMARY KEY (`defaultcalendarviewid`)
) ENGINE=InnoDB AUTO_INCREMENT=4 DEFAULT CHARSET=utf8mb3;
/*!40101 SET character_set_client = @saved_cs_client */;

--
-- Dumping data for table `vtiger_defaultcalendarview`
--

LOCK TABLES `vtiger_defaultcalendarview` WRITE;
/*!40000 ALTER TABLE `vtiger_defaultcalendarview` DISABLE KEYS */;
INSERT INTO `vtiger_defaultcalendarview` VALUES (1,'ListView',0,1),(2,'MyCalendar',1,1),(3,'SharedCalendar',2,1);
/*!40000 ALTER TABLE `vtiger_defaultcalendarview` ENABLE KEYS */;
UNLOCK TABLES;

--
-- Table structure for table `vtiger_defaultcalendarview_seq`
--

DROP TABLE IF EXISTS `vtiger_defaultcalendarview_seq`;
/*!40101 SET @saved_cs_client     = @@character_set_client */;
/*!50503 SET character_set_client = utf8mb4 */;
CREATE TABLE `vtiger_defaultcalendarview_seq` (
  `id` int NOT NULL
) ENGINE=InnoDB DEFAULT CHARSET=utf8mb3;
/*!40101 SET character_set_client = @saved_cs_client */;

--
-- Dumping data for table `vtiger_defaultcalendarview_seq`
--

LOCK TABLES `vtiger_defaultcalendarview_seq` WRITE;
/*!40000 ALTER TABLE `vtiger_defaultcalendarview_seq` DISABLE KEYS */;
INSERT INTO `vtiger_defaultcalendarview_seq` VALUES (3);
/*!40000 ALTER TABLE `vtiger_defaultcalendarview_seq` ENABLE KEYS */;
UNLOCK TABLES;

--
-- Table structure for table `vtiger_defaultcv`
--

DROP TABLE IF EXISTS `vtiger_defaultcv`;
/*!40101 SET @saved_cs_client     = @@character_set_client */;
/*!50503 SET character_set_client = utf8mb4 */;
CREATE TABLE `vtiger_defaultcv` (
  `tabid` int NOT NULL,
  `defaultviewname` varchar(50) NOT NULL,
  `query` text,
  PRIMARY KEY (`tabid`),
  CONSTRAINT `fk_1_vtiger_defaultcv` FOREIGN KEY (`tabid`) REFERENCES `vtiger_tab` (`tabid`) ON DELETE CASCADE
) ENGINE=InnoDB DEFAULT CHARSET=utf8mb3;
/*!40101 SET character_set_client = @saved_cs_client */;

--
-- Dumping data for table `vtiger_defaultcv`
--

LOCK TABLES `vtiger_defaultcv` WRITE;
/*!40000 ALTER TABLE `vtiger_defaultcv` DISABLE KEYS */;
/*!40000 ALTER TABLE `vtiger_defaultcv` ENABLE KEYS */;
UNLOCK TABLES;

--
-- Table structure for table `vtiger_defaulteventstatus`
--

DROP TABLE IF EXISTS `vtiger_defaulteventstatus`;
/*!40101 SET @saved_cs_client     = @@character_set_client */;
/*!50503 SET character_set_client = utf8mb4 */;
CREATE TABLE `vtiger_defaulteventstatus` (
  `defaulteventstatusid` int NOT NULL AUTO_INCREMENT,
  `defaulteventstatus` varchar(200) NOT NULL,
  `presence` int NOT NULL DEFAULT '1',
  `picklist_valueid` int NOT NULL DEFAULT '0',
  `sortorderid` int DEFAULT '0',
  PRIMARY KEY (`defaulteventstatusid`)
) ENGINE=InnoDB AUTO_INCREMENT=4 DEFAULT CHARSET=utf8mb3;
/*!40101 SET character_set_client = @saved_cs_client */;

--
-- Dumping data for table `vtiger_defaulteventstatus`
--

LOCK TABLES `vtiger_defaulteventstatus` WRITE;
/*!40000 ALTER TABLE `vtiger_defaulteventstatus` DISABLE KEYS */;
INSERT INTO `vtiger_defaulteventstatus` VALUES (1,'Planned',1,314,1),(2,'Held',1,315,2),(3,'Not Held',1,316,3);
/*!40000 ALTER TABLE `vtiger_defaulteventstatus` ENABLE KEYS */;
UNLOCK TABLES;

--
-- Table structure for table `vtiger_defaulteventstatus_seq`
--

DROP TABLE IF EXISTS `vtiger_defaulteventstatus_seq`;
/*!40101 SET @saved_cs_client     = @@character_set_client */;
/*!50503 SET character_set_client = utf8mb4 */;
CREATE TABLE `vtiger_defaulteventstatus_seq` (
  `id` int NOT NULL
) ENGINE=InnoDB DEFAULT CHARSET=utf8mb3;
/*!40101 SET character_set_client = @saved_cs_client */;

--
-- Dumping data for table `vtiger_defaulteventstatus_seq`
--

LOCK TABLES `vtiger_defaulteventstatus_seq` WRITE;
/*!40000 ALTER TABLE `vtiger_defaulteventstatus_seq` DISABLE KEYS */;
INSERT INTO `vtiger_defaulteventstatus_seq` VALUES (3);
/*!40000 ALTER TABLE `vtiger_defaulteventstatus_seq` ENABLE KEYS */;
UNLOCK TABLES;

--
-- Table structure for table `vtiger_duration_minutes`
--

DROP TABLE IF EXISTS `vtiger_duration_minutes`;
/*!40101 SET @saved_cs_client     = @@character_set_client */;
/*!50503 SET character_set_client = utf8mb4 */;
CREATE TABLE `vtiger_duration_minutes` (
  `minutesid` int NOT NULL AUTO_INCREMENT,
  `duration_minutes` varchar(200) NOT NULL,
  `sortorderid` int NOT NULL DEFAULT '0',
  `presence` int NOT NULL DEFAULT '1',
  `color` varchar(10) DEFAULT NULL,
  PRIMARY KEY (`minutesid`)
) ENGINE=InnoDB AUTO_INCREMENT=5 DEFAULT CHARSET=utf8mb3;
/*!40101 SET character_set_client = @saved_cs_client */;

--
-- Dumping data for table `vtiger_duration_minutes`
--

LOCK TABLES `vtiger_duration_minutes` WRITE;
/*!40000 ALTER TABLE `vtiger_duration_minutes` DISABLE KEYS */;
INSERT INTO `vtiger_duration_minutes` VALUES (1,'00',0,1,NULL),(2,'15',1,1,NULL),(3,'30',2,1,NULL),(4,'45',3,1,NULL);
/*!40000 ALTER TABLE `vtiger_duration_minutes` ENABLE KEYS */;
UNLOCK TABLES;

--
-- Table structure for table `vtiger_duration_minutes_seq`
--

DROP TABLE IF EXISTS `vtiger_duration_minutes_seq`;
/*!40101 SET @saved_cs_client     = @@character_set_client */;
/*!50503 SET character_set_client = utf8mb4 */;
CREATE TABLE `vtiger_duration_minutes_seq` (
  `id` int NOT NULL
) ENGINE=InnoDB DEFAULT CHARSET=utf8mb3;
/*!40101 SET character_set_client = @saved_cs_client */;

--
-- Dumping data for table `vtiger_duration_minutes_seq`
--

LOCK TABLES `vtiger_duration_minutes_seq` WRITE;
/*!40000 ALTER TABLE `vtiger_duration_minutes_seq` DISABLE KEYS */;
INSERT INTO `vtiger_duration_minutes_seq` VALUES (4);
/*!40000 ALTER TABLE `vtiger_duration_minutes_seq` ENABLE KEYS */;
UNLOCK TABLES;

--
-- Table structure for table `vtiger_durationhrs`
--

DROP TABLE IF EXISTS `vtiger_durationhrs`;
/*!40101 SET @saved_cs_client     = @@character_set_client */;
/*!50503 SET character_set_client = utf8mb4 */;
CREATE TABLE `vtiger_durationhrs` (
  `hrsid` int NOT NULL AUTO_INCREMENT,
  `hrs` varchar(50) DEFAULT NULL,
  `sortorderid` int NOT NULL DEFAULT '0',
  `presence` int NOT NULL DEFAULT '1',
  PRIMARY KEY (`hrsid`)
) ENGINE=InnoDB DEFAULT CHARSET=utf8mb3;
/*!40101 SET character_set_client = @saved_cs_client */;

--
-- Dumping data for table `vtiger_durationhrs`
--

LOCK TABLES `vtiger_durationhrs` WRITE;
/*!40000 ALTER TABLE `vtiger_durationhrs` DISABLE KEYS */;
/*!40000 ALTER TABLE `vtiger_durationhrs` ENABLE KEYS */;
UNLOCK TABLES;

--
-- Table structure for table `vtiger_durationmins`
--

DROP TABLE IF EXISTS `vtiger_durationmins`;
/*!40101 SET @saved_cs_client     = @@character_set_client */;
/*!50503 SET character_set_client = utf8mb4 */;
CREATE TABLE `vtiger_durationmins` (
  `minsid` int NOT NULL AUTO_INCREMENT,
  `mins` varchar(50) DEFAULT NULL,
  `sortorderid` int NOT NULL DEFAULT '0',
  `presence` int NOT NULL DEFAULT '1',
  PRIMARY KEY (`minsid`)
) ENGINE=InnoDB DEFAULT CHARSET=utf8mb3;
/*!40101 SET character_set_client = @saved_cs_client */;

--
-- Dumping data for table `vtiger_durationmins`
--

LOCK TABLES `vtiger_durationmins` WRITE;
/*!40000 ALTER TABLE `vtiger_durationmins` DISABLE KEYS */;
/*!40000 ALTER TABLE `vtiger_durationmins` ENABLE KEYS */;
UNLOCK TABLES;

--
-- Table structure for table `vtiger_email_access`
--

DROP TABLE IF EXISTS `vtiger_email_access`;
/*!40101 SET @saved_cs_client     = @@character_set_client */;
/*!50503 SET character_set_client = utf8mb4 */;
CREATE TABLE `vtiger_email_access` (
  `crmid` int DEFAULT NULL,
  `mailid` int DEFAULT NULL,
  `accessdate` date DEFAULT NULL,
  `accesstime` datetime DEFAULT NULL
) ENGINE=InnoDB DEFAULT CHARSET=utf8mb3;
/*!40101 SET character_set_client = @saved_cs_client */;

--
-- Dumping data for table `vtiger_email_access`
--

LOCK TABLES `vtiger_email_access` WRITE;
/*!40000 ALTER TABLE `vtiger_email_access` DISABLE KEYS */;
/*!40000 ALTER TABLE `vtiger_email_access` ENABLE KEYS */;
UNLOCK TABLES;

--
-- Table structure for table `vtiger_email_track`
--

DROP TABLE IF EXISTS `vtiger_email_track`;
/*!40101 SET @saved_cs_client     = @@character_set_client */;
/*!50503 SET character_set_client = utf8mb4 */;
CREATE TABLE `vtiger_email_track` (
  `crmid` int DEFAULT NULL,
  `mailid` int DEFAULT NULL,
  `access_count` int DEFAULT NULL,
  `click_count` int NOT NULL DEFAULT '0',
  UNIQUE KEY `link_tabidtype_idx` (`crmid`,`mailid`)
) ENGINE=InnoDB DEFAULT CHARSET=utf8mb3;
/*!40101 SET character_set_client = @saved_cs_client */;

--
-- Dumping data for table `vtiger_email_track`
--

LOCK TABLES `vtiger_email_track` WRITE;
/*!40000 ALTER TABLE `vtiger_email_track` DISABLE KEYS */;
/*!40000 ALTER TABLE `vtiger_email_track` ENABLE KEYS */;
UNLOCK TABLES;

--
-- Table structure for table `vtiger_emaildetails`
--

DROP TABLE IF EXISTS `vtiger_emaildetails`;
/*!40101 SET @saved_cs_client     = @@character_set_client */;
/*!50503 SET character_set_client = utf8mb4 */;
CREATE TABLE `vtiger_emaildetails` (
  `emailid` int NOT NULL,
  `from_email` varchar(50) NOT NULL DEFAULT '',
  `to_email` text,
  `cc_email` text,
  `bcc_email` text,
  `assigned_user_email` varchar(50) NOT NULL DEFAULT '',
  `idlists` text,
  `email_flag` varchar(50) NOT NULL DEFAULT '',
  PRIMARY KEY (`emailid`)
) ENGINE=InnoDB DEFAULT CHARSET=utf8mb3;
/*!40101 SET character_set_client = @saved_cs_client */;

--
-- Dumping data for table `vtiger_emaildetails`
--

LOCK TABLES `vtiger_emaildetails` WRITE;
/*!40000 ALTER TABLE `vtiger_emaildetails` DISABLE KEYS */;
/*!40000 ALTER TABLE `vtiger_emaildetails` ENABLE KEYS */;
UNLOCK TABLES;

--
-- Table structure for table `vtiger_emails_recipientprefs`
--

DROP TABLE IF EXISTS `vtiger_emails_recipientprefs`;
/*!40101 SET @saved_cs_client     = @@character_set_client */;
/*!50503 SET character_set_client = utf8mb4 */;
CREATE TABLE `vtiger_emails_recipientprefs` (
  `id` int NOT NULL AUTO_INCREMENT,
  `tabid` int NOT NULL,
  `prefs` varchar(255) DEFAULT NULL,
  `userid` int DEFAULT NULL,
  PRIMARY KEY (`id`)
) ENGINE=InnoDB DEFAULT CHARSET=utf8mb3;
/*!40101 SET character_set_client = @saved_cs_client */;

--
-- Dumping data for table `vtiger_emails_recipientprefs`
--

LOCK TABLES `vtiger_emails_recipientprefs` WRITE;
/*!40000 ALTER TABLE `vtiger_emails_recipientprefs` DISABLE KEYS */;
/*!40000 ALTER TABLE `vtiger_emails_recipientprefs` ENABLE KEYS */;
UNLOCK TABLES;

--
-- Table structure for table `vtiger_emailslookup`
--

DROP TABLE IF EXISTS `vtiger_emailslookup`;
/*!40101 SET @saved_cs_client     = @@character_set_client */;
/*!50503 SET character_set_client = utf8mb4 */;
CREATE TABLE `vtiger_emailslookup` (
  `crmid` int DEFAULT NULL,
  `setype` varchar(100) DEFAULT NULL,
  `value` varchar(100) DEFAULT NULL,
  `fieldid` int DEFAULT NULL,
  UNIQUE KEY `emailslookup_crmid_setype_fieldname_uk` (`crmid`,`setype`,`fieldid`),
  KEY `emailslookup_fieldid_setype_idx` (`fieldid`,`setype`),
  CONSTRAINT `emailslookup_crmid_fk` FOREIGN KEY (`crmid`) REFERENCES `vtiger_crmentity` (`crmid`) ON DELETE CASCADE
) ENGINE=InnoDB DEFAULT CHARSET=utf8mb3;
/*!40101 SET character_set_client = @saved_cs_client */;

--
-- Dumping data for table `vtiger_emailslookup`
--

LOCK TABLES `vtiger_emailslookup` WRITE;
/*!40000 ALTER TABLE `vtiger_emailslookup` DISABLE KEYS */;
INSERT INTO `vtiger_emailslookup` VALUES (7,'Contacts','erickorolev@gmail.com',84);
/*!40000 ALTER TABLE `vtiger_emailslookup` ENABLE KEYS */;
UNLOCK TABLES;

--
-- Table structure for table `vtiger_emailtemplates`
--

DROP TABLE IF EXISTS `vtiger_emailtemplates`;
/*!40101 SET @saved_cs_client     = @@character_set_client */;
/*!50503 SET character_set_client = utf8mb4 */;
CREATE TABLE `vtiger_emailtemplates` (
  `foldername` varchar(100) DEFAULT NULL,
  `templatename` varchar(100) DEFAULT NULL,
  `templatepath` varchar(100) DEFAULT NULL,
  `subject` varchar(255) DEFAULT NULL,
  `description` text,
  `body` text,
  `deleted` int NOT NULL DEFAULT '0',
  `templateid` int NOT NULL AUTO_INCREMENT,
  `systemtemplate` int NOT NULL DEFAULT '0',
  `module` varchar(100) DEFAULT NULL,
  PRIMARY KEY (`templateid`),
  KEY `emailtemplates_foldernamd_templatename_subject_idx` (`foldername`,`templatename`,`subject`)
) ENGINE=InnoDB AUTO_INCREMENT=17 DEFAULT CHARSET=utf8mb3;
/*!40101 SET character_set_client = @saved_cs_client */;

--
-- Dumping data for table `vtiger_emailtemplates`
--

LOCK TABLES `vtiger_emailtemplates` WRITE;
/*!40000 ALTER TABLE `vtiger_emailtemplates` DISABLE KEYS */;
INSERT INTO `vtiger_emailtemplates` VALUES ('Public','Announcement for Release','','Announcement for Release','Announcement of a release','Hello!   <br />\n	<br />\n	On behalf of the vtiger team,  I am pleased to announce the release of vtiger crm4.2 . This is a feature packed release including the mass email template handling, custom view feature, vtiger_reports feature and a host of other utilities. vtiger runs on all platforms.    <br />\n        <br />\n	Notable Features of vtiger are :   <br />\n	<br />\n	-Email Client Integration    <br />\n	-Trouble Ticket Integration   <br />\n	-Invoice Management Integration   <br />\n	-Reports Integration   <br />\n	-Portal Integration   <br />\n	-Enhanced Word Plugin Support   <br />\n	-Custom View Integration   <br />\n	<br />\n	Known Issues:   <br />\n	-ABCD   <br />\n	-EFGH   <br />\n	-IJKL   <br />\n	-MNOP   <br />\n	-QRST',0,1,0,''),('Public','Pending Invoices','','Invoices Pending','Payment Due','name <br />\nstreet, <br />\ncity, <br />\nstate, <br />\n zip) <br />\n  <br />\n Dear <br />\n <br />\n Please check the following invoices that are yet to be paid by you: <br />\n <br />\n No. Date      Amount <br />\n 1   1/1/01    $4000 <br />\n 2   2/2//01   $5000 <br />\n 3   3/3/01    $10000 <br />\n 4   7/4/01    $23560 <br />\n <br />\n Kindly let us know if there are any issues that you feel are pending to be discussed. <br />\n We will be more than happy to give you a call. <br />\n We would like to continue our business with you.',0,2,0,''),('Public','Acceptance Proposal','','Acceptance Proposal','Acceptance of Proposal',' Dear <br />\n <br />\nYour proposal on the project XYZW has been reviewed by us <br />\nand is acceptable in its entirety. <br />\n <br />\nWe are eagerly looking forward to this project <br />\nand are pleased about having the opportunity to work <br />\ntogether. We look forward to a long standing relationship <br />\nwith your esteemed firm. <br />\n<br />\nI would like to take this opportunity to invite you <br />\nto a game of golf on Wednesday morning 9am at the <br />\nCuff Links Ground. We will be waiting for you in the <br />\nExecutive Lounge. <br />\n<br />\nLooking forward to seeing you there.',0,3,0,''),('Public','Goods received acknowledgement','','Goods received acknowledgement','Acknowledged Receipt of Goods',' The undersigned hereby acknowledges receipt and delivery of the goods. <br />\nThe undersigned will release the payment subject to the goods being discovered not satisfactory. <br />\n<br />\nSigned under seal this <date>',0,4,0,''),('Public','Accept Order','','Accept Order','Acknowledgement/Acceptance of Order',' Dear <br />\n         We are in receipt of your order as contained in the <br />\n   purchase order form.We consider this to be final and binding on both sides. <br />\nIf there be any exceptions noted, we shall consider them <br />\nonly if the objection is received within ten days of receipt of <br />\nthis notice. <br />\n <br />\nThank you for your patronage.',0,5,0,''),('Public','Address Change','','Change of Address','Address Change','Dear <br />\n <br />\nWe are relocating our office to <br />\n11111,XYZDEF Cross, <br />\nUVWWX Circle <br />\nThe telephone number for this new location is (101) 1212-1328. <br />\n<br />\nOur Manufacturing Division will continue operations <br />\nat 3250 Lovedale Square Avenue, in Frankfurt. <br />\n<br />\nWe hope to keep in touch with you all. <br />\nPlease update your addressbooks.',0,6,0,''),('Public','Follow Up','','Follow Up','Follow Up of meeting','Dear <br />\n<br />\nThank you for extending us the opportunity to meet with <br />\nyou and members of your staff. <br />\n<br />\nI know that John Doe serviced your account <br />\nfor many years and made many friends at your firm. He has personally <br />\ndiscussed with me the deep relationship that he had with your firm. <br />\nWhile his presence will be missed, I can promise that we will <br />\ncontinue to provide the fine service that was accorded by <br />\nJohn to your firm. <br />\n<br />\nI was genuinely touched to receive such fine hospitality. <br />\n<br />\nThank you once again.',0,7,0,''),('Public','Target Crossed!','','Target Crossed!','Fantastic Sales Spree!','Congratulations! <br />\n<br />\nThe numbers are in and I am proud to inform you that our <br />\ntotal sales for the previous quarter <br />\namounts to $100,000,00.00!. This is the first time <br />\nwe have exceeded the target by almost 30%. <br />\nWe have also beat the previous quarter record by a <br />\nwhopping 75%! <br />\n<br />\nLet us meet at Smoking Joe for a drink in the evening! <br />\n\nC you all there guys!',0,8,0,''),('Public','Thanks Note','','Thanks Note','Note of thanks','Dear <br />\n<br />\nThank you for your confidence in our ability to serve you. <br />\nWe are glad to be given the chance to serve you.I look <br />\nforward to establishing a long term partnership with you. <br />\nConsider me as a friend. <br />\nShould any need arise,please do give us a call.',0,9,0,''),('Public','Регистрационная информация клиента',NULL,'Регистрационная информация клиентского портала','Посылает регистрационную информацию портала клиенту','<table width=\"700\" cellspacing=\"0\" cellpadding=\"0\" border=\"0\" align=\"center\" style=\"font-family: Arial,Helvetica,sans-serif; font-size: 12px; font-weight: normal; text-decoration: none; background-color: rgb(122, 122, 254);\">\n                    <tr>\n                        <td> </td>\n                        <td> </td>\n                        <td> </td>\n                    </tr>\n                    <tr>\n                        <td> </td>\n                        <td> </td>\n                        <td> </td>\n                    </tr>\n                    <tr>\n                        <td> </td>\n                        <td> </td>\n                        <td> </td>\n                    </tr>\n                    <tr>\n                        <td width=\"50\"> </td>\n                        <td>\n                        <table width=\"100%\" cellspacing=\"0\" cellpadding=\"0\" border=\"0\">\n                                <tr>\n                                    <td>\n                                    <table width=\"100%\" cellspacing=\"0\" cellpadding=\"0\" border=\"0\" style=\"background-color: rgb(27, 77, 140); font-family: Arial,Helvetica,sans-serif; font-size: 14px; color: rgb(255, 255, 255); font-weight: normal; line-height: 25px;\">\n                                            <tr>\n                                                <td align=\"center\" rowspan=\"4\">$logo$</td>\n                                                <td align=\"center\"> </td>\n                                            </tr>\n                                            <tr>\n                                                <td align=\"left\" style=\"background-color: rgb(27, 77, 140); font-family: Arial,Helvetica,sans-serif; font-size: 24px; color: rgb(255, 255, 255); font-weight: bolder; line-height: 35px;\">vtiger CRM<br /> </td>\n                                            </tr>\n                                            <tr>\n                                                <td align=\"right\" style=\"padding-right: 100px;\">The honest Open Source CRM </td>\n                                            </tr>\n                                            <tr>\n                                                <td> </td>\n                                            </tr>\n                                    </table>\n                                    </td>\n                                </tr>\n                                <tr>\n                                    <td>\n                                    <table width=\"100%\" cellspacing=\"0\" cellpadding=\"0\" border=\"0\" style=\"font-family: Arial,Helvetica,sans-serif; font-size: 12px; font-weight: normal; color: rgb(0, 0, 0); background-color: rgb(255, 255, 255);\">\n                                            <tr>\n                                                <td valign=\"top\">\n                                                <table width=\"100%\" cellspacing=\"0\" cellpadding=\"5\" border=\"0\">\n                                                        <tr>\n                                                            <td align=\"right\" style=\"font-family: Arial,Helvetica,sans-serif; font-size: 12px; font-weight: bolder; text-decoration: none; color: rgb(66, 66, 253);\"> </td>\n                                                        </tr>\n                                                        <tr>\n                                                            <td> </td>\n                                                        </tr>\n                                                        <tr>\n                                                            <td style=\"font-family: Arial,Helvetica,sans-serif; font-size: 14px; color: rgb(22, 72, 134); font-weight: bolder; line-height: 15px;\">Уважаемый(ая) $contact_name$, </td>\n                                                        </tr>\n                                                        <tr>\n                                                            <td style=\"font-family: Arial,Helvetica,sans-serif; font-size: 12px; color: rgb(0, 0, 0); font-weight: normal; text-align: justify; line-height: 20px;\"> Выражаем вам благодарность за подключение услуги ежегодного сервисного обслуживания Vtiger CRM.<br />Далее приведена информация для регистрации на портале самообслуживания:</td>                                            \n                                                        </tr>\n                                                        <tr>\n                                                            <td align=\"center\">\n                                                            <table width=\"75%\" cellspacing=\"0\" cellpadding=\"10\" border=\"0\" style=\"border: 2px solid rgb(180, 180, 179); background-color: rgb(226, 226, 225); font-family: Arial,Helvetica,sans-serif; font-size: 12px; color: rgb(0, 0, 0); font-weight: normal;\">\n                                                                    <tr>\n                                                                        <td><br />ID Пользователя     : <font color=\"#990000\"><strong> $login_name$</strong></font> </td>\n                                                                    </tr>\n                                                                    <tr>\n                                                                        <td>Пароль: <font color=\"#990000\"><strong> $password$</strong></font> </td>\n                                                                    </tr>\n                                                                    <tr>\n                                                                        <td align=\"center\"> <strong>  $URL$<br /> </strong> </td>\n                                                                    </tr>\n                                                            </table>\n                                                            </td>\n                                                        </tr>\n                                                        <tr>\n                                                            <td style=\"font-family: Arial,Helvetica,sans-serif; font-size: 12px; color: rgb(0, 0, 0); font-weight: normal; text-align: justify; line-height: 20px;\"><strong>Примечание:</strong> Мы предлагаем вам изменить пароль после первой авторизации. <br /><br /> <strong><u>Справочная информация</u></strong><br />  <br /> После первой авторизации на портале самообслуживания вы можете воспользоваться документацией Vtiger CRM, расположенной во вкладке <strong>Документация(Documents)</strong>. Для ознакомления доступны следующие документы:<br />\n                                                            <ul>\n                                                                <li>Руководство по установке (Windows и Linux ОС)<br /> </li>\n                                                                <li>Руководство пользователя и администратора<br /> </li>\n                                                                <li>Клиентский портал Vtiger CRM - Руководство пользователя<br /> </li>\n                                                                <li>Vtiger CRM плагин для Outlook - Руководство пользователя<br /> </li>\n                                                                <li>Vtiger CRM Office плагин - Руководство пользователя<br /> </li>\n                                                                <li>Vtiger CRM дополнение Thunderbird - Руководство пользователя<br /> </li>\n                                                                <li>Vtiger CRM Веб формы - Руководство пользователя<br /> </li>\n                                                                <li>Vtiger CRM панель инструментов Firefox - Руководство пользователя<br /> </li>\n                                                            </ul>\n                                                            <br />  <br /> <strong><u>Базовые знания</u></strong><br /> <br /> Мы периодически обновляем часто задаваемые вопросы, основываясь на опыте наших клиентов. Вы можете получить доступ к последним статьям через вкладку <strong>База знаний(FAQ)</strong>.<br /> <br /> <strong><u>Vtiger CRM - Информация</u></strong><br /> <br /> Пожалуйста, предоставьте информацию о вашей текущей версии vtiger CRM и о особенностях вашей системы, чтобы мы могли дать вам рекомендации по увеличению производительности работы Vtiger CRM. Основываясь на особенностях вашей системы, мы сообщим вам о последних обновлениях Vtiger CRM.<br />  <br />			 Еще раз благодарим вас и желаем приятной работы с системой Vtiger CRM.<br /> </td>\n                                                        </tr>\n                                                        <tr>\n                                                            <td align=\"right\"><strong style=\"padding: 2px; font-family: Arial,Helvetica,sans-serif; font-size: 12px; color: rgb(0, 0, 0); font-weight: bold;\"><br /><br />С уважением,</strong></td>                               \n                                                        </tr>\n                                                        <tr>\n                                                            <td align=\"right\" style=\"font-family: Arial,Helvetica,sans-serif; font-size: 12px; color: rgb(0, 0, 0); font-weight: normal; line-height: 20px;\">$support_team$ </td>\n                                                        </tr>\n                                                        <tr>\n                                                            <td align=\"right\"><a style=\"font-family: Arial,Helvetica,sans-serif; font-size: 12px; font-weight: bolder; text-decoration: none; color: rgb(66, 66, 253);\" href=\"http://www.salesplatform.ru\">www.salesplatform.ru</a></td>\n                                                        </tr>\n                                                        <tr>\n                                                            <td> </td>\n                                                        </tr>\n                                                </table>\n                                                </td>\n                                                <td width=\"1%\" valign=\"top\"> </td>\n                                            </tr>\n                                    </table>\n                                    </td>\n                                </tr>\n                                <tr>\n                                    <td align=\"left\" style=\"background-color: rgb(27, 77, 140);\"><br /> </td>\n                                </tr>\n                        </table>\n                        </td>\n                        <td width=\"50\"> </td>\n                    </tr>\n                    <tr>\n                        <td> </td>\n                        <td> </td>\n                        <td> </td>\n                    </tr>\n                    <tr>\n                        <td> </td>\n                        <td> </td>\n                        <td> </td>\n                    </tr>\n                    <tr>\n                        <td> </td>\n                        <td> </td>\n                        <td> </td>\n                    </tr>\n            </table>',0,10,0,'Contacts'),('Public','Support end notification before a week','','VtigerCRM Support Notification','Send Notification mail to customer before a week of support end date','<table width=\"700\" cellspacing=\"0\" cellpadding=\"0\" border=\"0\" align=\"center\" style=\"font-family: Arial,Helvetica,sans-serif; font-size: 12px; font-weight: normal; text-decoration: none; background-color: rgb(122, 122, 254);\">\n        <tr>\n            <td> </td>\n            <td> </td>\n            <td> </td>\n        </tr>\n        <tr>\n            <td> </td>\n            <td> </td>\n            <td> </td>\n        </tr>\n        <tr>\n            <td> </td>\n            <td> </td>\n            <td> </td>\n        </tr>\n        <tr>\n            <td width=\"50\"> </td>\n            <td>\n            <table width=\"100%\" cellspacing=\"0\" cellpadding=\"0\" border=\"0\">\n                    <tr>\n                        <td>\n                        <table width=\"100%\" cellspacing=\"0\" cellpadding=\"0\" border=\"0\" style=\"background-color: rgb(27, 77, 140); font-family: Arial,Helvetica,sans-serif; font-size: 14px; color: rgb(255, 255, 255); font-weight: normal; line-height: 25px;\">\n                                <tr>\n                                    <td align=\"center\" rowspan=\"4\">$logo$</td>\n                                    <td align=\"center\"> </td>\n                                </tr>\n                                <tr>\n                                    <td align=\"left\" style=\"background-color: rgb(27, 77, 140); font-family: Arial,Helvetica,sans-serif; font-size: 24px; color: rgb(255, 255, 255); font-weight: bolder; line-height: 35px;\">vtiger CRM </td>\n                                </tr>\n                                <tr>\n                                    <td align=\"right\" style=\"padding-right: 100px;\">The honest Open Source CRM </td>\n                                </tr>\n                                <tr>\n                                    <td> </td>\n                                </tr>\n                        </table>\n                        </td>\n                    </tr>\n                    <tr>\n                        <td>\n                        <table width=\"100%\" cellspacing=\"0\" cellpadding=\"0\" border=\"0\" style=\"font-family: Arial,Helvetica,sans-serif; font-size: 12px; font-weight: normal; color: rgb(0, 0, 0); background-color: rgb(255, 255, 255);\">\n                                <tr>\n                                    <td valign=\"top\">\n                                    <table width=\"100%\" cellspacing=\"0\" cellpadding=\"5\" border=\"0\">\n                                            <tr>\n                                                <td align=\"right\" style=\"font-family: Arial,Helvetica,sans-serif; font-size: 12px; font-weight: bolder; text-decoration: none; color: rgb(66, 66, 253);\"> </td>\n                                            </tr>\n                                            <tr>\n                                                <td> </td>\n                                            </tr>\n                                            <tr>\n                                                <td style=\"font-family: Arial,Helvetica,sans-serif; font-size: 14px; color: rgb(22, 72, 134); font-weight: bolder; line-height: 15px;\">Dear $contacts-lastname$, </td>\n                                            </tr>\n                                            <tr>\n                                                <td style=\"font-family: Arial,Helvetica,sans-serif; font-size: 12px; color: rgb(0, 0, 0); font-weight: normal; text-align: justify; line-height: 20px;\">This is just a notification mail regarding your support end.<br /><span style=\"font-weight: bold;\">Priority:</span> Urgent<br />Your Support is going to expire on next week<br />Please contact support@vtiger.com.<br /><br /><br /></td>\n                                            </tr>\n                                            <tr>\n                                                <td align=\"center\"><br /></td>\n                                            </tr>\n                                            <tr>\n                                                <td align=\"right\"><strong style=\"padding: 2px; font-family: Arial,Helvetica,sans-serif; font-size: 12px; color: rgb(0, 0, 0); font-weight: bold;\"><br /><br />Sincerly</strong></td>\n                                            </tr>\n                                            <tr>\n                                                <td align=\"right\" style=\"font-family: Arial,Helvetica,sans-serif; font-size: 12px; color: rgb(0, 0, 0); font-weight: normal; line-height: 20px;\">Support Team </td>\n                                            </tr>\n                                            <tr>\n                                                <td align=\"right\"><a style=\"font-family: Arial,Helvetica,sans-serif; font-size: 12px; font-weight: bolder; text-decoration: none; color: rgb(66, 66, 253);\" href=\"http://www.vtiger.com\">www.vtiger.com</a></td>\n                                            </tr>\n                                            <tr>\n                                                <td> </td>\n                                            </tr>\n                                    </table>\n                                    </td>\n                                    <td width=\"1%\" valign=\"top\"> </td>\n                                </tr>\n                        </table>\n                        </td>\n                    </tr>\n                    <tr>\n                        <td>\n                        <table width=\"100%\" cellspacing=\"0\" cellpadding=\"5\" border=\"0\" style=\"font-family: Arial,Helvetica,sans-serif; font-size: 12px; color: rgb(255, 255, 255); font-weight: normal; line-height: 15px; background-color: rgb(51, 51, 51);\">\n                                <tr>\n                                    <td align=\"center\">Shree Narayana Complex, No 11 Sarathy Nagar, Vijaya Nagar , Velachery, Chennai - 600 042 India </td>\n                                </tr>\n                                <tr>\n                                    <td align=\"center\">Telephone No: +91 - 44 - 4202 - 1990     Toll Free No: +1 877 788 4437</td>\n                                </tr>\n                                <tr>\n                                    <td align=\"center\">Email Id: <a style=\"font-family: Arial,Helvetica,sans-serif; font-size: 12px; font-weight: bolder; text-decoration: none; color: rgb(255, 255, 255);\" href=\"mailto:info@vtiger.com\">info@vtiger.com</a></td>\n                                </tr>\n                        </table>\n                        </td>\n                    </tr>\n            </table>\n            </td>\n            <td width=\"50\"> </td>\n        </tr>\n        <tr>\n            <td> </td>\n            <td> </td>\n            <td> </td>\n        </tr>\n        <tr>\n            <td> </td>\n            <td> </td>\n            <td> </td>\n        </tr>\n        <tr>\n            <td> </td>\n            <td> </td>\n            <td> </td>\n        </tr>\n</table>',0,11,0,''),('Public','Support end notification before a month','','VtigerCRM Support Notification','Send Notification mail to customer before a month of support end date','<table width=\"700\" cellspacing=\"0\" cellpadding=\"0\" border=\"0\" align=\"center\" style=\"font-family: Arial,Helvetica,sans-serif; font-size: 12px; font-weight: normal; text-decoration: none; background-color: rgb(122, 122, 254);\">\n        <tr>\n            <td> </td>\n            <td> </td>\n            <td> </td>\n        </tr>\n        <tr>\n            <td> </td>\n            <td> </td>\n            <td> </td>\n        </tr>\n        <tr>\n            <td> </td>\n            <td> </td>\n            <td> </td>\n        </tr>\n        <tr>\n            <td width=\"50\"> </td>\n            <td>\n            <table width=\"100%\" cellspacing=\"0\" cellpadding=\"0\" border=\"0\">\n                    <tr>\n                        <td>\n                        <table width=\"100%\" cellspacing=\"0\" cellpadding=\"0\" border=\"0\" style=\"background-color: rgb(27, 77, 140); font-family: Arial,Helvetica,sans-serif; font-size: 14px; color: rgb(255, 255, 255); font-weight: normal; line-height: 25px;\">\n                                <tr>\n                                    <td align=\"center\" rowspan=\"4\">$logo$</td>\n                                    <td align=\"center\"> </td>\n                                </tr>\n                                <tr>\n                                    <td align=\"left\" style=\"background-color: rgb(27, 77, 140); font-family: Arial,Helvetica,sans-serif; font-size: 24px; color: rgb(255, 255, 255); font-weight: bolder; line-height: 35px;\">vtiger CRM </td>\n                                </tr>\n                                <tr>\n                                    <td align=\"right\" style=\"padding-right: 100px;\">The honest Open Source CRM </td>\n                                </tr>\n                                <tr>\n                                    <td> </td>\n                                </tr>\n                        </table>\n                        </td>\n                    </tr>\n                    <tr>\n                        <td>\n                        <table width=\"100%\" cellspacing=\"0\" cellpadding=\"0\" border=\"0\" style=\"font-family: Arial,Helvetica,sans-serif; font-size: 12px; font-weight: normal; color: rgb(0, 0, 0); background-color: rgb(255, 255, 255);\">\n                                <tr>\n                                    <td valign=\"top\">\n                                    <table width=\"100%\" cellspacing=\"0\" cellpadding=\"5\" border=\"0\">\n                                            <tr>\n                                                <td align=\"right\" style=\"font-family: Arial,Helvetica,sans-serif; font-size: 12px; font-weight: bolder; text-decoration: none; color: rgb(66, 66, 253);\"> </td>\n                                            </tr>\n                                            <tr>\n                                                <td> </td>\n                                            </tr>\n                                            <tr>\n                                                <td style=\"font-family: Arial,Helvetica,sans-serif; font-size: 14px; color: rgb(22, 72, 134); font-weight: bolder; line-height: 15px;\">Dear $contacts-lastname$, </td>\n                                            </tr>\n                                            <tr>\n                                                <td style=\"font-family: Arial,Helvetica,sans-serif; font-size: 12px; color: rgb(0, 0, 0); font-weight: normal; text-align: justify; line-height: 20px;\">This is just a notification mail regarding your support end.<br /><span style=\"font-weight: bold;\">Priority:</span> Normal<br />Your Support is going to expire on next month.<br />Please contact support@vtiger.com<br /><br /><br /></td>\n                                            </tr>\n                                            <tr>\n                                                <td align=\"center\"><br /></td>\n                                            </tr>\n                                            <tr>\n                                                <td align=\"right\"><strong style=\"padding: 2px; font-family: Arial,Helvetica,sans-serif; font-size: 12px; color: rgb(0, 0, 0); font-weight: bold;\"><br /><br />Sincerly</strong></td>\n                                            </tr>\n                                            <tr>\n                                                <td align=\"right\" style=\"font-family: Arial,Helvetica,sans-serif; font-size: 12px; color: rgb(0, 0, 0); font-weight: normal; line-height: 20px;\">Support Team </td>\n                                            </tr>\n                                            <tr>\n                                                <td align=\"right\"><a href=\"http://www.vtiger.com\" style=\"font-family: Arial,Helvetica,sans-serif; font-size: 12px; font-weight: bolder; text-decoration: none; color: rgb(66, 66, 253);\">www.vtiger.com</a></td>\n                                            </tr>\n                                            <tr>\n                                                <td> </td>\n                                            </tr>\n                                    </table>\n                                    </td>\n                                    <td width=\"1%\" valign=\"top\"> </td>\n                                </tr>\n                        </table>\n                        </td>\n                    </tr>\n                    <tr>\n                        <td>\n                        <table width=\"100%\" cellspacing=\"0\" cellpadding=\"5\" border=\"0\" style=\"font-family: Arial,Helvetica,sans-serif; font-size: 12px; color: rgb(255, 255, 255); font-weight: normal; line-height: 15px; background-color: rgb(51, 51, 51);\">\n                                <tr>\n                                    <td align=\"center\">Shree Narayana Complex, No 11 Sarathy Nagar, Vijaya Nagar , Velachery, Chennai - 600 042 India </td>\n                                </tr>\n                                <tr>\n                                    <td align=\"center\">Telephone No: +91 - 44 - 4202 - 1990     Toll Free No: +1 877 788 4437</td>\n                                </tr>\n                                <tr>\n                                    <td align=\"center\">Email Id: <a href=\"mailto:info@vtiger.com\" style=\"font-family: Arial,Helvetica,sans-serif; font-size: 12px; font-weight: bolder; text-decoration: none; color: rgb(255, 255, 255);\">info@vtiger.com</a></td>\n                                </tr>\n                        </table>\n                        </td>\n                    </tr>\n            </table>\n            </td>\n            <td width=\"50\"> </td>\n        </tr>\n        <tr>\n            <td> </td>\n            <td> </td>\n            <td> </td>\n        </tr>\n        <tr>\n            <td> </td>\n            <td> </td>\n            <td> </td>\n        </tr>\n        <tr>\n            <td> </td>\n            <td> </td>\n            <td> </td>\n        </tr>\n</table>',0,12,0,''),('Public','Activity Reminder',NULL,'Reminder','Reminder','<p>Это напоминание для мероприятия<br/>С подробностями :<br/> \n                            &nbsp; Тема : $events-subject$<br/> \n                            &nbsp; Дата и время начала : $events-date_start$<br/>\n                            &nbsp; Дата и время завершения : $events-due_date$<br/> \n                            &nbsp; Статус : $events-eventstatus$<br/> \n                            &nbsp; Место проведения : $events-location$<br/> \n                            &nbsp; Описание : $events-description$<br/><br/> \n                            <p/>',0,14,1,NULL),('Public','ToDo Reminder',NULL,'Activity Reminder','Reminder','<p>Это напоминание для мероприятия<br/>С подробностями :<br/>\n                                &nbsp; Тема : $calendar-subject$<br/>\n                                &nbsp; Дата и время начала : $calendar-date_start$<br/>\n                                &nbsp; Дата выполнения : $calendar-due_date$<br/>\n                                &nbsp; Статус : $calendar-status$<br/>\n                                &nbsp; Место проведения : $calendar-location$<br/>\n                                &nbsp; Описание : $calendar-description$<br/><br/>\n                                <p/>',0,15,1,NULL),('Public','Invite Users',NULL,'Invitation','Invite Users','<p>$invitee_name$,<br/><br/>Вы были приглашены для деятельности<br/><br/>С подробностями :<br/>\n                                &nbsp; Тема : $events-subject$<br/>\n                                &nbsp; Дата и время начала : $events-date_start$<br/> \n                                &nbsp; Дата и время завершения : $events-due_date$<br/>\n                                &nbsp; Статус : $events-eventstatus$<br/>\n                                &nbsp; Приоритет : $events-priority$<br/>\n                                &nbsp; В связи с : $events-crmid$<br/>\n                                &nbsp; Список контактов : $events-contactid$<br/>\n                                &nbsp; Место проведения : $events-location$<br/>\n                                &nbsp; Описание : $events-description$<br/><br/>\n                                Благодаря & С уважением,<br/>\n                                $current_user_name$\n                                <p/>',0,16,1,NULL);
/*!40000 ALTER TABLE `vtiger_emailtemplates` ENABLE KEYS */;
UNLOCK TABLES;

--
-- Table structure for table `vtiger_emailtemplates_seq`
--

DROP TABLE IF EXISTS `vtiger_emailtemplates_seq`;
/*!40101 SET @saved_cs_client     = @@character_set_client */;
/*!50503 SET character_set_client = utf8mb4 */;
CREATE TABLE `vtiger_emailtemplates_seq` (
  `id` int NOT NULL
) ENGINE=InnoDB DEFAULT CHARSET=utf8mb3;
/*!40101 SET character_set_client = @saved_cs_client */;

--
-- Dumping data for table `vtiger_emailtemplates_seq`
--

LOCK TABLES `vtiger_emailtemplates_seq` WRITE;
/*!40000 ALTER TABLE `vtiger_emailtemplates_seq` DISABLE KEYS */;
INSERT INTO `vtiger_emailtemplates_seq` VALUES (16);
/*!40000 ALTER TABLE `vtiger_emailtemplates_seq` ENABLE KEYS */;
UNLOCK TABLES;

--
-- Table structure for table `vtiger_entityname`
--

DROP TABLE IF EXISTS `vtiger_entityname`;
/*!40101 SET @saved_cs_client     = @@character_set_client */;
/*!50503 SET character_set_client = utf8mb4 */;
CREATE TABLE `vtiger_entityname` (
  `tabid` int NOT NULL DEFAULT '0',
  `modulename` varchar(100) DEFAULT NULL,
  `tablename` varchar(100) NOT NULL,
  `fieldname` varchar(150) NOT NULL,
  `entityidfield` varchar(150) NOT NULL,
  `entityidcolumn` varchar(150) NOT NULL,
  PRIMARY KEY (`tabid`),
  KEY `entityname_tabid_idx` (`tabid`),
  CONSTRAINT `fk_1_vtiger_entityname` FOREIGN KEY (`tabid`) REFERENCES `vtiger_tab` (`tabid`) ON DELETE CASCADE
) ENGINE=InnoDB DEFAULT CHARSET=utf8mb3;
/*!40101 SET character_set_client = @saved_cs_client */;

--
-- Dumping data for table `vtiger_entityname`
--

LOCK TABLES `vtiger_entityname` WRITE;
/*!40000 ALTER TABLE `vtiger_entityname` DISABLE KEYS */;
INSERT INTO `vtiger_entityname` VALUES (2,'Potentials','vtiger_potential','potentialname','potentialid','potential_id'),(4,'Contacts','vtiger_contactdetails','firstname,lastname','contactid','contact_id'),(6,'Accounts','vtiger_account','accountname','accountid','account_id'),(7,'Leads','vtiger_leaddetails','firstname,lastname','leadid','leadid'),(8,'Documents','vtiger_notes','title','notesid','notesid'),(9,'Calendar','vtiger_activity','subject','activityid','activityid'),(10,'Emails','vtiger_activity','subject','activityid','activityid'),(13,'HelpDesk','vtiger_troubletickets','title','ticketid','ticketid'),(14,'Products','vtiger_products','productname','productid','product_id'),(15,'Faq','vtiger_faq','question','id','id'),(18,'Vendors','vtiger_vendor','vendorname','vendorid','vendor_id'),(19,'PriceBooks','vtiger_pricebook','bookname','pricebookid','pricebookid'),(20,'Quotes','vtiger_quotes','subject','quoteid','quote_id'),(21,'PurchaseOrder','vtiger_purchaseorder','subject','purchaseorderid','purchaseorderid'),(22,'SalesOrder','vtiger_salesorder','subject','salesorderid','salesorder_id'),(23,'Invoice','vtiger_invoice','subject','invoiceid','invoiceid'),(26,'Campaigns','vtiger_campaign','campaignname','campaignid','campaignid'),(29,'Users','vtiger_users','first_name,last_name','id','id'),(32,'ServiceContracts','vtiger_servicecontracts','subject','servicecontractsid','servicecontractsid'),(36,'PBXManager','vtiger_pbxmanager','customernumber','pbxmanagerid','pbxmanagerid'),(38,'Services','vtiger_service','servicename','serviceid','serviceid'),(40,'Consignment','vtiger_sp_consignment','consignment_no','consignmentid','consignmentid'),(42,'SPUnits','sp_units','unit_no','unitid','unitid'),(43,'SPPayments','sp_payments','pay_no','payid','payid'),(44,'SPSocialConnector','vtiger_sp_socialconnector','message','socialconnectorid','socialconnectorid'),(47,'SMSNotifier','vtiger_smsnotifier','message','smsnotifierid','smsnotifierid'),(49,'Act','vtiger_sp_act','act_no','actid','actid'),(51,'Assets','vtiger_assets','assetname','assetsid','assetsid'),(54,'ModComments','vtiger_modcomments','commentcontent','modcommentsid','modcommentsid'),(57,'ProjectMilestone','vtiger_projectmilestone','projectmilestonename','projectmilestoneid','projectmilestoneid'),(58,'ProjectTask','vtiger_projecttask','projecttaskname','projecttaskid','projecttaskid'),(59,'Project','vtiger_project','projectname','projectid','projectid'),(65,'Timetable','vtiger_timetable','name','timetableid','timetableid'),(66,'Trips','vtiger_trips','name','tripsid','tripsid');
/*!40000 ALTER TABLE `vtiger_entityname` ENABLE KEYS */;
UNLOCK TABLES;

--
-- Table structure for table `vtiger_eventhandler_module`
--

DROP TABLE IF EXISTS `vtiger_eventhandler_module`;
/*!40101 SET @saved_cs_client     = @@character_set_client */;
/*!50503 SET character_set_client = utf8mb4 */;
CREATE TABLE `vtiger_eventhandler_module` (
  `eventhandler_module_id` int NOT NULL AUTO_INCREMENT,
  `module_name` varchar(100) DEFAULT NULL,
  `handler_class` varchar(100) DEFAULT NULL,
  PRIMARY KEY (`eventhandler_module_id`)
) ENGINE=InnoDB AUTO_INCREMENT=7 DEFAULT CHARSET=utf8mb3;
/*!40101 SET character_set_client = @saved_cs_client */;

--
-- Dumping data for table `vtiger_eventhandler_module`
--

LOCK TABLES `vtiger_eventhandler_module` WRITE;
/*!40000 ALTER TABLE `vtiger_eventhandler_module` DISABLE KEYS */;
INSERT INTO `vtiger_eventhandler_module` VALUES (1,'ServiceContracts','ServiceContractsHandler'),(2,'ModTracker','ModTrackerHandler'),(3,'Search','Settings_Search_RecordSearchLabelUpdater_Handler'),(4,'Home','Vtiger_RecordLabelUpdater_Handler'),(5,'Invoice','InvoiceHandler'),(6,'PurchaseOrder','PurchaseOrderHandler');
/*!40000 ALTER TABLE `vtiger_eventhandler_module` ENABLE KEYS */;
UNLOCK TABLES;

--
-- Table structure for table `vtiger_eventhandler_module_seq`
--

DROP TABLE IF EXISTS `vtiger_eventhandler_module_seq`;
/*!40101 SET @saved_cs_client     = @@character_set_client */;
/*!50503 SET character_set_client = utf8mb4 */;
CREATE TABLE `vtiger_eventhandler_module_seq` (
  `id` int NOT NULL
) ENGINE=InnoDB DEFAULT CHARSET=utf8mb3;
/*!40101 SET character_set_client = @saved_cs_client */;

--
-- Dumping data for table `vtiger_eventhandler_module_seq`
--

LOCK TABLES `vtiger_eventhandler_module_seq` WRITE;
/*!40000 ALTER TABLE `vtiger_eventhandler_module_seq` DISABLE KEYS */;
INSERT INTO `vtiger_eventhandler_module_seq` VALUES (6);
/*!40000 ALTER TABLE `vtiger_eventhandler_module_seq` ENABLE KEYS */;
UNLOCK TABLES;

--
-- Table structure for table `vtiger_eventhandlers`
--

DROP TABLE IF EXISTS `vtiger_eventhandlers`;
/*!40101 SET @saved_cs_client     = @@character_set_client */;
/*!50503 SET character_set_client = utf8mb4 */;
CREATE TABLE `vtiger_eventhandlers` (
  `eventhandler_id` int NOT NULL AUTO_INCREMENT,
  `event_name` varchar(100) NOT NULL,
  `handler_path` varchar(400) NOT NULL,
  `handler_class` varchar(100) NOT NULL,
  `cond` text,
  `is_active` int NOT NULL,
  `dependent_on` varchar(255) DEFAULT '[]',
  PRIMARY KEY (`eventhandler_id`,`event_name`,`handler_class`),
  UNIQUE KEY `eventhandler_idx` (`eventhandler_id`)
) ENGINE=InnoDB AUTO_INCREMENT=35 DEFAULT CHARSET=utf8mb3;
/*!40101 SET character_set_client = @saved_cs_client */;

--
-- Dumping data for table `vtiger_eventhandlers`
--

LOCK TABLES `vtiger_eventhandlers` WRITE;
/*!40000 ALTER TABLE `vtiger_eventhandlers` DISABLE KEYS */;
INSERT INTO `vtiger_eventhandlers` VALUES (1,'vtiger.entity.aftersave','modules/SalesOrder/RecurringInvoiceHandler.php','RecurringInvoiceHandler','',1,'[]'),(2,'vtiger.entity.beforesave','data/VTEntityDelta.php','VTEntityDelta','',1,'[]'),(3,'vtiger.entity.aftersave','data/VTEntityDelta.php','VTEntityDelta','',1,'[]'),(4,'vtiger.entity.aftersave','modules/com_vtiger_workflow/VTEventHandler.inc','VTWorkflowEventHandler','',1,'[\"VTEntityDelta\"]'),(5,'vtiger.entity.afterrestore','modules/com_vtiger_workflow/VTEventHandler.inc','VTWorkflowEventHandler','',1,'[]'),(6,'vtiger.entity.aftersave.final','modules/HelpDesk/HelpDeskHandler.php','HelpDeskHandler','',1,'[]'),(7,'vtiger.entity.beforesave','modules/ServiceContracts/ServiceContractsHandler.php','ServiceContractsHandler','',0,'[]'),(8,'vtiger.entity.aftersave','modules/ServiceContracts/ServiceContractsHandler.php','ServiceContractsHandler','',0,'[]'),(9,'vtiger.entity.aftersave','modules/WSAPP/WorkFlowHandlers/WSAPPAssignToTracker.php','WSAPPAssignToTracker','',1,'[\"VTEntityDelta\"]'),(10,'vtiger.entity.aftersave.final','modules/ModTracker/ModTrackerHandler.php','ModTrackerHandler','',1,'[]'),(11,'vtiger.entity.beforedelete','modules/ModTracker/ModTrackerHandler.php','ModTrackerHandler','',1,'[]'),(12,'vtiger.entity.afterrestore','modules/ModTracker/ModTrackerHandler.php','ModTrackerHandler','',1,'[]'),(19,'vtiger.entity.aftersave','modules/Search/handlers/RecordSearchLabelUpdater.php','Settings_Search_RecordSearchLabelUpdater_Handler','',1,'[]'),(20,'vtiger.entity.aftersave','modules/Vtiger/handlers/RecordLabelUpdater.php','Vtiger_RecordLabelUpdater_Handler','',1,'[]'),(21,'vtiger.entity.aftersave','modules/Invoice/InvoiceHandler.php','InvoiceHandler','',1,'[]'),(22,'vtiger.entity.aftersave','modules/PurchaseOrder/PurchaseOrderHandler.php','PurchaseOrderHandler','',1,'[]'),(23,'vtiger.entity.aftersave','modules/ModComments/ModCommentsHandler.php','ModCommentsHandler','',1,'[]'),(24,'vtiger.picklist.afterrename','modules/Settings/Picklist/handlers/PickListHandler.php','PickListHandler','',1,'[]'),(25,'vtiger.picklist.afterdelete','modules/Settings/Picklist/handlers/PickListHandler.php','PickListHandler','',1,'[]'),(26,'vtiger.entity.aftersave','modules/Vtiger/handlers/EmailLookupHandler.php','EmailLookupHandler','',1,'[\"VTEntityDelta\"]'),(27,'vtiger.entity.afterdelete','modules/Vtiger/handlers/EmailLookupHandler.php','EmailLookupHandler','',1,'[]'),(28,'vtiger.entity.afterrestore','modules/Vtiger/handlers/EmailLookupHandler.php','EmailLookupHandler','',1,'[]'),(29,'vtiger.batchevent.save','modules/Vtiger/handlers/EmailLookupHandler.php','EmailLookupBatchHandler','',1,'[]'),(30,'vtiger.lead.convertlead','modules/Leads/handlers/LeadHandler.php','LeadHandler','',1,'[]'),(31,'vtiger.entity.beforesave','modules/Vtiger/handlers/CheckDuplicateHandler.php','CheckDuplicateHandler','',1,'[]'),(32,'vtiger.entity.beforerestore','modules/Vtiger/handlers/CheckDuplicateHandler.php','CheckDuplicateHandler','',1,'[]'),(33,'vtiger.entity.aftersave','modules/Vtiger/handlers/FollowRecordHandler.php','FollowRecordHandler','',1,'[]'),(34,'vtiger.entity.aftersave','modules/RelatedBlocksLists/RelatedBlocksListsHandler.php','RelatedBlocksListsHandler','',1,'[]');
/*!40000 ALTER TABLE `vtiger_eventhandlers` ENABLE KEYS */;
UNLOCK TABLES;

--
-- Table structure for table `vtiger_eventhandlers_seq`
--

DROP TABLE IF EXISTS `vtiger_eventhandlers_seq`;
/*!40101 SET @saved_cs_client     = @@character_set_client */;
/*!50503 SET character_set_client = utf8mb4 */;
CREATE TABLE `vtiger_eventhandlers_seq` (
  `id` int NOT NULL
) ENGINE=InnoDB DEFAULT CHARSET=utf8mb3;
/*!40101 SET character_set_client = @saved_cs_client */;

--
-- Dumping data for table `vtiger_eventhandlers_seq`
--

LOCK TABLES `vtiger_eventhandlers_seq` WRITE;
/*!40000 ALTER TABLE `vtiger_eventhandlers_seq` DISABLE KEYS */;
INSERT INTO `vtiger_eventhandlers_seq` VALUES (34);
/*!40000 ALTER TABLE `vtiger_eventhandlers_seq` ENABLE KEYS */;
UNLOCK TABLES;

--
-- Table structure for table `vtiger_eventstatus`
--

DROP TABLE IF EXISTS `vtiger_eventstatus`;
/*!40101 SET @saved_cs_client     = @@character_set_client */;
/*!50503 SET character_set_client = utf8mb4 */;
CREATE TABLE `vtiger_eventstatus` (
  `eventstatusid` int NOT NULL AUTO_INCREMENT,
  `eventstatus` varchar(200) NOT NULL,
  `presence` int NOT NULL DEFAULT '1',
  `picklist_valueid` int NOT NULL DEFAULT '0',
  `sortorderid` int DEFAULT NULL,
  `color` varchar(10) DEFAULT NULL,
  PRIMARY KEY (`eventstatusid`)
) ENGINE=InnoDB AUTO_INCREMENT=4 DEFAULT CHARSET=utf8mb3;
/*!40101 SET character_set_client = @saved_cs_client */;

--
-- Dumping data for table `vtiger_eventstatus`
--

LOCK TABLES `vtiger_eventstatus` WRITE;
/*!40000 ALTER TABLE `vtiger_eventstatus` DISABLE KEYS */;
INSERT INTO `vtiger_eventstatus` VALUES (1,'Planned',0,38,0,NULL),(2,'Held',0,39,1,NULL),(3,'Not Held',0,40,2,NULL);
/*!40000 ALTER TABLE `vtiger_eventstatus` ENABLE KEYS */;
UNLOCK TABLES;

--
-- Table structure for table `vtiger_eventstatus_seq`
--

DROP TABLE IF EXISTS `vtiger_eventstatus_seq`;
/*!40101 SET @saved_cs_client     = @@character_set_client */;
/*!50503 SET character_set_client = utf8mb4 */;
CREATE TABLE `vtiger_eventstatus_seq` (
  `id` int NOT NULL
) ENGINE=InnoDB DEFAULT CHARSET=utf8mb3;
/*!40101 SET character_set_client = @saved_cs_client */;

--
-- Dumping data for table `vtiger_eventstatus_seq`
--

LOCK TABLES `vtiger_eventstatus_seq` WRITE;
/*!40000 ALTER TABLE `vtiger_eventstatus_seq` DISABLE KEYS */;
INSERT INTO `vtiger_eventstatus_seq` VALUES (3);
/*!40000 ALTER TABLE `vtiger_eventstatus_seq` ENABLE KEYS */;
UNLOCK TABLES;

--
-- Table structure for table `vtiger_expectedresponse`
--

DROP TABLE IF EXISTS `vtiger_expectedresponse`;
/*!40101 SET @saved_cs_client     = @@character_set_client */;
/*!50503 SET character_set_client = utf8mb4 */;
CREATE TABLE `vtiger_expectedresponse` (
  `expectedresponseid` int NOT NULL AUTO_INCREMENT,
  `expectedresponse` varchar(200) NOT NULL,
  `presence` int NOT NULL DEFAULT '1',
  `picklist_valueid` int NOT NULL DEFAULT '0',
  `sortorderid` int DEFAULT NULL,
  `color` varchar(10) DEFAULT NULL,
  PRIMARY KEY (`expectedresponseid`),
  UNIQUE KEY `CampaignExpRes_UK01` (`expectedresponse`)
) ENGINE=InnoDB AUTO_INCREMENT=6 DEFAULT CHARSET=utf8mb3;
/*!40101 SET character_set_client = @saved_cs_client */;

--
-- Dumping data for table `vtiger_expectedresponse`
--

LOCK TABLES `vtiger_expectedresponse` WRITE;
/*!40000 ALTER TABLE `vtiger_expectedresponse` DISABLE KEYS */;
INSERT INTO `vtiger_expectedresponse` VALUES (2,'Excellent',1,42,1,NULL),(3,'Good',1,43,2,NULL),(4,'Average',1,44,3,NULL),(5,'Poor',1,45,4,NULL);
/*!40000 ALTER TABLE `vtiger_expectedresponse` ENABLE KEYS */;
UNLOCK TABLES;

--
-- Table structure for table `vtiger_expectedresponse_seq`
--

DROP TABLE IF EXISTS `vtiger_expectedresponse_seq`;
/*!40101 SET @saved_cs_client     = @@character_set_client */;
/*!50503 SET character_set_client = utf8mb4 */;
CREATE TABLE `vtiger_expectedresponse_seq` (
  `id` int NOT NULL
) ENGINE=InnoDB DEFAULT CHARSET=utf8mb3;
/*!40101 SET character_set_client = @saved_cs_client */;

--
-- Dumping data for table `vtiger_expectedresponse_seq`
--

LOCK TABLES `vtiger_expectedresponse_seq` WRITE;
/*!40000 ALTER TABLE `vtiger_expectedresponse_seq` DISABLE KEYS */;
INSERT INTO `vtiger_expectedresponse_seq` VALUES (5);
/*!40000 ALTER TABLE `vtiger_expectedresponse_seq` ENABLE KEYS */;
UNLOCK TABLES;

--
-- Table structure for table `vtiger_extnstore_users`
--

DROP TABLE IF EXISTS `vtiger_extnstore_users`;
/*!40101 SET @saved_cs_client     = @@character_set_client */;
/*!50503 SET character_set_client = utf8mb4 */;
CREATE TABLE `vtiger_extnstore_users` (
  `id` int NOT NULL AUTO_INCREMENT,
  `username` varchar(50) DEFAULT NULL,
  `password` varchar(75) DEFAULT NULL,
  `instanceurl` varchar(255) DEFAULT NULL,
  `createdon` datetime DEFAULT NULL,
  `deleted` int NOT NULL DEFAULT '0',
  PRIMARY KEY (`id`)
) ENGINE=InnoDB DEFAULT CHARSET=utf8mb3;
/*!40101 SET character_set_client = @saved_cs_client */;

--
-- Dumping data for table `vtiger_extnstore_users`
--

LOCK TABLES `vtiger_extnstore_users` WRITE;
/*!40000 ALTER TABLE `vtiger_extnstore_users` DISABLE KEYS */;
/*!40000 ALTER TABLE `vtiger_extnstore_users` ENABLE KEYS */;
UNLOCK TABLES;

--
-- Table structure for table `vtiger_faq`
--

DROP TABLE IF EXISTS `vtiger_faq`;
/*!40101 SET @saved_cs_client     = @@character_set_client */;
/*!50503 SET character_set_client = utf8mb4 */;
CREATE TABLE `vtiger_faq` (
  `id` int NOT NULL AUTO_INCREMENT,
  `faq_no` varchar(100) NOT NULL,
  `product_id` varchar(100) DEFAULT NULL,
  `question` text,
  `answer` text,
  `category` varchar(200) NOT NULL,
  `status` varchar(200) NOT NULL,
  `tags` varchar(1) DEFAULT NULL,
  PRIMARY KEY (`id`),
  KEY `faq_id_idx` (`id`),
  CONSTRAINT `fk_1_vtiger_faq` FOREIGN KEY (`id`) REFERENCES `vtiger_crmentity` (`crmid`) ON DELETE CASCADE
) ENGINE=InnoDB DEFAULT CHARSET=utf8mb3;
/*!40101 SET character_set_client = @saved_cs_client */;

--
-- Dumping data for table `vtiger_faq`
--

LOCK TABLES `vtiger_faq` WRITE;
/*!40000 ALTER TABLE `vtiger_faq` DISABLE KEYS */;
/*!40000 ALTER TABLE `vtiger_faq` ENABLE KEYS */;
UNLOCK TABLES;

--
-- Table structure for table `vtiger_faqcategories`
--

DROP TABLE IF EXISTS `vtiger_faqcategories`;
/*!40101 SET @saved_cs_client     = @@character_set_client */;
/*!50503 SET character_set_client = utf8mb4 */;
CREATE TABLE `vtiger_faqcategories` (
  `faqcategories_id` int NOT NULL AUTO_INCREMENT,
  `faqcategories` varchar(200) DEFAULT NULL,
  `presence` int NOT NULL DEFAULT '1',
  `picklist_valueid` int NOT NULL DEFAULT '0',
  `sortorderid` int DEFAULT NULL,
  `color` varchar(10) DEFAULT NULL,
  PRIMARY KEY (`faqcategories_id`)
) ENGINE=InnoDB AUTO_INCREMENT=2 DEFAULT CHARSET=utf8mb3;
/*!40101 SET character_set_client = @saved_cs_client */;

--
-- Dumping data for table `vtiger_faqcategories`
--

LOCK TABLES `vtiger_faqcategories` WRITE;
/*!40000 ALTER TABLE `vtiger_faqcategories` DISABLE KEYS */;
INSERT INTO `vtiger_faqcategories` VALUES (1,'General',1,46,0,NULL);
/*!40000 ALTER TABLE `vtiger_faqcategories` ENABLE KEYS */;
UNLOCK TABLES;

--
-- Table structure for table `vtiger_faqcategories_seq`
--

DROP TABLE IF EXISTS `vtiger_faqcategories_seq`;
/*!40101 SET @saved_cs_client     = @@character_set_client */;
/*!50503 SET character_set_client = utf8mb4 */;
CREATE TABLE `vtiger_faqcategories_seq` (
  `id` int NOT NULL
) ENGINE=InnoDB DEFAULT CHARSET=utf8mb3;
/*!40101 SET character_set_client = @saved_cs_client */;

--
-- Dumping data for table `vtiger_faqcategories_seq`
--

LOCK TABLES `vtiger_faqcategories_seq` WRITE;
/*!40000 ALTER TABLE `vtiger_faqcategories_seq` DISABLE KEYS */;
INSERT INTO `vtiger_faqcategories_seq` VALUES (1);
/*!40000 ALTER TABLE `vtiger_faqcategories_seq` ENABLE KEYS */;
UNLOCK TABLES;

--
-- Table structure for table `vtiger_faqcf`
--

DROP TABLE IF EXISTS `vtiger_faqcf`;
/*!40101 SET @saved_cs_client     = @@character_set_client */;
/*!50503 SET character_set_client = utf8mb4 */;
CREATE TABLE `vtiger_faqcf` (
  `faqid` int NOT NULL DEFAULT '0',
  PRIMARY KEY (`faqid`),
  CONSTRAINT `fk_1_vtiger_faqcf` FOREIGN KEY (`faqid`) REFERENCES `vtiger_faq` (`id`) ON DELETE CASCADE
) ENGINE=InnoDB DEFAULT CHARSET=utf8mb3;
/*!40101 SET character_set_client = @saved_cs_client */;

--
-- Dumping data for table `vtiger_faqcf`
--

LOCK TABLES `vtiger_faqcf` WRITE;
/*!40000 ALTER TABLE `vtiger_faqcf` DISABLE KEYS */;
/*!40000 ALTER TABLE `vtiger_faqcf` ENABLE KEYS */;
UNLOCK TABLES;

--
-- Table structure for table `vtiger_faqcomments`
--

DROP TABLE IF EXISTS `vtiger_faqcomments`;
/*!40101 SET @saved_cs_client     = @@character_set_client */;
/*!50503 SET character_set_client = utf8mb4 */;
CREATE TABLE `vtiger_faqcomments` (
  `commentid` int NOT NULL AUTO_INCREMENT,
  `faqid` int DEFAULT NULL,
  `comments` text,
  `createdtime` datetime NOT NULL,
  PRIMARY KEY (`commentid`),
  KEY `faqcomments_faqid_idx` (`faqid`),
  CONSTRAINT `fk_1_vtiger_faqcomments` FOREIGN KEY (`faqid`) REFERENCES `vtiger_faq` (`id`) ON DELETE CASCADE
) ENGINE=InnoDB DEFAULT CHARSET=utf8mb3;
/*!40101 SET character_set_client = @saved_cs_client */;

--
-- Dumping data for table `vtiger_faqcomments`
--

LOCK TABLES `vtiger_faqcomments` WRITE;
/*!40000 ALTER TABLE `vtiger_faqcomments` DISABLE KEYS */;
/*!40000 ALTER TABLE `vtiger_faqcomments` ENABLE KEYS */;
UNLOCK TABLES;

--
-- Table structure for table `vtiger_faqstatus`
--

DROP TABLE IF EXISTS `vtiger_faqstatus`;
/*!40101 SET @saved_cs_client     = @@character_set_client */;
/*!50503 SET character_set_client = utf8mb4 */;
CREATE TABLE `vtiger_faqstatus` (
  `faqstatus_id` int NOT NULL AUTO_INCREMENT,
  `faqstatus` varchar(200) DEFAULT NULL,
  `presence` int NOT NULL DEFAULT '1',
  `picklist_valueid` int NOT NULL DEFAULT '0',
  `sortorderid` int DEFAULT NULL,
  `color` varchar(10) DEFAULT NULL,
  PRIMARY KEY (`faqstatus_id`)
) ENGINE=InnoDB AUTO_INCREMENT=5 DEFAULT CHARSET=utf8mb3;
/*!40101 SET character_set_client = @saved_cs_client */;

--
-- Dumping data for table `vtiger_faqstatus`
--

LOCK TABLES `vtiger_faqstatus` WRITE;
/*!40000 ALTER TABLE `vtiger_faqstatus` DISABLE KEYS */;
INSERT INTO `vtiger_faqstatus` VALUES (1,'Draft',0,47,0,NULL),(2,'Reviewed',0,48,1,NULL),(3,'Published',0,49,2,NULL),(4,'Obsolete',0,50,3,NULL);
/*!40000 ALTER TABLE `vtiger_faqstatus` ENABLE KEYS */;
UNLOCK TABLES;

--
-- Table structure for table `vtiger_faqstatus_seq`
--

DROP TABLE IF EXISTS `vtiger_faqstatus_seq`;
/*!40101 SET @saved_cs_client     = @@character_set_client */;
/*!50503 SET character_set_client = utf8mb4 */;
CREATE TABLE `vtiger_faqstatus_seq` (
  `id` int NOT NULL
) ENGINE=InnoDB DEFAULT CHARSET=utf8mb3;
/*!40101 SET character_set_client = @saved_cs_client */;

--
-- Dumping data for table `vtiger_faqstatus_seq`
--

LOCK TABLES `vtiger_faqstatus_seq` WRITE;
/*!40000 ALTER TABLE `vtiger_faqstatus_seq` DISABLE KEYS */;
INSERT INTO `vtiger_faqstatus_seq` VALUES (4);
/*!40000 ALTER TABLE `vtiger_faqstatus_seq` ENABLE KEYS */;
UNLOCK TABLES;

--
-- Table structure for table `vtiger_feedback`
--

DROP TABLE IF EXISTS `vtiger_feedback`;
/*!40101 SET @saved_cs_client     = @@character_set_client */;
/*!50503 SET character_set_client = utf8mb4 */;
CREATE TABLE `vtiger_feedback` (
  `userid` int DEFAULT NULL,
  `dontshow` varchar(19) DEFAULT 'false'
) ENGINE=InnoDB DEFAULT CHARSET=utf8mb3;
/*!40101 SET character_set_client = @saved_cs_client */;

--
-- Dumping data for table `vtiger_feedback`
--

LOCK TABLES `vtiger_feedback` WRITE;
/*!40000 ALTER TABLE `vtiger_feedback` DISABLE KEYS */;
/*!40000 ALTER TABLE `vtiger_feedback` ENABLE KEYS */;
UNLOCK TABLES;

--
-- Table structure for table `vtiger_field`
--

DROP TABLE IF EXISTS `vtiger_field`;
/*!40101 SET @saved_cs_client     = @@character_set_client */;
/*!50503 SET character_set_client = utf8mb4 */;
CREATE TABLE `vtiger_field` (
  `tabid` int NOT NULL,
  `fieldid` int NOT NULL AUTO_INCREMENT,
  `columnname` varchar(63) DEFAULT NULL,
  `tablename` varchar(100) DEFAULT NULL,
  `generatedtype` int NOT NULL DEFAULT '0',
  `uitype` varchar(30) NOT NULL,
  `fieldname` varchar(50) NOT NULL,
  `fieldlabel` varchar(50) NOT NULL,
  `readonly` int NOT NULL,
  `presence` int NOT NULL DEFAULT '1',
  `defaultvalue` text,
  `maximumlength` int DEFAULT NULL,
  `sequence` int DEFAULT NULL,
  `block` int DEFAULT NULL,
  `displaytype` int DEFAULT NULL,
  `typeofdata` varchar(100) DEFAULT NULL,
  `quickcreate` int NOT NULL DEFAULT '1',
  `quickcreatesequence` int DEFAULT NULL,
  `info_type` varchar(20) DEFAULT NULL,
  `masseditable` int NOT NULL DEFAULT '1',
  `helpinfo` text,
  `summaryfield` int NOT NULL DEFAULT '0',
  `headerfield` int DEFAULT '0',
  `isunique` tinyint(1) DEFAULT '0',
  PRIMARY KEY (`fieldid`),
  KEY `field_tabid_idx` (`tabid`),
  KEY `field_fieldname_idx` (`fieldname`),
  KEY `field_block_idx` (`block`),
  KEY `field_displaytype_idx` (`displaytype`),
  CONSTRAINT `fk_1_vtiger_field` FOREIGN KEY (`tabid`) REFERENCES `vtiger_tab` (`tabid`) ON DELETE CASCADE
) ENGINE=InnoDB AUTO_INCREMENT=1204 DEFAULT CHARSET=utf8mb3;
/*!40101 SET character_set_client = @saved_cs_client */;

--
-- Dumping data for table `vtiger_field`
--

LOCK TABLES `vtiger_field` WRITE;
/*!40000 ALTER TABLE `vtiger_field` DISABLE KEYS */;
INSERT INTO `vtiger_field` VALUES (6,1,'accountname','vtiger_account',1,'2','accountname','Account Name',1,0,'',100,1,9,1,'V~M',0,1,'BAS',1,NULL,1,0,1),(6,2,'account_no','vtiger_account',1,'4','account_no','Account No',1,0,'',100,2,9,1,'V~O',3,NULL,'BAS',0,NULL,0,0,0),(6,3,'phone','vtiger_account',1,'11','phone','Phone',1,2,'',100,4,9,1,'V~O',2,2,'BAS',1,NULL,0,1,0),(6,4,'website','vtiger_account',1,'17','website','Website',1,2,'',100,3,9,1,'V~O',2,3,'BAS',1,NULL,0,1,0),(6,5,'fax','vtiger_account',1,'11','fax','Fax',1,2,'',100,6,9,1,'V~O',1,NULL,'BAS',1,NULL,0,0,0),(6,6,'tickersymbol','vtiger_account',1,'1','tickersymbol','Ticker Symbol',1,2,'',100,5,9,1,'V~O',1,NULL,'BAS',1,NULL,0,0,0),(6,7,'otherphone','vtiger_account',1,'11','otherphone','Other Phone',1,2,'',100,8,9,1,'V~O',1,NULL,'ADV',1,NULL,0,0,0),(6,8,'parentid','vtiger_account',1,'51','account_id','Member Of',1,2,'',100,7,9,1,'I~O',1,NULL,'BAS',0,NULL,0,0,0),(6,9,'email1','vtiger_account',1,'13','email1','Email',1,2,'',100,10,9,1,'E~O',1,NULL,'BAS',1,NULL,0,1,0),(6,10,'employees','vtiger_account',1,'7','employees','Employees',1,2,'',100,9,9,1,'I~O',1,NULL,'ADV',1,NULL,0,0,0),(6,11,'email2','vtiger_account',1,'13','email2','Other Email',1,2,'',100,11,9,1,'E~O',1,NULL,'ADV',1,NULL,0,0,0),(6,12,'ownership','vtiger_account',1,'1','ownership','Ownership',1,2,'',100,12,9,1,'V~O',1,NULL,'ADV',1,NULL,0,0,0),(6,13,'rating','vtiger_account',1,'15','rating','Rating',1,2,'',100,14,9,1,'V~O',1,NULL,'ADV',1,NULL,0,0,0),(6,14,'industry','vtiger_account',1,'15','industry','industry',1,2,'',100,13,9,1,'V~O',1,NULL,'ADV',1,NULL,0,0,0),(6,15,'siccode','vtiger_account',1,'1','siccode','SIC Code',1,2,'',100,16,9,1,'V~O',1,NULL,'ADV',1,NULL,0,0,0),(6,16,'account_type','vtiger_account',1,'15','accounttype','Type',1,2,'',100,15,9,1,'V~O',1,NULL,'ADV',1,NULL,0,0,0),(6,17,'annualrevenue','vtiger_account',1,'71','annual_revenue','Annual Revenue',1,2,'',100,18,9,1,'N~O',1,NULL,'ADV',1,NULL,0,0,0),(6,18,'emailoptout','vtiger_account',1,'56','emailoptout','Email Opt Out',1,0,'',100,17,9,1,'C~O',1,NULL,'ADV',1,NULL,0,0,0),(6,19,'notify_owner','vtiger_account',1,'56','notify_owner','Notify Owner',1,2,'',10,20,9,1,'C~O',1,NULL,'ADV',1,NULL,0,0,0),(6,20,'smownerid','vtiger_crmentity',1,'53','assigned_user_id','Assigned To',1,0,'',100,19,9,1,'V~M',0,4,'BAS',1,NULL,1,0,0),(6,21,'createdtime','vtiger_crmentity',1,'70','createdtime','Created Time',1,0,'',100,22,9,2,'DT~O',3,NULL,'BAS',0,NULL,0,0,0),(6,22,'modifiedtime','vtiger_crmentity',1,'70','modifiedtime','Modified Time',1,0,'',100,21,9,2,'DT~O',3,NULL,'BAS',0,NULL,0,0,0),(6,23,'modifiedby','vtiger_crmentity',1,'52','modifiedby','Last Modified By',1,0,'',100,23,9,3,'V~O',3,NULL,'BAS',0,NULL,0,0,0),(6,24,'inn','vtiger_account',1,'1','inn','INN',1,2,'',30,24,9,1,'V~O',3,NULL,'BAS',0,NULL,0,0,0),(6,25,'kpp','vtiger_account',1,'1','kpp','KPP',1,2,'',30,25,9,1,'V~O',3,NULL,'BAS',0,NULL,0,0,0),(6,26,'splastsms','vtiger_account',1,'70','splastsms','Last SMS Date',1,0,'',100,26,9,2,'DT~O',3,NULL,'BAS',0,NULL,0,0,0),(6,27,'bill_street','vtiger_accountbillads',1,'21','bill_street','Billing Address',1,2,'',100,1,11,1,'V~O',1,NULL,'BAS',1,NULL,0,0,0),(6,28,'ship_street','vtiger_accountshipads',1,'21','ship_street','Shipping Address',1,2,'',100,2,11,1,'V~O',1,NULL,'BAS',1,NULL,0,0,0),(6,29,'bill_city','vtiger_accountbillads',1,'1','bill_city','Billing City',1,2,'',100,5,11,1,'V~O',1,NULL,'BAS',1,NULL,1,0,0),(6,30,'ship_city','vtiger_accountshipads',1,'1','ship_city','Shipping City',1,2,'',100,6,11,1,'V~O',1,NULL,'BAS',1,NULL,0,0,0),(6,31,'bill_state','vtiger_accountbillads',1,'1','bill_state','Billing State',1,2,'',100,7,11,1,'V~O',1,NULL,'BAS',1,NULL,0,0,0),(6,32,'ship_state','vtiger_accountshipads',1,'1','ship_state','Shipping State',1,2,'',100,8,11,1,'V~O',1,NULL,'BAS',1,NULL,0,0,0),(6,33,'bill_code','vtiger_accountbillads',1,'1','bill_code','Billing Code',1,2,'',100,9,11,1,'V~O',1,NULL,'BAS',1,NULL,0,0,0),(6,34,'ship_code','vtiger_accountshipads',1,'1','ship_code','Shipping Code',1,2,'',100,10,11,1,'V~O',1,NULL,'BAS',1,NULL,0,0,0),(6,35,'bill_country','vtiger_accountbillads',1,'1','bill_country','Billing Country',1,2,'',100,11,11,1,'V~O',1,NULL,'BAS',1,NULL,1,0,0),(6,36,'ship_country','vtiger_accountshipads',1,'1','ship_country','Shipping Country',1,2,'',100,12,11,1,'V~O',1,NULL,'BAS',1,NULL,0,0,0),(6,37,'bill_pobox','vtiger_accountbillads',1,'1','bill_pobox','Billing Po Box',1,2,'',100,3,11,1,'V~O',1,NULL,'BAS',1,NULL,0,0,0),(6,38,'ship_pobox','vtiger_accountshipads',1,'1','ship_pobox','Shipping Po Box',1,2,'',100,4,11,1,'V~O',1,NULL,'BAS',1,NULL,0,0,0),(6,39,'description','vtiger_crmentity',1,'19','description','Description',1,2,'',100,1,12,1,'V~O',1,NULL,'BAS',1,NULL,0,0,0),(7,40,'salutation','vtiger_leaddetails',1,'55','salutationtype','Salutation',1,1,'',100,1,13,3,'V~O',1,NULL,'BAS',1,NULL,0,0,0),(7,41,'firstname','vtiger_leaddetails',1,'55','firstname','First Name',1,0,'',100,2,13,1,'V~M',2,1,'BAS',1,NULL,1,0,0),(7,42,'lead_no','vtiger_leaddetails',1,'4','lead_no','Lead No',1,0,'',100,3,13,1,'V~O',3,NULL,'BAS',0,NULL,0,0,0),(7,43,'phone','vtiger_leadaddress',1,'11','phone','Phone',1,2,'',100,5,13,1,'V~M',2,4,'BAS',1,NULL,0,1,0),(7,44,'lastname','vtiger_leaddetails',1,'255','lastname','Last Name',1,0,'',100,4,13,1,'V~M',0,2,'BAS',1,NULL,1,0,0),(7,45,'mobile','vtiger_leadaddress',1,'11','mobile','Mobile',1,1,'',100,7,13,1,'V~O',1,NULL,'BAS',1,NULL,0,0,0),(7,46,'company','vtiger_leaddetails',1,'2','company','Company',1,1,'',100,6,13,1,'V~O',2,3,'BAS',1,NULL,1,0,0),(7,47,'fax','vtiger_leadaddress',1,'11','fax','Fax',1,1,'',100,9,13,1,'V~O',1,NULL,'BAS',1,NULL,0,0,0),(7,48,'designation','vtiger_leaddetails',1,'1','designation','Designation',1,1,'',100,8,13,1,'V~O',1,NULL,'BAS',1,NULL,0,0,0),(7,49,'email','vtiger_leaddetails',1,'13','email','Email',1,2,'',100,11,13,1,'E~M',2,5,'BAS',1,NULL,0,1,0),(7,50,'leadsource','vtiger_leaddetails',1,'15','leadsource','Lead Source',1,2,'',100,10,13,1,'V~O',1,NULL,'BAS',1,NULL,1,0,0),(7,51,'website','vtiger_leadsubdetails',1,'17','website','Website',1,1,'',100,13,13,1,'V~O',1,NULL,'ADV',1,NULL,1,0,0),(7,52,'industry','vtiger_leaddetails',1,'15','industry','Industry',1,1,'',100,12,13,1,'V~O',1,NULL,'ADV',1,NULL,0,0,0),(7,53,'leadstatus','vtiger_leaddetails',1,'15','leadstatus','Lead Status',1,2,'',100,15,13,1,'V~O',1,NULL,'BAS',1,NULL,0,0,0),(7,54,'annualrevenue','vtiger_leaddetails',1,'71','annualrevenue','Annual Revenue',1,1,'',100,14,13,1,'N~O',1,NULL,'ADV',1,NULL,0,0,0),(7,55,'rating','vtiger_leaddetails',1,'15','rating','Rating',1,1,'',100,17,13,1,'V~O',1,NULL,'ADV',1,NULL,0,0,0),(7,56,'noofemployees','vtiger_leaddetails',1,'1','noofemployees','No Of Employees',1,1,'',100,16,13,1,'I~O',1,NULL,'ADV',1,NULL,0,0,0),(7,57,'smownerid','vtiger_crmentity',1,'53','assigned_user_id','Assigned To',1,0,'',100,19,13,1,'V~M',0,6,'BAS',1,NULL,1,0,0),(7,58,'secondaryemail','vtiger_leaddetails',1,'13','secondaryemail','Secondary Email',1,1,'',100,18,13,1,'E~O',1,NULL,'ADV',1,NULL,0,0,0),(7,59,'createdtime','vtiger_crmentity',1,'70','createdtime','Created Time',1,0,'',100,21,13,2,'DT~O',3,NULL,'BAS',0,NULL,0,0,0),(7,60,'modifiedtime','vtiger_crmentity',1,'70','modifiedtime','Modified Time',1,0,'',100,20,13,2,'DT~O',3,NULL,'BAS',0,NULL,0,0,0),(7,61,'modifiedby','vtiger_crmentity',1,'52','modifiedby','Last Modified By',1,0,'',100,23,13,3,'V~O',3,NULL,'BAS',0,NULL,0,0,0),(7,62,'splastsms','vtiger_leaddetails',1,'70','splastsms','Last SMS Date',1,0,'',100,24,13,2,'DT~O',3,NULL,'BAS',0,NULL,0,0,0),(7,63,'lane','vtiger_leadaddress',1,'21','lane','Street',1,1,'',100,1,15,1,'V~O',1,NULL,'BAS',1,NULL,0,0,0),(7,64,'code','vtiger_leadaddress',1,'1','code','Postal Code',1,1,'',100,3,15,1,'V~O',1,NULL,'BAS',1,NULL,0,0,0),(7,65,'city','vtiger_leadaddress',1,'1','city','City',1,1,'',100,4,15,1,'V~O',1,NULL,'BAS',1,NULL,1,0,0),(7,66,'country','vtiger_leadaddress',1,'1','country','Country',1,1,'',100,5,15,1,'V~O',1,NULL,'BAS',1,NULL,1,0,0),(7,67,'state','vtiger_leadaddress',1,'1','state','State',1,1,'',100,6,15,1,'V~O',1,NULL,'BAS',1,NULL,0,0,0),(7,68,'pobox','vtiger_leadaddress',1,'1','pobox','Po Box',1,1,'',100,2,15,1,'V~O',1,NULL,'BAS',1,NULL,0,0,0),(7,69,'description','vtiger_crmentity',1,'19','description','Description',1,2,'',100,1,16,1,'V~O',1,NULL,'BAS',1,NULL,0,0,0),(4,70,'salutation','vtiger_contactdetails',1,'55','salutationtype','Salutation',1,0,'',100,1,4,3,'V~O',1,NULL,'BAS',1,NULL,0,0,0),(4,71,'firstname','vtiger_contactdetails',1,'55','firstname','First Name',1,0,'',100,1,4,1,'V~M',2,1,'BAS',1,NULL,1,0,0),(4,72,'contact_no','vtiger_contactdetails',1,'4','contact_no','Contact Id',1,0,'',100,4,4,1,'V~O',3,NULL,'BAS',0,NULL,0,0,0),(4,73,'phone','vtiger_contactdetails',1,'11','phone','Office Phone',1,2,'',100,6,4,1,'V~M',2,4,'BAS',1,NULL,0,1,0),(4,74,'lastname','vtiger_contactdetails',1,'255','lastname','Last Name',1,0,'',100,2,4,1,'V~M',0,2,'BAS',1,NULL,1,0,0),(4,75,'mobile','vtiger_contactdetails',1,'11','mobile','Mobile',1,1,'',100,7,4,1,'V~O',1,NULL,'BAS',1,NULL,0,0,0),(4,76,'accountid','vtiger_contactdetails',1,'51','account_id','Account Name',1,1,'',100,6,4,1,'I~O',2,3,'BAS',1,NULL,1,0,0),(4,77,'homephone','vtiger_contactsubdetails',1,'11','homephone','Home Phone',1,1,'',100,9,4,1,'V~O',1,NULL,'ADV',1,NULL,0,0,0),(4,78,'leadsource','vtiger_contactsubdetails',1,'15','leadsource','Lead Source',1,1,'',100,8,4,1,'V~O',1,NULL,'BAS',1,NULL,0,0,0),(4,79,'otherphone','vtiger_contactsubdetails',1,'11','otherphone','Other Phone',1,2,'',100,8,4,1,'V~O',1,NULL,'ADV',1,NULL,0,0,0),(4,80,'title','vtiger_contactdetails',1,'1','title','Title',1,1,'',100,10,4,1,'V~O',1,NULL,'BAS',1,NULL,1,0,0),(4,81,'fax','vtiger_contactdetails',1,'11','fax','Fax',1,1,'',100,13,4,1,'V~O',1,NULL,'BAS',1,NULL,0,0,0),(4,82,'department','vtiger_contactdetails',1,'1','department','Department',1,1,'',100,12,4,1,'V~O',1,NULL,'ADV',1,NULL,0,0,0),(4,83,'birthday','vtiger_contactsubdetails',1,'5','birthday','Birthdate',1,2,'',100,10,4,1,'D~O',1,NULL,'ADV',1,NULL,0,0,0),(4,84,'email','vtiger_contactdetails',1,'13','email','Email',1,2,'',100,7,4,1,'E~O',2,5,'BAS',1,NULL,0,1,0),(4,85,'reportsto','vtiger_contactdetails',1,'57','contact_id','Reports To',1,2,'',100,17,4,1,'V~O',1,NULL,'ADV',0,NULL,0,0,0),(4,86,'assistant','vtiger_contactsubdetails',1,'1','assistant','Assistant',1,1,'',100,17,4,1,'V~O',1,NULL,'ADV',1,NULL,0,0,0),(4,87,'secondaryemail','vtiger_contactdetails',1,'13','secondaryemail','Secondary Email',1,1,'',100,20,4,1,'E~O',1,NULL,'ADV',1,NULL,0,0,0),(4,88,'assistantphone','vtiger_contactsubdetails',1,'11','assistantphone','Assistant Phone',1,1,'',100,19,4,1,'V~O',1,NULL,'ADV',1,NULL,0,0,0),(4,89,'donotcall','vtiger_contactdetails',1,'56','donotcall','Do Not Call',1,1,'',100,22,4,1,'C~O',1,NULL,'ADV',1,NULL,0,0,0),(4,90,'emailoptout','vtiger_contactdetails',1,'56','emailoptout','Email Opt Out',1,1,'',100,21,4,1,'C~O',1,NULL,'ADV',1,NULL,0,0,0),(4,91,'smownerid','vtiger_crmentity',1,'53','assigned_user_id','Assigned To',1,0,'',100,9,4,1,'V~M',0,6,'BAS',1,NULL,1,0,0),(4,92,'reference','vtiger_contactdetails',1,'56','reference','Reference',1,1,'',10,23,4,1,'C~O',1,NULL,'ADV',1,NULL,0,0,0),(4,93,'notify_owner','vtiger_contactdetails',1,'56','notify_owner','Notify Owner',1,1,'',10,26,4,1,'C~O',1,NULL,'ADV',1,NULL,0,0,0),(4,94,'createdtime','vtiger_crmentity',1,'70','createdtime','Created Time',1,0,'',100,12,4,2,'DT~O',3,NULL,'BAS',0,NULL,0,0,0),(4,95,'modifiedtime','vtiger_crmentity',1,'70','modifiedtime','Modified Time',1,0,'',100,11,4,2,'DT~O',3,NULL,'BAS',0,NULL,0,0,0),(4,96,'modifiedby','vtiger_crmentity',1,'52','modifiedby','Last Modified By',1,0,'',100,28,4,3,'V~O',3,NULL,'BAS',0,NULL,0,0,0),(4,97,'splastsms','vtiger_contactdetails',1,'70','splastsms','Last SMS Date',1,0,'',100,14,4,2,'DT~O',3,NULL,'BAS',0,NULL,0,0,0),(4,98,'portal','vtiger_customerdetails',1,'56','portal','Portal User',1,2,'',100,1,6,1,'C~O',1,NULL,'ADV',1,NULL,0,0,0),(4,99,'support_start_date','vtiger_customerdetails',1,'5','support_start_date','Support Start Date',1,1,'',100,2,6,1,'D~O',1,NULL,'ADV',1,NULL,0,0,0),(4,100,'support_end_date','vtiger_customerdetails',1,'5','support_end_date','Support End Date',1,1,'',100,3,6,1,'D~O~OTH~GE~support_start_date~Support Start Date',1,NULL,'ADV',1,NULL,0,0,0),(4,101,'mailingstreet','vtiger_contactaddress',1,'21','mailingstreet','Mailing Street',1,2,'',100,5,7,1,'V~O',1,NULL,'BAS',1,NULL,0,0,0),(4,102,'otherstreet','vtiger_contactaddress',1,'21','otherstreet','Other Street',1,2,'',100,5,150,1,'V~O',1,NULL,'BAS',1,NULL,0,0,0),(4,103,'mailingcity','vtiger_contactaddress',1,'1','mailingcity','Mailing City',1,2,'',100,4,7,1,'V~O',1,NULL,'BAS',1,NULL,1,0,0),(4,104,'othercity','vtiger_contactaddress',1,'1','othercity','Other City',1,2,'',100,4,150,1,'V~O',1,NULL,'BAS',1,NULL,0,0,0),(4,105,'mailingstate','vtiger_contactaddress',1,'1','mailingstate','Mailing State',1,2,'',100,3,7,1,'V~O',1,NULL,'BAS',1,NULL,0,0,0),(4,106,'otherstate','vtiger_contactaddress',1,'1','otherstate','Other State',1,2,'',100,3,150,1,'V~O',1,NULL,'BAS',1,NULL,0,0,0),(4,107,'mailingzip','vtiger_contactaddress',1,'1','mailingzip','Mailing Zip',1,2,'',100,1,7,1,'V~O',1,NULL,'BAS',1,NULL,0,0,0),(4,108,'otherzip','vtiger_contactaddress',1,'1','otherzip','Other Zip',1,2,'',100,1,150,1,'V~O',1,NULL,'BAS',1,NULL,0,0,0),(4,109,'mailingcountry','vtiger_contactaddress',1,'1','mailingcountry','Mailing Country',1,2,'',100,2,7,1,'V~O',1,NULL,'BAS',1,NULL,1,0,0),(4,110,'othercountry','vtiger_contactaddress',1,'1','othercountry','Other Country',1,2,'',100,2,150,1,'V~O',1,NULL,'BAS',1,NULL,0,0,0),(4,111,'mailingpobox','vtiger_contactaddress',1,'1','mailingpobox','Mailing Po Box',1,1,'',100,3,7,1,'V~O',1,NULL,'BAS',1,NULL,0,0,0),(4,112,'otherpobox','vtiger_contactaddress',1,'1','otherpobox','Other Po Box',1,1,'',100,2,150,1,'V~O',1,NULL,'BAS',1,NULL,0,0,0),(4,113,'imagename','vtiger_contactdetails',1,'69','imagename','Contact Image',1,2,'',100,1,73,1,'V~O',3,NULL,'ADV',0,NULL,0,0,0),(4,114,'description','vtiger_crmentity',1,'19','description','Description',1,2,'',100,1,8,1,'V~O',1,NULL,'BAS',1,NULL,0,0,0),(2,115,'potentialname','vtiger_potential',1,'2','potentialname','Potential Name',1,0,'',100,1,1,1,'V~M',0,1,'BAS',1,NULL,1,0,0),(2,116,'potential_no','vtiger_potential',1,'4','potential_no','Potential No',1,0,'',100,2,1,1,'V~O',3,NULL,'BAS',0,NULL,0,0,0),(2,117,'amount','vtiger_potential',1,'71','amount','Amount',1,1,'',100,5,1,1,'N~O',2,5,'BAS',1,NULL,0,1,0),(2,118,'related_to','vtiger_potential',1,'10','related_to','Related To',1,1,'',100,3,1,1,'V~O',0,2,'BAS',1,NULL,0,1,0),(2,119,'closingdate','vtiger_potential',1,'23','closingdate','Expected Close Date',1,2,'',100,8,1,1,'D~M',2,3,'BAS',1,NULL,1,0,0),(2,120,'potentialtype','vtiger_potential',1,'15','opportunity_type','Type',1,1,'',100,7,1,1,'V~O',1,NULL,'BAS',1,NULL,0,0,0),(2,121,'nextstep','vtiger_potential',1,'1','nextstep','Next Step',1,2,'',100,10,1,1,'V~O',1,NULL,'BAS',1,NULL,0,0,0),(2,122,'leadsource','vtiger_potential',1,'15','leadsource','Lead Source',1,1,'',100,9,1,1,'V~O',1,NULL,'BAS',1,NULL,0,0,0),(2,123,'sales_stage','vtiger_potential',1,'15','sales_stage','Sales Stage',1,2,'',100,12,1,1,'V~M',2,4,'BAS',1,NULL,0,1,0),(2,124,'smownerid','vtiger_crmentity',1,'53','assigned_user_id','Assigned To',1,2,'',100,11,1,1,'V~M',0,6,'BAS',1,NULL,1,0,0),(2,125,'probability','vtiger_potential',1,'9','probability','Probability',1,1,'',100,14,1,1,'N~O',1,NULL,'BAS',1,NULL,0,0,0),(2,126,'campaignid','vtiger_potential',1,'58','campaignid','Campaign Source',1,1,'',100,13,1,1,'N~O',1,NULL,'BAS',1,NULL,0,0,0),(2,127,'createdtime','vtiger_crmentity',1,'70','createdtime','Created Time',1,0,'',100,16,1,2,'DT~O',3,NULL,'BAS',0,NULL,0,0,0),(2,128,'modifiedtime','vtiger_crmentity',1,'70','modifiedtime','Modified Time',1,0,'',100,15,1,2,'DT~O',3,NULL,'BAS',0,NULL,0,0,0),(2,129,'modifiedby','vtiger_crmentity',1,'52','modifiedby','Last Modified By',1,0,'',100,17,1,3,'V~O',3,NULL,'BAS',0,NULL,0,0,0),(2,130,'description','vtiger_crmentity',1,'19','description','Description',1,2,'',100,1,3,1,'V~O',1,NULL,'BAS',1,NULL,0,0,0),(26,131,'campaignname','vtiger_campaign',1,'2','campaignname','Campaign Name',1,0,'',100,1,74,1,'V~M',0,1,'BAS',1,NULL,1,0,0),(26,132,'campaign_no','vtiger_campaign',1,'4','campaign_no','Campaign No',1,0,'',100,2,74,1,'V~O',3,NULL,'BAS',0,NULL,0,0,0),(26,133,'campaigntype','vtiger_campaign',1,'15','campaigntype','Campaign Type',1,2,'',100,5,74,1,'V~O',2,3,'BAS',1,NULL,1,0,0),(26,134,'product_id','vtiger_campaign',1,'59','product_id','Product',1,2,'',100,6,74,1,'I~O',2,5,'BAS',1,NULL,0,0,0),(26,135,'campaignstatus','vtiger_campaign',1,'15','campaignstatus','Campaign Status',1,2,'',100,4,74,1,'V~O',2,6,'BAS',1,NULL,1,0,0),(26,136,'closingdate','vtiger_campaign',1,'23','closingdate','Expected Close Date',1,2,'',100,8,74,1,'D~M',2,2,'BAS',1,NULL,1,0,0),(26,137,'smownerid','vtiger_crmentity',1,'53','assigned_user_id','Assigned To',1,0,'',100,3,74,1,'V~M',0,7,'BAS',1,NULL,1,0,0),(26,138,'numsent','vtiger_campaign',1,'9','numsent','Num Sent',1,2,'',100,12,74,1,'N~O',1,NULL,'BAS',1,NULL,0,0,0),(26,139,'sponsor','vtiger_campaign',1,'1','sponsor','Sponsor',1,2,'',100,9,74,1,'V~O',1,NULL,'BAS',1,NULL,0,0,0),(26,140,'targetaudience','vtiger_campaign',1,'1','targetaudience','Target Audience',1,2,'',100,7,74,1,'V~O',1,NULL,'BAS',1,NULL,0,0,0),(26,141,'targetsize','vtiger_campaign',1,'1','targetsize','TargetSize',1,2,'',100,10,74,1,'I~O',1,NULL,'BAS',1,NULL,0,0,0),(26,142,'createdtime','vtiger_crmentity',1,'70','createdtime','Created Time',1,0,'',100,11,74,2,'DT~O',3,NULL,'BAS',0,NULL,0,0,0),(26,143,'modifiedtime','vtiger_crmentity',1,'70','modifiedtime','Modified Time',1,0,'',100,13,74,2,'DT~O',3,NULL,'BAS',0,NULL,0,0,0),(26,144,'modifiedby','vtiger_crmentity',1,'52','modifiedby','Last Modified By',1,0,'',100,16,74,3,'V~O',3,NULL,'BAS',0,NULL,0,0,0),(26,145,'expectedresponse','vtiger_campaign',1,'15','expectedresponse','Expected Response',1,2,'',100,3,76,1,'V~O',2,4,'BAS',1,NULL,0,0,0),(26,146,'expectedrevenue','vtiger_campaign',1,'71','expectedrevenue','Expected Revenue',1,2,'',100,4,76,1,'N~O',1,NULL,'BAS',1,NULL,1,0,0),(26,147,'budgetcost','vtiger_campaign',1,'71','budgetcost','Budget Cost',1,2,'',100,1,76,1,'N~O',1,NULL,'BAS',1,NULL,0,0,0),(26,148,'actualcost','vtiger_campaign',1,'71','actualcost','Actual Cost',1,2,'',100,2,76,1,'N~O',1,NULL,'BAS',1,NULL,0,0,0),(26,149,'expectedresponsecount','vtiger_campaign',1,'1','expectedresponsecount','Expected Response Count',1,2,'',100,7,76,1,'I~O',1,NULL,'BAS',1,NULL,0,0,0),(26,150,'expectedsalescount','vtiger_campaign',1,'1','expectedsalescount','Expected Sales Count',1,2,'',100,5,76,1,'I~O',1,NULL,'BAS',1,NULL,0,0,0),(26,151,'expectedroi','vtiger_campaign',1,'71','expectedroi','Expected ROI',1,2,'',100,9,76,1,'N~O',1,NULL,'BAS',1,NULL,0,0,0),(26,152,'actualresponsecount','vtiger_campaign',1,'1','actualresponsecount','Actual Response Count',1,2,'',100,8,76,1,'I~O',1,NULL,'BAS',1,NULL,0,0,0),(26,153,'actualsalescount','vtiger_campaign',1,'1','actualsalescount','Actual Sales Count',1,2,'',100,6,76,1,'I~O',1,NULL,'BAS',1,NULL,0,0,0),(26,154,'actualroi','vtiger_campaign',1,'71','actualroi','Actual ROI',1,2,'',100,10,76,1,'N~O',1,NULL,'BAS',1,NULL,0,0,0),(26,155,'description','vtiger_crmentity',1,'19','description','Description',1,2,'',100,1,81,1,'V~O',1,NULL,'BAS',1,NULL,0,0,0),(4,156,'campaignrelstatus','vtiger_campaignrelstatus',1,'16','campaignrelstatus','Status',1,0,'0',100,1,NULL,1,'V~O',1,NULL,'BAS',0,NULL,0,0,0),(6,157,'campaignrelstatus','vtiger_campaignrelstatus',1,'16','campaignrelstatus','Status',1,0,'0',100,1,NULL,1,'V~O',1,NULL,'BAS',0,NULL,0,0,0),(7,158,'campaignrelstatus','vtiger_campaignrelstatus',1,'16','campaignrelstatus','Status',1,0,'0',100,1,NULL,1,'V~O',1,NULL,'BAS',0,NULL,0,0,0),(26,159,'campaignrelstatus','vtiger_campaignrelstatus',1,'16','campaignrelstatus','Status',1,0,'0',100,1,NULL,1,'V~O',1,NULL,'BAS',0,NULL,0,0,0),(13,160,'ticket_no','vtiger_troubletickets',1,'4','ticket_no','Ticket No',1,0,'',100,14,25,1,'V~O',3,NULL,'BAS',0,NULL,1,0,0),(13,161,'smownerid','vtiger_crmentity',1,'53','assigned_user_id','Assigned To',1,0,'',100,5,25,1,'V~M',0,4,'BAS',1,NULL,1,0,0),(13,162,'parent_id','vtiger_troubletickets',1,'10','parent_id','Related To',1,0,'',100,2,25,1,'I~O',1,NULL,'BAS',1,NULL,1,0,0),(13,163,'priority','vtiger_troubletickets',1,'15','ticketpriorities','Priority',1,2,'',100,7,25,1,'V~M',2,3,'BAS',1,NULL,0,1,0),(13,164,'product_id','vtiger_troubletickets',1,'59','product_id','Product Name',1,2,'',100,6,25,1,'I~O',1,NULL,'BAS',1,NULL,0,0,0),(13,165,'severity','vtiger_troubletickets',1,'15','ticketseverities','Severity',1,2,'',100,9,25,1,'V~O',1,NULL,'BAS',1,NULL,1,0,0),(13,166,'status','vtiger_troubletickets',1,'15','ticketstatus','Status',1,2,'',100,8,25,1,'V~M',1,2,'BAS',1,NULL,1,0,0),(13,167,'category','vtiger_troubletickets',1,'15','ticketcategories','Category',1,2,'',100,11,25,1,'V~O',1,NULL,'BAS',1,NULL,0,0,0),(13,168,'update_log','vtiger_troubletickets',1,'19','update_log','Update History',1,1,'',100,12,25,3,'V~O',1,NULL,'BAS',0,NULL,0,0,0),(13,169,'hours','vtiger_troubletickets',1,'1','hours','Hours',1,2,'',100,10,25,1,'N~O',1,NULL,'BAS',1,'Это оценка трудоемкости заявки в часах.<br>При добавлении заявки к Сервисному контракту число использованных единиц обслуживания автоматически увеличивается при закрытии заявки на величину, указанную в заявке. При этом выбирается оценка в зависимости от значения поля Отслеживаемая Единица.',0,0,0),(13,170,'days','vtiger_troubletickets',1,'1','days','Days',1,2,'',100,11,25,1,'N~O',1,NULL,'BAS',1,'Это оценка трудоемкости заявки в днях.<br>При добавлении заявки к Сервисному контракту число использованных единиц обслуживания автоматически увеличивается при закрытии заявки на величину, указанную в заявке. При этом выбирается оценка в зависимости от значения поля Отслеживаемая Единица.',0,0,0),(13,171,'createdtime','vtiger_crmentity',1,'70','createdtime','Created Time',1,0,'',100,10,25,2,'DT~O',3,NULL,'BAS',0,NULL,0,0,0),(13,172,'modifiedtime','vtiger_crmentity',1,'70','modifiedtime','Modified Time',1,0,'',100,13,25,2,'DT~O',3,NULL,'BAS',0,NULL,0,0,0),(13,173,'from_portal','vtiger_ticketcf',1,'56','from_portal','From Portal',1,0,'',100,14,25,3,'C~O',3,NULL,'BAS',0,NULL,0,0,0),(13,174,'modifiedby','vtiger_crmentity',1,'52','modifiedby','Last Modified By',1,0,'',100,17,25,3,'V~O',3,NULL,'BAS',0,NULL,0,0,0),(13,175,'title','vtiger_troubletickets',1,'22','ticket_title','Title',1,0,'',100,1,25,1,'V~M',0,1,'BAS',1,NULL,1,0,0),(13,176,'description','vtiger_crmentity',1,'19','description','Description',1,2,'',100,1,28,1,'V~O',2,4,'BAS',1,NULL,1,0,0),(13,177,'solution','vtiger_troubletickets',1,'19','solution','Solution',1,0,'',100,1,29,1,'V~O',3,NULL,'BAS',0,NULL,0,0,0),(13,178,'comments','vtiger_ticketcomments',1,'19','comments','Add Comment',1,1,'',100,1,30,1,'V~O',3,NULL,'BAS',0,NULL,0,0,0),(14,179,'productname','vtiger_products',1,'2','productname','Product Name',1,0,'',100,1,31,1,'V~M',0,1,'BAS',1,NULL,1,0,0),(14,180,'product_no','vtiger_products',1,'4','product_no','Product No',1,0,'',100,2,31,1,'V~O',3,NULL,'BAS',0,NULL,0,1,0),(14,181,'productcode','vtiger_products',1,'1','productcode','Part Number',1,2,'',100,4,31,1,'V~O',1,NULL,'BAS',1,NULL,1,0,0),(14,182,'discontinued','vtiger_products',1,'56','discontinued','Product Active',1,2,'1',100,3,31,1,'V~O',2,2,'BAS',1,NULL,0,1,0),(14,183,'manufacturer','vtiger_products',1,'15','manufacturer','Manufacturer',1,2,'',100,6,31,1,'V~O',1,NULL,'BAS',1,NULL,0,0,0),(14,184,'productcategory','vtiger_products',1,'15','productcategory','Product Category',1,2,'',100,6,31,1,'V~O',1,NULL,'BAS',1,NULL,0,1,0),(14,185,'sales_start_date','vtiger_products',1,'5','sales_start_date','Sales Start Date',1,2,'',100,5,31,1,'D~O',1,NULL,'BAS',1,NULL,0,0,0),(14,186,'sales_end_date','vtiger_products',1,'5','sales_end_date','Sales End Date',1,2,'',100,8,31,1,'D~O~OTH~GE~sales_start_date~Sales Start Date',1,NULL,'BAS',1,NULL,0,0,0),(14,187,'start_date','vtiger_products',1,'5','start_date','Support Start Date',1,2,'',100,7,31,1,'D~O',1,NULL,'BAS',1,NULL,0,0,0),(14,188,'expiry_date','vtiger_products',1,'5','expiry_date','Support Expiry Date',1,2,'',100,10,31,1,'D~O~OTH~GE~start_date~Start Date',1,NULL,'BAS',1,NULL,0,0,0),(14,189,'website','vtiger_products',1,'17','website','Website',1,2,'',100,14,31,1,'V~O',1,NULL,'BAS',1,NULL,0,0,0),(14,190,'vendor_id','vtiger_products',1,'75','vendor_id','Vendor Name',1,2,'',100,13,31,1,'I~O',1,NULL,'BAS',1,NULL,0,0,0),(14,191,'mfr_part_no','vtiger_products',1,'1','mfr_part_no','Mfr PartNo',1,2,'',100,16,31,1,'V~O',1,NULL,'BAS',1,NULL,0,0,0),(14,192,'vendor_part_no','vtiger_products',1,'1','vendor_part_no','Vendor PartNo',1,2,'',100,15,31,1,'V~O',1,NULL,'BAS',1,NULL,0,0,0),(14,193,'serialno','vtiger_products',1,'1','serial_no','Serial No',1,2,'',100,18,31,1,'V~O',1,NULL,'BAS',1,NULL,0,0,0),(14,194,'productsheet','vtiger_products',1,'1','productsheet','Product Sheet',1,2,'',100,17,31,1,'V~O',1,NULL,'BAS',1,NULL,0,0,0),(14,195,'glacct','vtiger_products',1,'15','glacct','GL Account',1,2,'',100,20,31,1,'V~O',1,NULL,'BAS',1,NULL,0,0,0),(14,196,'createdtime','vtiger_crmentity',1,'70','createdtime','Created Time',1,0,'',100,19,31,2,'DT~O',3,NULL,'BAS',0,NULL,0,0,0),(14,197,'modifiedtime','vtiger_crmentity',1,'70','modifiedtime','Modified Time',1,0,'',100,21,31,2,'DT~O',3,NULL,'BAS',0,NULL,0,0,0),(14,198,'modifiedby','vtiger_crmentity',1,'52','modifiedby','Last Modified By',1,0,'',100,22,31,3,'V~O',3,NULL,'BAS',0,NULL,0,0,0),(14,199,'unit_price','vtiger_products',1,'72','unit_price','Unit Price',1,0,'',100,1,32,1,'N~O',2,3,'BAS',0,NULL,1,0,0),(14,200,'commissionrate','vtiger_products',1,'9','commissionrate','Commission Rate',1,2,'',100,2,32,1,'N~O',1,NULL,'BAS',1,NULL,1,0,0),(14,201,'taxclass','vtiger_products',1,'83','taxclass','Taxes',1,2,'',100,4,32,1,'V~O',2,NULL,'BAS',1,NULL,0,0,0),(14,202,'manuf_country','vtiger_products',1,'1','manuf_country','Manuf. Country',1,2,'',100,22,31,1,'V~O',3,NULL,'BAS',0,NULL,0,0,0),(14,203,'customs_id','vtiger_products',1,'1','customs_id','Customs ID',1,2,'',100,23,31,1,'V~O',3,NULL,'BAS',0,NULL,0,0,0),(14,204,'manuf_country_code','vtiger_products',1,'1','manuf_country_code','Mf. Country Code',1,2,'',100,24,31,1,'V~O',3,NULL,'BAS',0,NULL,0,0,0),(14,205,'usageunit','vtiger_products',1,'15','usageunit','Usage Unit',1,2,'',100,1,33,1,'V~O',1,NULL,'ADV',1,NULL,0,0,0),(14,206,'qty_per_unit','vtiger_products',1,'1','qty_per_unit','Qty/Unit',1,2,'',100,2,33,1,'N~O',1,NULL,'ADV',1,NULL,1,0,0),(14,207,'qtyinstock','vtiger_products',1,'1','qtyinstock','Qty In Stock',1,2,'',100,3,33,1,'NN~O',0,4,'ADV',1,NULL,0,1,0),(14,208,'reorderlevel','vtiger_products',1,'1','reorderlevel','Reorder Level',1,2,'',100,4,33,1,'I~O',1,NULL,'ADV',1,NULL,0,0,0),(14,209,'smownerid','vtiger_crmentity',1,'53','assigned_user_id','Handler',1,0,'',100,5,33,1,'V~M',0,5,'BAS',1,NULL,0,0,0),(14,210,'qtyindemand','vtiger_products',1,'1','qtyindemand','Qty In Demand',1,2,'',100,6,33,1,'I~O',1,NULL,'ADV',1,NULL,0,0,0),(14,211,'imagename','vtiger_products',1,'69','imagename','Product Image',1,2,'',100,1,35,1,'V~O',3,NULL,'ADV',0,NULL,0,0,0),(14,212,'description','vtiger_crmentity',1,'19','description','Description',1,2,'',100,1,36,1,'V~O',1,NULL,'BAS',1,NULL,0,0,0),(8,213,'title','vtiger_notes',1,'2','notes_title','Title',1,0,'',100,1,17,1,'V~M',0,1,'BAS',1,NULL,1,0,0),(8,214,'createdtime','vtiger_crmentity',1,'70','createdtime','Created Time',1,0,'',100,5,17,2,'DT~O',3,NULL,'BAS',0,NULL,0,0,0),(8,215,'modifiedtime','vtiger_crmentity',1,'70','modifiedtime','Modified Time',1,0,'',100,6,17,2,'DT~O',3,NULL,'BAS',0,NULL,1,0,0),(8,216,'filename','vtiger_notes',1,'28','filename','File Name',1,2,'',100,3,18,1,'V~O',0,NULL,'BAS',0,NULL,1,0,0),(8,217,'smownerid','vtiger_crmentity',1,'53','assigned_user_id','Assigned To',1,0,'',100,4,17,1,'V~M',0,3,'BAS',1,NULL,1,0,0),(8,218,'notecontent','vtiger_notes',1,'19','notecontent','Note',1,2,'',100,1,84,1,'V~O~CKE',1,NULL,'BAS',0,NULL,0,0,0),(8,219,'filetype','vtiger_notes',1,'1','filetype','File Type',1,2,'',100,5,18,2,'V~O',3,0,'BAS',0,NULL,0,0,0),(8,220,'filesize','vtiger_notes',1,'1','filesize','File Size',1,2,'',100,4,18,2,'I~O',3,0,'BAS',0,NULL,0,0,0),(8,221,'filelocationtype','vtiger_notes',1,'27','filelocationtype','Download Type',1,0,'',100,1,18,1,'V~O',0,0,'BAS',0,NULL,0,0,0),(8,222,'fileversion','vtiger_notes',1,'1','fileversion','Version',1,2,'',100,6,18,1,'V~O',1,0,'BAS',1,NULL,0,0,0),(8,223,'filestatus','vtiger_notes',1,'56','filestatus','Active',1,2,'1',100,2,18,1,'V~O',1,0,'BAS',1,NULL,0,0,0),(8,224,'filedownloadcount','vtiger_notes',1,'1','filedownloadcount','Download Count',1,2,'',100,7,18,2,'I~O',3,0,'BAS',0,NULL,0,0,0),(8,225,'folderid','vtiger_notes',1,'26','folderid','Folder Name',1,2,'',100,2,17,1,'V~O',2,2,'BAS',1,NULL,1,0,0),(8,226,'note_no','vtiger_notes',1,'4','note_no','Document No',1,0,'',100,3,17,1,'V~O',3,NULL,'BAS',0,NULL,0,0,0),(8,227,'modifiedby','vtiger_crmentity',1,'52','modifiedby','Last Modified By',1,0,'',100,12,17,3,'V~O',3,NULL,'BAS',0,NULL,0,0,0),(10,228,'date_start','vtiger_activity',1,'6','date_start','Start Date',1,0,'',100,1,21,1,'DT~M~time_start~Time Start',1,NULL,'BAS',1,NULL,0,0,0),(10,229,'semodule','vtiger_activity',1,'2','parent_type','Sales Enity Module',1,0,'',100,2,21,3,'',1,NULL,'BAS',1,NULL,0,0,0),(10,230,'activitytype','vtiger_activity',1,'2','activitytype','Activity Type',1,0,'',100,3,21,3,'V~O',1,NULL,'BAS',1,NULL,0,0,0),(10,231,'smownerid','vtiger_crmentity',1,'53','assigned_user_id','Assigned To',1,0,'',100,5,21,1,'V~M',1,NULL,'BAS',1,NULL,0,0,0),(10,232,'subject','vtiger_activity',1,'2','subject','Subject',1,0,'',100,1,23,1,'V~M',1,NULL,'BAS',1,NULL,0,0,0),(10,233,'name','vtiger_attachments',1,'61','filename','Attachment',1,0,'',100,2,23,1,'V~O',1,NULL,'BAS',1,NULL,0,0,0),(10,234,'description','vtiger_crmentity',1,'19','description','Description',1,0,'',100,1,24,1,'V~O',1,NULL,'BAS',1,NULL,0,0,0),(10,235,'time_start','vtiger_activity',1,'2','time_start','Time Start',1,0,'',100,9,23,1,'T~O',1,NULL,'BAS',1,NULL,0,0,0),(10,236,'createdtime','vtiger_crmentity',1,'70','createdtime','Created Time',1,0,'',100,10,22,1,'DT~O',3,NULL,'BAS',0,NULL,0,0,0),(10,237,'modifiedtime','vtiger_crmentity',1,'70','modifiedtime','Modified Time',1,0,'',100,11,21,2,'DT~O',3,NULL,'BAS',0,NULL,0,0,0),(10,238,'access_count','vtiger_email_track',1,'25','access_count','Access Count',1,0,'0',100,6,21,3,'I~O',1,NULL,'BAS',0,NULL,0,0,0),(10,239,'modifiedby','vtiger_crmentity',1,'52','modifiedby','Last Modified By',1,0,'',100,12,21,3,'V~O',3,NULL,'BAS',0,NULL,0,0,0),(9,240,'subject','vtiger_activity',1,'2','subject','Subject',1,0,'',100,1,19,1,'V~M',0,1,'BAS',1,NULL,1,0,0),(9,241,'smownerid','vtiger_crmentity',1,'53','assigned_user_id','Assigned To',1,0,'',100,2,19,1,'V~M',0,4,'BAS',1,NULL,1,0,0),(9,242,'date_start','vtiger_activity',1,'6','date_start','Start Date & Time',1,0,'',100,3,19,1,'DT~M~time_start',0,2,'BAS',1,NULL,1,0,0),(9,243,'time_start','vtiger_activity',1,'2','time_start','Time Start',1,0,'',100,4,19,3,'T~M',1,NULL,'BAS',1,NULL,1,0,0),(9,244,'time_end','vtiger_activity',1,'2','time_end','End Time',1,0,'',100,4,19,3,'T~O',1,NULL,'BAS',1,NULL,1,0,0),(9,245,'due_date','vtiger_activity',1,'23','due_date','Due Date',1,0,'',100,5,19,1,'D~M~OTH~GE~date_start~Start Date & Time',1,NULL,'BAS',1,NULL,1,0,0),(9,246,'crmid','vtiger_seactivityrel',1,'66','parent_id','Related To',1,0,'',100,7,19,1,'I~O',1,NULL,'BAS',1,NULL,1,0,0),(9,247,'contactid','vtiger_cntactivityrel',1,'57','contact_id','Contact Name',1,0,'',100,8,19,1,'I~O',1,NULL,'BAS',1,NULL,0,0,0),(9,248,'status','vtiger_activity',1,'15','taskstatus','Status',1,0,'',100,8,19,1,'V~M',0,3,'BAS',1,NULL,0,0,0),(9,249,'eventstatus','vtiger_activity',1,'15','eventstatus','Status',1,0,'',100,9,19,3,'V~O',1,NULL,'BAS',1,NULL,0,0,0),(9,250,'priority','vtiger_activity',1,'15','taskpriority','Priority',1,0,'',100,10,19,1,'V~O',1,NULL,'BAS',1,NULL,0,0,0),(9,251,'sendnotification','vtiger_activity',1,'56','sendnotification','Send Notification',1,0,'',100,11,19,1,'C~O',1,NULL,'BAS',1,NULL,0,0,0),(9,252,'createdtime','vtiger_crmentity',1,'70','createdtime','Created Time',1,0,'',100,14,19,2,'DT~O',3,NULL,'BAS',0,NULL,0,0,0),(9,253,'modifiedtime','vtiger_crmentity',1,'70','modifiedtime','Modified Time',1,0,'',100,15,19,2,'DT~O',3,NULL,'BAS',0,NULL,0,0,0),(9,254,'activitytype','vtiger_activity',1,'15','activitytype','Activity Type',1,0,'',100,16,19,3,'V~O',1,NULL,'BAS',1,NULL,1,0,0),(9,255,'visibility','vtiger_activity',1,'16','visibility','Visibility',1,0,'',100,17,19,3,'V~O',1,NULL,'BAS',1,NULL,0,0,0),(9,256,'description','vtiger_crmentity',1,'19','description','Description',1,0,'',100,1,20,1,'V~O',1,NULL,'BAS',1,NULL,0,0,0),(9,257,'duration_hours','vtiger_activity',1,'63','duration_hours','Duration',1,0,'',100,17,19,3,'T~O',1,NULL,'BAS',1,NULL,0,0,0),(9,258,'duration_minutes','vtiger_activity',1,'16','duration_minutes','Duration Minutes',1,0,'',100,18,19,3,'T~O',1,NULL,'BAS',1,NULL,0,0,0),(9,259,'location','vtiger_activity',1,'1','location','Location',1,0,'',100,19,19,1,'V~O',1,NULL,'BAS',1,NULL,0,0,0),(9,260,'reminder_time','vtiger_activity_reminder',1,'30','reminder_time','Send Reminder',1,0,'',100,1,138,1,'I~O',1,NULL,'BAS',1,NULL,0,0,0),(9,261,'recurringtype','vtiger_activity',1,'16','recurringtype','Recurrence',1,0,'',100,6,19,3,'O~O',1,NULL,'BAS',1,NULL,1,0,0),(9,262,'notime','vtiger_activity',1,'56','notime','No Time',1,0,'',100,20,19,3,'C~O',1,NULL,'BAS',1,NULL,0,0,0),(9,263,'modifiedby','vtiger_crmentity',1,'52','modifiedby','Last Modified By',1,0,'',100,22,19,3,'V~O',3,NULL,'BAS',0,NULL,0,0,0),(16,264,'subject','vtiger_activity',1,'2','subject','Subject',1,0,'',100,1,39,1,'V~M',0,1,'BAS',1,NULL,1,0,0),(16,265,'smownerid','vtiger_crmentity',1,'53','assigned_user_id','Assigned To',1,0,'',100,2,39,1,'V~M',0,6,'BAS',1,NULL,1,0,0),(16,266,'date_start','vtiger_activity',1,'6','date_start','Start Date & Time',1,0,'',100,3,39,1,'DT~M~time_start',0,2,'BAS',1,NULL,1,0,0),(16,267,'time_start','vtiger_activity',1,'2','time_start','Time Start',1,0,'',100,4,39,3,'T~M',1,NULL,'BAS',1,NULL,1,0,0),(16,268,'due_date','vtiger_activity',1,'23','due_date','End Date',1,0,'',100,5,39,1,'D~M~OTH~GE~date_start~Start Date & Time',0,5,'BAS',1,NULL,1,0,0),(16,269,'time_end','vtiger_activity',1,'2','time_end','End Time',1,0,'',100,5,39,3,'T~M',1,NULL,'BAS',1,NULL,1,0,0),(16,270,'recurringtype','vtiger_activity',1,'16','recurringtype','Recurrence',1,0,'',100,6,135,1,'O~O',1,NULL,'BAS',1,NULL,1,0,0),(16,271,'duration_hours','vtiger_activity',1,'63','duration_hours','Duration',1,0,'',100,7,39,3,'I~M',1,NULL,'BAS',1,NULL,0,0,0),(16,272,'duration_minutes','vtiger_activity',1,'16','duration_minutes','Duration Minutes',1,0,'',100,8,39,3,'O~O',1,NULL,'BAS',1,NULL,0,0,0),(16,273,'crmid','vtiger_seactivityrel',1,'66','parent_id','Related To',1,0,'',100,9,137,1,'I~O',1,NULL,'BAS',1,NULL,1,0,0),(16,274,'eventstatus','vtiger_activity',1,'15','eventstatus','Status',1,0,'',100,10,39,1,'V~M',0,3,'BAS',1,NULL,0,0,0),(16,275,'sendnotification','vtiger_activity',1,'56','sendnotification','Send Notification',1,0,'',100,11,39,1,'C~O',1,NULL,'BAS',1,NULL,0,0,0),(16,276,'activitytype','vtiger_activity',1,'15','activitytype','Activity Type',1,0,'',100,12,39,1,'V~M',0,4,'BAS',1,NULL,1,0,0),(16,277,'location','vtiger_activity',1,'1','location','Location',1,0,'',100,13,39,1,'V~O',1,NULL,'BAS',1,NULL,0,0,0),(16,278,'createdtime','vtiger_crmentity',1,'70','createdtime','Created Time',1,0,'',100,14,39,2,'DT~O',3,NULL,'BAS',0,NULL,0,0,0),(16,279,'modifiedtime','vtiger_crmentity',1,'70','modifiedtime','Modified Time',1,0,'',100,15,39,2,'DT~O',3,NULL,'BAS',0,NULL,0,0,0),(16,280,'priority','vtiger_activity',1,'15','taskpriority','Priority',1,0,'',100,16,39,1,'V~O',1,NULL,'BAS',1,NULL,0,0,0),(16,281,'notime','vtiger_activity',1,'56','notime','No Time',1,0,'',100,17,39,3,'C~O',1,NULL,'BAS',1,NULL,0,0,0),(16,282,'visibility','vtiger_activity',1,'16','visibility','Visibility',1,0,'',100,18,39,1,'V~O',1,NULL,'BAS',1,NULL,0,0,0),(16,283,'modifiedby','vtiger_crmentity',1,'52','modifiedby','Last Modified By',1,0,'',100,22,39,3,'V~O',3,NULL,'BAS',0,NULL,0,0,0),(16,284,'description','vtiger_crmentity',1,'19','description','Description',1,0,'',100,1,41,1,'V~O',1,NULL,'BAS',1,NULL,0,0,0),(16,285,'reminder_time','vtiger_activity_reminder',1,'30','reminder_time','Send Reminder',1,0,'',100,1,40,1,'I~O',1,NULL,'BAS',1,NULL,0,0,0),(16,286,'contactid','vtiger_cntactivityrel',1,'57','contact_id','Contact Name',1,0,'',100,1,137,1,'I~O',1,NULL,'BAS',1,NULL,0,0,0),(15,287,'product_id','vtiger_faq',1,'59','product_id','Product Name',1,2,'',100,1,37,1,'I~O',3,NULL,'BAS',1,NULL,1,0,0),(15,288,'faq_no','vtiger_faq',1,'4','faq_no','Faq No',1,0,'',100,2,37,1,'V~O',3,NULL,'BAS',0,NULL,0,0,0),(15,289,'category','vtiger_faq',1,'15','faqcategories','Category',1,2,'',100,4,37,1,'V~O',3,NULL,'BAS',1,NULL,1,0,0),(15,290,'status','vtiger_faq',1,'15','faqstatus','Status',1,2,'',100,3,37,1,'V~M',3,NULL,'BAS',1,NULL,0,0,0),(15,291,'question','vtiger_faq',1,'20','question','Question',1,2,'',100,7,37,1,'V~M',3,NULL,'BAS',1,NULL,1,0,0),(15,292,'answer','vtiger_faq',1,'20','faq_answer','Answer',1,2,'',100,8,37,1,'V~M',3,NULL,'BAS',1,NULL,0,0,0),(15,293,'comments','vtiger_faqcomments',1,'19','comments','Add Comment',1,1,'',100,1,38,1,'V~O',3,NULL,'BAS',0,NULL,0,0,0),(15,294,'createdtime','vtiger_crmentity',1,'70','createdtime','Created Time',1,0,'',100,5,37,2,'DT~O',3,NULL,'BAS',0,NULL,1,0,0),(15,295,'modifiedtime','vtiger_crmentity',1,'70','modifiedtime','Modified Time',1,0,'',100,6,37,2,'DT~O',3,NULL,'BAS',0,NULL,1,0,0),(15,296,'modifiedby','vtiger_crmentity',1,'52','modifiedby','Last Modified By',1,0,'',100,7,37,3,'V~O',3,NULL,'BAS',0,NULL,0,0,0),(18,297,'vendorname','vtiger_vendor',1,'2','vendorname','Vendor Name',1,0,'',100,1,42,1,'V~M',0,1,'BAS',1,NULL,1,0,0),(18,298,'vendor_no','vtiger_vendor',1,'4','vendor_no','Vendor No',1,0,'',100,2,42,1,'V~O',3,NULL,'BAS',0,NULL,0,0,0),(18,299,'phone','vtiger_vendor',1,'1','phone','Phone',1,2,'',100,4,42,1,'V~O',2,2,'BAS',1,NULL,0,1,0),(18,300,'email','vtiger_vendor',1,'13','email','Email',1,2,'',100,3,42,1,'E~O',2,3,'BAS',1,NULL,0,1,0),(18,301,'website','vtiger_vendor',1,'17','website','Website',1,2,'',100,6,42,1,'V~O',1,NULL,'BAS',1,NULL,0,1,0),(18,302,'glacct','vtiger_vendor',1,'15','glacct','GL Account',1,2,'',100,5,42,1,'V~O',1,NULL,'BAS',1,NULL,0,0,0),(18,303,'category','vtiger_vendor',1,'1','category','Category',1,2,'',100,8,42,1,'V~O',1,NULL,'BAS',1,NULL,1,0,0),(18,304,'createdtime','vtiger_crmentity',1,'70','createdtime','Created Time',1,0,'',100,7,42,2,'DT~O',3,NULL,'BAS',0,NULL,0,0,0),(18,305,'modifiedtime','vtiger_crmentity',1,'70','modifiedtime','Modified Time',1,0,'',100,9,42,2,'DT~O',3,NULL,'BAS',0,NULL,0,0,0),(18,306,'modifiedby','vtiger_crmentity',1,'52','modifiedby','Last Modified By',1,0,'',100,12,42,3,'V~O',3,NULL,'BAS',0,NULL,0,0,0),(18,307,'smownerid','vtiger_crmentity',1,'53','assigned_user_id','Assigned To',1,0,'',100,13,42,1,'V~M',0,4,'BAS',1,NULL,0,0,0),(18,308,'street','vtiger_vendor',1,'21','street','Street',1,2,'',100,1,44,1,'V~O',1,NULL,'ADV',1,NULL,0,0,0),(18,309,'pobox','vtiger_vendor',1,'1','pobox','Po Box',1,2,'',100,2,44,1,'V~O',1,NULL,'ADV',1,NULL,0,0,0),(18,310,'city','vtiger_vendor',1,'1','city','City',1,2,'',100,3,44,1,'V~O',1,NULL,'ADV',1,NULL,0,0,0),(18,311,'state','vtiger_vendor',1,'1','state','State',1,2,'',100,4,44,1,'V~O',1,NULL,'ADV',1,NULL,0,0,0),(18,312,'postalcode','vtiger_vendor',1,'1','postalcode','Postal Code',1,2,'',100,5,44,1,'V~O',1,NULL,'ADV',1,NULL,0,0,0),(18,313,'country','vtiger_vendor',1,'1','country','Country',1,2,'',100,6,44,1,'V~O',1,NULL,'ADV',1,NULL,0,0,0),(18,314,'description','vtiger_crmentity',1,'19','description','Description',1,2,'',100,1,45,1,'V~O',1,NULL,'ADV',1,NULL,0,0,0),(19,315,'bookname','vtiger_pricebook',1,'2','bookname','Price Book Name',1,0,'',100,1,46,1,'V~M',0,1,'BAS',1,NULL,1,0,0),(19,316,'pricebook_no','vtiger_pricebook',1,'4','pricebook_no','PriceBook No',1,0,'',100,3,46,1,'V~O',3,NULL,'BAS',0,NULL,0,0,0),(19,317,'active','vtiger_pricebook',1,'56','active','Active',1,2,'1',100,2,46,1,'C~O',2,2,'BAS',1,NULL,1,0,0),(19,318,'createdtime','vtiger_crmentity',1,'70','createdtime','Created Time',1,0,'',100,4,46,2,'DT~O',3,NULL,'BAS',0,NULL,0,0,0),(19,319,'modifiedtime','vtiger_crmentity',1,'70','modifiedtime','Modified Time',1,0,'',100,5,46,2,'DT~O',3,NULL,'BAS',0,NULL,0,0,0),(19,320,'currency_id','vtiger_pricebook',1,'117','currency_id','Currency',1,0,'',100,5,46,1,'I~M',0,3,'BAS',0,NULL,0,0,0),(19,321,'modifiedby','vtiger_crmentity',1,'52','modifiedby','Last Modified By',1,0,'',100,7,46,3,'V~O',3,NULL,'BAS',0,NULL,0,0,0),(19,322,'description','vtiger_crmentity',1,'19','description','Description',1,2,'',100,1,48,1,'V~O',1,NULL,'BAS',1,NULL,0,0,0),(20,323,'quote_no','vtiger_quotes',1,'4','quote_no','Quote No',1,0,'',100,3,49,1,'V~O',3,NULL,'BAS',0,NULL,1,0,0),(20,324,'subject','vtiger_quotes',1,'2','subject','Subject',1,0,'',100,1,49,1,'V~M',1,NULL,'BAS',1,NULL,1,0,0),(20,325,'potentialid','vtiger_quotes',1,'76','potential_id','Potential Name',1,2,'',100,2,49,1,'I~O',3,NULL,'BAS',1,NULL,1,0,0),(20,326,'quotestage','vtiger_quotes',1,'15','quotestage','Quote Stage',1,2,'',100,4,49,1,'V~M',3,NULL,'BAS',1,NULL,0,1,0),(20,327,'validtill','vtiger_quotes',1,'5','validtill','Valid Till',1,2,'',100,5,49,1,'D~O',3,NULL,'BAS',1,NULL,0,0,0),(20,328,'contactid','vtiger_quotes',1,'57','contact_id','Contact Name',1,2,'',100,6,49,1,'V~O',3,NULL,'BAS',1,NULL,0,1,0),(20,329,'carrier','vtiger_quotes',1,'15','carrier','Carrier',1,1,'',100,8,49,1,'V~O',3,NULL,'BAS',1,NULL,0,0,0),(20,330,'subtotal','vtiger_quotes',1,'72','hdnSubTotal','Sub Total',1,2,'',100,9,49,3,'N~O',3,NULL,'BAS',1,NULL,0,0,0),(20,331,'shipping','vtiger_quotes',1,'1','shipping','Shipping',1,1,'',100,10,49,1,'V~O',3,NULL,'BAS',1,NULL,0,0,0),(20,332,'inventorymanager','vtiger_quotes',1,'77','assigned_user_id1','Inventory Manager',1,1,'',100,11,49,1,'I~O',3,NULL,'BAS',1,NULL,0,0,0),(20,333,'adjustment','vtiger_quotes',1,'72','txtAdjustment','Adjustment',1,2,'',100,20,49,3,'NN~O',3,NULL,'BAS',1,NULL,0,0,0),(20,334,'total','vtiger_quotes',1,'72','hdnGrandTotal','Total',1,2,'',100,14,49,3,'N~O',3,NULL,'BAS',1,NULL,0,1,0),(20,335,'taxtype','vtiger_quotes',1,'16','hdnTaxType','Tax Type',1,2,'',100,14,49,3,'V~O',3,NULL,'BAS',1,NULL,0,0,0),(20,336,'discount_percent','vtiger_quotes',1,'1','hdnDiscountPercent','Discount Percent',1,2,'',100,14,132,5,'N~O',3,NULL,'BAS',1,NULL,0,0,0),(20,337,'discount_amount','vtiger_quotes',1,'72','hdnDiscountAmount','Discount Amount',1,2,'',100,14,132,5,'N~O',3,NULL,'BAS',1,NULL,0,0,0),(20,338,'s_h_amount','vtiger_quotes',1,'72','hdnS_H_Amount','S&H Amount',1,2,'',100,14,49,3,'N~O',3,NULL,'BAS',1,NULL,0,0,0),(20,339,'accountid','vtiger_quotes',1,'73','account_id','Account Name',1,1,'',100,16,49,1,'I~M',3,NULL,'BAS',1,NULL,0,1,0),(20,340,'smownerid','vtiger_crmentity',1,'53','assigned_user_id','Assigned To',1,0,'',100,17,49,1,'V~M',3,NULL,'BAS',1,NULL,1,0,0),(20,341,'createdtime','vtiger_crmentity',1,'70','createdtime','Created Time',1,0,'',100,18,49,2,'DT~O',3,NULL,'BAS',0,NULL,0,0,0),(20,342,'modifiedtime','vtiger_crmentity',1,'70','modifiedtime','Modified Time',1,0,'',100,19,49,2,'DT~O',3,NULL,'BAS',0,NULL,0,0,0),(20,343,'modifiedby','vtiger_crmentity',1,'52','modifiedby','Last Modified By',1,0,'',100,22,49,3,'V~O',3,NULL,'BAS',0,NULL,0,0,0),(20,344,'currency_id','vtiger_quotes',1,'117','currency_id','Currency',1,2,'1',100,20,49,3,'I~O',3,NULL,'BAS',1,NULL,0,0,0),(20,345,'conversion_rate','vtiger_quotes',1,'1','conversion_rate','Conversion Rate',1,2,'1',100,21,49,3,'N~O',3,NULL,'BAS',1,NULL,0,0,0),(20,346,'bill_street','vtiger_quotesbillads',1,'24','bill_street','Billing Address',1,2,'',100,1,51,1,'V~M',3,NULL,'BAS',1,NULL,0,0,0),(20,347,'ship_street','vtiger_quotesshipads',1,'24','ship_street','Shipping Address',1,2,'',100,2,51,1,'V~M',3,NULL,'BAS',1,NULL,0,0,0),(20,348,'bill_city','vtiger_quotesbillads',1,'1','bill_city','Billing City',1,2,'',100,5,51,1,'V~O',3,NULL,'BAS',1,NULL,0,0,0),(20,349,'ship_city','vtiger_quotesshipads',1,'1','ship_city','Shipping City',1,2,'',100,6,51,1,'V~O',3,NULL,'BAS',1,NULL,0,0,0),(20,350,'bill_state','vtiger_quotesbillads',1,'1','bill_state','Billing State',1,2,'',100,7,51,1,'V~O',3,NULL,'BAS',1,NULL,0,0,0),(20,351,'ship_state','vtiger_quotesshipads',1,'1','ship_state','Shipping State',1,2,'',100,8,51,1,'V~O',3,NULL,'BAS',1,NULL,0,0,0),(20,352,'bill_code','vtiger_quotesbillads',1,'1','bill_code','Billing Code',1,2,'',100,9,51,1,'V~O',3,NULL,'BAS',1,NULL,0,0,0),(20,353,'ship_code','vtiger_quotesshipads',1,'1','ship_code','Shipping Code',1,2,'',100,10,51,1,'V~O',3,NULL,'BAS',1,NULL,0,0,0),(20,354,'bill_country','vtiger_quotesbillads',1,'1','bill_country','Billing Country',1,2,'',100,11,51,1,'V~O',3,NULL,'BAS',1,NULL,0,0,0),(20,355,'ship_country','vtiger_quotesshipads',1,'1','ship_country','Shipping Country',1,2,'',100,12,51,1,'V~O',3,NULL,'BAS',1,NULL,0,0,0),(20,356,'bill_pobox','vtiger_quotesbillads',1,'1','bill_pobox','Billing Po Box',1,2,'',100,3,51,1,'V~O',3,NULL,'BAS',1,NULL,0,0,0),(20,357,'ship_pobox','vtiger_quotesshipads',1,'1','ship_pobox','Shipping Po Box',1,2,'',100,4,51,1,'V~O',3,NULL,'BAS',1,NULL,0,0,0),(20,358,'description','vtiger_crmentity',1,'19','description','Description',1,1,'',100,1,54,1,'V~O',3,NULL,'ADV',1,NULL,0,0,0),(20,359,'terms_conditions','vtiger_quotes',1,'19','terms_conditions','Terms & Conditions',1,2,'',100,1,53,1,'V~O',3,NULL,'ADV',1,NULL,0,0,0),(21,360,'purchaseorder_no','vtiger_purchaseorder',1,'4','purchaseorder_no','PurchaseOrder No',1,0,'',100,2,55,1,'V~O',3,NULL,'BAS',0,NULL,1,0,0),(21,361,'subject','vtiger_purchaseorder',1,'2','subject','Subject',1,0,'',100,1,55,1,'V~M',3,NULL,'BAS',1,NULL,1,0,0),(21,362,'vendorid','vtiger_purchaseorder',1,'81','vendor_id','Vendor Name',1,0,'',100,3,55,1,'I~M',3,NULL,'BAS',1,NULL,1,0,0),(21,363,'requisition_no','vtiger_purchaseorder',1,'1','requisition_no','Requisition No',1,2,'',100,4,55,1,'V~O',3,NULL,'BAS',1,NULL,0,0,0),(21,364,'tracking_no','vtiger_purchaseorder',1,'1','tracking_no','Tracking Number',1,2,'',100,5,55,1,'V~O',3,NULL,'BAS',1,NULL,1,0,0),(21,365,'contactid','vtiger_purchaseorder',1,'57','contact_id','Contact Name',1,2,'',100,6,55,1,'I~O',3,NULL,'BAS',1,NULL,0,1,0),(21,366,'duedate','vtiger_purchaseorder',1,'5','duedate','Due Date',1,2,'',100,7,55,1,'D~O',3,NULL,'BAS',1,NULL,0,0,0),(21,367,'carrier','vtiger_purchaseorder',1,'15','carrier','Carrier',1,2,'',100,8,55,1,'V~O',3,NULL,'BAS',1,NULL,0,0,0),(21,368,'adjustment','vtiger_purchaseorder',1,'72','txtAdjustment','Adjustment',1,2,'',100,10,55,3,'NN~O',3,NULL,'BAS',1,NULL,0,0,0),(21,369,'salescommission','vtiger_purchaseorder',1,'1','salescommission','Sales Commission',1,2,'',100,11,55,1,'N~O',3,NULL,'BAS',1,NULL,0,0,0),(21,370,'exciseduty','vtiger_purchaseorder',1,'1','exciseduty','Excise Duty',1,2,'',100,12,55,1,'N~O',3,NULL,'BAS',1,NULL,0,0,0),(21,371,'total','vtiger_purchaseorder',1,'72','hdnGrandTotal','Total',1,2,'',100,13,55,3,'N~O',3,NULL,'BAS',1,NULL,1,0,0),(21,372,'subtotal','vtiger_purchaseorder',1,'72','hdnSubTotal','Sub Total',1,2,'',100,14,55,3,'N~O',3,NULL,'BAS',1,NULL,0,0,0),(21,373,'taxtype','vtiger_purchaseorder',1,'16','hdnTaxType','Tax Type',1,2,'',100,14,55,3,'V~O',3,NULL,'BAS',1,NULL,0,0,0),(21,374,'discount_percent','vtiger_purchaseorder',1,'1','hdnDiscountPercent','Discount Percent',1,2,'',100,14,131,5,'N~O',3,NULL,'BAS',1,NULL,0,0,0),(21,375,'discount_amount','vtiger_purchaseorder',1,'72','hdnDiscountAmount','Discount Amount',1,0,'',100,14,131,5,'N~O',3,NULL,'BAS',1,NULL,0,0,0),(21,376,'s_h_amount','vtiger_purchaseorder',1,'72','hdnS_H_Amount','S&H Amount',1,2,'',100,14,55,3,'N~O',3,NULL,'BAS',1,NULL,0,0,0),(21,377,'postatus','vtiger_purchaseorder',1,'15','postatus','Status',1,2,'',100,15,55,1,'V~M',3,NULL,'BAS',1,NULL,0,1,0),(21,378,'smownerid','vtiger_crmentity',1,'53','assigned_user_id','Assigned To',1,0,'',100,16,55,1,'V~M',3,NULL,'BAS',1,NULL,0,1,0),(21,379,'createdtime','vtiger_crmentity',1,'70','createdtime','Created Time',1,0,'',100,17,55,2,'DT~O',3,NULL,'BAS',0,NULL,0,0,0),(21,380,'modifiedtime','vtiger_crmentity',1,'70','modifiedtime','Modified Time',1,0,'',100,18,55,2,'DT~O',3,NULL,'BAS',0,NULL,0,0,0),(21,381,'modifiedby','vtiger_crmentity',1,'52','modifiedby','Last Modified By',1,0,'',100,22,55,3,'V~O',3,NULL,'BAS',0,NULL,0,0,0),(21,382,'currency_id','vtiger_purchaseorder',1,'117','currency_id','Currency',1,2,'1',100,19,55,3,'I~O',3,NULL,'BAS',1,NULL,0,0,0),(21,383,'conversion_rate','vtiger_purchaseorder',1,'1','conversion_rate','Conversion Rate',1,2,'1',100,20,55,3,'N~O',3,NULL,'BAS',1,NULL,0,0,0),(21,384,'bill_street','vtiger_pobillads',1,'24','bill_street','Billing Address',1,2,'',100,1,57,1,'V~M',3,NULL,'BAS',1,NULL,0,0,0),(21,385,'ship_street','vtiger_poshipads',1,'24','ship_street','Shipping Address',1,2,'',100,2,57,1,'V~M',3,NULL,'BAS',1,NULL,0,0,0),(21,386,'bill_city','vtiger_pobillads',1,'1','bill_city','Billing City',1,2,'',100,5,57,1,'V~O',3,NULL,'BAS',1,NULL,0,0,0),(21,387,'ship_city','vtiger_poshipads',1,'1','ship_city','Shipping City',1,2,'',100,6,57,1,'V~O',3,NULL,'BAS',1,NULL,0,0,0),(21,388,'bill_state','vtiger_pobillads',1,'1','bill_state','Billing State',1,2,'',100,7,57,1,'V~O',3,NULL,'BAS',1,NULL,0,0,0),(21,389,'ship_state','vtiger_poshipads',1,'1','ship_state','Shipping State',1,2,'',100,8,57,1,'V~O',3,NULL,'BAS',1,NULL,0,0,0),(21,390,'bill_code','vtiger_pobillads',1,'1','bill_code','Billing Code',1,2,'',100,9,57,1,'V~O',3,NULL,'BAS',1,NULL,0,0,0),(21,391,'ship_code','vtiger_poshipads',1,'1','ship_code','Shipping Code',1,2,'',100,10,57,1,'V~O',3,NULL,'BAS',1,NULL,0,0,0),(21,392,'bill_country','vtiger_pobillads',1,'1','bill_country','Billing Country',1,2,'',100,11,57,1,'V~O',3,NULL,'BAS',1,NULL,0,0,0),(21,393,'ship_country','vtiger_poshipads',1,'1','ship_country','Shipping Country',1,2,'',100,12,57,1,'V~O',3,NULL,'BAS',1,NULL,0,0,0),(21,394,'bill_pobox','vtiger_pobillads',1,'1','bill_pobox','Billing Po Box',1,2,'',100,3,57,1,'V~O',3,NULL,'BAS',1,NULL,0,0,0),(21,395,'ship_pobox','vtiger_poshipads',1,'1','ship_pobox','Shipping Po Box',1,2,'',100,4,57,1,'V~O',3,NULL,'BAS',1,NULL,0,0,0),(21,396,'description','vtiger_crmentity',1,'19','description','Description',1,2,'',100,1,60,1,'V~O',3,NULL,'ADV',1,NULL,0,0,0),(21,397,'terms_conditions','vtiger_purchaseorder',1,'19','terms_conditions','Terms & Conditions',1,2,'',100,1,59,1,'V~O',3,NULL,'ADV',1,NULL,0,0,0),(22,398,'salesorder_no','vtiger_salesorder',1,'4','salesorder_no','SalesOrder No',1,0,'',100,4,61,1,'V~O',3,NULL,'BAS',0,NULL,1,0,0),(22,399,'subject','vtiger_salesorder',1,'2','subject','Subject',1,0,'',100,1,61,1,'V~M',3,NULL,'BAS',1,NULL,1,0,0),(22,400,'potentialid','vtiger_salesorder',1,'76','potential_id','Potential Name',1,2,'',100,2,61,1,'I~O',3,NULL,'BAS',1,NULL,0,0,0),(22,401,'customerno','vtiger_salesorder',1,'1','customerno','Customer No',1,1,'',100,3,61,1,'V~O',3,NULL,'BAS',1,NULL,0,0,0),(22,402,'quoteid','vtiger_salesorder',1,'78','quote_id','Quote Name',1,2,'',100,5,61,1,'I~O',3,NULL,'BAS',0,NULL,1,0,0),(22,403,'purchaseorder','vtiger_salesorder',1,'1','vtiger_purchaseorder','Purchase Order',1,1,'',100,5,61,1,'V~O',3,NULL,'BAS',1,NULL,0,0,0),(22,404,'contactid','vtiger_salesorder',1,'57','contact_id','Contact Name',1,2,'',100,6,61,1,'I~O',3,NULL,'BAS',1,NULL,0,1,0),(22,405,'duedate','vtiger_salesorder',1,'5','duedate','Due Date',1,2,'',100,8,61,1,'D~O',3,NULL,'BAS',1,NULL,0,0,0),(22,406,'carrier','vtiger_salesorder',1,'15','carrier','Carrier',1,1,'',100,9,61,1,'V~O',3,NULL,'BAS',1,NULL,0,0,0),(22,407,'pending','vtiger_salesorder',1,'1','pending','Pending',1,1,'',100,10,61,1,'V~O',3,NULL,'BAS',1,NULL,0,0,0),(22,408,'sostatus','vtiger_salesorder',1,'15','sostatus','Status',1,2,'',100,11,61,1,'V~M',3,NULL,'BAS',1,NULL,0,1,0),(22,409,'adjustment','vtiger_salesorder',1,'72','txtAdjustment','Adjustment',1,2,'',100,12,61,3,'NN~O',3,NULL,'BAS',1,NULL,0,0,0),(22,410,'salescommission','vtiger_salesorder',1,'1','salescommission','Sales Commission',1,1,'',100,13,61,1,'N~O',3,NULL,'BAS',1,NULL,0,0,0),(22,411,'exciseduty','vtiger_salesorder',1,'1','exciseduty','Excise Duty',1,1,'',100,13,61,1,'N~O',3,NULL,'BAS',1,NULL,0,0,0),(22,412,'total','vtiger_salesorder',1,'72','hdnGrandTotal','Total',1,2,'',100,14,61,3,'N~O',3,NULL,'BAS',1,NULL,1,0,0),(22,413,'subtotal','vtiger_salesorder',1,'72','hdnSubTotal','Sub Total',1,2,'',100,15,61,3,'N~O',3,NULL,'BAS',1,NULL,0,0,0),(22,414,'taxtype','vtiger_salesorder',1,'16','hdnTaxType','Tax Type',1,2,'',100,15,61,3,'V~O',3,NULL,'BAS',1,NULL,0,0,0),(22,415,'discount_percent','vtiger_salesorder',1,'1','hdnDiscountPercent','Discount Percent',1,2,'',100,15,130,5,'N~O',3,NULL,'BAS',1,NULL,0,0,0),(22,416,'discount_amount','vtiger_salesorder',1,'72','hdnDiscountAmount','Discount Amount',1,0,'',100,15,130,5,'N~O',3,NULL,'BAS',1,NULL,0,0,0),(22,417,'s_h_amount','vtiger_salesorder',1,'72','hdnS_H_Amount','S&H Amount',1,2,'',100,15,61,3,'N~O',3,NULL,'BAS',1,NULL,0,0,0),(22,418,'accountid','vtiger_salesorder',1,'73','account_id','Account Name',1,1,'',100,16,61,1,'I~O',2,NULL,'BAS',1,NULL,0,1,0),(22,419,'smownerid','vtiger_crmentity',1,'53','assigned_user_id','Assigned To',1,0,'',100,17,61,1,'V~M',3,NULL,'BAS',1,NULL,0,1,0),(22,420,'createdtime','vtiger_crmentity',1,'70','createdtime','Created Time',1,0,'',100,18,61,2,'DT~O',3,NULL,'BAS',0,NULL,0,0,0),(22,421,'modifiedtime','vtiger_crmentity',1,'70','modifiedtime','Modified Time',1,0,'',100,19,61,2,'DT~O',3,NULL,'BAS',0,NULL,0,0,0),(22,422,'modifiedby','vtiger_crmentity',1,'52','modifiedby','Last Modified By',1,0,'',100,22,61,3,'V~O',3,NULL,'BAS',0,NULL,0,0,0),(22,423,'currency_id','vtiger_salesorder',1,'117','currency_id','Currency',1,2,'1',100,20,61,3,'I~O',3,NULL,'BAS',1,NULL,0,0,0),(22,424,'conversion_rate','vtiger_salesorder',1,'1','conversion_rate','Conversion Rate',1,2,'1',100,21,61,3,'N~O',3,NULL,'BAS',1,NULL,0,0,0),(22,425,'bill_street','vtiger_sobillads',1,'24','bill_street','Billing Address',1,2,'',100,1,63,1,'V~M',3,NULL,'BAS',1,NULL,0,0,0),(22,426,'ship_street','vtiger_soshipads',1,'24','ship_street','Shipping Address',1,2,'',100,2,63,1,'V~M',3,NULL,'BAS',1,NULL,0,0,0),(22,427,'bill_city','vtiger_sobillads',1,'1','bill_city','Billing City',1,2,'',100,5,63,1,'V~O',3,NULL,'BAS',1,NULL,0,0,0),(22,428,'ship_city','vtiger_soshipads',1,'1','ship_city','Shipping City',1,2,'',100,6,63,1,'V~O',3,NULL,'BAS',1,NULL,0,0,0),(22,429,'bill_state','vtiger_sobillads',1,'1','bill_state','Billing State',1,2,'',100,7,63,1,'V~O',3,NULL,'BAS',1,NULL,0,0,0),(22,430,'ship_state','vtiger_soshipads',1,'1','ship_state','Shipping State',1,2,'',100,8,63,1,'V~O',3,NULL,'BAS',1,NULL,0,0,0),(22,431,'bill_code','vtiger_sobillads',1,'1','bill_code','Billing Code',1,2,'',100,9,63,1,'V~O',3,NULL,'BAS',1,NULL,0,0,0),(22,432,'ship_code','vtiger_soshipads',1,'1','ship_code','Shipping Code',1,2,'',100,10,63,1,'V~O',3,NULL,'BAS',1,NULL,0,0,0),(22,433,'bill_country','vtiger_sobillads',1,'1','bill_country','Billing Country',1,2,'',100,11,63,1,'V~O',3,NULL,'BAS',1,NULL,0,0,0),(22,434,'ship_country','vtiger_soshipads',1,'1','ship_country','Shipping Country',1,2,'',100,12,63,1,'V~O',3,NULL,'BAS',1,NULL,0,0,0),(22,435,'bill_pobox','vtiger_sobillads',1,'1','bill_pobox','Billing Po Box',1,2,'',100,3,63,1,'V~O',3,NULL,'BAS',1,NULL,0,0,0),(22,436,'ship_pobox','vtiger_soshipads',1,'1','ship_pobox','Shipping Po Box',1,2,'',100,4,63,1,'V~O',3,NULL,'BAS',1,NULL,0,0,0),(22,437,'description','vtiger_crmentity',1,'19','description','Description',1,1,'',100,1,66,1,'V~O',3,NULL,'ADV',1,NULL,0,0,0),(22,438,'terms_conditions','vtiger_salesorder',1,'19','terms_conditions','Terms & Conditions',1,2,'',100,1,65,1,'V~O',3,NULL,'ADV',1,NULL,0,0,0),(22,439,'enable_recurring','vtiger_salesorder',1,'56','enable_recurring','Enable Recurring',1,0,'',100,1,85,1,'C~O',3,NULL,'BAS',0,NULL,0,0,0),(22,440,'recurring_frequency','vtiger_invoice_recurring_info',1,'16','recurring_frequency','Frequency',1,0,'',100,2,85,1,'V~O',3,NULL,'BAS',0,NULL,0,0,0),(22,441,'start_period','vtiger_invoice_recurring_info',1,'5','start_period','Start Period',1,0,'',100,3,85,1,'D~O',3,NULL,'BAS',0,NULL,0,0,0),(22,442,'end_period','vtiger_invoice_recurring_info',1,'5','end_period','End Period',1,0,'',100,4,85,1,'D~O~OTH~G~start_period~Start Period',3,NULL,'BAS',0,NULL,0,0,0),(22,443,'payment_duration','vtiger_invoice_recurring_info',1,'16','payment_duration','Payment Duration',1,0,'',100,5,85,1,'V~O',3,NULL,'BAS',0,NULL,0,0,0),(22,444,'invoice_status','vtiger_invoice_recurring_info',1,'15','invoicestatus','Invoice Status',1,0,'',100,6,85,1,'V~M',3,NULL,'BAS',0,NULL,0,0,0),(23,445,'subject','vtiger_invoice',1,'2','subject','Subject',1,0,'',100,1,67,1,'V~M',3,NULL,'BAS',1,NULL,1,0,0),(23,446,'salesorderid','vtiger_invoice',1,'80','salesorder_id','Sales Order',1,2,'',100,2,67,1,'I~O',2,NULL,'BAS',0,NULL,1,0,0),(23,447,'customerno','vtiger_invoice',1,'1','customerno','Customer No',1,1,'',100,3,67,1,'V~O',3,NULL,'BAS',1,NULL,0,0,0),(23,448,'contactid','vtiger_invoice',1,'57','contact_id','Contact Name',1,2,'',100,4,67,1,'I~M',2,NULL,'BAS',1,NULL,0,1,0),(23,449,'invoicedate','vtiger_invoice',1,'5','invoicedate','Invoice Date',1,2,'',100,5,67,1,'D~M',2,NULL,'BAS',1,NULL,0,0,0),(23,450,'duedate','vtiger_invoice',1,'5','duedate','Due Date',1,2,'',100,6,67,1,'D~M',2,NULL,'BAS',1,NULL,0,0,0),(23,451,'purchaseorder','vtiger_invoice',1,'1','vtiger_purchaseorder','Purchase Order',1,1,'',100,8,67,1,'V~O',3,NULL,'BAS',1,NULL,0,0,0),(23,452,'adjustment','vtiger_invoice',1,'72','txtAdjustment','Adjustment',1,2,'',100,9,67,3,'NN~O',3,NULL,'BAS',1,NULL,0,0,0),(23,453,'salescommission','vtiger_invoice',1,'1','salescommission','Sales Commission',1,1,'',10,13,67,1,'N~O',3,NULL,'BAS',1,NULL,0,0,0),(23,454,'exciseduty','vtiger_invoice',1,'1','exciseduty','Excise Duty',1,1,'',100,11,67,1,'N~O',3,NULL,'BAS',1,NULL,0,0,0),(23,455,'subtotal','vtiger_invoice',1,'72','hdnSubTotal','Sub Total',1,2,'',100,12,67,3,'N~O',3,NULL,'BAS',1,NULL,0,0,0),(23,456,'total','vtiger_invoice',1,'72','hdnGrandTotal','Total',1,2,'',100,13,67,3,'N~O',3,NULL,'BAS',1,NULL,1,0,0),(23,457,'taxtype','vtiger_invoice',1,'16','hdnTaxType','Tax Type',1,2,'',100,13,67,3,'V~O',3,NULL,'BAS',1,NULL,0,0,0),(23,458,'discount_percent','vtiger_invoice',1,'1','hdnDiscountPercent','Discount Percent',1,2,'',100,13,129,5,'N~O',3,NULL,'BAS',1,NULL,0,0,0),(23,459,'discount_amount','vtiger_invoice',1,'72','hdnDiscountAmount','Discount Amount',1,2,'',100,13,129,5,'N~O',3,NULL,'BAS',1,NULL,0,0,0),(23,460,'s_h_amount','vtiger_invoice',1,'72','hdnS_H_Amount','S&H Amount',1,2,'',100,14,69,3,'N~O',3,NULL,'BAS',1,NULL,0,0,0),(23,461,'accountid','vtiger_invoice',1,'73','account_id','Account Name',1,1,'',100,14,67,1,'I~O',2,NULL,'BAS',1,NULL,0,1,0),(23,462,'invoicestatus','vtiger_invoice',1,'15','invoicestatus','Status',1,2,'',100,15,67,1,'V~M',2,NULL,'BAS',1,NULL,0,1,0),(23,463,'smownerid','vtiger_crmentity',1,'53','assigned_user_id','Assigned To',1,0,'',100,16,67,1,'V~M',3,NULL,'BAS',1,NULL,0,1,0),(23,464,'createdtime','vtiger_crmentity',1,'70','createdtime','Created Time',1,0,'',100,17,67,2,'DT~O',3,NULL,'BAS',0,NULL,0,0,0),(23,465,'modifiedtime','vtiger_crmentity',1,'70','modifiedtime','Modified Time',1,0,'',100,18,67,2,'DT~O',3,NULL,'BAS',0,NULL,0,0,0),(23,466,'modifiedby','vtiger_crmentity',1,'52','modifiedby','Last Modified By',1,0,'',100,22,67,3,'V~O',3,NULL,'BAS',0,NULL,0,0,0),(23,467,'currency_id','vtiger_invoice',1,'117','currency_id','Currency',1,2,'1',100,19,67,3,'I~O',3,NULL,'BAS',1,NULL,0,0,0),(23,468,'conversion_rate','vtiger_invoice',1,'1','conversion_rate','Conversion Rate',1,2,'1',100,20,67,3,'N~O',3,NULL,'BAS',1,NULL,0,0,0),(23,469,'bill_street','vtiger_invoicebillads',1,'24','bill_street','Billing Address',1,2,'',100,1,69,1,'V~O',2,NULL,'BAS',1,NULL,0,0,0),(23,470,'ship_street','vtiger_invoiceshipads',1,'24','ship_street','Shipping Address',1,1,'',100,2,69,1,'V~O',2,NULL,'BAS',1,NULL,0,0,0),(23,471,'bill_city','vtiger_invoicebillads',1,'1','bill_city','Billing City',1,2,'',100,5,69,1,'V~O',3,NULL,'BAS',1,NULL,0,0,0),(23,472,'ship_city','vtiger_invoiceshipads',1,'1','ship_city','Shipping City',1,1,'',100,6,69,1,'V~O',3,NULL,'BAS',1,NULL,0,0,0),(23,473,'bill_state','vtiger_invoicebillads',1,'1','bill_state','Billing State',1,2,'',100,7,69,1,'V~O',3,NULL,'BAS',1,NULL,0,0,0),(23,474,'ship_state','vtiger_invoiceshipads',1,'1','ship_state','Shipping State',1,1,'',100,8,69,1,'V~O',3,NULL,'BAS',1,NULL,0,0,0),(23,475,'bill_code','vtiger_invoicebillads',1,'1','bill_code','Billing Code',1,2,'',100,9,69,1,'V~O',3,NULL,'BAS',1,NULL,0,0,0),(23,476,'ship_code','vtiger_invoiceshipads',1,'1','ship_code','Shipping Code',1,1,'',100,10,69,1,'V~O',3,NULL,'BAS',1,NULL,0,0,0),(23,477,'bill_country','vtiger_invoicebillads',1,'1','bill_country','Billing Country',1,2,'',100,11,69,1,'V~O',3,NULL,'BAS',1,NULL,0,0,0),(23,478,'ship_country','vtiger_invoiceshipads',1,'1','ship_country','Shipping Country',1,1,'',100,12,69,1,'V~O',3,NULL,'BAS',1,NULL,0,0,0),(23,479,'bill_pobox','vtiger_invoicebillads',1,'1','bill_pobox','Billing Po Box',1,2,'',100,3,69,1,'V~O',3,NULL,'BAS',1,NULL,0,0,0),(23,480,'ship_pobox','vtiger_invoiceshipads',1,'1','ship_pobox','Shipping Po Box',1,1,'',100,4,69,1,'V~O',3,NULL,'BAS',1,NULL,0,0,0),(23,481,'description','vtiger_crmentity',1,'19','description','Description',1,1,'',100,1,72,1,'V~O',3,NULL,'ADV',1,NULL,0,0,0),(23,482,'terms_conditions','vtiger_invoice',1,'19','terms_conditions','Terms & Conditions',1,2,'',100,1,71,1,'V~O',3,NULL,'ADV',1,NULL,0,0,0),(23,483,'invoice_no','vtiger_invoice',1,'4','invoice_no','Invoice No',1,0,'',100,3,67,1,'V~O',3,NULL,'BAS',0,NULL,1,0,0),(29,484,'user_name','vtiger_users',1,'106','user_name','User Name',1,0,'',11,1,77,1,'V~M',1,NULL,'BAS',1,NULL,0,0,0),(29,485,'is_admin','vtiger_users',1,'156','is_admin','Admin',1,0,'',3,7,77,1,'V~O',1,NULL,'BAS',1,NULL,0,0,0),(29,486,'user_password','vtiger_users',1,'99','user_password','Password',1,0,'',30,5,77,4,'P~M',1,NULL,'BAS',1,NULL,0,0,0),(29,487,'confirm_password','vtiger_users',1,'99','confirm_password','Confirm Password',1,0,'',30,6,77,4,'P~M',1,NULL,'BAS',1,NULL,0,0,0),(29,488,'first_name','vtiger_users',1,'1','first_name','First Name',1,0,'',30,3,77,1,'V~O',1,NULL,'BAS',1,NULL,0,0,0),(29,489,'last_name','vtiger_users',1,'2','last_name','Last Name',1,0,'',30,4,77,1,'V~M',1,NULL,'BAS',1,NULL,0,0,0),(29,490,'roleid','vtiger_user2role',1,'98','roleid','Role',1,0,'',200,8,77,1,'V~M',1,NULL,'BAS',1,NULL,0,0,0),(29,491,'email1','vtiger_users',1,'104','email1','Email',1,0,'',100,2,77,1,'E~M',1,NULL,'BAS',1,NULL,0,0,0),(29,492,'status','vtiger_users',1,'115','status','Status',1,0,'Active',100,10,77,1,'V~O',1,NULL,'BAS',1,NULL,0,0,0),(29,493,'activity_view','vtiger_users',1,'16','activity_view','Default Activity View',1,0,'',100,6,136,1,'V~O',1,NULL,'BAS',1,NULL,0,0,0),(29,494,'lead_view','vtiger_users',1,'16','lead_view','Default Lead View',1,0,'',100,9,77,1,'V~O',1,NULL,'BAS',1,NULL,0,0,0),(29,495,'hour_format','vtiger_users',1,'16','hour_format','Calendar Hour Format',1,0,'24',100,4,136,1,'V~O',1,NULL,'BAS',1,NULL,0,0,0),(29,496,'end_hour','vtiger_users',1,'116','end_hour','Day ends at',1,0,'',100,11,77,3,'V~O',1,NULL,'BAS',1,NULL,0,0,0),(29,497,'start_hour','vtiger_users',1,'16','start_hour','Day starts at',1,0,'',100,2,136,1,'V~O',1,NULL,'BAS',1,NULL,0,0,0),(29,498,'is_owner','vtiger_users',1,'1','is_owner','Account Owner',0,2,'0',100,12,77,5,'V~O',0,1,'BAS',0,NULL,0,0,0),(29,499,'title','vtiger_users',1,'1','title','Title',1,0,'',50,1,79,1,'V~O',1,NULL,'BAS',1,NULL,0,0,0),(29,500,'phone_work','vtiger_users',1,'11','phone_work','Office Phone',1,0,'',50,5,79,1,'V~O',1,NULL,'BAS',1,NULL,0,0,0),(29,501,'department','vtiger_users',1,'1','department','Department',1,0,'',50,3,79,1,'V~O',1,NULL,'BAS',1,NULL,0,0,0),(29,502,'phone_mobile','vtiger_users',1,'11','phone_mobile','Mobile',1,0,'',50,7,79,1,'V~O',1,NULL,'BAS',1,NULL,0,0,0),(29,503,'reports_to_id','vtiger_users',1,'101','reports_to_id','Reports To',1,0,'',50,8,79,1,'V~O',1,NULL,'BAS',1,NULL,0,0,0),(29,504,'phone_other','vtiger_users',1,'11','phone_other','Other Phone',1,0,'',50,11,79,1,'V~O',1,NULL,'BAS',1,NULL,0,0,0),(29,505,'email2','vtiger_users',1,'13','email2','Other Email',1,0,'',100,4,79,1,'E~O',1,NULL,'BAS',1,NULL,0,0,0),(29,506,'phone_fax','vtiger_users',1,'11','phone_fax','Fax',1,0,'',50,2,79,1,'V~O',1,NULL,'BAS',1,NULL,0,0,0),(29,507,'secondaryemail','vtiger_users',1,'13','secondaryemail','Secondary Email',1,0,'',100,6,79,1,'E~O',1,NULL,'BAS',1,NULL,0,0,0),(29,508,'phone_home','vtiger_users',1,'11','phone_home','Home Phone',1,0,'',50,9,79,1,'V~O',1,NULL,'BAS',1,NULL,0,0,0),(29,509,'date_format','vtiger_users',1,'16','date_format','Date Format',1,0,'',30,3,136,1,'V~O',1,NULL,'BAS',1,NULL,0,0,0),(29,510,'signature','vtiger_users',1,'21','signature','Signature',1,0,'',250,13,79,1,'V~O',1,NULL,'BAS',1,NULL,0,0,0),(29,511,'description','vtiger_users',1,'21','description','Documents',1,0,'',250,14,79,1,'V~O',1,NULL,'BAS',1,NULL,0,0,0),(29,512,'address_street','vtiger_users',1,'21','address_street','Street Address',1,0,'',250,1,80,1,'V~O',1,NULL,'BAS',1,NULL,0,0,0),(29,513,'address_city','vtiger_users',1,'1','address_city','City',1,0,'',100,3,80,1,'V~O',1,NULL,'BAS',1,NULL,0,0,0),(29,514,'address_state','vtiger_users',1,'1','address_state','State',1,0,'',100,5,80,1,'V~O',1,NULL,'BAS',1,NULL,0,0,0),(29,515,'address_postalcode','vtiger_users',1,'1','address_postalcode','Postal Code',1,0,'',100,4,80,1,'V~O',1,NULL,'BAS',1,NULL,0,0,0),(29,516,'address_country','vtiger_users',1,'1','address_country','Country',1,0,'',100,2,80,1,'V~O',1,NULL,'BAS',1,NULL,0,0,0),(29,517,'accesskey','vtiger_users',1,'3','accesskey','Webservice Access Key',1,0,'',100,2,83,2,'V~O',1,NULL,'BAS',1,NULL,0,0,0),(29,518,'time_zone','vtiger_users',1,'16','time_zone','Time Zone',1,0,'',200,5,136,1,'V~O',1,NULL,'BAS',1,NULL,0,0,0),(29,519,'currency_id','vtiger_users',1,'117','currency_id','Currency',1,0,'',100,1,78,1,'I~O',1,NULL,'BAS',1,NULL,0,0,0),(29,520,'currency_grouping_pattern','vtiger_users',1,'16','currency_grouping_pattern','Digit Grouping Pattern',1,0,'123456789',100,2,78,1,'V~O',1,NULL,'BAS',1,'<b>Currency - Digit Grouping Pattern</b> <br/><br/>This pattern specifies the format in which the currency separator will be placed.',0,0,0),(29,521,'currency_decimal_separator','vtiger_users',1,'16','currency_decimal_separator','Decimal Separator',1,0,'.',2,3,78,1,'V~O',1,NULL,'BAS',1,'<b>Currency - Decimal Separator</b> <br/><br/>Decimal separator specifies the separator to be used to separate the fractional values from the whole number part. <br/><b>Eg:</b> <br/>. => 123.45 <br/>, => 123,45 <br/>\' => 123\'45 <br/>  => 123 45 <br/>$ => 123$45 <br/>',0,0,0),(29,522,'currency_grouping_separator','vtiger_users',1,'16','currency_grouping_separator','Digit Grouping Separator',1,0,',',2,4,78,1,'V~O',1,NULL,'BAS',1,'<b>Currency - Grouping Separator</b> <br/><br/>Grouping separator specifies the separator to be used to group the whole number part into hundreds, thousands etc. <br/><b>Eg:</b> <br/>. => 123.456.789 <br/>, => 123,456,789 <br/>\' => 123\'456\'789 <br/>  => 123 456 789 <br/>$ => 123$456$789 <br/>',0,0,0),(29,523,'currency_symbol_placement','vtiger_users',1,'16','currency_symbol_placement','Symbol Placement',1,0,'1.0$',20,5,78,1,'V~O',1,NULL,'BAS',1,'<b>Currency - Symbol Placement</b> <br/><br/>Symbol Placement allows you to configure the position of the currency symbol with respect to the currency value.<br/><b>Eg:</b> <br/>$1.0 => $123,456,789.50 <br/>1.0$ => 123,456,789.50$ <br/>',0,0,0),(29,524,'imagename','vtiger_users',1,'105','imagename','User Image',1,0,'',250,10,82,1,'V~O',1,NULL,'BAS',1,NULL,0,0,0),(29,525,'internal_mailer','vtiger_users',1,'56','internal_mailer','INTERNAL_MAIL_COMPOSER',1,0,'',50,15,79,1,'V~O',1,NULL,'BAS',1,NULL,0,0,0),(29,526,'theme','vtiger_users',1,'31','theme','Theme',1,0,'softed',100,16,79,1,'V~O',1,NULL,'BAS',1,NULL,0,0,0),(29,527,'language','vtiger_users',1,'32','language','Language',1,0,'',100,17,79,1,'V~O',1,NULL,'BAS',1,NULL,0,0,0),(29,528,'reminder_interval','vtiger_users',1,'16','reminder_interval','Reminder Interval',1,0,'',100,11,136,1,'V~O',1,NULL,'BAS',1,NULL,0,0,0),(10,529,'from_email','vtiger_emaildetails',1,'12','from_email','From',1,2,'',100,1,21,3,'V~M',3,NULL,'BAS',0,NULL,0,0,0),(10,530,'to_email','vtiger_emaildetails',1,'8','saved_toid','To',1,2,'',100,2,21,1,'V~M',3,NULL,'BAS',0,NULL,0,0,0),(10,531,'cc_email','vtiger_emaildetails',1,'8','ccmail','CC',1,2,'',1000,3,21,1,'V~O',3,NULL,'BAS',0,NULL,0,0,0),(10,532,'bcc_email','vtiger_emaildetails',1,'8','bccmail','BCC',1,2,'',1000,4,21,1,'V~O',3,NULL,'BAS',0,NULL,0,0,0),(10,533,'idlists','vtiger_emaildetails',1,'357','parent_id','Parent ID',1,2,'',1000,5,21,1,'V~O',3,NULL,'BAS',0,NULL,0,0,0),(10,534,'email_flag','vtiger_emaildetails',1,'16','email_flag','Email Flag',1,2,'',1000,6,21,3,'V~O',3,NULL,'BAS',0,NULL,0,0,0),(32,535,'smownerid','vtiger_crmentity',1,'53','assigned_user_id','Assigned To',1,2,'',100,4,88,1,'V~M',2,2,'BAS',1,'',1,0,0),(32,536,'createdtime','vtiger_crmentity',1,'70','createdtime','Created Time',1,0,'',100,17,88,2,'DT~O',3,0,'BAS',0,'',0,0,0),(32,537,'modifiedtime','vtiger_crmentity',1,'70','modifiedtime','Modified Time',1,0,'',100,18,88,2,'DT~O',3,0,'BAS',0,'',0,0,0),(32,538,'start_date','vtiger_servicecontracts',1,'5','start_date','Start Date',1,2,'',100,7,88,1,'D~O',2,4,'BAS',1,'',0,0,0),(32,539,'end_date','vtiger_servicecontracts',1,'5','end_date','End Date',1,2,'',100,11,88,2,'D~O',3,0,'BAS',0,'',0,0,0),(32,540,'sc_related_to','vtiger_servicecontracts',1,'10','sc_related_to','Related to',1,2,'',100,3,88,1,'V~O',2,6,'BAS',1,'',0,0,0),(32,541,'tracking_unit','vtiger_servicecontracts',1,'15','tracking_unit','Tracking Unit',1,2,'',100,6,88,1,'V~O',2,7,'BAS',1,'',0,0,0),(32,542,'total_units','vtiger_servicecontracts',1,'7','total_units','Total Units',1,2,'',100,8,88,1,'NN~O',2,8,'BAS',1,'',1,0,0),(32,543,'used_units','vtiger_servicecontracts',1,'7','used_units','Used Units',1,2,'',100,10,88,1,'NN~O',2,9,'BAS',1,'',1,0,0),(32,544,'subject','vtiger_servicecontracts',1,'1','subject','Subject',1,0,'',100,1,88,1,'V~M',0,1,'BAS',1,'',1,0,0),(32,545,'due_date','vtiger_servicecontracts',1,'23','due_date','Due date',1,2,'',100,9,88,1,'D~O',2,5,'BAS',1,'',0,0,0),(32,546,'planned_duration','vtiger_servicecontracts',1,'1','planned_duration','Planned Duration',1,2,'',100,13,88,2,'V~O',3,0,'BAS',0,'',0,0,0),(32,547,'actual_duration','vtiger_servicecontracts',1,'1','actual_duration','Actual Duration',1,2,'',100,15,88,2,'V~O',3,0,'BAS',0,'',0,0,0),(32,548,'contract_status','vtiger_servicecontracts',1,'15','contract_status','Status',1,2,'',100,12,88,1,'V~O',1,0,'BAS',1,'',0,0,0),(32,549,'priority','vtiger_servicecontracts',1,'15','contract_priority','Priority',1,2,'',100,14,88,1,'V~O',1,0,'BAS',1,'',0,0,0),(32,550,'contract_type','vtiger_servicecontracts',1,'15','contract_type','Type',1,2,'',100,5,88,1,'V~O',1,0,'BAS',1,'',0,0,0),(32,551,'progress','vtiger_servicecontracts',1,'9','progress','Progress',1,2,'',100,16,88,2,'N~O~2~2',3,3,'BAS',0,'',0,0,0),(32,552,'contract_no','vtiger_servicecontracts',1,'4','contract_no','Contract No',1,0,'',100,2,88,1,'V~O',3,0,'BAS',0,'',1,0,0),(32,553,'modifiedby','vtiger_crmentity',1,'52','modifiedby','Last Modified By',1,0,'',100,17,88,3,'V~O',3,0,'BAS',0,'',0,0,0),(32,554,'source','vtiger_crmentity',1,'1','source','Source',1,2,'',100,19,88,2,'V~O',3,10,'BAS',0,'',0,0,0),(32,555,'tags','vtiger_servicecontracts',1,'1','tags','tags',1,2,'',100,20,88,6,'V~O',3,11,'BAS',0,'',0,0,0),(32,556,'smcreatorid','vtiger_crmentity',1,'52','created_user_id','Created By',1,2,'',100,21,88,2,'V~O',3,12,'BAS',0,'',0,0,0),(32,557,'starred','vtiger_crmentity_user_field',1,'56','starred','starred',1,2,'',100,22,88,6,'C~O',3,13,'BAS',0,'',0,0,0),(36,558,'direction','vtiger_pbxmanager',1,'1','direction','Direction',1,2,'',100,1,90,1,'V~O',1,0,'BAS',1,'',0,0,0),(36,559,'callstatus','vtiger_pbxmanager',1,'1','callstatus','Call Status',1,2,'',100,2,90,1,'V~O',1,0,'BAS',1,'',1,0,0),(36,560,'starttime','vtiger_pbxmanager',1,'70','starttime','Start Time',1,2,'',100,7,90,1,'DT~O',1,0,'BAS',1,'',1,0,0),(36,561,'endtime','vtiger_pbxmanager',1,'70','endtime','End Time',1,2,'',100,8,90,1,'DT~O',1,0,'BAS',1,'',0,0,0),(36,562,'totalduration','vtiger_pbxmanager',1,'7','totalduration','Total Duration',1,2,'',100,10,90,1,'I~O',1,0,'BAS',1,'',1,0,0),(36,563,'billduration','vtiger_pbxmanager',1,'7','billduration','Bill Duration',1,2,'',100,11,90,1,'I~O',1,0,'BAS',1,'',0,0,0),(36,564,'recordingurl','vtiger_pbxmanager',1,'17','recordingurl','Recording URL',1,2,'',100,9,90,1,'V~O',1,0,'BAS',1,'',1,0,0),(36,565,'sourceuuid','vtiger_pbxmanager',1,'1','sourceuuid','Source UUID',1,2,'',100,12,90,1,'V~O',1,0,'BAS',1,'',0,0,0),(36,566,'gateway','vtiger_pbxmanager',1,'1','gateway','Gateway',1,2,'',100,13,90,1,'V~O',1,0,'BAS',1,'',0,0,0),(36,567,'customer','vtiger_pbxmanager',1,'10','customer','Customer',1,2,'',100,3,90,1,'V~O',1,0,'BAS',1,'',0,0,0),(36,568,'user','vtiger_pbxmanager',1,'52','user','User',1,2,'',100,4,90,1,'V~O',1,0,'BAS',1,'',1,0,0),(36,569,'customernumber','vtiger_pbxmanager',1,'11','customernumber','Customer Number',1,2,'',100,5,90,1,'V~M',1,0,'BAS',1,'',1,0,0),(36,570,'customertype','vtiger_pbxmanager',1,'1','customertype','Customer Type',1,2,'',100,6,90,1,'V~O',1,0,'BAS',1,'',0,0,0),(36,571,'incominglinename','vtiger_pbxmanager',1,'1','incominglinename','Incoming Line Name',1,2,'',100,17,90,1,'V~O',1,0,'BAS',1,'',0,0,0),(36,572,'smownerid','vtiger_crmentity',1,'53','assigned_user_id','Assigned To',1,2,'',100,14,90,1,'V~M',1,0,'BAS',1,'',0,0,0),(36,573,'createdtime','vtiger_crmentity',1,'70','createdtime','Created Time',1,2,'',100,15,90,2,'DT~O',1,0,'BAS',0,'',0,0,0),(36,574,'modifiedtime','vtiger_crmentity',1,'70','modifiedtime','Modified Time',1,2,'',100,16,90,2,'DT~O',1,0,'BAS',0,'',0,0,0),(36,575,'source','vtiger_crmentity',1,'1','source','Source',1,2,'',100,17,90,2,'V~O',3,1,'BAS',0,'',0,0,0),(36,576,'smcreatorid','vtiger_crmentity',1,'52','created_user_id','Created By',1,2,'',100,18,90,2,'V~O',3,2,'BAS',0,'',0,0,0),(29,577,'phone_crm_extension','vtiger_users',1,'11','phone_crm_extension','CRM Phone Extension',1,2,'',100,18,79,1,'V~O',1,0,'BAS',1,'',0,0,0),(38,578,'servicename','vtiger_service',1,'2','servicename','Service Name',1,0,'',100,1,91,1,'V~M',0,1,'BAS',1,'',1,0,0),(38,579,'service_no','vtiger_service',1,'4','service_no','Service No',1,0,'',100,2,91,1,'V~O',3,0,'BAS',0,'',1,0,0),(38,580,'discontinued','vtiger_service',1,'56','discontinued','Service Active',1,2,'1',100,4,91,1,'V~O',2,3,'BAS',1,'',0,0,0),(38,581,'sales_start_date','vtiger_service',1,'5','sales_start_date','Sales Start Date',1,1,'',100,9,91,1,'D~O',1,0,'BAS',1,'',0,0,0),(38,582,'sales_end_date','vtiger_service',1,'5','sales_end_date','Sales End Date',1,1,'',100,10,91,1,'D~O~OTH~GE~sales_start_date~Sales Start Date',1,0,'BAS',1,'',0,0,0),(38,583,'start_date','vtiger_service',1,'5','start_date','Support Start Date',1,1,'',100,11,91,1,'D~O',1,0,'BAS',1,'',0,0,0),(38,584,'expiry_date','vtiger_service',1,'5','expiry_date','Support Expiry Date',1,1,'',100,12,91,1,'D~O~OTH~GE~start_date~Start Date',1,0,'BAS',1,'',0,0,0),(38,585,'website','vtiger_service',1,'17','website','Website',1,1,'',100,6,91,1,'V~O',1,0,'BAS',1,'',0,0,0),(38,586,'createdtime','vtiger_crmentity',1,'70','createdtime','Created Time',1,0,'',100,13,91,2,'DT~O',3,0,'BAS',0,'',0,0,0),(38,587,'modifiedtime','vtiger_crmentity',1,'70','modifiedtime','Modified Time',1,0,'',100,14,91,2,'DT~O',3,0,'BAS',0,'',0,0,0),(38,588,'modifiedby','vtiger_crmentity',1,'52','modifiedby','Last Modified By',1,0,'',100,16,91,3,'V~O',3,0,'BAS',0,'',0,0,0),(38,589,'service_usageunit','vtiger_service',1,'15','service_usageunit','Usage Unit',1,2,'',100,3,91,1,'V~O',1,0,'BAS',1,'',0,0,0),(38,590,'qty_per_unit','vtiger_service',1,'1','qty_per_unit','No of Units',1,1,'',100,5,91,1,'N~O',1,0,'BAS',1,'',1,0,0),(38,591,'smownerid','vtiger_crmentity',1,'53','assigned_user_id','Owner',1,0,'',100,8,91,1,'I~O',1,0,'BAS',1,'',0,0,0),(38,592,'servicecategory','vtiger_service',1,'15','servicecategory','Service Category',1,1,'',100,7,91,1,'V~O',1,0,'BAS',1,'',0,0,0),(38,593,'source','vtiger_crmentity',1,'1','source','Source',1,2,'',100,17,91,2,'V~O',3,4,'BAS',0,'',0,0,0),(38,594,'tags','vtiger_service',1,'1','tags','tags',1,2,'',100,18,91,6,'V~O',3,5,'BAS',0,'',0,0,0),(38,595,'unit_code','vtiger_service',1,'1','unit_code','Unit Code',1,2,'',100,20,91,1,'V~O',1,0,'BAS',1,'',0,0,0),(38,596,'smcreatorid','vtiger_crmentity',1,'52','created_user_id','Created By',1,2,'',100,21,91,2,'V~O',3,6,'BAS',0,'',0,0,0),(38,597,'unit_price','vtiger_service',1,'72','unit_price','Price',1,0,'',100,1,92,1,'N~O',2,2,'BAS',0,'',1,0,0),(38,598,'taxclass','vtiger_service',1,'83','taxclass','Taxes',1,2,'',100,4,92,1,'V~O',2,0,'BAS',1,'',0,0,0),(38,599,'commissionrate','vtiger_service',1,'9','commissionrate','Commission Rate',1,2,'',100,2,92,1,'N~O',1,0,'BAS',1,'',1,0,0),(38,600,'description','vtiger_crmentity',1,'19','description','Description',1,2,'',100,1,94,1,'V~O',1,0,'BAS',1,'',0,0,0),(38,601,'starred','vtiger_crmentity_user_field',1,'56','starred','starred',1,2,'',100,22,91,6,'C~O',3,7,'BAS',0,'',0,0,0),(40,602,'consignment_no','vtiger_sp_consignment',1,'4','consignment_no','Consignment No',1,0,'',100,1,95,1,'V~O',3,0,'BAS',0,'',1,0,0),(40,603,'invoiceid','vtiger_sp_consignment',1,'10','invoice_id','Invoice Name',1,2,'',100,2,95,1,'V~O',1,0,'BAS',1,'',0,0,0),(40,604,'salesorderid','vtiger_sp_consignment',1,'80','salesorder_id','Sales Order',1,2,'',100,4,95,1,'I~O',3,0,'BAS',1,'',1,0,0),(40,605,'consignmentdate','vtiger_sp_consignment',1,'5','consignmentdate','Consignment Date',1,2,'',100,3,95,1,'D~O',3,0,'BAS',0,'',0,0,0),(40,606,'smownerid','vtiger_crmentity',1,'53','assigned_user_id','Assigned To',1,0,'',100,6,95,1,'V~M',1,0,'BAS',1,'',1,0,0),(40,607,'accountid','vtiger_sp_consignment',1,'10','account_id','Account Name',1,2,'',100,5,95,1,'I~M',3,0,'BAS',1,'',0,0,0),(40,608,'createdtime','vtiger_crmentity',1,'70','createdtime','Created Time',1,0,'',100,8,95,2,'DT~O',3,0,'BAS',0,'',0,0,0),(40,609,'contactid','vtiger_sp_consignment',1,'57','contact_id','Contact Name',1,2,'',100,7,95,1,'I~O',3,0,'BAS',1,'',0,0,0),(40,610,'modifiedtime','vtiger_crmentity',1,'70','modifiedtime','Modified Time',1,0,'',100,10,95,2,'DT~O',3,0,'BAS',0,'',0,0,0),(40,611,'sp_consignmentstatus','vtiger_sp_consignment',1,'15','sp_consignmentstatus','Status',1,2,'',100,9,95,1,'V~O',1,0,'BAS',1,'',1,0,0),(40,612,'adjustment','vtiger_sp_consignment',1,'72','txtAdjustment','Adjustment',1,2,'',100,11,95,3,'NN~O',3,0,'BAS',0,'',0,0,0),(40,613,'subtotal','vtiger_sp_consignment',1,'72','hdnSubTotal','Sub Total',1,2,'',100,12,95,3,'N~O',3,0,'BAS',0,'',0,0,0),(40,614,'total','vtiger_sp_consignment',1,'72','hdnGrandTotal','Total',1,2,'',100,13,95,3,'N~O',3,0,'BAS',0,'',1,0,0),(40,615,'taxtype','vtiger_sp_consignment',1,'16','hdnTaxType','Tax Type',1,2,'',100,14,95,3,'V~O',3,0,'BAS',0,'',0,0,0),(40,616,'discount_percent','vtiger_sp_consignment',1,'72','hdnDiscountPercent','Discount Percent',1,2,'',100,15,134,5,'N~O',3,0,'BAS',0,'',0,0,0),(40,617,'discount_amount','vtiger_sp_consignment',1,'72','hdnDiscountAmount','Discount Amount',1,2,'',100,16,134,5,'N~O',3,0,'BAS',0,'',0,0,0),(40,618,'s_h_amount','vtiger_sp_consignment',1,'72','hdnS_H_Amount','S&H Amount',1,2,'',100,17,95,3,'N~O',3,0,'BAS',0,'',0,0,0),(40,619,'currency_id','vtiger_sp_consignment',1,'117','currency_id','Currency',1,2,'1',100,18,95,3,'I~O',3,0,'BAS',0,'',0,0,0),(40,620,'conversion_rate','vtiger_sp_consignment',1,'1','conversion_rate','Conversion Rate',1,2,'1',100,19,95,3,'N~O',3,0,'BAS',0,'',0,0,0),(40,621,'modifiedby','vtiger_crmentity',1,'52','modifiedby','Last Modified By',1,0,'',100,20,95,3,'V~O',3,0,'BAS',0,'',0,0,0),(40,622,'source','vtiger_crmentity',1,'1','source','Source',1,2,'',100,21,95,2,'V~O',3,1,'BAS',0,'',0,0,0),(40,623,'tags','vtiger_sp_consignment',1,'1','tags','tags',1,2,'',100,22,95,6,'V~O',3,2,'BAS',0,'',0,0,0),(40,624,'smcreatorid','vtiger_crmentity',1,'52','created_user_id','Created By',1,2,'',100,23,95,2,'V~O',3,3,'BAS',0,'',0,0,0),(40,625,'has_goods_consignment','vtiger_sp_consignment',1,'56','has_goods_consignment','Has Goods Consignment',1,0,'',100,1,96,1,'C~O',3,0,'BAS',1,'',0,0,0),(40,626,'goods_consignment_no','vtiger_sp_consignment',1,'1','goods_consignment_no','Goods Consignment No',1,0,'',100,2,96,1,'V~O',3,0,'BAS',1,'',0,0,0),(40,627,'bill_street','vtiger_sp_consignmentbillads',1,'24','bill_street','Billing Address',1,2,'',100,1,97,1,'V~O',3,0,'BAS',1,'',0,0,0),(40,628,'ship_street','vtiger_sp_consignmentshipads',1,'24','ship_street','Shipping Address',1,2,'',100,2,97,1,'V~O',3,0,'BAS',1,'',0,0,0),(40,629,'bill_pobox','vtiger_sp_consignmentbillads',1,'1','bill_pobox','Billing Po Box',1,2,'',100,3,97,1,'V~O',3,0,'BAS',1,'',0,0,0),(40,630,'ship_pobox','vtiger_sp_consignmentshipads',1,'1','ship_pobox','Shipping Po Box',1,2,'',100,4,97,1,'V~O',3,0,'BAS',1,'',0,0,0),(40,631,'bill_city','vtiger_sp_consignmentbillads',1,'1','bill_city','Billing City',1,2,'',100,5,97,1,'V~O',3,0,'BAS',1,'',0,0,0),(40,632,'ship_city','vtiger_sp_consignmentshipads',1,'1','ship_city','Shipping City',1,2,'',100,6,97,1,'V~O',3,0,'BAS',1,'',0,0,0),(40,633,'bill_state','vtiger_sp_consignmentbillads',1,'1','bill_state','Billing State',1,2,'',100,7,97,1,'V~O',3,0,'BAS',1,'',0,0,0),(40,634,'ship_state','vtiger_sp_consignmentshipads',1,'1','ship_state','Shipping State',1,2,'',100,8,97,1,'V~O',3,0,'BAS',1,'',0,0,0),(40,635,'bill_code','vtiger_sp_consignmentbillads',1,'1','bill_code','Billing Code',1,2,'',100,9,97,1,'V~O',3,0,'BAS',1,'',0,0,0),(40,636,'ship_code','vtiger_sp_consignmentshipads',1,'1','ship_code','Shipping Code',1,2,'',100,10,97,1,'V~O',3,0,'BAS',1,'',0,0,0),(40,637,'bill_country','vtiger_sp_consignmentbillads',1,'1','bill_country','Billing Country',1,2,'',100,11,97,1,'V~O',3,0,'BAS',1,'',0,0,0),(40,638,'ship_country','vtiger_sp_consignmentshipads',1,'1','ship_country','Shipping Country',1,2,'',100,12,97,1,'V~O',3,0,'BAS',1,'',0,0,0),(40,639,'description','vtiger_crmentity',1,'19','description','Description',1,2,'',100,1,99,1,'V~O',3,0,'ADV',1,'',0,0,0),(40,640,'starred','vtiger_crmentity_user_field',1,'56','starred','starred',1,2,'',100,24,95,6,'C~O',3,4,'BAS',0,'',0,0,0),(42,641,'unit_no','sp_units',1,'4','unit_no','Unit No',1,0,'',100,1,101,1,'V~O',3,0,'BAS',0,'',1,0,0),(42,642,'unitname','sp_units',1,'1','unitname','Unit Name',1,0,'',200,2,101,1,'V~M',3,0,'BAS',1,'',1,0,0),(42,643,'usageunit','sp_units',1,'1','usageunit','Usage Unit',1,0,'',200,3,101,1,'V~M',3,0,'BAS',1,'',1,0,0),(42,644,'unit_code','sp_units',1,'1','unit_code','Unit Code',1,0,'',200,4,101,1,'V~M',3,0,'BAS',1,'',1,0,0),(42,645,'smownerid','vtiger_crmentity',1,'53','assigned_user_id','Assigned To',1,0,'',100,5,101,1,'V~M',3,0,'BAS',1,'',1,0,0),(42,646,'createdtime','vtiger_crmentity',1,'70','createdtime','Created Time',1,0,'',100,6,101,2,'DT~O',3,0,'BAS',0,'',0,0,0),(42,647,'modifiedtime','vtiger_crmentity',1,'70','modifiedtime','Modified Time',1,0,'',100,7,101,2,'DT~O',3,0,'BAS',0,'',0,0,0),(42,648,'modifiedby','vtiger_crmentity',1,'52','modifiedby','Last Modified By',1,0,'',100,8,101,3,'V~O',3,0,'BAS',0,'',0,0,0),(42,649,'source','vtiger_crmentity',1,'1','source','Source',1,2,'',100,9,101,2,'V~O',3,1,'BAS',0,'',0,0,0),(42,650,'tags','sp_units',1,'1','tags','tags',1,2,'',100,10,101,6,'V~O',3,2,'BAS',0,'',0,0,0),(42,651,'smcreatorid','vtiger_crmentity',1,'52','created_user_id','Created By',1,2,'',100,11,101,2,'V~O',3,3,'BAS',0,'',0,0,0),(42,652,'starred','vtiger_crmentity_user_field',1,'56','starred','starred',1,2,'',100,12,101,6,'C~O',3,4,'BAS',0,'',0,0,0),(14,653,'unit_code','vtiger_products',1,'1','unit_code','Unit Code',1,2,'',100,7,33,1,'V~O',1,0,'BAS',1,'',0,0,0),(43,655,'pay_date','sp_payments',1,'5','pay_date','Pay date',1,0,'',100,2,102,1,'D~M',3,0,'BAS',1,'',0,0,0),(43,656,'pay_type','sp_payments',1,'15','pay_type','Pay type',1,0,'',100,4,102,1,'V~M',3,0,'BAS',1,'',1,0,0),(43,657,'payer','sp_payments',1,'10','payer','Payer',1,0,'',100,5,102,1,'V~M',2,0,'BAS',1,'',1,0,0),(43,658,'pay_no','sp_payments',1,'4','pay_no','Pay No',1,0,'',100,6,102,1,'V~O',3,0,'BAS',0,'',1,0,0),(43,659,'related_to','sp_payments',1,'10','related_to','Invoice To',1,0,'',200,7,102,1,'V~O',2,0,'BAS',1,'',0,0,0),(43,660,'type_payment','sp_payments',1,'15','type_payment','Type payment',1,0,'',100,8,102,1,'V~M',2,0,'BAS',1,'',0,0,0),(43,661,'amount','sp_payments',1,'71','amount','Amount',1,0,'',100,9,102,1,'N~M',2,0,'BAS',1,'',1,0,0),(43,662,'smownerid','vtiger_crmentity',1,'53','assigned_user_id','Assigned To',1,0,'',100,10,102,1,'V~M',3,0,'BAS',1,'',1,0,0),(43,663,'spstatus','sp_payments',1,'15','spstatus','Spstatus',1,0,'',200,11,102,1,'V~M',2,0,'BAS',1,'',0,0,0),(43,664,'createdtime','vtiger_crmentity',1,'70','createdtime','Created Time',1,0,'',100,12,102,2,'DT~O',3,0,'BAS',0,'',0,0,0),(43,665,'modifiedtime','vtiger_crmentity',1,'70','modifiedtime','Modified Time',1,0,'',100,13,102,2,'DT~O',3,0,'BAS',0,'',0,0,0),(43,666,'modifiedby','vtiger_crmentity',1,'52','modifiedby','Last Modified By',1,0,'',100,14,102,3,'V~O',3,0,'BAS',0,'',0,0,0),(43,667,'source','vtiger_crmentity',1,'1','source','Source',1,2,'',100,15,102,2,'V~O',3,1,'BAS',0,'',0,0,0),(43,668,'tags','sp_payments',1,'1','tags','tags',1,2,'',100,16,102,6,'V~O',3,2,'BAS',0,'',0,0,0),(43,669,'smcreatorid','vtiger_crmentity',1,'52','created_user_id','Created By',1,2,'',100,17,102,2,'V~O',3,3,'BAS',0,'',0,0,0),(43,670,'doc_no','sp_payments',1,'1','doc_no','Document no',1,0,'',200,1,103,1,'I~O',3,0,'BAS',1,'',0,0,0),(43,671,'debit','sp_payments',1,'1','debit','Debit',1,0,'',100,2,103,1,'V~O',3,0,'BAS',1,'',0,0,0),(43,672,'pay_details','sp_payments',1,'1','pay_details','Pay details',1,0,'',255,3,103,1,'V~O',3,0,'BAS',1,'',0,0,0),(43,673,'coracc_subacc','sp_payments',1,'1','coracc_subacc','Corresponding Account, Subaccount',1,0,'',100,4,103,1,'V~O',3,0,'BAS',1,'',0,0,0),(43,674,'analytics_code','sp_payments',1,'1','analytics_code','Analytics Code',1,0,'',100,5,103,1,'V~O',3,0,'BAS',1,'',0,0,0),(43,675,'target_code','sp_payments',1,'1','target_code','Target Code',1,0,'',100,6,103,1,'V~O',3,0,'BAS',1,'',0,0,0),(43,676,'description','vtiger_crmentity',1,'19','description','Description',1,2,'',100,1,104,1,'V~O',3,0,'BAS',1,'',0,0,0),(43,677,'starred','vtiger_crmentity_user_field',1,'56','starred','starred',1,2,'',100,18,102,6,'C~O',3,4,'BAS',0,'',0,0,0),(44,678,'message','vtiger_sp_socialconnector',1,'21','message','message',1,0,'',100,1,105,1,'V~M',1,0,'BAS',1,'',1,0,0),(44,679,'smownerid','vtiger_crmentity',1,'53','assigned_user_id','Assigned To',1,0,'',100,2,105,1,'V~M',1,0,'BAS',1,'',1,0,0),(44,680,'message_datetime','vtiger_sp_socialconnector',1,'70','message_datetime','Date Time',1,2,'',100,5,105,1,'DT~O',1,0,'BAS',0,'',1,0,0),(44,681,'type','vtiger_sp_socialconnector',1,'15','type','Type',0,0,'',100,1,105,1,'V~O',1,0,'BAS',1,'',1,0,0),(44,682,'vk_status','vtiger_sp_socialconnector',1,'15','vk_status','Vkontakte',0,0,'',100,7,105,1,'V~O',1,0,'BAS',1,'',0,0,0),(44,683,'tw_status','vtiger_sp_socialconnector',1,'15','tw_status','Twitter',0,0,'',100,8,105,1,'V~O',1,0,'BAS',1,'',0,0,0),(44,684,'vk_message_id','vtiger_sp_socialconnector',1,'2','vk_message_id','Vkontakte Message ID',0,0,'',100,7,105,3,'V~O',1,0,'BAS',1,'',0,0,0),(44,685,'tw_message_id','vtiger_sp_socialconnector',1,'2','tw_message_id','Twitter Message ID',0,0,'',100,7,105,3,'V~O',1,0,'BAS',1,'',0,0,0),(44,686,'source','vtiger_crmentity',1,'1','source','Source',1,2,'',100,9,105,2,'V~O',3,1,'BAS',0,'',0,0,0),(44,687,'tags','vtiger_sp_socialconnector',1,'1','tags','tags',1,2,'',100,10,105,6,'V~O',3,2,'BAS',0,'',0,0,0),(44,688,'smcreatorid','vtiger_crmentity',1,'52','created_user_id','Created By',1,2,'',100,11,105,2,'V~O',3,3,'BAS',0,'',0,0,0),(44,689,'starred','vtiger_crmentity_user_field',1,'56','starred','starred',1,2,'',100,12,105,6,'C~O',3,4,'BAS',0,'',0,0,0),(4,690,'vk_url','vtiger_contactscf',1,'17','vk_url','Vkontakte URL',1,1,'',100,30,4,1,'V~O',1,0,'BAS',1,'',0,0,0),(4,691,'tw_url','vtiger_contactscf',1,'17','tw_url','Twitter URL',1,1,'',100,31,4,1,'V~O',1,0,'BAS',1,'',0,0,0),(7,692,'vk_url','vtiger_leadscf',1,'17','vk_url','Vkontakte URL',1,1,'',100,25,13,1,'V~O',1,0,'BAS',1,'',0,0,0),(7,693,'tw_url','vtiger_leadscf',1,'17','tw_url','Twitter URL',1,1,'',100,26,13,1,'V~O',1,0,'BAS',1,'',0,0,0),(6,694,'vk_url','vtiger_accountscf',1,'17','vk_url','Vkontakte URL',1,1,'',100,27,9,1,'V~O',1,0,'BAS',1,'',0,0,0),(6,695,'tw_url','vtiger_accountscf',1,'17','tw_url','Twitter URL',1,1,'',100,28,9,1,'V~O',1,0,'BAS',1,'',0,0,0),(36,696,'sp_is_local_cached','vtiger_pbxmanager',1,'1','sp_is_local_cached','Is local recorded',1,2,'0',100,19,90,3,'C~O',1,0,'BAS',1,'',0,0,0),(36,697,'sp_recordingurl','vtiger_pbxmanager',1,'1','sp_recordingurl','Recording url',1,2,'',100,20,90,1,'V~O',1,0,'BAS',1,'',0,0,0),(36,698,'sp_is_recorded','vtiger_pbxmanager',1,'1','sp_is_recorded','Is recorded',1,2,'',100,21,90,1,'V~O',1,0,'BAS',1,'',0,0,0),(36,699,'sp_recorded_call_id','vtiger_pbxmanager',1,'1','sp_recorded_call_id','Recorder call id',1,2,'',100,22,90,1,'V~O',1,0,'BAS',1,'',0,0,0),(36,700,'sp_voip_provider','vtiger_pbxmanager',1,'1','sp_voip_provider','Provider',1,2,'',100,23,90,1,'V~O',1,0,'BAS',1,'',0,0,0),(36,701,'sp_call_status_code','vtiger_pbxmanager',1,'1','sp_call_status_code','Status code',1,2,'',100,24,90,1,'V~O',1,0,'BAS',1,'',0,0,0),(36,702,'sp_called_from_number','vtiger_pbxmanager',1,'1','sp_called_from_number','From number',1,2,'',100,25,90,1,'V~O',1,0,'BAS',1,'',0,0,0),(36,703,'sp_called_to_number','vtiger_pbxmanager',1,'1','sp_called_to_number','To number',1,2,'',100,26,90,1,'V~O',1,0,'BAS',1,'',0,0,0),(29,704,'sp_gravitel_id','vtiger_users',1,'1','sp_gravitel_id','Gravitel Id',1,2,'',100,19,79,1,'V~O',1,0,'BAS',1,'',0,0,0),(29,705,'sp_megafon_id','vtiger_users',1,'1','sp_megafon_id','Megafon Id',1,2,'',100,20,79,1,'V~O',1,0,'BAS',1,'',0,0,0),(29,706,'sp_zebra_login','vtiger_users',1,'1','sp_zebra_login','Zebra login',1,2,'',100,21,79,1,'V~O',1,0,'BAS',1,'',0,0,0),(29,707,'sp_uiscom_id','vtiger_users',1,'1','sp_uiscom_id','UIScom ID',1,2,'',100,22,79,1,'V~O',1,0,'BAS',1,'',0,0,0),(29,708,'sp_uiscom_extension','vtiger_users',1,'1','sp_uiscom_extension','UIScom extension',1,2,'',100,23,79,1,'V~O',1,0,'BAS',1,'',0,0,0),(29,709,'sp_telphin_extension','vtiger_users',1,'1','sp_telphin_extension','Telphin extension',1,2,'',100,24,79,1,'V~O',1,0,'BAS',1,'',0,0,0),(29,710,'sp_zadarma_extension','vtiger_users',1,'1','sp_zadarma_extension','Zadarma extension',1,2,'',100,25,79,1,'V~O',1,0,'BAS',1,'',0,0,0),(29,711,'sp_yandex_extension','vtiger_users',1,'1','sp_yandex_extension','Yandex extension',1,2,'',100,26,79,1,'V~O',1,0,'BAS',1,'',0,0,0),(29,712,'sp_yandex_outgoing_number','vtiger_users',1,'1','sp_yandex_outgoing_number','Yandex outgoing number',1,2,'',100,27,79,1,'V~O',1,0,'BAS',1,'',0,0,0),(29,713,'sp_domru_id','vtiger_users',1,'1','sp_domru_id','Dom.RU Id',1,2,'',100,28,79,1,'V~O',1,0,'BAS',1,'',0,0,0),(29,714,'sp_westcall_spb_id','vtiger_users',1,'1','sp_westcall_spb_id','WestCall SPB Id',1,2,'',100,29,79,1,'V~O',1,0,'BAS',1,'',0,0,0),(29,715,'sp_mcn_extension','vtiger_users',1,'1','sp_mcn_extension','MCN Telecom extension',1,2,'',100,30,79,1,'V~O',1,0,'BAS',1,'',0,0,0),(29,716,'sp_rostelecom_extension','vtiger_users',1,'1','sp_rostelecom_extension','Rostelecom extension',1,2,'',100,31,79,1,'V~O',1,0,'BAS',1,'',0,0,0),(29,717,'sp_rostelecom_extension_internal','vtiger_users',1,'1','sp_rostelecom_extension_internal','Rostelecom extension internal',1,2,'',100,32,79,1,'V~O',1,0,'BAS',1,'',0,0,0),(29,718,'sp_rostelecom_extension_sipiru','vtiger_users',1,'1','sp_rostelecom_extension_sipiru','Rostelecom extension SIP URI',1,2,'',100,33,79,1,'V~O',1,0,'BAS',1,'',0,0,0),(29,719,'sp_sipuni_extension','vtiger_users',1,'1','sp_sipuni_extension','Sipuni extension',1,2,'',100,34,79,1,'V~O',1,0,'BAS',1,'',0,0,0),(29,720,'sp_mango_extension','vtiger_users',1,'1','sp_mango_extension','Mango extension',1,2,'',100,35,79,1,'V~O',1,0,'BAS',1,'',0,0,0),(47,721,'smownerid','vtiger_crmentity',1,'53','assigned_user_id','Assigned To',1,0,'',100,2,106,1,'V~M',1,0,'BAS',1,'',1,0,0),(47,722,'createdtime','vtiger_crmentity',1,'70','createdtime','Created Time',1,0,'',100,5,106,2,'DT~O',1,0,'BAS',0,'',0,0,0),(47,723,'modifiedtime','vtiger_crmentity',1,'70','modifiedtime','Modified Time',1,0,'',100,6,106,2,'DT~O',1,0,'BAS',0,'',0,0,0),(47,724,'message','vtiger_smsnotifier',1,'21','message','message',1,0,'',100,1,106,1,'V~M',1,0,'BAS',1,'',1,0,0),(47,725,'modifiedby','vtiger_crmentity',1,'52','modifiedby','Last Modified By',1,0,'',100,7,106,3,'V~O',1,0,'BAS',0,'',0,0,0),(47,726,'source','vtiger_crmentity',1,'1','source','Source',1,2,'',100,8,106,2,'V~O',3,1,'BAS',0,'',0,0,0),(47,727,'smcreatorid','vtiger_crmentity',1,'52','created_user_id','Created By',1,2,'',100,9,106,2,'V~O',3,2,'BAS',0,'',0,0,0),(49,728,'act_no','vtiger_sp_act',1,'4','act_no','Act No',1,0,'',100,1,109,1,'V~O',3,0,'BAS',0,'',1,0,0),(49,729,'salesorderid','vtiger_sp_act',1,'80','salesorder_id','Sales Order',1,2,'',100,2,109,1,'I~O',3,0,'BAS',1,'',1,0,0),(49,730,'actdate','vtiger_sp_act',1,'5','actdate','Act Date',1,2,'',100,3,109,1,'D~O',3,0,'BAS',1,'',0,0,0),(49,731,'smownerid','vtiger_crmentity',1,'53','assigned_user_id','Assigned To',1,0,'',100,4,109,1,'V~M',1,0,'BAS',1,'',1,0,0),(49,732,'accountid','vtiger_sp_act',1,'10','account_id','Account Name',1,2,'',100,5,109,1,'I~M',3,0,'BAS',1,'',0,0,0),(49,733,'createdtime','vtiger_crmentity',1,'70','createdtime','Created Time',1,0,'',100,6,109,2,'DT~O',3,0,'BAS',0,'',0,0,0),(49,734,'contactid','vtiger_sp_act',1,'57','contact_id','Contact Name',1,2,'',100,7,109,1,'I~O',3,0,'BAS',1,'',0,0,0),(49,735,'modifiedtime','vtiger_crmentity',1,'70','modifiedtime','Modified Time',1,0,'',100,8,109,2,'DT~O',3,0,'BAS',0,'',0,0,0),(49,736,'sp_actstatus','vtiger_sp_act',1,'15','sp_actstatus','Status',1,2,'',100,9,109,1,'V~O',1,0,'BAS',1,'',1,0,0),(49,737,'adjustment','vtiger_sp_act',1,'72','txtAdjustment','Adjustment',1,2,'',100,11,109,3,'NN~O',3,0,'BAS',0,'',0,0,0),(49,738,'subtotal','vtiger_sp_act',1,'72','hdnSubTotal','Sub Total',1,2,'',100,12,109,3,'N~O',3,0,'BAS',0,'',0,0,0),(49,739,'total','vtiger_sp_act',1,'72','hdnGrandTotal','Total',1,2,'',100,13,109,3,'N~O',3,0,'BAS',0,'',1,0,0),(49,740,'taxtype','vtiger_sp_act',1,'16','hdnTaxType','Tax Type',1,2,'',100,14,109,3,'V~O',3,0,'BAS',0,'',0,0,0),(49,741,'discount_percent','vtiger_sp_act',1,'72','hdnDiscountPercent','Discount Percent',1,2,'',100,15,133,5,'N~O',3,0,'BAS',0,'',0,0,0),(49,742,'discount_amount','vtiger_sp_act',1,'72','hdnDiscountAmount','Discount Amount',1,2,'',100,16,133,5,'N~O',3,0,'BAS',0,'',0,0,0),(49,743,'s_h_amount','vtiger_sp_act',1,'72','hdnS_H_Amount','S&H Amount',1,2,'',100,17,109,3,'N~O',3,0,'BAS',0,'',0,0,0),(49,744,'currency_id','vtiger_sp_act',1,'117','currency_id','Currency',1,2,'1',100,18,109,3,'I~O',3,0,'BAS',0,'',0,0,0),(49,745,'conversion_rate','vtiger_sp_act',1,'1','conversion_rate','Conversion Rate',1,2,'1',100,19,109,3,'N~O',3,0,'BAS',0,'',0,0,0),(49,746,'modifiedby','vtiger_crmentity',1,'52','modifiedby','Last Modified By',1,0,'',100,20,109,3,'V~O',3,0,'BAS',0,'',0,0,0),(49,747,'source','vtiger_crmentity',1,'1','source','Source',1,2,'',100,21,109,2,'V~O',3,1,'BAS',0,'',0,0,0),(49,748,'tags','vtiger_sp_act',1,'1','tags','tags',1,2,'',100,22,109,6,'V~O',3,2,'BAS',0,'',0,0,0),(49,749,'smcreatorid','vtiger_crmentity',1,'52','created_user_id','Created By',1,2,'',100,23,109,2,'V~O',3,3,'BAS',0,'',0,0,0),(49,750,'bill_street','vtiger_sp_actbillads',1,'24','bill_street','Billing Address',1,2,'',100,1,110,1,'V~O',3,0,'BAS',1,'',0,0,0),(49,751,'ship_street','vtiger_sp_actshipads',1,'24','ship_street','Shipping Address',1,2,'',100,2,110,1,'V~O',3,0,'BAS',1,'',0,0,0),(49,752,'bill_pobox','vtiger_sp_actbillads',1,'1','bill_pobox','Billing Po Box',1,2,'',100,3,110,1,'V~O',3,0,'BAS',1,'',0,0,0),(49,753,'ship_pobox','vtiger_sp_actshipads',1,'1','ship_pobox','Shipping Po Box',1,2,'',100,4,110,1,'V~O',3,0,'BAS',1,'',0,0,0),(49,754,'bill_city','vtiger_sp_actbillads',1,'1','bill_city','Billing City',1,2,'',100,5,110,1,'V~O',3,0,'BAS',1,'',0,0,0),(49,755,'ship_city','vtiger_sp_actshipads',1,'1','ship_city','Shipping City',1,2,'',100,6,110,1,'V~O',3,0,'BAS',1,'',0,0,0),(49,756,'bill_state','vtiger_sp_actbillads',1,'1','bill_state','Billing State',1,2,'',100,7,110,1,'V~O',3,0,'BAS',1,'',0,0,0),(49,757,'ship_state','vtiger_sp_actshipads',1,'1','ship_state','Shipping State',1,2,'',100,8,110,1,'V~O',3,0,'BAS',1,'',0,0,0),(49,758,'bill_code','vtiger_sp_actbillads',1,'1','bill_code','Billing Code',1,2,'',100,9,110,1,'V~O',3,0,'BAS',1,'',0,0,0),(49,759,'ship_code','vtiger_sp_actshipads',1,'1','ship_code','Shipping Code',1,2,'',100,10,110,1,'V~O',3,0,'BAS',1,'',0,0,0),(49,760,'bill_country','vtiger_sp_actbillads',1,'1','bill_country','Billing Country',1,2,'',100,11,110,1,'V~O',3,0,'BAS',1,'',0,0,0),(49,761,'ship_country','vtiger_sp_actshipads',1,'1','ship_country','Shipping Country',1,2,'',100,12,110,1,'V~O',3,0,'BAS',1,'',0,0,0),(49,762,'description','vtiger_crmentity',1,'19','description','Description',1,2,'',100,1,112,1,'V~O',3,0,'ADV',1,'',0,0,0),(49,763,'starred','vtiger_crmentity_user_field',1,'56','starred','starred',1,2,'',100,24,109,6,'C~O',3,4,'BAS',0,'',0,0,0),(23,764,'sp_act_id','vtiger_invoice',1,'10','sp_act_id','Act',1,1,'',100,23,67,1,'I~O',1,0,'BAS',1,'',0,0,0),(6,765,'one_s_id','vtiger_account',1,'1','one_s_id','1C ID',1,1,'',100,29,9,3,'V~O',1,0,'BAS',1,'',0,0,0),(19,766,'one_s_id','vtiger_pricebook',1,'1','one_s_id','1C ID',1,1,'',100,8,46,3,'V~O',1,0,'BAS',1,'',0,0,0),(14,767,'one_s_id','vtiger_products',1,'1','one_s_id','1C ID',1,1,'',100,25,31,3,'V~O',1,0,'BAS',1,'',0,0,0),(22,768,'one_s_id','vtiger_salesorder',1,'1','one_s_id','1C ID',1,1,'',100,23,61,3,'V~O',1,0,'BAS',1,'',0,0,0),(22,769,'fromsite','vtiger_salesorder',1,'1','fromsite','fromsite',1,2,'',100,24,61,3,'V~O',1,0,'BAS',1,'',0,0,0),(38,770,'one_s_id','vtiger_service',1,'1','one_s_id','1C ID',1,1,'',100,24,91,3,'V~O',1,0,'BAS',1,'',0,0,0),(51,771,'asset_no','vtiger_assets',1,'4','asset_no','Asset No',1,0,'',100,2,114,1,'V~O',3,0,'BAS',0,'\n					',1,0,0),(51,772,'product','vtiger_assets',1,'10','product','Product Name',1,2,'',100,3,114,1,'V~M',0,3,'BAS',1,'\n					',1,0,0),(51,773,'serialnumber','vtiger_assets',1,'2','serialnumber','Serial Number',1,2,'',100,4,114,1,'V~M',0,5,'BAS',1,'\n					',0,0,0),(51,774,'datesold','vtiger_assets',1,'5','datesold','Date Sold',1,2,'',100,5,114,1,'D~M~OTH~GE~datesold~Date Sold',0,0,'BAS',1,'\n					',0,0,0),(51,775,'dateinservice','vtiger_assets',1,'5','dateinservice','Date in Service',1,2,'',100,6,114,1,'D~M~OTH~GE~dateinservice~Date in Service',0,4,'BAS',1,'\n					',0,0,0),(51,776,'assetstatus','vtiger_assets',1,'15','assetstatus','Status',1,2,'',100,7,114,1,'V~M',0,0,'BAS',1,'\n					',0,0,0),(51,777,'tagnumber','vtiger_assets',1,'2','tagnumber','Tag Number',1,2,'',100,8,114,1,'V~O',1,0,'BAS',1,'\n					',0,0,0),(51,778,'invoiceid','vtiger_assets',1,'10','invoiceid','Invoice Name',1,2,'',100,9,114,1,'V~O',1,0,'BAS',1,'\n					',0,0,0),(51,779,'shippingmethod','vtiger_assets',1,'2','shippingmethod','Shipping Method',1,2,'',100,10,114,1,'V~O',1,0,'BAS',1,'\n					',0,0,0),(51,780,'shippingtrackingnumber','vtiger_assets',1,'2','shippingtrackingnumber','Shipping Tracking Number',1,2,'',100,11,114,1,'V~O',1,0,'BAS',1,'\n					',0,0,0),(51,781,'smownerid','vtiger_crmentity',1,'53','assigned_user_id','Assigned To',1,2,'',100,4,114,1,'V~M',0,2,'BAS',1,'\n					',0,0,0),(51,782,'assetname','vtiger_assets',1,'1','assetname','Asset Name',1,0,'',100,12,114,1,'V~M',0,6,'BAS',1,'\n					',1,0,0),(51,783,'account','vtiger_assets',1,'10','account','Customer Name',1,2,'',100,13,114,1,'V~M',0,0,'BAS',1,'\n					',1,0,0),(51,784,'contact','vtiger_assets',1,'10','contact','Contact Name',1,2,'',100,14,114,1,'V~O',0,0,'BAS',1,'\n					',0,0,0),(51,785,'createdtime','vtiger_crmentity',1,'70','createdtime','Created Time',1,0,'',100,14,114,2,'DT~O',3,0,'BAS',0,'\n					',0,0,0),(51,786,'modifiedtime','vtiger_crmentity',1,'70','modifiedtime','Modified Time',1,0,'',100,15,114,2,'DT~O',3,0,'BAS',0,'\n					',0,0,0),(51,787,'modifiedby','vtiger_crmentity',1,'52','modifiedby','Last Modified By',1,0,'',100,16,114,3,'V~O',3,0,'BAS',0,'\n					',0,0,0),(51,788,'source','vtiger_crmentity',1,'1','source','Source',1,2,'',100,17,114,2,'V~O',3,7,'BAS',0,'',0,0,0),(51,789,'tags','vtiger_assets',1,'1','tags','tags',1,2,'',100,18,114,6,'V~O',3,8,'BAS',0,'',0,0,0),(51,790,'smcreatorid','vtiger_crmentity',1,'52','created_user_id','Created By',1,2,'',100,19,114,2,'V~O',3,9,'BAS',0,'',0,0,0),(51,791,'description','vtiger_crmentity',1,'19','description','Notes',1,2,'',100,1,116,1,'V~O',1,0,'BAS',1,'\n					',0,0,0),(51,792,'starred','vtiger_crmentity_user_field',1,'56','starred','starred',1,2,'',100,20,114,6,'C~O',3,10,'BAS',0,'',0,0,0),(54,793,'commentcontent','vtiger_modcomments',1,'19','commentcontent','Comment',1,0,'',100,4,117,1,'V~M',0,4,'BAS',2,'',1,0,0),(54,794,'source','vtiger_crmentity',1,'1','source','Source',1,2,'',100,5,117,2,'V~O',3,6,'BAS',0,'',0,0,0),(54,795,'customer','vtiger_modcomments',1,'10','customer','Customer',1,2,'',100,6,117,3,'V~O',1,0,'BAS',1,'',0,0,0),(54,796,'userid','vtiger_modcomments',1,'10','userid','UserId',1,2,'',100,7,117,3,'V~O',1,0,'BAS',1,'',0,0,0),(54,797,'reasontoedit','vtiger_modcomments',1,'19','reasontoedit','ReasonToEdit',1,2,'',100,8,117,1,'V~O',1,0,'BAS',1,'',0,0,0),(54,798,'smcreatorid','vtiger_crmentity',1,'52','created_user_id','Created By',1,2,'',100,9,117,2,'V~O',3,7,'BAS',0,'',0,0,0),(54,799,'smownerid','vtiger_crmentity',1,'53','assigned_user_id','Assigned To',1,0,'',100,1,118,1,'V~M',0,1,'BAS',2,'',1,0,0),(54,800,'createdtime','vtiger_crmentity',1,'70','createdtime','Created Time',1,0,'',100,5,118,2,'DT~O',0,2,'BAS',0,'',0,0,0),(54,801,'modifiedtime','vtiger_crmentity',1,'70','modifiedtime','Modified Time',1,0,'',100,6,118,2,'DT~O',0,3,'BAS',0,'',0,0,0),(54,802,'related_to','vtiger_modcomments',1,'10','related_to','Related To',1,2,'',100,2,118,1,'V~M',2,5,'BAS',2,'',0,0,0),(54,803,'smcreatorid','vtiger_crmentity',1,'52','creator','Creator',1,2,'',100,4,118,2,'V~O',1,0,'BAS',1,'',0,0,0),(54,804,'parent_comments','vtiger_modcomments',1,'10','parent_comments','Related To Comments',1,2,'',100,7,118,1,'V~O',1,0,'BAS',1,'',0,0,0),(57,805,'projectmilestonename','vtiger_projectmilestone',1,'2','projectmilestonename','Project Milestone Name',1,2,'',100,1,120,1,'V~M',0,1,'BAS',1,'',1,0,0),(57,806,'projectmilestonedate','vtiger_projectmilestone',1,'5','projectmilestonedate','Milestone Date',1,2,'',100,5,120,1,'D~O',0,3,'BAS',1,'',1,0,0),(57,807,'projectid','vtiger_projectmilestone',1,'10','projectid','Related to',1,0,'',100,4,120,1,'V~M',0,4,'BAS',1,'',0,0,0),(57,808,'projectmilestonetype','vtiger_projectmilestone',1,'15','projectmilestonetype','Type',1,2,'',100,7,120,1,'V~O',1,0,'BAS',1,'',1,0,0),(57,809,'smownerid','vtiger_crmentity',1,'53','assigned_user_id','Assigned To',1,2,'',100,6,120,1,'V~M',0,2,'BAS',1,'',0,0,0),(57,810,'projectmilestone_no','vtiger_projectmilestone',2,'4','projectmilestone_no','Project Milestone No',1,0,'',100,2,120,1,'V~O',3,4,'BAS',0,'',0,0,0),(57,811,'createdtime','vtiger_crmentity',1,'70','createdtime','Created Time',1,2,'',100,1,121,2,'DT~O',1,0,'BAS',0,'',0,0,0),(57,812,'modifiedtime','vtiger_crmentity',1,'70','modifiedtime','Modified Time',1,2,'',100,2,121,2,'DT~O',1,0,'BAS',0,'',0,0,0),(57,813,'modifiedby','vtiger_crmentity',1,'52','modifiedby','Last Modified By',1,0,'',100,3,121,3,'V~O',3,0,'BAS',0,'',0,0,0),(57,814,'description','vtiger_crmentity',1,'19','description','Description',1,2,'',100,1,122,1,'V~O',1,0,'BAS',1,'',0,0,0),(57,815,'source','vtiger_crmentity',1,'1','source','Source',1,2,'',100,8,120,2,'V~O',3,5,'BAS',0,'',0,0,0),(57,816,'starred','vtiger_crmentity_user_field',1,'56','starred','starred',1,2,'',100,9,120,6,'C~O',3,6,'BAS',0,'',0,0,0),(57,817,'tags','vtiger_projectmilestone',1,'1','tags','tags',1,2,'',100,10,120,6,'V~O',3,7,'BAS',0,'',0,0,0),(58,818,'projecttaskname','vtiger_projecttask',1,'2','projecttaskname','Project Task Name',1,2,'',100,1,123,1,'V~M',0,1,'BAS',1,'',1,0,0),(58,819,'projecttasktype','vtiger_projecttask',1,'15','projecttasktype','Type',1,2,'',100,4,123,1,'V~O',1,0,'BAS',1,'',1,0,0),(58,820,'projecttaskpriority','vtiger_projecttask',1,'15','projecttaskpriority','Priority',1,2,'',100,3,123,1,'V~O',1,0,'BAS',1,'',0,0,0),(58,821,'projectid','vtiger_projecttask',1,'10','projectid','Related to',1,0,'',100,6,123,1,'V~M',0,5,'BAS',1,'',0,0,0),(58,822,'smownerid','vtiger_crmentity',1,'53','assigned_user_id','Assigned To',1,2,'',100,7,123,1,'V~M',0,2,'BAS',1,'',1,0,0),(58,823,'projecttasknumber','vtiger_projecttask',1,'7','projecttasknumber','Project Task Number',1,2,'',100,5,123,1,'I~O',1,0,'BAS',1,'',0,0,0),(58,824,'projecttask_no','vtiger_projecttask',2,'4','projecttask_no','Project Task No',1,0,'',100,2,123,1,'V~O',3,4,'BAS',0,'',0,0,0),(58,825,'projecttaskprogress','vtiger_projecttask',1,'15','projecttaskprogress','Progress',1,2,'',100,1,124,1,'V~O',1,0,'BAS',1,'',1,0,0),(58,826,'projecttaskhours','vtiger_projecttask',1,'7','projecttaskhours','Worked Hours',1,2,'',100,2,124,1,'V~O',1,0,'BAS',1,'',0,0,0),(58,827,'startdate','vtiger_projecttask',1,'5','startdate','Start Date',1,2,'',100,3,124,1,'D~O',0,3,'BAS',1,'',1,0,0),(58,828,'enddate','vtiger_projecttask',1,'5','enddate','End Date',1,2,'',100,4,124,1,'D~O~OTH~GE~startdate~Start Date',1,0,'BAS',1,'',1,0,0),(58,829,'createdtime','vtiger_crmentity',1,'70','createdtime','Created Time',1,2,'',100,5,124,2,'DT~O',1,0,'BAS',0,'',0,0,0),(58,830,'modifiedtime','vtiger_crmentity',1,'70','modifiedtime','Modified Time',1,2,'',100,6,124,2,'DT~O',1,0,'BAS',0,'',0,0,0),(58,831,'modifiedby','vtiger_crmentity',1,'52','modifiedby','Last Modified By',1,0,'',100,7,124,3,'V~O',3,0,'BAS',0,'',0,0,0),(58,832,'description','vtiger_crmentity',1,'19','description','description',1,2,'',100,1,125,1,'V~O',1,0,'BAS',1,'',0,0,0),(58,833,'source','vtiger_crmentity',1,'1','source','Source',1,2,'',100,8,123,2,'V~O',3,6,'BAS',0,'',0,0,0),(58,834,'starred','vtiger_crmentity_user_field',1,'56','starred','starred',1,2,'',100,9,123,6,'C~O',3,7,'BAS',0,'',0,0,0),(58,835,'tags','vtiger_projecttask',1,'1','tags','tags',1,2,'',100,10,123,6,'V~O',3,8,'BAS',0,'',0,0,0),(59,836,'projectname','vtiger_project',1,'2','projectname','Project Name',1,2,'',100,1,126,1,'V~M',0,1,'BAS',1,'',1,0,0),(59,837,'startdate','vtiger_project',1,'23','startdate','Start Date',1,2,'',100,3,126,1,'D~O',0,3,'BAS',1,'',1,0,0),(59,838,'targetenddate','vtiger_project',1,'23','targetenddate','Target End Date',1,2,'',100,5,126,1,'D~O~OTH~GE~startdate~Start Date',0,4,'BAS',1,'',1,0,0),(59,839,'actualenddate','vtiger_project',1,'23','actualenddate','Actual End Date',1,2,'',100,6,126,1,'D~O~OTH~GE~startdate~Start Date',1,0,'BAS',1,'',0,0,0),(59,840,'projectstatus','vtiger_project',1,'15','projectstatus','Status',1,2,'',100,7,126,1,'V~O',1,0,'BAS',1,'',1,0,0),(59,841,'projecttype','vtiger_project',1,'15','projecttype','Type',1,2,'',100,8,126,1,'V~O',1,0,'BAS',1,'',1,0,0),(59,842,'linktoaccountscontacts','vtiger_project',1,'10','linktoaccountscontacts','Related to',1,2,'',100,9,126,1,'V~O',1,0,'BAS',1,'',0,1,0),(59,843,'smownerid','vtiger_crmentity',1,'53','assigned_user_id','Assigned To',1,2,'',100,4,126,1,'V~M',0,2,'BAS',1,'',1,0,0),(59,844,'project_no','vtiger_project',2,'4','project_no','Project No',1,0,'',100,2,126,1,'V~O',3,0,'BAS',0,'',0,0,0),(59,845,'targetbudget','vtiger_project',1,'7','targetbudget','Target Budget',1,2,'',100,1,127,1,'V~O',1,0,'BAS',1,'',0,0,0),(59,846,'projecturl','vtiger_project',1,'17','projecturl','Project Url',1,2,'',100,2,127,1,'V~O',1,0,'BAS',1,'',0,0,0),(59,847,'projectpriority','vtiger_project',1,'15','projectpriority','Priority',1,2,'',100,3,127,1,'V~O',1,0,'BAS',1,'',0,0,0),(59,848,'progress','vtiger_project',1,'15','progress','Progress',1,2,'',100,4,127,1,'V~O',1,0,'BAS',1,'',0,0,0),(59,849,'createdtime','vtiger_crmentity',1,'70','createdtime','Created Time',1,2,'',100,5,127,2,'DT~O',1,0,'BAS',0,'',0,0,0),(59,850,'modifiedtime','vtiger_crmentity',1,'70','modifiedtime','Modified Time',1,2,'',100,6,127,2,'DT~O',1,0,'BAS',0,'',0,0,0),(59,851,'modifiedby','vtiger_crmentity',1,'52','modifiedby','Last Modified By',1,0,'',100,7,127,3,'V~O',3,0,'BAS',0,'',0,0,0),(59,852,'description','vtiger_crmentity',1,'19','description','Description',1,2,'',100,1,128,1,'V~O',1,0,'BAS',1,'',0,0,0),(59,853,'source','vtiger_crmentity',1,'1','source','Source',1,2,'',100,10,126,2,'V~O',3,5,'BAS',0,'',0,0,0),(59,854,'starred','vtiger_crmentity_user_field',1,'56','starred','starred',1,2,'',100,11,126,6,'C~O',3,6,'BAS',0,'',0,0,0),(59,855,'tags','vtiger_project',1,'1','tags','tags',1,2,'',100,12,126,6,'V~O',3,7,'BAS',0,'',0,0,0),(2,856,'forecast_amount','vtiger_potential',1,'71','forecast_amount','Forecast Amount',1,1,'',100,18,1,1,'N~O',1,0,'BAS',0,'',0,0,0),(29,857,'no_of_currency_decimals','vtiger_users',1,'16','no_of_currency_decimals','Number Of Currency Decimals',1,2,'2',100,6,78,1,'V~O',1,0,'BAS',1,'<b>Currency - Number of Decimal places</b> <br/><br/>Number of decimal places specifies how many number of decimals will be shown after decimal separator.<br/><b>Eg:</b> 123.00',0,0,0),(23,858,'productid','vtiger_inventoryproductrel',1,'10','productid','Item Name',0,2,'',100,1,129,5,'V~M',1,0,'BAS',0,'',0,0,0),(23,859,'quantity','vtiger_inventoryproductrel',1,'7','quantity','Quantity',0,2,'',100,2,129,5,'N~O',1,0,'BAS',0,'',0,0,0),(23,860,'listprice','vtiger_inventoryproductrel',1,'71','listprice','List Price',0,2,'',100,3,129,5,'N~O',1,0,'BAS',0,'',0,0,0),(23,861,'comment','vtiger_inventoryproductrel',1,'19','comment','Item Comment',0,2,'',100,4,129,5,'V~O',1,0,'BAS',0,'',0,0,0),(23,862,'discount_amount','vtiger_inventoryproductrel',1,'71','discount_amount','Item Discount Amount',0,2,'',100,5,129,5,'N~O',1,0,'BAS',0,'',0,0,0),(23,863,'discount_percent','vtiger_inventoryproductrel',1,'7','discount_percent','Item Discount Percent',0,2,'',100,6,129,5,'V~O',1,0,'BAS',0,'',0,0,0),(23,864,'tax1','vtiger_inventoryproductrel',1,'83','tax1','НДС',0,2,'',100,7,129,5,'V~O',1,0,'BAS',0,'',0,0,0),(23,865,'tax2','vtiger_inventoryproductrel',1,'83','tax2','Tax2',0,2,'',100,8,129,5,'V~O',1,0,'BAS',0,'',0,0,0),(23,866,'tax3','vtiger_inventoryproductrel',1,'83','tax3','Tax3',0,2,'',100,9,129,5,'V~O',1,0,'BAS',0,'',0,0,0),(22,867,'productid','vtiger_inventoryproductrel',1,'10','productid','Item Name',0,2,'',100,1,130,5,'V~M',1,0,'BAS',0,'',0,0,0),(22,868,'quantity','vtiger_inventoryproductrel',1,'7','quantity','Quantity',0,2,'',100,2,130,5,'N~O',1,0,'BAS',0,'',0,0,0),(22,869,'listprice','vtiger_inventoryproductrel',1,'71','listprice','List Price',0,2,'',100,3,130,5,'N~O',1,0,'BAS',0,'',0,0,0),(22,870,'comment','vtiger_inventoryproductrel',1,'19','comment','Item Comment',0,2,'',100,4,130,5,'V~O',1,0,'BAS',0,'',0,0,0),(22,871,'discount_amount','vtiger_inventoryproductrel',1,'71','discount_amount','Item Discount Amount',0,2,'',100,5,130,5,'N~O',1,0,'BAS',0,'',0,0,0),(22,872,'discount_percent','vtiger_inventoryproductrel',1,'7','discount_percent','Item Discount Percent',0,2,'',100,6,130,5,'V~O',1,0,'BAS',0,'',0,0,0),(22,873,'tax1','vtiger_inventoryproductrel',1,'83','tax1','НДС',0,2,'',100,7,130,5,'V~O',1,0,'BAS',0,'',0,0,0),(22,874,'tax2','vtiger_inventoryproductrel',1,'83','tax2','Tax2',0,2,'',100,8,130,5,'V~O',1,0,'BAS',0,'',0,0,0),(22,875,'tax3','vtiger_inventoryproductrel',1,'83','tax3','Tax3',0,2,'',100,9,130,5,'V~O',1,0,'BAS',0,'',0,0,0),(21,876,'productid','vtiger_inventoryproductrel',1,'10','productid','Item Name',0,2,'',100,1,131,5,'V~M',1,0,'BAS',0,'',0,0,0),(21,877,'quantity','vtiger_inventoryproductrel',1,'7','quantity','Quantity',0,2,'',100,2,131,5,'N~O',1,0,'BAS',0,'',0,0,0),(21,878,'listprice','vtiger_inventoryproductrel',1,'71','listprice','List Price',0,2,'',100,3,131,5,'N~O',1,0,'BAS',0,'',0,0,0),(21,879,'comment','vtiger_inventoryproductrel',1,'19','comment','Item Comment',0,2,'',100,4,131,5,'V~O',1,0,'BAS',0,'',0,0,0),(21,880,'discount_amount','vtiger_inventoryproductrel',1,'71','discount_amount','Item Discount Amount',0,2,'',100,5,131,5,'N~O',1,0,'BAS',0,'',0,0,0),(21,881,'discount_percent','vtiger_inventoryproductrel',1,'7','discount_percent','Item Discount Percent',0,2,'',100,6,131,5,'V~O',1,0,'BAS',0,'',0,0,0),(21,882,'tax1','vtiger_inventoryproductrel',1,'83','tax1','НДС',0,2,'',100,7,131,5,'V~O',1,0,'BAS',0,'',0,0,0),(21,883,'tax2','vtiger_inventoryproductrel',1,'83','tax2','Tax2',0,2,'',100,8,131,5,'V~O',1,0,'BAS',0,'',0,0,0),(21,884,'tax3','vtiger_inventoryproductrel',1,'83','tax3','Tax3',0,2,'',100,9,131,5,'V~O',1,0,'BAS',0,'',0,0,0),(20,885,'productid','vtiger_inventoryproductrel',1,'10','productid','Item Name',0,2,'',100,1,132,5,'V~M',1,0,'BAS',0,'',0,0,0),(20,886,'quantity','vtiger_inventoryproductrel',1,'7','quantity','Quantity',0,2,'',100,2,132,5,'N~O',1,0,'BAS',0,'',0,0,0),(20,887,'listprice','vtiger_inventoryproductrel',1,'71','listprice','List Price',0,2,'',100,3,132,5,'N~O',1,0,'BAS',0,'',0,0,0),(20,888,'comment','vtiger_inventoryproductrel',1,'19','comment','Item Comment',0,2,'',100,4,132,5,'V~O',1,0,'BAS',0,'',0,0,0),(20,889,'discount_amount','vtiger_inventoryproductrel',1,'71','discount_amount','Item Discount Amount',0,2,'',100,5,132,5,'N~O',1,0,'BAS',0,'',0,0,0),(20,890,'discount_percent','vtiger_inventoryproductrel',1,'7','discount_percent','Item Discount Percent',0,2,'',100,6,132,5,'V~O',1,0,'BAS',0,'',0,0,0),(20,891,'tax1','vtiger_inventoryproductrel',1,'83','tax1','НДС',0,2,'',100,7,132,5,'V~O',1,0,'BAS',0,'',0,0,0),(20,892,'tax2','vtiger_inventoryproductrel',1,'83','tax2','Tax2',0,2,'',100,8,132,5,'V~O',1,0,'BAS',0,'',0,0,0),(20,893,'tax3','vtiger_inventoryproductrel',1,'83','tax3','Tax3',0,2,'',100,9,132,5,'V~O',1,0,'BAS',0,'',0,0,0),(49,894,'productid','vtiger_inventoryproductrel',1,'10','productid','Item Name',0,2,'',100,1,133,5,'V~M',1,0,'BAS',0,'',0,0,0),(49,895,'quantity','vtiger_inventoryproductrel',1,'7','quantity','Quantity',0,2,'',100,2,133,5,'N~O',1,0,'BAS',0,'',0,0,0),(49,896,'listprice','vtiger_inventoryproductrel',1,'71','listprice','List Price',0,2,'',100,3,133,5,'N~O',1,0,'BAS',0,'',0,0,0),(49,897,'comment','vtiger_inventoryproductrel',1,'19','comment','Item Comment',0,2,'',100,4,133,5,'V~O',1,0,'BAS',0,'',0,0,0),(49,898,'discount_amount','vtiger_inventoryproductrel',1,'71','discount_amount','Item Discount Amount',0,2,'',100,5,133,5,'N~O',1,0,'BAS',0,'',0,0,0),(49,899,'discount_percent','vtiger_inventoryproductrel',1,'7','discount_percent','Item Discount Percent',0,2,'',100,6,133,5,'V~O',1,0,'BAS',0,'',0,0,0),(49,900,'tax1','vtiger_inventoryproductrel',1,'83','tax1','НДС',0,2,'',100,7,133,5,'V~O',1,0,'BAS',0,'',0,0,0),(49,901,'tax2','vtiger_inventoryproductrel',1,'83','tax2','Tax2',0,2,'',100,8,133,5,'V~O',1,0,'BAS',0,'',0,0,0),(49,902,'tax3','vtiger_inventoryproductrel',1,'83','tax3','Tax3',0,2,'',100,9,133,5,'V~O',1,0,'BAS',0,'',0,0,0),(40,903,'productid','vtiger_inventoryproductrel',1,'10','productid','Item Name',0,2,'',100,1,134,5,'V~M',1,0,'BAS',0,'',0,0,0),(40,904,'quantity','vtiger_inventoryproductrel',1,'7','quantity','Quantity',0,2,'',100,2,134,5,'N~O',1,0,'BAS',0,'',0,0,0),(40,905,'listprice','vtiger_inventoryproductrel',1,'71','listprice','List Price',0,2,'',100,3,134,5,'N~O',1,0,'BAS',0,'',0,0,0),(40,906,'comment','vtiger_inventoryproductrel',1,'19','comment','Item Comment',0,2,'',100,4,134,5,'V~O',1,0,'BAS',0,'',0,0,0),(40,907,'discount_amount','vtiger_inventoryproductrel',1,'71','discount_amount','Item Discount Amount',0,2,'',100,5,134,5,'N~O',1,0,'BAS',0,'',0,0,0),(40,908,'discount_percent','vtiger_inventoryproductrel',1,'7','discount_percent','Item Discount Percent',0,2,'',100,6,134,5,'V~O',1,0,'BAS',0,'',0,0,0),(40,909,'tax1','vtiger_inventoryproductrel',1,'83','tax1','НДС',0,2,'',100,7,134,5,'V~O',1,0,'BAS',0,'',0,0,0),(40,910,'tax2','vtiger_inventoryproductrel',1,'83','tax2','Tax2',0,2,'',100,8,134,5,'V~O',1,0,'BAS',0,'',0,0,0),(40,911,'tax3','vtiger_inventoryproductrel',1,'83','tax3','Tax3',0,2,'',100,9,134,5,'V~O',1,0,'BAS',0,'',0,0,0),(29,912,'truncate_trailing_zeros','vtiger_users',1,'56','truncate_trailing_zeros','Truncate Trailing Zeros',1,2,'0',100,7,78,1,'V~O',1,0,'BAS',1,'<b> Truncate Trailing Zeros </b> <br/><br/>It truncated trailing 0s in any of Currency, Decimal and Percentage Field types<br/><br/><b>Ex:</b><br/>If value is 89.00000 then <br/>decimal and Percentage fields were shows 89<br/>currency field type - shows 89.00<br/>',0,0,0),(58,913,'projecttaskstatus','vtiger_projecttask',1,'15','projecttaskstatus','Status',1,2,'',100,11,123,1,'V~O',0,9,'BAS',1,'',0,0,0),(29,914,'dayoftheweek','vtiger_users',1,'16','dayoftheweek','Starting Day of the week',1,2,'Monday',100,1,136,1,'V~O',1,0,'BAS',1,'',0,0,0),(29,915,'callduration','vtiger_users',1,'16','callduration','Default Call Duration',1,2,'5',100,7,136,1,'V~O',1,0,'BAS',1,'',0,0,0),(29,916,'othereventduration','vtiger_users',1,'16','othereventduration','Other Event Duration',1,2,'5',100,8,136,1,'V~O',1,0,'BAS',1,'',0,0,0),(23,917,'pre_tax_total','vtiger_invoice',1,'72','pre_tax_total','Pre Tax Total',1,2,'',100,24,67,3,'N~O',1,0,'BAS',1,'',0,0,0),(22,918,'pre_tax_total','vtiger_salesorder',1,'72','pre_tax_total','Pre Tax Total',1,2,'',100,25,61,3,'N~O',1,0,'BAS',1,'',0,0,0),(21,919,'pre_tax_total','vtiger_purchaseorder',1,'72','pre_tax_total','Pre Tax Total',1,2,'',100,23,55,3,'N~O',1,0,'BAS',1,'',0,0,0),(20,920,'pre_tax_total','vtiger_quotes',1,'72','pre_tax_total','Pre Tax Total',1,2,'',100,23,49,3,'N~O',1,0,'BAS',1,'',0,0,0),(49,921,'pre_tax_total','vtiger_sp_act',1,'72','pre_tax_total','Pre Tax Total',1,2,'',100,25,109,3,'N~O',1,0,'BAS',1,'',0,0,0),(40,922,'pre_tax_total','vtiger_sp_consignment',1,'72','pre_tax_total','Pre Tax Total',1,2,'',100,25,95,3,'N~O',1,0,'BAS',1,'',0,0,0),(29,923,'calendarsharedtype','vtiger_users',1,'16','calendarsharedtype','Calendar Shared Type',1,2,'Public',100,12,136,3,'V~O',1,0,'BAS',1,'',0,0,0),(6,924,'isconvertedfromlead','vtiger_account',1,'56','isconvertedfromlead','Is Converted From Lead',1,2,'no',100,30,9,1,'C~O',1,0,'BAS',1,'',0,0,0),(4,925,'isconvertedfromlead','vtiger_contactdetails',1,'56','isconvertedfromlead','Is Converted From Lead',1,2,'no',100,13,4,1,'C~O',1,0,'BAS',1,'',0,0,0),(2,926,'isconvertedfromlead','vtiger_potential',1,'56','isconvertedfromlead','Is Converted From Lead',1,2,'no',100,19,1,1,'C~O',1,0,'BAS',1,'',0,0,0),(29,927,'default_record_view','vtiger_users',1,'16','default_record_view','Default Record View',1,2,'Summary',100,36,79,1,'V~O',1,0,'BAS',1,'',0,0,0),(23,928,'received','vtiger_invoice',1,'72','received','Received',1,2,'0',100,25,67,3,'N~O',1,0,'BAS',1,'',0,0,0),(23,929,'balance','vtiger_invoice',1,'72','balance','Balance',1,2,'0',100,26,67,3,'N~O',1,0,'BAS',1,'',0,0,0),(21,930,'paid','vtiger_purchaseorder',1,'72','paid','Paid',1,2,'0',100,24,55,3,'N~O',1,0,'BAS',1,'',0,0,0),(21,931,'balance','vtiger_purchaseorder',1,'72','balance','Balance',1,2,'0',100,25,55,3,'N~O',1,0,'BAS',1,'',0,0,0),(7,932,'emailoptout','vtiger_leaddetails',1,'56','emailoptout','Email Opt Out',1,0,'',100,27,13,1,'C~O',1,0,'BAS',1,'',0,0,0),(23,933,'s_h_percent','vtiger_invoice',1,'1','hdnS_H_Percent','S&H Percent',0,2,'',100,10,129,5,'N~O',0,1,'BAS',0,'',0,0,0),(20,934,'s_h_percent','vtiger_quotes',1,'1','hdnS_H_Percent','S&H Percent',0,2,'',100,10,132,5,'N~O',0,1,'BAS',0,'',0,0,0),(21,935,'s_h_percent','vtiger_purchaseorder',1,'1','hdnS_H_Percent','S&H Percent',0,2,'',100,10,131,5,'N~O',0,1,'BAS',0,'',0,0,0),(22,936,'s_h_percent','vtiger_salesorder',1,'1','hdnS_H_Percent','S&H Percent',0,2,'',100,10,130,5,'N~O',0,1,'BAS',0,'',0,0,0),(49,937,'s_h_percent','vtiger_sp_act',1,'1','hdnS_H_Percent','S&H Percent',0,2,'',100,10,133,5,'N~O',0,5,'BAS',0,'',0,0,0),(40,938,'s_h_percent','vtiger_sp_consignment',1,'1','hdnS_H_Percent','S&H Percent',0,2,'',100,10,134,5,'N~O',0,5,'BAS',0,'',0,0,0),(29,939,'leftpanelhide','vtiger_users',1,'56','leftpanelhide','Left Panel Hide',1,2,'0',100,37,79,1,'V~O',1,0,'BAS',1,'',0,0,0),(2,940,'contact_id','vtiger_potential',1,'10','contact_id','Contact Name',1,2,'',100,4,1,1,'V~O',1,0,'BAS',1,'',1,0,0),(13,941,'contact_id','vtiger_troubletickets',1,'10','contact_id','Contact Name',1,2,'',100,3,25,1,'V~O',1,0,'BAS',1,'',1,0,0),(29,942,'rowheight','vtiger_users',1,'16','rowheight','Row Height',1,2,'medium',100,38,79,1,'V~O',1,0,'BAS',1,'',0,0,0),(29,943,'defaulteventstatus','vtiger_users',1,'15','defaulteventstatus','Default Event Status',1,2,'Planned',100,9,136,1,'V~O',1,0,'BAS',1,'',0,0,0),(29,944,'defaultactivitytype','vtiger_users',1,'15','defaultactivitytype','Default Activity Type',1,2,'Call',100,10,136,1,'V~O',1,0,'BAS',1,'',0,0,0),(29,945,'hidecompletedevents','vtiger_users',1,'56','hidecompletedevents','LBL_HIDE_COMPLETED_EVENTS',1,2,'0',100,13,136,1,'C~O',1,0,'BAS',1,'',0,0,0),(23,977,'spcompany','vtiger_invoice',1,'16','spcompany','Self Company',1,1,'Default',100,27,67,1,'V~O',1,NULL,'BAS',1,NULL,0,NULL,0),(20,978,'spcompany','vtiger_quotes',1,'16','spcompany','Self Company',1,1,'Default',100,24,49,1,'V~O',1,NULL,'BAS',1,NULL,0,NULL,0),(22,979,'spcompany','vtiger_salesorder',1,'16','spcompany','Self Company',1,1,'Default',100,26,61,1,'V~O',1,NULL,'BAS',1,NULL,0,NULL,0),(49,980,'spcompany','vtiger_sp_act',1,'16','spcompany','Self Company',1,0,'Default',100,26,109,1,'V~O',1,NULL,'BAS',1,NULL,0,NULL,0),(40,981,'spcompany','vtiger_sp_consignment',1,'16','spcompany','Self Company',1,0,'Default',100,26,95,1,'V~O',1,NULL,'BAS',1,NULL,0,NULL,0),(2,982,'spcompany','vtiger_potential',1,'16','spcompany','Self Company',1,1,'Default',100,20,1,1,'V~O',1,NULL,'BAS',1,NULL,0,NULL,0),(21,983,'spcompany','vtiger_purchaseorder',1,'16','spcompany','Self Company',1,0,'Default',100,26,55,1,'V~O',1,NULL,'BAS',1,NULL,0,NULL,0),(43,984,'spcompany','sp_payments',1,'16','spcompany','Self Company',1,1,'Default',100,19,102,1,'V~O',1,NULL,'BAS',1,NULL,0,NULL,0),(2,985,'smcreatorid','vtiger_crmentity',1,'53','created_user_id','Created By',1,2,'',100,21,1,2,'V~O',3,7,'BAS',0,'',0,0,0),(4,986,'smcreatorid','vtiger_crmentity',1,'53','created_user_id','Created By',1,2,'',100,16,4,2,'V~O',3,7,'BAS',0,'',0,0,0),(6,987,'smcreatorid','vtiger_crmentity',1,'53','created_user_id','Created By',1,2,'',100,31,9,2,'V~O',3,5,'BAS',0,'',0,0,0),(7,988,'smcreatorid','vtiger_crmentity',1,'53','created_user_id','Created By',1,2,'',100,28,13,2,'V~O',3,7,'BAS',0,'',0,0,0),(8,989,'smcreatorid','vtiger_crmentity',1,'53','created_user_id','Created By',1,2,'',100,13,17,2,'V~O',3,4,'BAS',0,'',0,0,0),(9,990,'smcreatorid','vtiger_crmentity',1,'53','created_user_id','Created By',1,2,'',100,23,19,2,'V~O',3,5,'BAS',0,'',0,0,0),(13,991,'smcreatorid','vtiger_crmentity',1,'53','created_user_id','Created By',1,2,'',100,18,25,2,'V~O',3,5,'BAS',0,'',0,0,0),(14,992,'smcreatorid','vtiger_crmentity',1,'53','created_user_id','Created By',1,2,'',100,26,31,2,'V~O',3,6,'BAS',0,'',0,0,0),(15,993,'smcreatorid','vtiger_crmentity',1,'53','created_user_id','Created By',1,2,'',100,9,37,2,'V~O',3,1,'BAS',0,'',0,0,0),(16,994,'smcreatorid','vtiger_crmentity',1,'53','created_user_id','Created By',1,2,'',100,23,39,2,'V~O',3,7,'BAS',0,'',0,0,0),(18,995,'smcreatorid','vtiger_crmentity',1,'53','created_user_id','Created By',1,2,'',100,14,42,2,'V~O',3,5,'BAS',0,'',0,0,0),(19,996,'smcreatorid','vtiger_crmentity',1,'53','created_user_id','Created By',1,2,'',100,9,46,2,'V~O',3,4,'BAS',0,'',0,0,0),(20,997,'smcreatorid','vtiger_crmentity',1,'53','created_user_id','Created By',1,2,'',100,25,49,2,'V~O',3,2,'BAS',0,'',0,0,0),(21,998,'smcreatorid','vtiger_crmentity',1,'53','created_user_id','Created By',1,2,'',100,27,55,2,'V~O',3,2,'BAS',0,'',0,0,0),(22,999,'smcreatorid','vtiger_crmentity',1,'53','created_user_id','Created By',1,2,'',100,27,61,2,'V~O',3,2,'BAS',0,'',0,0,0),(23,1000,'smcreatorid','vtiger_crmentity',1,'53','created_user_id','Created By',1,2,'',100,28,67,2,'V~O',3,2,'BAS',0,'',0,0,0),(26,1001,'smcreatorid','vtiger_crmentity',1,'53','created_user_id','Created By',1,2,'',100,17,74,2,'V~O',3,8,'BAS',0,'',0,0,0),(32,1002,'smcreatorid','vtiger_crmentity',1,'53','created_user_id','Created By',1,2,'',100,23,88,2,'V~O',3,14,'BAS',0,'',0,0,0),(36,1003,'smcreatorid','vtiger_crmentity',1,'53','created_user_id','Created By',1,2,'',100,27,90,2,'V~O',3,3,'BAS',0,'',0,0,0),(38,1004,'smcreatorid','vtiger_crmentity',1,'53','created_user_id','Created By',1,2,'',100,25,91,2,'V~O',3,8,'BAS',0,'',0,0,0),(40,1005,'smcreatorid','vtiger_crmentity',1,'53','created_user_id','Created By',1,2,'',100,27,95,2,'V~O',3,6,'BAS',0,'',0,0,0),(42,1006,'smcreatorid','vtiger_crmentity',1,'53','created_user_id','Created By',1,2,'',100,13,101,2,'V~O',3,5,'BAS',0,'',0,0,0),(43,1007,'smcreatorid','vtiger_crmentity',1,'53','created_user_id','Created By',1,2,'',100,20,102,2,'V~O',3,5,'BAS',0,'',0,0,0),(44,1008,'smcreatorid','vtiger_crmentity',1,'53','created_user_id','Created By',1,2,'',100,13,105,2,'V~O',3,5,'BAS',0,'',0,0,0),(47,1009,'smcreatorid','vtiger_crmentity',1,'53','created_user_id','Created By',1,2,'',100,10,106,2,'V~O',3,3,'BAS',0,'',0,0,0),(49,1010,'smcreatorid','vtiger_crmentity',1,'53','created_user_id','Created By',1,2,'',100,27,109,2,'V~O',3,6,'BAS',0,'',0,0,0),(51,1011,'smcreatorid','vtiger_crmentity',1,'53','created_user_id','Created By',1,2,'',100,21,114,2,'V~O',3,11,'BAS',0,'',0,0,0),(54,1012,'smcreatorid','vtiger_crmentity',1,'53','created_user_id','Created By',1,2,'',100,10,117,2,'V~O',3,8,'BAS',0,'',0,0,0),(57,1013,'smcreatorid','vtiger_crmentity',1,'53','created_user_id','Created By',1,2,'',100,11,120,2,'V~O',3,8,'BAS',0,'',0,0,0),(58,1014,'smcreatorid','vtiger_crmentity',1,'53','created_user_id','Created By',1,2,'',100,12,123,2,'V~O',3,10,'BAS',0,'',0,0,0),(59,1015,'smcreatorid','vtiger_crmentity',1,'53','created_user_id','Created By',1,2,'',100,13,126,2,'V~O',3,8,'BAS',0,'',0,0,0),(14,1016,'purchase_cost','vtiger_products',1,'71','purchase_cost','Purchase Cost',1,0,'',100,5,32,1,'N~O',1,0,'BAS',1,'',0,0,0),(38,1017,'purchase_cost','vtiger_service',1,'71','purchase_cost','Purchase Cost',1,0,'',100,5,92,1,'N~O',1,0,'BAS',1,'',0,0,0),(23,1018,'potential_id','vtiger_invoice',1,'10','potential_id','Potential Name',1,2,'',100,29,67,1,'I~O',1,0,'BAS',1,'',0,0,0),(29,1019,'defaultcalendarview','vtiger_users',1,'16','defaultcalendarview','Default Calendar View',1,0,'MyCalendar',100,14,136,1,'V~O',1,0,'BAS',1,'',0,0,0),(23,1020,'image','vtiger_inventoryproductrel',1,'56','image','Image',0,1,'',100,14,129,5,'V~O',1,0,'BAS',0,'',0,0,0),(23,1021,'purchase_cost','vtiger_inventoryproductrel',1,'71','purchase_cost','Purchase Cost',0,1,'',100,15,129,5,'N~O',1,0,'BAS',0,'',0,0,0),(23,1022,'margin','vtiger_inventoryproductrel',1,'71','margin','Margin',0,1,'',100,16,129,5,'N~O',1,0,'BAS',0,'',0,0,0),(20,1023,'image','vtiger_inventoryproductrel',1,'56','image','Image',0,1,'',100,15,132,5,'V~O',1,0,'BAS',0,'',0,0,0),(20,1024,'purchase_cost','vtiger_inventoryproductrel',1,'71','purchase_cost','Purchase Cost',0,1,'',100,16,132,5,'N~O',1,0,'BAS',0,'',0,0,0),(20,1025,'margin','vtiger_inventoryproductrel',1,'71','margin','Margin',0,1,'',100,17,132,5,'N~O',1,0,'BAS',0,'',0,0,0),(21,1026,'image','vtiger_inventoryproductrel',1,'56','image','Image',0,1,'',100,15,131,5,'V~O',1,0,'BAS',0,'',0,0,0),(22,1027,'image','vtiger_inventoryproductrel',1,'56','image','Image',0,1,'',100,16,130,5,'V~O',1,0,'BAS',0,'',0,0,0),(22,1028,'purchase_cost','vtiger_inventoryproductrel',1,'71','purchase_cost','Purchase Cost',0,1,'',100,17,130,5,'N~O',1,0,'BAS',0,'',0,0,0),(22,1029,'margin','vtiger_inventoryproductrel',1,'71','margin','Margin',0,1,'',100,18,130,5,'N~O',1,0,'BAS',0,'',0,0,0),(49,1030,'image','vtiger_inventoryproductrel',1,'56','image','Image',0,1,'',100,17,133,5,'V~O',1,0,'BAS',0,'',0,0,0),(49,1031,'purchase_cost','vtiger_inventoryproductrel',1,'71','purchase_cost','Purchase Cost',0,1,'',100,18,133,5,'N~O',1,0,'BAS',0,'',0,0,0),(49,1032,'margin','vtiger_inventoryproductrel',1,'71','margin','Margin',0,1,'',100,19,133,5,'N~O',1,0,'BAS',0,'',0,0,0),(40,1033,'image','vtiger_inventoryproductrel',1,'56','image','Image',0,1,'',100,17,134,5,'V~O',1,0,'BAS',0,'',0,0,0),(40,1034,'purchase_cost','vtiger_inventoryproductrel',1,'71','purchase_cost','Purchase Cost',0,1,'',100,18,134,5,'N~O',1,0,'BAS',0,'',0,0,0),(40,1035,'margin','vtiger_inventoryproductrel',1,'71','margin','Margin',0,1,'',100,19,134,5,'N~O',1,0,'BAS',0,'',0,0,0),(54,1036,'is_private','vtiger_modcomments',1,'7','is_private','Is Private',1,2,'',100,11,117,1,'I~O',1,0,'BAS',1,'',0,0,0),(54,1037,'filename','vtiger_modcomments',1,'61','filename','Attachment',1,0,'',100,12,117,1,'V~O',1,0,'BAS',1,'',0,0,0),(54,1038,'related_email_id','vtiger_modcomments',1,'1','related_email_id','Related Email Id',1,2,'0',100,13,117,1,'I~O',1,0,'BAS',1,'',0,0,0),(2,1039,'source','vtiger_crmentity',1,'1','source','Source',1,2,'',100,22,1,2,'V~O',3,8,'BAS',0,'',0,0,0),(4,1040,'source','vtiger_crmentity',1,'1','source','Source',1,2,'',100,15,4,2,'V~O',3,8,'BAS',0,'',0,0,0),(6,1041,'source','vtiger_crmentity',1,'1','source','Source',1,2,'',100,32,9,2,'V~O',3,6,'BAS',0,'',0,0,0),(7,1042,'source','vtiger_crmentity',1,'1','source','Source',1,2,'',100,29,13,2,'V~O',3,8,'BAS',0,'',0,0,0),(8,1043,'source','vtiger_crmentity',1,'1','source','Source',1,2,'',100,14,17,2,'V~O',3,5,'BAS',0,'',0,0,0),(9,1044,'source','vtiger_crmentity',1,'1','source','Source',1,2,'',100,24,19,2,'V~O',3,6,'BAS',0,'',0,0,0),(13,1045,'source','vtiger_crmentity',1,'1','source','Source',1,2,'',100,19,25,2,'V~O',3,6,'BAS',0,'',0,0,0),(14,1046,'source','vtiger_crmentity',1,'1','source','Source',1,2,'',100,27,31,2,'V~O',3,7,'BAS',0,'',0,0,0),(15,1047,'source','vtiger_crmentity',1,'1','source','Source',1,2,'',100,10,37,2,'V~O',3,2,'BAS',0,'',0,0,0),(16,1048,'source','vtiger_crmentity',1,'1','source','Source',1,2,'',100,24,39,2,'V~O',3,8,'BAS',0,'',0,0,0),(18,1049,'source','vtiger_crmentity',1,'1','source','Source',1,2,'',100,15,42,2,'V~O',3,6,'BAS',0,'',0,0,0),(19,1050,'source','vtiger_crmentity',1,'1','source','Source',1,2,'',100,10,46,2,'V~O',3,5,'BAS',0,'',0,0,0),(20,1051,'source','vtiger_crmentity',1,'1','source','Source',1,2,'',100,26,49,2,'V~O',3,3,'BAS',0,'',0,0,0),(21,1052,'source','vtiger_crmentity',1,'1','source','Source',1,2,'',100,28,55,2,'V~O',3,3,'BAS',0,'',0,0,0),(22,1053,'source','vtiger_crmentity',1,'1','source','Source',1,2,'',100,28,61,2,'V~O',3,3,'BAS',0,'',0,0,0),(23,1054,'source','vtiger_crmentity',1,'1','source','Source',1,2,'',100,30,67,2,'V~O',3,3,'BAS',0,'',0,0,0),(26,1055,'source','vtiger_crmentity',1,'1','source','Source',1,2,'',100,18,74,2,'V~O',3,9,'BAS',0,'',0,0,0),(10,1056,'source','vtiger_crmentity',1,'1','source','Source',1,2,'',100,13,21,2,'V~O',3,1,'BAS',0,'',0,0,0),(10,1057,'click_count','vtiger_email_track',1,'25','click_count','Click Count',1,2,'0',100,14,21,3,'I~O',0,2,'BAS',0,'',0,0,0),(2,1058,'starred','vtiger_crmentity_user_field',1,'56','starred','starred',1,2,'',100,23,1,6,'C~O',3,9,'BAS',0,'',0,0,0),(4,1059,'starred','vtiger_crmentity_user_field',1,'56','starred','starred',1,2,'',100,35,4,6,'C~O',3,9,'BAS',0,'',0,0,0),(6,1060,'starred','vtiger_crmentity_user_field',1,'56','starred','starred',1,2,'',100,33,9,6,'C~O',3,7,'BAS',0,'',0,0,0),(7,1061,'starred','vtiger_crmentity_user_field',1,'56','starred','starred',1,2,'',100,30,13,6,'C~O',3,9,'BAS',0,'',0,0,0),(8,1062,'starred','vtiger_crmentity_user_field',1,'56','starred','starred',1,2,'',100,15,17,6,'C~O',3,6,'BAS',0,'',0,0,0),(9,1063,'starred','vtiger_crmentity_user_field',1,'56','starred','starred',1,2,'',100,25,19,6,'C~O',3,7,'BAS',0,'',0,0,0),(10,1064,'starred','vtiger_crmentity_user_field',1,'56','starred','starred',1,2,'',100,15,21,6,'C~O',3,3,'BAS',0,'',0,0,0),(13,1065,'starred','vtiger_crmentity_user_field',1,'56','starred','starred',1,2,'',100,20,25,6,'C~O',3,7,'BAS',0,'',0,0,0),(14,1066,'starred','vtiger_crmentity_user_field',1,'56','starred','starred',1,2,'',100,28,31,6,'C~O',3,8,'BAS',0,'',0,0,0),(15,1067,'starred','vtiger_crmentity_user_field',1,'56','starred','starred',1,2,'',100,11,37,6,'C~O',3,3,'BAS',0,'',0,0,0),(16,1068,'starred','vtiger_crmentity_user_field',1,'56','starred','starred',1,2,'',100,25,39,6,'C~O',3,9,'BAS',0,'',0,0,0),(18,1069,'starred','vtiger_crmentity_user_field',1,'56','starred','starred',1,2,'',100,16,42,6,'C~O',3,7,'BAS',0,'',0,0,0),(19,1070,'starred','vtiger_crmentity_user_field',1,'56','starred','starred',1,2,'',100,11,46,6,'C~O',3,6,'BAS',0,'',0,0,0),(20,1071,'starred','vtiger_crmentity_user_field',1,'56','starred','starred',1,2,'',100,27,49,6,'C~O',3,4,'BAS',0,'',0,0,0),(21,1072,'starred','vtiger_crmentity_user_field',1,'56','starred','starred',1,2,'',100,29,55,6,'C~O',3,4,'BAS',0,'',0,0,0),(22,1073,'starred','vtiger_crmentity_user_field',1,'56','starred','starred',1,2,'',100,29,61,6,'C~O',3,4,'BAS',0,'',0,0,0),(23,1074,'starred','vtiger_crmentity_user_field',1,'56','starred','starred',1,2,'',100,31,67,6,'C~O',3,4,'BAS',0,'',0,0,0),(26,1075,'starred','vtiger_crmentity_user_field',1,'56','starred','starred',1,2,'',100,19,74,6,'C~O',3,10,'BAS',0,'',0,0,0),(36,1076,'starred','vtiger_crmentity_user_field',1,'56','starred','starred',1,2,'',100,28,90,6,'C~O',3,4,'BAS',0,'',0,0,0),(2,1077,'tags','vtiger_potential',1,'1','tags','tags',1,2,'',100,24,1,6,'V~O',3,10,'BAS',0,'',0,0,0),(4,1078,'tags','vtiger_contactdetails',1,'1','tags','tags',1,2,'',100,36,4,6,'V~O',3,10,'BAS',0,'',0,0,0),(6,1079,'tags','vtiger_account',1,'1','tags','tags',1,2,'',100,34,9,6,'V~O',3,8,'BAS',0,'',0,0,0),(7,1080,'tags','vtiger_leaddetails',1,'1','tags','tags',1,2,'',100,31,13,6,'V~O',3,10,'BAS',0,'',0,0,0),(8,1081,'tags','vtiger_notes',1,'1','tags','tags',1,2,'',100,16,17,6,'V~O',3,7,'BAS',0,'',0,0,0),(9,1082,'tags','vtiger_activity',1,'1','tags','tags',1,2,'',100,26,19,6,'V~O',3,8,'BAS',0,'',0,0,0),(10,1083,'tags','vtiger_activity',1,'1','tags','tags',1,2,'',100,16,21,6,'V~O',3,4,'BAS',0,'',0,0,0),(13,1084,'tags','vtiger_troubletickets',1,'1','tags','tags',1,2,'',100,21,25,6,'V~O',3,8,'BAS',0,'',0,0,0),(14,1085,'tags','vtiger_products',1,'1','tags','tags',1,2,'',100,29,31,6,'V~O',3,9,'BAS',0,'',0,0,0),(15,1086,'tags','vtiger_faq',1,'1','tags','tags',1,2,'',100,12,37,6,'V~O',3,4,'BAS',0,'',0,0,0),(16,1087,'tags','vtiger_activity',1,'1','tags','tags',1,2,'',100,26,39,6,'V~O',3,10,'BAS',0,'',0,0,0),(18,1088,'tags','vtiger_vendor',1,'1','tags','tags',1,2,'',100,17,42,6,'V~O',3,8,'BAS',0,'',0,0,0),(19,1089,'tags','vtiger_pricebook',1,'1','tags','tags',1,2,'',100,12,46,6,'V~O',3,7,'BAS',0,'',0,0,0),(20,1090,'tags','vtiger_quotes',1,'1','tags','tags',1,2,'',100,28,49,6,'V~O',3,5,'BAS',0,'',0,0,0),(21,1091,'tags','vtiger_purchaseorder',1,'1','tags','tags',1,2,'',100,30,55,6,'V~O',3,5,'BAS',0,'',0,0,0),(22,1092,'tags','vtiger_salesorder',1,'1','tags','tags',1,2,'',100,30,61,6,'V~O',3,5,'BAS',0,'',0,0,0),(23,1093,'tags','vtiger_invoice',1,'1','tags','tags',1,2,'',100,32,67,6,'V~O',3,5,'BAS',0,'',0,0,0),(26,1094,'tags','vtiger_campaign',1,'1','tags','tags',1,2,'',100,20,74,6,'V~O',3,11,'BAS',0,'',0,0,0),(36,1095,'tags','vtiger_pbxmanager',1,'1','tags','tags',1,2,'',100,29,90,6,'V~O',3,5,'BAS',0,'',0,0,0),(20,1096,'region_id','vtiger_quotes',1,'16','region_id','Tax Region',0,2,'',100,18,132,5,'N~O',1,0,'BAS',0,'',0,0,0),(21,1097,'region_id','vtiger_purchaseorder',1,'16','region_id','Tax Region',0,2,'',100,16,131,5,'N~O',1,0,'BAS',0,'',0,0,0),(22,1098,'region_id','vtiger_salesorder',1,'16','region_id','Tax Region',0,2,'',100,19,130,5,'N~O',1,0,'BAS',0,'',0,0,0),(23,1099,'region_id','vtiger_invoice',1,'16','region_id','Tax Region',0,2,'',100,17,129,5,'N~O',1,0,'BAS',0,'',0,0,0),(49,1100,'region_id','vtiger_sp_act',1,'16','region_id','Tax Region',0,2,'',100,20,133,5,'N~O',1,0,'BAS',0,'',0,0,0),(40,1101,'region_id','vtiger_sp_consignment',1,'16','region_id','Tax Region',0,2,'',100,20,134,5,'N~O',1,0,'BAS',0,'',0,0,0),(59,1102,'isconvertedfrompotential','vtiger_project',1,'56','isconvertedfrompotential','Is Converted From Opportunity',1,2,'',100,14,126,1,'C~O',1,0,'BAS',1,'',0,0,0),(59,1103,'potentialid','vtiger_project',1,'10','potentialid','Potential Name',1,2,'',100,15,126,1,'I~O',1,0,'BAS',1,'',0,0,0),(14,1104,'sp_product_international_code','vtiger_products',1,'1','sp_product_international_code','International code',1,0,'',100,30,31,1,'V~O',1,0,'BAS',1,'',0,0,0),(49,1105,'subject','vtiger_sp_act',1,'1','subject','Subject',1,2,'',100,1,109,1,'V~O',1,0,'BAS',1,'',0,0,0),(40,1106,'subject','vtiger_sp_consignment',1,'1','subject','Subject',1,2,'',100,1,95,1,'V~O',1,0,'BAS',1,'',0,0,0),(29,1107,'user_default_module','vtiger_users',1,'15','user_default_module','User Default Module ',1,2,'',100,39,79,1,'V~O',1,0,'BAS',1,'',0,0,0),(65,1109,'name','vtiger_timetable',1,'2','name','Name',1,2,'',100,1,139,1,'V~M',1,0,'BAS',1,'',0,0,0),(65,1110,'smownerid','vtiger_crmentity',1,'53','assigned_user_id','Assigned To',1,2,'',100,4,143,1,'V~M',1,0,'BAS',1,'',0,0,0),(65,1111,'createdtime','vtiger_crmentity',1,'70','createdtime','Created Time',1,2,'',100,2,143,2,'T~O',1,0,'BAS',1,'',0,0,0),(65,1112,'modifiedtime','vtiger_crmentity',1,'70','modifiedtime','Modified Time',1,2,'',100,6,143,2,'T~O',1,0,'BAS',1,'',0,0,0),(65,1113,'timetableno','vtiger_timetable',1,'4','timetableno','Timetable No',1,2,'',100,5,143,1,'V~O',1,0,'BAS',0,'',0,0,0),(65,1114,'smcreatorid','vtiger_crmentity',1,'52','created_user_id','Кем создано',1,2,'',100,3,143,2,'V~O',1,0,'BAS',0,'',0,0,0),(65,1115,'modifiedby','vtiger_crmentity',1,'52','modifiedby','Modified By',1,0,'',100,7,143,2,'V~O',1,0,'BAS',0,'',0,0,0),(65,1116,'tags','vtiger_timetable',1,'1','tags','Теги',1,2,'',100,8,139,6,'V~O',3,1,'BAS',0,'',0,0,0),(65,1117,'starred','vtiger_crmentity_user_field',1,'56','starred','Избранное',1,2,'',100,9,139,6,'C~O',3,2,'BAS',0,'',0,0,0),(65,1118,'source','vtiger_crmentity',1,'1','source','Source',1,2,'',100,1,143,2,'V~O',3,3,'BAS',0,'',0,0,0),(65,1119,'description','vtiger_crmentity',1,'19','description','Описание',1,2,'',100,1,141,1,'V~M',2,3,'BAS',1,'',1,0,0),(65,1120,'cf_potentials_id','vtiger_timetable',2,'10','cf_potentials_id','Сделка',1,2,'',100,2,140,1,'I~O',1,0,'BAS',1,'',1,0,0),(65,1121,'cf_quotes_id','vtiger_timetable',2,'10','cf_quotes_id','Предложение',1,2,'',100,5,140,1,'I~O',1,0,'BAS',1,'',1,0,0),(65,1122,'cf_salesorder_id','vtiger_timetable',2,'10','cf_salesorder_id','Заказ',1,2,'',100,3,140,1,'I~O',1,0,'BAS',1,'',1,0,0),(7,1123,'from','vtiger_leaddetails',2,'1','from','LBL_FROM',1,1,'',100,1,142,1,'V~O~LE~100',1,0,'BAS',1,'',0,0,0),(7,1124,'trips','vtiger_leaddetails',2,'1','trips','LBL_TRIPS',1,2,'',100,3,142,1,'I~O',1,0,'BAS',1,'',0,0,0),(7,1125,'where','vtiger_leaddetails',2,'1','where','LBL_WHERE',1,1,'',100,2,142,1,'V~O~LE~100',1,0,'BAS',1,'',0,0,0),(7,1126,'childrens','vtiger_leaddetails',2,'1','childrens','LBL_CHILDRENS',1,2,'',100,4,142,1,'I~O',1,0,'BAS',1,'',0,0,0),(65,1127,'childrens','vtiger_timetable',2,'1','childrens','LBL_CHILDRENS',1,2,'',100,3,139,1,'I~M',2,0,'BAS',1,'',0,0,0),(65,1128,'date','vtiger_timetable',2,'1','date','LBL_DATE',1,2,'',100,6,139,1,'V~M~LE~100',2,0,'BAS',1,'',0,0,0),(65,1129,'duration','vtiger_timetable',2,'1','duration','LBL_DURATION',1,2,'',100,7,139,1,'I~M',2,0,'BAS',1,'',0,0,0),(65,1130,'from_coordinates','vtiger_timetable',2,'1','from_coordinates','LBL_FROM_COORDINATES',1,2,'',100,8,143,1,'V~O~LE~100',1,0,'BAS',1,'',0,0,0),(65,1131,'scheduled_wait','vtiger_timetable',2,'1','scheduled_wait','LBL_SCHEDULED_WAIT',1,1,'',100,10,139,1,'I~O',2,0,'BAS',1,'',0,0,0),(65,1132,'status','vtiger_timetable',2,'15','status','LBL_STATUS',1,1,'',100,8,139,1,'V~O',1,0,'BAS',1,'',0,0,0),(65,1133,'time','vtiger_timetable',2,'1','time','LBL_TIME',1,2,'',100,5,139,1,'V~M~LE~100',2,0,'BAS',1,'',0,0,0),(65,1134,'trips','vtiger_timetable',2,'1','trips','LBL_TRIPS',1,2,'',100,4,139,1,'I~M',2,0,'BAS',1,'',0,0,0),(65,1135,'where','vtiger_timetable',2,'1','where','LBL_WHERE',1,1,'',100,2,139,1,'V~O~LE~100',1,0,'BAS',1,'',0,0,0),(65,1136,'where_coordinates','vtiger_timetable',2,'1','where_coordinates','LBL_WHERE_COORDINATES',1,2,'',100,9,143,1,'V~O~LE~100',1,0,'BAS',1,'',0,0,0),(65,1137,'distance','vtiger_timetable',2,'1','distance','LBL_DISTANCE',1,2,'',100,9,139,1,'I~M',2,0,'BAS',1,'',0,0,0),(66,1138,'name','vtiger_trips',1,'2','name','Name',1,2,'',100,1,144,1,'V~M',1,0,'BAS',1,'',0,0,0),(66,1139,'smownerid','vtiger_crmentity',1,'53','assigned_user_id','Assigned To',1,2,'',100,7,145,1,'V~M',1,0,'BAS',1,'',0,0,0),(66,1140,'createdtime','vtiger_crmentity',1,'70','createdtime','Created Time',1,2,'',100,1,145,2,'T~O',1,0,'BAS',1,'',0,0,0),(66,1141,'modifiedtime','vtiger_crmentity',1,'70','modifiedtime','Modified Time',1,2,'',100,6,145,2,'T~O',1,0,'BAS',1,'',0,0,0),(66,1142,'tripsno','vtiger_trips',1,'4','tripsno','TRIP No',1,2,'',100,5,145,1,'V~O',1,0,'BAS',0,'',0,0,0),(66,1143,'smcreatorid','vtiger_crmentity',1,'52','created_user_id','Кем создано',1,2,'',100,3,145,2,'V~O',1,0,'BAS',0,'',0,0,0),(66,1144,'modifiedby','vtiger_crmentity',1,'52','modifiedby','Modified By',1,0,'',100,4,145,2,'V~O',1,0,'BAS',0,'',0,0,0),(66,1145,'tags','vtiger_trips',1,'1','tags','Теги',1,2,'',100,8,144,6,'V~O',3,1,'BAS',0,'',0,0,0),(66,1146,'starred','vtiger_crmentity_user_field',1,'56','starred','Избранное',1,2,'',100,9,144,6,'C~O',3,2,'BAS',0,'',0,0,0),(66,1147,'source','vtiger_crmentity',1,'1','source','Source',1,2,'',100,2,145,2,'V~O',3,3,'BAS',0,'',0,0,0),(66,1148,'description','vtiger_crmentity',1,'19','description','Описание',1,2,'',100,1,146,1,'V~O',0,3,'BAS',1,'',1,0,0),(66,1149,'childrens','vtiger_trips',2,'1','childrens','LBL_CHILDRENS',1,2,'',100,7,144,1,'I~M',2,0,'BAS',1,'',0,0,0),(66,1150,'date','vtiger_trips',2,'1','date','LBL_DATE',1,2,'',100,4,144,1,'V~M~LE~100',2,0,'BAS',1,'',0,0,0),(66,1151,'distance','vtiger_trips',2,'1','distance','LBL_DISTANCE',1,2,'',100,6,144,1,'I~M',2,0,'BAS',1,'',0,0,0),(66,1152,'duration','vtiger_trips',2,'1','duration','LBL_DURATION',1,2,'',100,5,144,1,'I~M',2,0,'BAS',1,'',0,0,0),(66,1153,'not_scheduled_wait','vtiger_trips',2,'1','not_scheduled_wait','LBL_NOT_SCHEDULED_WAIT',1,2,'',100,10,144,1,'I~M',2,0,'BAS',1,'',0,0,0),(66,1154,'scheduled_wait','vtiger_trips',2,'1','scheduled_wait','LBL_SCHEDULED_WAIT',1,2,'',100,8,144,1,'I~M',2,0,'BAS',1,'',0,0,0),(66,1155,'status','vtiger_trips',2,'15','status','LBL_STATUS',1,1,'',100,9,144,1,'V~O',1,0,'BAS',1,'',0,0,0),(66,1156,'time','vtiger_trips',2,'1','time','LBL_TIME',1,2,'',100,3,144,1,'V~M~LE~100',2,0,'BAS',1,'',0,0,0),(66,1157,'where','vtiger_trips',2,'1','where','LBL_WHERE',1,1,'',100,2,144,1,'V~O~LE~100',1,0,'BAS',1,'',0,0,0),(4,1159,'attendant_category','vtiger_contactdetails',2,'15','attendant_category','LBL_ATTENDANT_CATEGORY',1,2,'',100,18,4,1,'V~O',1,0,'BAS',1,'',0,0,0),(4,1160,'attendant_gender','vtiger_contactdetails',2,'15','attendant_gender','LBL_ATTENDANT_GENDER',1,2,'',100,19,4,1,'V~O',1,0,'BAS',1,'',0,0,0),(4,1161,'attendant_hired','vtiger_contactdetails',2,'5','attendant_hired','LBL_ATTENDANT_HIRED',1,2,'',100,20,4,1,'D~O',1,0,'BAS',1,'',0,0,0),(4,1162,'attendant_status','vtiger_contactdetails',2,'15','attendant_status','LBL_ATTENDANT_STATUS',1,2,'',100,21,4,1,'V~O',1,0,'BAS',1,'',0,0,0),(4,1163,'Metro_station','vtiger_contactdetails',2,'1','Metro_station','LBL_METRO_STATION',1,1,'',100,22,4,1,'V~O~LE~100',1,0,'BAS',1,'',0,0,0),(4,1164,'type','vtiger_contactdetails',2,'15','type','LBL_TYPE',1,2,'',100,5,4,1,'V~M',2,0,'BAS',1,'',0,0,0),(4,1165,'vehicle_data','vtiger_contactdetails',2,'21','vehicle_data','LBL_VEHICLE_DATA',1,1,'',100,25,4,1,'V~O',1,0,'BAS',1,'',0,0,0),(4,1166,'gender','vtiger_contactdetails',2,'15','gender','LBL_GENDER',1,2,'',100,23,4,1,'V~O',1,0,'BAS',1,'',0,0,0),(4,1167,'resume','vtiger_contactdetails',2,'21','resume','LBL_RESUME',1,2,'',100,24,4,1,'V~O',2,0,'BAS',1,'',0,0,0),(4,1168,'payment_data','vtiger_contactdetails',2,'21','payment_data','LBL_PAYMENT_DATA',1,2,'',100,22,4,1,'V~O',2,0,'BAS',1,'',0,0,0),(4,1169,'cf_nrl_contacts358_id','vtiger_contactdetails',2,'10','cf_nrl_contacts358_id','Ребенок 1',1,2,'',100,27,4,1,'I~O',1,0,'BAS',1,'',1,0,0),(4,1170,'cf_nrl_contacts50_id','vtiger_contactdetails',2,'10','cf_nrl_contacts50_id','Ребенок 2',1,2,'',100,29,4,1,'I~O',1,0,'BAS',1,'',1,0,0),(4,1171,'cf_nrl_contacts706_id','vtiger_contactdetails',2,'10','cf_nrl_contacts706_id','Ребенок 3',1,2,'',100,30,4,1,'I~O',1,0,'BAS',1,'',1,0,0),(4,1172,'cf_nrl_contacts753_id','vtiger_contactdetails',2,'10','cf_nrl_contacts753_id','Ребенок 4',1,2,'',100,31,4,1,'I~O',1,0,'BAS',1,'',1,0,0),(65,1173,'cf_nrl_contacts759_id','vtiger_timetable',2,'10','cf_nrl_contacts759_id','Ребенок 1',1,2,'',100,1,152,1,'I~O',1,0,'BAS',1,'',1,0,0),(65,1174,'cf_nrl_contacts296_id','vtiger_timetable',2,'10','cf_nrl_contacts296_id','Ребенок 2',1,2,'',100,2,152,1,'I~O',1,0,'BAS',1,'',1,0,0),(65,1175,'cf_nrl_contacts85_id','vtiger_timetable',2,'10','cf_nrl_contacts85_id','Ребенок 3',1,2,'',100,3,152,1,'I~O',1,0,'BAS',1,'',1,0,0),(65,1176,'cf_nrl_contacts705_id','vtiger_timetable',2,'10','cf_nrl_contacts705_id','Ребенок 4',1,2,'',100,4,152,1,'I~O',1,0,'BAS',1,'',1,0,0),(7,1177,'from_address','vtiger_leaddetails',2,'1','from_address','LBL_FROM_ADDRESS',1,2,'',100,1,142,1,'V~O~LE~100',1,0,'BAS',1,'',0,0,0),(7,1178,'where_address','vtiger_leaddetails',2,'1','where_address','LBL_WHERE_ADDRESS',1,2,'',100,2,142,1,'V~O~LE~100',1,0,'BAS',1,'',0,0,0),(65,1179,'where_address','vtiger_timetable',2,'1','where_address','LBL_WHERE_ADDRESS',1,2,'',100,2,139,1,'V~M~LE~100',2,0,'BAS',1,'',0,0,0),(66,1180,'where_address','vtiger_trips',2,'1','where_address','LBL_WHERE_ADDRESS',1,2,'',100,2,144,1,'V~M~LE~100',2,0,'BAS',1,'',0,0,0),(66,1181,'cf_nrl_contacts59_id','vtiger_trips',2,'10','cf_nrl_contacts59_id','Сопровождающий',1,2,'',100,11,144,1,'I~O',1,0,'BAS',1,'',1,0,0),(66,1182,'cf_nrl_contacts351_id','vtiger_trips',2,'10','cf_nrl_contacts351_id','Ребенок 1',1,2,'',100,1,151,1,'I~O',1,0,'BAS',1,'',1,0,0),(66,1183,'cf_nrl_contacts774_id','vtiger_trips',2,'10','cf_nrl_contacts774_id','Ребенок 2',1,2,'',100,2,151,1,'I~O',1,0,'BAS',1,'',1,0,0),(66,1184,'cf_nrl_contacts94_id','vtiger_trips',2,'10','cf_nrl_contacts94_id','Ребенок 3',1,2,'',100,3,151,1,'I~O',1,0,'BAS',1,'',1,0,0),(66,1185,'cf_nrl_contacts616_id','vtiger_trips',2,'10','cf_nrl_contacts616_id','Ребенок 4',1,2,'',100,4,151,1,'I~O',1,0,'BAS',1,'',1,0,0),(66,1186,'cf_nrl_timetable926_id','vtiger_trips',2,'10','cf_nrl_timetable926_id','Расписание',1,2,'',100,12,144,1,'I~M',2,0,'BAS',1,'',1,0,0),(66,1187,'trips_status','vtiger_trips',1,'15','trips_status','LBL_TRIPS_STATUS',1,2,'',100,13,144,1,'V~M',2,0,'BAS',1,'',0,0,0),(65,1188,'timetable_status','vtiger_timetable',1,'15','timetable_status','LBL_TIMETABLE_STATUS',1,2,'',100,11,139,1,'V~O',2,0,'BAS',1,'',0,0,0),(4,1189,'car_model','vtiger_contactdetails',2,'1','car_model','LBL_CAR_MODEL',1,2,'',100,25,4,1,'V~O~LE~100',1,0,'BAS',1,'',0,0,0),(4,1190,'car_year','vtiger_contactdetails',2,'1','car_year','LBL_CAR_YEAR',1,2,'',100,28,4,1,'V~O~LE~100',2,0,'BAS',1,'',0,0,0),(4,1192,'metro_station','vtiger_contactdetails',2,'1','metro_station','LBL_METRO_STATION',1,2,'',100,26,4,1,'V~O~LE~100',2,0,'BAS',1,'',0,0,0),(4,1193,'middle_name','vtiger_contactdetails',2,'1','middle_name','LBL_MIDDLE_NAME',1,2,'',100,3,4,1,'V~O~LE~100',1,0,'BAS',1,'',0,0,0),(65,1194,'scheduled_wait_from','vtiger_timetable',2,'1','scheduled_wait_from','LBL_SCHEDULED_WAIT_FROM',1,2,'',100,12,139,1,'I~M',2,0,'BAS',1,'',0,0,0),(65,1195,'scheduled_wait_where','vtiger_timetable',2,'1','scheduled_wait_where','LBL_SCHEDULED_WAIT_WHERE',1,2,'',100,13,139,1,'I~M',2,0,'BAS',1,'',0,0,0),(65,1196,'childrens_age','vtiger_timetable',2,'1','childrens_age','LBL_CHILDRENS_AGE',1,2,'',100,14,139,1,'V~M~LE~100',2,0,'BAS',1,'',0,0,0),(65,1197,'parking_info','vtiger_timetable',2,'21','parking_info','LBL_PARKING_INFO',1,2,'',100,2,141,1,'V~M',2,0,'BAS',1,'',0,0,0),(65,1198,'payment_mark','vtiger_timetable',2,'56','payment_mark','LBL_PAYMENT_MARK',1,1,'',100,16,139,1,'C~O',1,0,'BAS',1,'',0,0,0),(65,1199,'bill_paid','vtiger_timetable',1,'15','bill_paid','LBL_BILL_PAID',1,2,'',100,17,139,1,'V~O',1,0,'BAS',1,'',0,0,0),(65,1200,'cf_nrl_invoice390_id','vtiger_timetable',2,'10','cf_nrl_invoice390_id','Счет',1,2,'',100,4,140,1,'I~O',1,0,'BAS',1,'',1,0,0),(65,1201,'cf_nrl_contacts580_id','vtiger_timetable',2,'10','cf_nrl_contacts580_id','Контакт',1,2,'',100,1,140,1,'I~O',2,0,'BAS',1,'',1,0,0),(23,1202,'online_payment','vtiger_invoice',2,'1','online_payment','LBL_ONLINE_PAYMENT',1,2,'',100,33,67,1,'V~O~LE~100',1,0,'BAS',1,'',0,0,0),(65,1203,'cf_leads_id','vtiger_timetable',2,'10','cf_leads_id','Лид',1,2,'',100,6,140,1,'I~O',1,0,'BAS',1,'',1,0,0);
/*!40000 ALTER TABLE `vtiger_field` ENABLE KEYS */;
UNLOCK TABLES;

--
-- Table structure for table `vtiger_field_seq`
--

DROP TABLE IF EXISTS `vtiger_field_seq`;
/*!40101 SET @saved_cs_client     = @@character_set_client */;
/*!50503 SET character_set_client = utf8mb4 */;
CREATE TABLE `vtiger_field_seq` (
  `id` int NOT NULL
) ENGINE=InnoDB DEFAULT CHARSET=utf8mb3;
/*!40101 SET character_set_client = @saved_cs_client */;

--
-- Dumping data for table `vtiger_field_seq`
--

LOCK TABLES `vtiger_field_seq` WRITE;
/*!40000 ALTER TABLE `vtiger_field_seq` DISABLE KEYS */;
INSERT INTO `vtiger_field_seq` VALUES (1203);
/*!40000 ALTER TABLE `vtiger_field_seq` ENABLE KEYS */;
UNLOCK TABLES;

--
-- Table structure for table `vtiger_fieldmodulerel`
--

DROP TABLE IF EXISTS `vtiger_fieldmodulerel`;
/*!40101 SET @saved_cs_client     = @@character_set_client */;
/*!50503 SET character_set_client = utf8mb4 */;
CREATE TABLE `vtiger_fieldmodulerel` (
  `fieldid` int NOT NULL,
  `module` varchar(100) NOT NULL,
  `relmodule` varchar(100) NOT NULL,
  `status` varchar(10) DEFAULT NULL,
  `sequence` int DEFAULT NULL
) ENGINE=InnoDB DEFAULT CHARSET=utf8mb3;
/*!40101 SET character_set_client = @saved_cs_client */;

--
-- Dumping data for table `vtiger_fieldmodulerel`
--

LOCK TABLES `vtiger_fieldmodulerel` WRITE;
/*!40000 ALTER TABLE `vtiger_fieldmodulerel` DISABLE KEYS */;
INSERT INTO `vtiger_fieldmodulerel` VALUES (118,'Potentials','Accounts',NULL,0),(540,'ServiceContracts','Contacts',NULL,NULL),(540,'ServiceContracts','Accounts',NULL,NULL),(567,'PBXManager','Leads',NULL,NULL),(567,'PBXManager','Contacts',NULL,NULL),(567,'PBXManager','Accounts',NULL,NULL),(603,'Consignment','Invoice',NULL,NULL),(607,'Consignment','Accounts',NULL,NULL),(657,'SPPayments','Accounts',NULL,NULL),(657,'SPPayments','Contacts',NULL,NULL),(657,'SPPayments','Vendors',NULL,NULL),(659,'SPPayments','Invoice',NULL,NULL),(659,'SPPayments','SalesOrder',NULL,NULL),(659,'SPPayments','PurchaseOrder',NULL,NULL),(690,'Contacts','SPSocialConnector',NULL,NULL),(691,'Contacts','SPSocialConnector',NULL,NULL),(692,'Leads','SPSocialConnector',NULL,NULL),(693,'Leads','SPSocialConnector',NULL,NULL),(694,'Accounts','SPSocialConnector',NULL,NULL),(695,'Accounts','SPSocialConnector',NULL,NULL),(732,'Act','Accounts',NULL,NULL),(764,'Invoice','Act',NULL,NULL),(772,'Assets','Products',NULL,NULL),(778,'Assets','Invoice',NULL,NULL),(783,'Assets','Accounts',NULL,NULL),(784,'Assets','Contacts',NULL,NULL),(795,'ModComments','Contacts',NULL,NULL),(802,'ModComments','Leads',NULL,NULL),(802,'ModComments','Contacts',NULL,NULL),(802,'ModComments','Accounts',NULL,NULL),(802,'ModComments','Potentials',NULL,NULL),(802,'ModComments','ProjectTask',NULL,NULL),(802,'ModComments','Project',NULL,NULL),(802,'ModComments','HelpDesk',NULL,NULL),(802,'ModComments','Faq',NULL,NULL),(804,'ModComments','ModComments',NULL,NULL),(807,'ProjectMilestone','Project',NULL,NULL),(821,'ProjectTask','Project',NULL,NULL),(842,'Project','Accounts',NULL,NULL),(842,'Project','Contacts',NULL,NULL),(858,'Invoice','Products',NULL,NULL),(858,'Invoice','Services',NULL,NULL),(867,'SalesOrder','Products',NULL,NULL),(867,'SalesOrder','Services',NULL,NULL),(876,'PurchaseOrder','Products',NULL,NULL),(876,'PurchaseOrder','Services',NULL,NULL),(885,'Quotes','Products',NULL,NULL),(885,'Quotes','Services',NULL,NULL),(894,'Act','Products',NULL,NULL),(894,'Act','Services',NULL,NULL),(903,'Consignment','Products',NULL,NULL),(903,'Consignment','Services',NULL,NULL),(940,'Potentials','Contacts',NULL,NULL),(162,'HelpDesk','Accounts',NULL,NULL),(941,'HelpDesk','Contacts',NULL,NULL),(246,'Accounts','Calendar',NULL,NULL),(246,'Leads','Calendar',NULL,NULL),(246,'HelpDesk','Calendar',NULL,NULL),(246,'Campaigns','Calendar',NULL,NULL),(246,'Potentials','Calendar',NULL,NULL),(246,'PurchaseOrder','Calendar',NULL,NULL),(246,'SalesOrder','Calendar',NULL,NULL),(246,'Quotes','Calendar',NULL,NULL),(246,'Invoice','Calendar',NULL,NULL),(247,'Contacts','Calendar',NULL,NULL),(1018,'Invoice','Potentials',NULL,NULL),(802,'ModComments','Invoice',NULL,NULL),(802,'ModComments','Quotes',NULL,NULL),(802,'ModComments','PurchaseOrder',NULL,NULL),(802,'ModComments','SalesOrder',NULL,NULL),(802,'ModComments','Act',NULL,NULL),(802,'ModComments','Consignment',NULL,NULL),(1103,'Project','Potentials',NULL,NULL),(802,'ModComments','Timetable',NULL,NULL),(246,'Timetable','Calendar',NULL,NULL),(1120,'Timetable','Potentials',NULL,NULL),(1121,'Timetable','Quotes',NULL,NULL),(1122,'Timetable','SalesOrder',NULL,NULL),(802,'ModComments','Trips',NULL,NULL),(246,'Trips','Calendar',NULL,NULL),(1169,'Contacts','Contacts',NULL,NULL),(1170,'Contacts','Contacts',NULL,NULL),(1171,'Contacts','Contacts',NULL,NULL),(1172,'Contacts','Contacts',NULL,NULL),(1173,'Timetable','Contacts',NULL,NULL),(1174,'Timetable','Contacts',NULL,NULL),(1175,'Timetable','Contacts',NULL,NULL),(1176,'Timetable','Contacts',NULL,NULL),(1181,'Trips','Contacts',NULL,NULL),(1182,'Trips','Contacts',NULL,NULL),(1183,'Trips','Contacts',NULL,NULL),(1184,'Trips','Contacts',NULL,NULL),(1185,'Trips','Contacts',NULL,NULL),(1186,'Trips','Timetable',NULL,NULL),(1200,'Timetable','Invoice',NULL,NULL),(1201,'Timetable','Contacts',NULL,NULL),(1203,'Timetable','Leads',NULL,NULL);
/*!40000 ALTER TABLE `vtiger_fieldmodulerel` ENABLE KEYS */;
UNLOCK TABLES;

--
-- Table structure for table `vtiger_freetagged_objects`
--

DROP TABLE IF EXISTS `vtiger_freetagged_objects`;
/*!40101 SET @saved_cs_client     = @@character_set_client */;
/*!50503 SET character_set_client = utf8mb4 */;
CREATE TABLE `vtiger_freetagged_objects` (
  `tag_id` int NOT NULL DEFAULT '0',
  `tagger_id` int NOT NULL DEFAULT '0',
  `object_id` int NOT NULL DEFAULT '0',
  `tagged_on` timestamp NOT NULL DEFAULT CURRENT_TIMESTAMP,
  `module` varchar(100) DEFAULT NULL,
  PRIMARY KEY (`tag_id`,`tagger_id`,`object_id`),
  KEY `freetagged_objects_tag_id_tagger_id_object_id_idx` (`tag_id`,`tagger_id`,`object_id`)
) ENGINE=InnoDB DEFAULT CHARSET=utf8mb3;
/*!40101 SET character_set_client = @saved_cs_client */;

--
-- Dumping data for table `vtiger_freetagged_objects`
--

LOCK TABLES `vtiger_freetagged_objects` WRITE;
/*!40000 ALTER TABLE `vtiger_freetagged_objects` DISABLE KEYS */;
/*!40000 ALTER TABLE `vtiger_freetagged_objects` ENABLE KEYS */;
UNLOCK TABLES;

--
-- Table structure for table `vtiger_freetags`
--

DROP TABLE IF EXISTS `vtiger_freetags`;
/*!40101 SET @saved_cs_client     = @@character_set_client */;
/*!50503 SET character_set_client = utf8mb4 */;
CREATE TABLE `vtiger_freetags` (
  `id` int NOT NULL,
  `tag` varchar(50) NOT NULL DEFAULT '',
  `raw_tag` varchar(50) NOT NULL DEFAULT '',
  `visibility` varchar(100) NOT NULL DEFAULT 'PRIVATE',
  `owner` int NOT NULL,
  PRIMARY KEY (`id`)
) ENGINE=InnoDB DEFAULT CHARSET=utf8mb3;
/*!40101 SET character_set_client = @saved_cs_client */;

--
-- Dumping data for table `vtiger_freetags`
--

LOCK TABLES `vtiger_freetags` WRITE;
/*!40000 ALTER TABLE `vtiger_freetags` DISABLE KEYS */;
/*!40000 ALTER TABLE `vtiger_freetags` ENABLE KEYS */;
UNLOCK TABLES;

--
-- Table structure for table `vtiger_freetags_seq`
--

DROP TABLE IF EXISTS `vtiger_freetags_seq`;
/*!40101 SET @saved_cs_client     = @@character_set_client */;
/*!50503 SET character_set_client = utf8mb4 */;
CREATE TABLE `vtiger_freetags_seq` (
  `id` int NOT NULL
) ENGINE=InnoDB DEFAULT CHARSET=utf8mb3;
/*!40101 SET character_set_client = @saved_cs_client */;

--
-- Dumping data for table `vtiger_freetags_seq`
--

LOCK TABLES `vtiger_freetags_seq` WRITE;
/*!40000 ALTER TABLE `vtiger_freetags_seq` DISABLE KEYS */;
INSERT INTO `vtiger_freetags_seq` VALUES (1);
/*!40000 ALTER TABLE `vtiger_freetags_seq` ENABLE KEYS */;
UNLOCK TABLES;

--
-- Table structure for table `vtiger_gender`
--

DROP TABLE IF EXISTS `vtiger_gender`;
/*!40101 SET @saved_cs_client     = @@character_set_client */;
/*!50503 SET character_set_client = utf8mb4 */;
CREATE TABLE `vtiger_gender` (
  `genderid` int NOT NULL AUTO_INCREMENT,
  `gender` varchar(200) NOT NULL,
  `presence` int NOT NULL DEFAULT '1',
  `picklist_valueid` int NOT NULL DEFAULT '0',
  `sortorderid` int DEFAULT '0',
  `color` varchar(10) DEFAULT NULL,
  PRIMARY KEY (`genderid`)
) ENGINE=InnoDB AUTO_INCREMENT=3 DEFAULT CHARSET=utf8mb3;
/*!40101 SET character_set_client = @saved_cs_client */;

--
-- Dumping data for table `vtiger_gender`
--

LOCK TABLES `vtiger_gender` WRITE;
/*!40000 ALTER TABLE `vtiger_gender` DISABLE KEYS */;
INSERT INTO `vtiger_gender` VALUES (1,'Female',1,339,1,NULL),(2,'Male',1,340,2,NULL);
/*!40000 ALTER TABLE `vtiger_gender` ENABLE KEYS */;
UNLOCK TABLES;

--
-- Table structure for table `vtiger_gender_seq`
--

DROP TABLE IF EXISTS `vtiger_gender_seq`;
/*!40101 SET @saved_cs_client     = @@character_set_client */;
/*!50503 SET character_set_client = utf8mb4 */;
CREATE TABLE `vtiger_gender_seq` (
  `id` int NOT NULL
) ENGINE=InnoDB DEFAULT CHARSET=utf8mb3;
/*!40101 SET character_set_client = @saved_cs_client */;

--
-- Dumping data for table `vtiger_gender_seq`
--

LOCK TABLES `vtiger_gender_seq` WRITE;
/*!40000 ALTER TABLE `vtiger_gender_seq` DISABLE KEYS */;
INSERT INTO `vtiger_gender_seq` VALUES (2);
/*!40000 ALTER TABLE `vtiger_gender_seq` ENABLE KEYS */;
UNLOCK TABLES;

--
-- Table structure for table `vtiger_glacct`
--

DROP TABLE IF EXISTS `vtiger_glacct`;
/*!40101 SET @saved_cs_client     = @@character_set_client */;
/*!50503 SET character_set_client = utf8mb4 */;
CREATE TABLE `vtiger_glacct` (
  `glacctid` int NOT NULL AUTO_INCREMENT,
  `glacct` varchar(200) NOT NULL,
  `presence` int NOT NULL DEFAULT '1',
  `picklist_valueid` int NOT NULL DEFAULT '0',
  `sortorderid` int DEFAULT NULL,
  `color` varchar(10) DEFAULT NULL,
  PRIMARY KEY (`glacctid`),
  UNIQUE KEY `glacct_glacct_idx` (`glacct`)
) ENGINE=InnoDB AUTO_INCREMENT=10 DEFAULT CHARSET=utf8mb3;
/*!40101 SET character_set_client = @saved_cs_client */;

--
-- Dumping data for table `vtiger_glacct`
--

LOCK TABLES `vtiger_glacct` WRITE;
/*!40000 ALTER TABLE `vtiger_glacct` DISABLE KEYS */;
INSERT INTO `vtiger_glacct` VALUES (1,'300-Sales-Software',1,51,0,NULL),(2,'301-Sales-Hardware',1,52,1,NULL),(3,'302-Rental-Income',1,53,2,NULL),(4,'303-Interest-Income',1,54,3,NULL),(5,'304-Sales-Software-Support',1,55,4,NULL),(6,'305-Sales Other',1,56,5,NULL),(7,'306-Internet Sales',1,57,6,NULL),(8,'307-Service-Hardware Labor',1,58,7,NULL),(9,'308-Sales-Books',1,59,8,NULL);
/*!40000 ALTER TABLE `vtiger_glacct` ENABLE KEYS */;
UNLOCK TABLES;

--
-- Table structure for table `vtiger_glacct_seq`
--

DROP TABLE IF EXISTS `vtiger_glacct_seq`;
/*!40101 SET @saved_cs_client     = @@character_set_client */;
/*!50503 SET character_set_client = utf8mb4 */;
CREATE TABLE `vtiger_glacct_seq` (
  `id` int NOT NULL
) ENGINE=InnoDB DEFAULT CHARSET=utf8mb3;
/*!40101 SET character_set_client = @saved_cs_client */;

--
-- Dumping data for table `vtiger_glacct_seq`
--

LOCK TABLES `vtiger_glacct_seq` WRITE;
/*!40000 ALTER TABLE `vtiger_glacct_seq` DISABLE KEYS */;
INSERT INTO `vtiger_glacct_seq` VALUES (9);
/*!40000 ALTER TABLE `vtiger_glacct_seq` ENABLE KEYS */;
UNLOCK TABLES;

--
-- Table structure for table `vtiger_google_event_calendar_mapping`
--

DROP TABLE IF EXISTS `vtiger_google_event_calendar_mapping`;
/*!40101 SET @saved_cs_client     = @@character_set_client */;
/*!50503 SET character_set_client = utf8mb4 */;
CREATE TABLE `vtiger_google_event_calendar_mapping` (
  `event_id` varchar(255) DEFAULT NULL,
  `calendar_id` varchar(255) DEFAULT NULL,
  `user_id` int NOT NULL
) ENGINE=InnoDB DEFAULT CHARSET=utf8mb3;
/*!40101 SET character_set_client = @saved_cs_client */;

--
-- Dumping data for table `vtiger_google_event_calendar_mapping`
--

LOCK TABLES `vtiger_google_event_calendar_mapping` WRITE;
/*!40000 ALTER TABLE `vtiger_google_event_calendar_mapping` DISABLE KEYS */;
/*!40000 ALTER TABLE `vtiger_google_event_calendar_mapping` ENABLE KEYS */;
UNLOCK TABLES;

--
-- Table structure for table `vtiger_google_oauth2`
--

DROP TABLE IF EXISTS `vtiger_google_oauth2`;
/*!40101 SET @saved_cs_client     = @@character_set_client */;
/*!50503 SET character_set_client = utf8mb4 */;
CREATE TABLE `vtiger_google_oauth2` (
  `service` varchar(20) DEFAULT NULL,
  `access_token` varchar(500) DEFAULT NULL,
  `refresh_token` varchar(500) DEFAULT NULL,
  `userid` int DEFAULT NULL
) ENGINE=InnoDB DEFAULT CHARSET=utf8mb3;
/*!40101 SET character_set_client = @saved_cs_client */;

--
-- Dumping data for table `vtiger_google_oauth2`
--

LOCK TABLES `vtiger_google_oauth2` WRITE;
/*!40000 ALTER TABLE `vtiger_google_oauth2` DISABLE KEYS */;
/*!40000 ALTER TABLE `vtiger_google_oauth2` ENABLE KEYS */;
UNLOCK TABLES;

--
-- Table structure for table `vtiger_google_sync_fieldmapping`
--

DROP TABLE IF EXISTS `vtiger_google_sync_fieldmapping`;
/*!40101 SET @saved_cs_client     = @@character_set_client */;
/*!50503 SET character_set_client = utf8mb4 */;
CREATE TABLE `vtiger_google_sync_fieldmapping` (
  `vtiger_field` varchar(255) DEFAULT NULL,
  `google_field` varchar(255) DEFAULT NULL,
  `google_field_type` varchar(255) DEFAULT NULL,
  `google_custom_label` varchar(255) DEFAULT NULL,
  `user` int DEFAULT NULL
) ENGINE=InnoDB DEFAULT CHARSET=utf8mb3;
/*!40101 SET character_set_client = @saved_cs_client */;

--
-- Dumping data for table `vtiger_google_sync_fieldmapping`
--

LOCK TABLES `vtiger_google_sync_fieldmapping` WRITE;
/*!40000 ALTER TABLE `vtiger_google_sync_fieldmapping` DISABLE KEYS */;
/*!40000 ALTER TABLE `vtiger_google_sync_fieldmapping` ENABLE KEYS */;
UNLOCK TABLES;

--
-- Table structure for table `vtiger_google_sync_localization`
--

DROP TABLE IF EXISTS `vtiger_google_sync_localization`;
/*!40101 SET @saved_cs_client     = @@character_set_client */;
/*!50503 SET character_set_client = utf8mb4 */;
CREATE TABLE `vtiger_google_sync_localization` (
  `id` int NOT NULL,
  `field_name` varchar(150) NOT NULL,
  `original_field_type` varchar(150) DEFAULT NULL,
  `russian_field_type` varchar(150) DEFAULT NULL,
  PRIMARY KEY (`id`)
) ENGINE=InnoDB DEFAULT CHARSET=utf8mb3;
/*!40101 SET character_set_client = @saved_cs_client */;

--
-- Dumping data for table `vtiger_google_sync_localization`
--

LOCK TABLES `vtiger_google_sync_localization` WRITE;
/*!40000 ALTER TABLE `vtiger_google_sync_localization` DISABLE KEYS */;
INSERT INTO `vtiger_google_sync_localization` VALUES (1,'gd:namePrefix','',''),(2,'gd:givenName','',''),(3,'gd:familyName','',''),(4,'gd:orgTitle','',''),(5,'gd:orgName','',''),(6,'gContact:birthday','',''),(7,'gd:email','home','Домашние контакты'),(8,'gd:email','work','Рабочие контакты'),(9,'gd:phoneNumber','mobile','Мобильные устройства'),(10,'gd:phoneNumber','work','Рабочие контакты'),(11,'gd:phoneNumber','home','Домашние контакты'),(12,'gd:structuredPostalAddress','home','Домашние контакты'),(13,'gd:structuredPostalAddress','work','Рабочие контакты'),(14,'content','','');
/*!40000 ALTER TABLE `vtiger_google_sync_localization` ENABLE KEYS */;
UNLOCK TABLES;

--
-- Table structure for table `vtiger_google_sync_settings`
--

DROP TABLE IF EXISTS `vtiger_google_sync_settings`;
/*!40101 SET @saved_cs_client     = @@character_set_client */;
/*!50503 SET character_set_client = utf8mb4 */;
CREATE TABLE `vtiger_google_sync_settings` (
  `user` int DEFAULT NULL,
  `module` varchar(50) DEFAULT NULL,
  `clientgroup` varchar(255) DEFAULT NULL,
  `direction` varchar(50) DEFAULT NULL,
  `enabled` tinyint DEFAULT '1'
) ENGINE=InnoDB DEFAULT CHARSET=utf8mb3;
/*!40101 SET character_set_client = @saved_cs_client */;

--
-- Dumping data for table `vtiger_google_sync_settings`
--

LOCK TABLES `vtiger_google_sync_settings` WRITE;
/*!40000 ALTER TABLE `vtiger_google_sync_settings` DISABLE KEYS */;
/*!40000 ALTER TABLE `vtiger_google_sync_settings` ENABLE KEYS */;
UNLOCK TABLES;

--
-- Table structure for table `vtiger_group2grouprel`
--

DROP TABLE IF EXISTS `vtiger_group2grouprel`;
/*!40101 SET @saved_cs_client     = @@character_set_client */;
/*!50503 SET character_set_client = utf8mb4 */;
CREATE TABLE `vtiger_group2grouprel` (
  `groupid` int NOT NULL,
  `containsgroupid` int NOT NULL,
  PRIMARY KEY (`groupid`,`containsgroupid`),
  CONSTRAINT `fk_2_vtiger_group2grouprel` FOREIGN KEY (`groupid`) REFERENCES `vtiger_groups` (`groupid`) ON DELETE CASCADE ON UPDATE CASCADE
) ENGINE=InnoDB DEFAULT CHARSET=utf8mb3;
/*!40101 SET character_set_client = @saved_cs_client */;

--
-- Dumping data for table `vtiger_group2grouprel`
--

LOCK TABLES `vtiger_group2grouprel` WRITE;
/*!40000 ALTER TABLE `vtiger_group2grouprel` DISABLE KEYS */;
/*!40000 ALTER TABLE `vtiger_group2grouprel` ENABLE KEYS */;
UNLOCK TABLES;

--
-- Table structure for table `vtiger_group2role`
--

DROP TABLE IF EXISTS `vtiger_group2role`;
/*!40101 SET @saved_cs_client     = @@character_set_client */;
/*!50503 SET character_set_client = utf8mb4 */;
CREATE TABLE `vtiger_group2role` (
  `groupid` int NOT NULL,
  `roleid` varchar(255) NOT NULL,
  PRIMARY KEY (`groupid`,`roleid`),
  KEY `fk_2_vtiger_group2role` (`roleid`),
  CONSTRAINT `fk_2_vtiger_group2role` FOREIGN KEY (`roleid`) REFERENCES `vtiger_role` (`roleid`) ON DELETE CASCADE
) ENGINE=InnoDB DEFAULT CHARSET=utf8mb3;
/*!40101 SET character_set_client = @saved_cs_client */;

--
-- Dumping data for table `vtiger_group2role`
--

LOCK TABLES `vtiger_group2role` WRITE;
/*!40000 ALTER TABLE `vtiger_group2role` DISABLE KEYS */;
INSERT INTO `vtiger_group2role` VALUES (3,'H2'),(4,'H3'),(2,'H4');
/*!40000 ALTER TABLE `vtiger_group2role` ENABLE KEYS */;
UNLOCK TABLES;

--
-- Table structure for table `vtiger_group2rs`
--

DROP TABLE IF EXISTS `vtiger_group2rs`;
/*!40101 SET @saved_cs_client     = @@character_set_client */;
/*!50503 SET character_set_client = utf8mb4 */;
CREATE TABLE `vtiger_group2rs` (
  `groupid` int NOT NULL,
  `roleandsubid` varchar(255) NOT NULL,
  PRIMARY KEY (`groupid`,`roleandsubid`),
  KEY `fk_2_vtiger_group2rs` (`roleandsubid`),
  CONSTRAINT `fk_2_vtiger_group2rs` FOREIGN KEY (`roleandsubid`) REFERENCES `vtiger_role` (`roleid`) ON DELETE CASCADE
) ENGINE=InnoDB DEFAULT CHARSET=utf8mb3;
/*!40101 SET character_set_client = @saved_cs_client */;

--
-- Dumping data for table `vtiger_group2rs`
--

LOCK TABLES `vtiger_group2rs` WRITE;
/*!40000 ALTER TABLE `vtiger_group2rs` DISABLE KEYS */;
INSERT INTO `vtiger_group2rs` VALUES (3,'H3'),(4,'H3');
/*!40000 ALTER TABLE `vtiger_group2rs` ENABLE KEYS */;
UNLOCK TABLES;

--
-- Table structure for table `vtiger_groups`
--

DROP TABLE IF EXISTS `vtiger_groups`;
/*!40101 SET @saved_cs_client     = @@character_set_client */;
/*!50503 SET character_set_client = utf8mb4 */;
CREATE TABLE `vtiger_groups` (
  `groupid` int NOT NULL,
  `groupname` varchar(100) DEFAULT NULL,
  `description` text,
  PRIMARY KEY (`groupid`),
  UNIQUE KEY `groups_groupname_idx` (`groupname`)
) ENGINE=InnoDB DEFAULT CHARSET=utf8mb3;
/*!40101 SET character_set_client = @saved_cs_client */;

--
-- Dumping data for table `vtiger_groups`
--

LOCK TABLES `vtiger_groups` WRITE;
/*!40000 ALTER TABLE `vtiger_groups` DISABLE KEYS */;
INSERT INTO `vtiger_groups` VALUES (2,'Отдел Продаж','Группа менеджеров по Продажам'),(3,'Отдел Маркетинга','Группа менеджеров по Маркетингу'),(4,'Отдел Поддержки','Группа сервисной поддержки Клиентов');
/*!40000 ALTER TABLE `vtiger_groups` ENABLE KEYS */;
UNLOCK TABLES;

--
-- Table structure for table `vtiger_home_layout`
--

DROP TABLE IF EXISTS `vtiger_home_layout`;
/*!40101 SET @saved_cs_client     = @@character_set_client */;
/*!50503 SET character_set_client = utf8mb4 */;
CREATE TABLE `vtiger_home_layout` (
  `userid` int NOT NULL,
  `layout` int NOT NULL DEFAULT '4',
  PRIMARY KEY (`userid`)
) ENGINE=InnoDB DEFAULT CHARSET=utf8mb3;
/*!40101 SET character_set_client = @saved_cs_client */;

--
-- Dumping data for table `vtiger_home_layout`
--

LOCK TABLES `vtiger_home_layout` WRITE;
/*!40000 ALTER TABLE `vtiger_home_layout` DISABLE KEYS */;
/*!40000 ALTER TABLE `vtiger_home_layout` ENABLE KEYS */;
UNLOCK TABLES;

--
-- Table structure for table `vtiger_homedashbd`
--

DROP TABLE IF EXISTS `vtiger_homedashbd`;
/*!40101 SET @saved_cs_client     = @@character_set_client */;
/*!50503 SET character_set_client = utf8mb4 */;
CREATE TABLE `vtiger_homedashbd` (
  `stuffid` int NOT NULL DEFAULT '0',
  `dashbdname` varchar(100) DEFAULT NULL,
  `dashbdtype` varchar(100) DEFAULT NULL,
  PRIMARY KEY (`stuffid`),
  KEY `stuff_stuffid_idx` (`stuffid`),
  CONSTRAINT `fk_1_vtiger_homedashbd` FOREIGN KEY (`stuffid`) REFERENCES `vtiger_homestuff` (`stuffid`) ON DELETE CASCADE
) ENGINE=InnoDB DEFAULT CHARSET=utf8mb3;
/*!40101 SET character_set_client = @saved_cs_client */;

--
-- Dumping data for table `vtiger_homedashbd`
--

LOCK TABLES `vtiger_homedashbd` WRITE;
/*!40000 ALTER TABLE `vtiger_homedashbd` DISABLE KEYS */;
/*!40000 ALTER TABLE `vtiger_homedashbd` ENABLE KEYS */;
UNLOCK TABLES;

--
-- Table structure for table `vtiger_homedefault`
--

DROP TABLE IF EXISTS `vtiger_homedefault`;
/*!40101 SET @saved_cs_client     = @@character_set_client */;
/*!50503 SET character_set_client = utf8mb4 */;
CREATE TABLE `vtiger_homedefault` (
  `stuffid` int NOT NULL DEFAULT '0',
  `hometype` varchar(30) NOT NULL,
  `maxentries` int DEFAULT NULL,
  `setype` varchar(30) DEFAULT NULL,
  PRIMARY KEY (`stuffid`),
  KEY `stuff_stuffid_idx` (`stuffid`),
  CONSTRAINT `fk_1_vtiger_homedefault` FOREIGN KEY (`stuffid`) REFERENCES `vtiger_homestuff` (`stuffid`) ON DELETE CASCADE
) ENGINE=InnoDB DEFAULT CHARSET=utf8mb3;
/*!40101 SET character_set_client = @saved_cs_client */;

--
-- Dumping data for table `vtiger_homedefault`
--

LOCK TABLES `vtiger_homedefault` WRITE;
/*!40000 ALTER TABLE `vtiger_homedefault` DISABLE KEYS */;
INSERT INTO `vtiger_homedefault` VALUES (1,'ALVT',5,'Accounts'),(2,'HDB',5,'Dashboard'),(3,'PLVT',5,'Potentials'),(4,'QLTQ',5,'Quotes'),(5,'CVLVT',5,'NULL'),(6,'HLT',5,'HelpDesk'),(7,'UA',5,'Calendar'),(8,'GRT',5,'NULL'),(9,'OLTSO',5,'SalesOrder'),(10,'ILTI',5,'Invoice'),(11,'MNL',5,'Leads'),(12,'OLTPO',5,'PurchaseOrder'),(13,'PA',5,'Calendar'),(14,'LTFAQ',5,'Faq');
/*!40000 ALTER TABLE `vtiger_homedefault` ENABLE KEYS */;
UNLOCK TABLES;

--
-- Table structure for table `vtiger_homemodule`
--

DROP TABLE IF EXISTS `vtiger_homemodule`;
/*!40101 SET @saved_cs_client     = @@character_set_client */;
/*!50503 SET character_set_client = utf8mb4 */;
CREATE TABLE `vtiger_homemodule` (
  `stuffid` int NOT NULL,
  `modulename` varchar(100) DEFAULT NULL,
  `maxentries` int NOT NULL,
  `customviewid` int NOT NULL,
  `setype` varchar(30) NOT NULL,
  PRIMARY KEY (`stuffid`),
  KEY `stuff_stuffid_idx` (`stuffid`),
  CONSTRAINT `fk_1_vtiger_homemodule` FOREIGN KEY (`stuffid`) REFERENCES `vtiger_homestuff` (`stuffid`) ON DELETE CASCADE
) ENGINE=InnoDB DEFAULT CHARSET=utf8mb3;
/*!40101 SET character_set_client = @saved_cs_client */;

--
-- Dumping data for table `vtiger_homemodule`
--

LOCK TABLES `vtiger_homemodule` WRITE;
/*!40000 ALTER TABLE `vtiger_homemodule` DISABLE KEYS */;
/*!40000 ALTER TABLE `vtiger_homemodule` ENABLE KEYS */;
UNLOCK TABLES;

--
-- Table structure for table `vtiger_homemoduleflds`
--

DROP TABLE IF EXISTS `vtiger_homemoduleflds`;
/*!40101 SET @saved_cs_client     = @@character_set_client */;
/*!50503 SET character_set_client = utf8mb4 */;
CREATE TABLE `vtiger_homemoduleflds` (
  `stuffid` int DEFAULT NULL,
  `fieldname` varchar(100) DEFAULT NULL,
  KEY `stuff_stuffid_idx` (`stuffid`),
  CONSTRAINT `fk_1_vtiger_homemoduleflds` FOREIGN KEY (`stuffid`) REFERENCES `vtiger_homemodule` (`stuffid`) ON DELETE CASCADE
) ENGINE=InnoDB DEFAULT CHARSET=utf8mb3;
/*!40101 SET character_set_client = @saved_cs_client */;

--
-- Dumping data for table `vtiger_homemoduleflds`
--

LOCK TABLES `vtiger_homemoduleflds` WRITE;
/*!40000 ALTER TABLE `vtiger_homemoduleflds` DISABLE KEYS */;
/*!40000 ALTER TABLE `vtiger_homemoduleflds` ENABLE KEYS */;
UNLOCK TABLES;

--
-- Table structure for table `vtiger_homereportchart`
--

DROP TABLE IF EXISTS `vtiger_homereportchart`;
/*!40101 SET @saved_cs_client     = @@character_set_client */;
/*!50503 SET character_set_client = utf8mb4 */;
CREATE TABLE `vtiger_homereportchart` (
  `stuffid` int NOT NULL,
  `reportid` int DEFAULT NULL,
  `reportcharttype` varchar(100) DEFAULT NULL,
  PRIMARY KEY (`stuffid`)
) ENGINE=InnoDB DEFAULT CHARSET=utf8mb3;
/*!40101 SET character_set_client = @saved_cs_client */;

--
-- Dumping data for table `vtiger_homereportchart`
--

LOCK TABLES `vtiger_homereportchart` WRITE;
/*!40000 ALTER TABLE `vtiger_homereportchart` DISABLE KEYS */;
/*!40000 ALTER TABLE `vtiger_homereportchart` ENABLE KEYS */;
UNLOCK TABLES;

--
-- Table structure for table `vtiger_homerss`
--

DROP TABLE IF EXISTS `vtiger_homerss`;
/*!40101 SET @saved_cs_client     = @@character_set_client */;
/*!50503 SET character_set_client = utf8mb4 */;
CREATE TABLE `vtiger_homerss` (
  `stuffid` int NOT NULL DEFAULT '0',
  `url` varchar(100) DEFAULT NULL,
  `maxentries` int NOT NULL,
  PRIMARY KEY (`stuffid`),
  KEY `stuff_stuffid_idx` (`stuffid`),
  CONSTRAINT `fk_1_vtiger_homerss` FOREIGN KEY (`stuffid`) REFERENCES `vtiger_homestuff` (`stuffid`) ON DELETE CASCADE
) ENGINE=InnoDB DEFAULT CHARSET=utf8mb3;
/*!40101 SET character_set_client = @saved_cs_client */;

--
-- Dumping data for table `vtiger_homerss`
--

LOCK TABLES `vtiger_homerss` WRITE;
/*!40000 ALTER TABLE `vtiger_homerss` DISABLE KEYS */;
/*!40000 ALTER TABLE `vtiger_homerss` ENABLE KEYS */;
UNLOCK TABLES;

--
-- Table structure for table `vtiger_homestuff`
--

DROP TABLE IF EXISTS `vtiger_homestuff`;
/*!40101 SET @saved_cs_client     = @@character_set_client */;
/*!50503 SET character_set_client = utf8mb4 */;
CREATE TABLE `vtiger_homestuff` (
  `stuffid` int NOT NULL DEFAULT '0',
  `stuffsequence` int NOT NULL DEFAULT '0',
  `stufftype` varchar(100) DEFAULT NULL,
  `userid` int NOT NULL,
  `visible` int NOT NULL DEFAULT '0',
  `stufftitle` varchar(100) DEFAULT NULL,
  PRIMARY KEY (`stuffid`),
  KEY `stuff_stuffid_idx` (`stuffid`),
  KEY `fk_1_vtiger_homestuff` (`userid`),
  CONSTRAINT `fk_1_vtiger_homestuff` FOREIGN KEY (`userid`) REFERENCES `vtiger_users` (`id`) ON DELETE CASCADE
) ENGINE=InnoDB DEFAULT CHARSET=utf8mb3;
/*!40101 SET character_set_client = @saved_cs_client */;

--
-- Dumping data for table `vtiger_homestuff`
--

LOCK TABLES `vtiger_homestuff` WRITE;
/*!40000 ALTER TABLE `vtiger_homestuff` DISABLE KEYS */;
INSERT INTO `vtiger_homestuff` VALUES (1,1,'Default',1,1,'Top Accounts'),(2,2,'Default',1,1,'Home Page Dashboard'),(3,3,'Default',1,1,'Top Potentials'),(4,4,'Default',1,1,'Top Quotes'),(5,5,'Default',1,1,'Key Metrics'),(6,6,'Default',1,1,'Top Trouble Tickets'),(7,7,'Default',1,1,'Upcoming Activities'),(8,8,'Default',1,1,'My Group Allocation'),(9,9,'Default',1,1,'Top Sales Orders'),(10,10,'Default',1,1,'Top Invoices'),(11,11,'Default',1,1,'My New Leads'),(12,12,'Default',1,1,'Top Purchase Orders'),(13,13,'Default',1,1,'Pending Activities'),(14,14,'Default',1,1,'My Recent FAQs'),(15,15,'Tag Cloud',1,0,'Tag Cloud');
/*!40000 ALTER TABLE `vtiger_homestuff` ENABLE KEYS */;
UNLOCK TABLES;

--
-- Table structure for table `vtiger_homestuff_seq`
--

DROP TABLE IF EXISTS `vtiger_homestuff_seq`;
/*!40101 SET @saved_cs_client     = @@character_set_client */;
/*!50503 SET character_set_client = utf8mb4 */;
CREATE TABLE `vtiger_homestuff_seq` (
  `id` int NOT NULL
) ENGINE=InnoDB DEFAULT CHARSET=utf8mb3;
/*!40101 SET character_set_client = @saved_cs_client */;

--
-- Dumping data for table `vtiger_homestuff_seq`
--

LOCK TABLES `vtiger_homestuff_seq` WRITE;
/*!40000 ALTER TABLE `vtiger_homestuff_seq` DISABLE KEYS */;
INSERT INTO `vtiger_homestuff_seq` VALUES (345);
/*!40000 ALTER TABLE `vtiger_homestuff_seq` ENABLE KEYS */;
UNLOCK TABLES;

--
-- Table structure for table `vtiger_hour_format`
--

DROP TABLE IF EXISTS `vtiger_hour_format`;
/*!40101 SET @saved_cs_client     = @@character_set_client */;
/*!50503 SET character_set_client = utf8mb4 */;
CREATE TABLE `vtiger_hour_format` (
  `hour_formatid` int NOT NULL AUTO_INCREMENT,
  `hour_format` varchar(200) NOT NULL,
  `sortorderid` int DEFAULT NULL,
  `presence` int NOT NULL DEFAULT '1',
  PRIMARY KEY (`hour_formatid`)
) ENGINE=InnoDB AUTO_INCREMENT=3 DEFAULT CHARSET=utf8mb3;
/*!40101 SET character_set_client = @saved_cs_client */;

--
-- Dumping data for table `vtiger_hour_format`
--

LOCK TABLES `vtiger_hour_format` WRITE;
/*!40000 ALTER TABLE `vtiger_hour_format` DISABLE KEYS */;
INSERT INTO `vtiger_hour_format` VALUES (1,'12',0,1),(2,'24',1,1);
/*!40000 ALTER TABLE `vtiger_hour_format` ENABLE KEYS */;
UNLOCK TABLES;

--
-- Table structure for table `vtiger_hour_format_seq`
--

DROP TABLE IF EXISTS `vtiger_hour_format_seq`;
/*!40101 SET @saved_cs_client     = @@character_set_client */;
/*!50503 SET character_set_client = utf8mb4 */;
CREATE TABLE `vtiger_hour_format_seq` (
  `id` int NOT NULL
) ENGINE=InnoDB DEFAULT CHARSET=utf8mb3;
/*!40101 SET character_set_client = @saved_cs_client */;

--
-- Dumping data for table `vtiger_hour_format_seq`
--

LOCK TABLES `vtiger_hour_format_seq` WRITE;
/*!40000 ALTER TABLE `vtiger_hour_format_seq` DISABLE KEYS */;
INSERT INTO `vtiger_hour_format_seq` VALUES (2);
/*!40000 ALTER TABLE `vtiger_hour_format_seq` ENABLE KEYS */;
UNLOCK TABLES;

--
-- Table structure for table `vtiger_import_locks`
--

DROP TABLE IF EXISTS `vtiger_import_locks`;
/*!40101 SET @saved_cs_client     = @@character_set_client */;
/*!50503 SET character_set_client = utf8mb4 */;
CREATE TABLE `vtiger_import_locks` (
  `vtiger_import_lock_id` int NOT NULL,
  `userid` int NOT NULL,
  `tabid` int NOT NULL,
  `importid` int NOT NULL,
  `locked_since` datetime DEFAULT NULL,
  PRIMARY KEY (`vtiger_import_lock_id`)
) ENGINE=InnoDB DEFAULT CHARSET=utf8mb3;
/*!40101 SET character_set_client = @saved_cs_client */;

--
-- Dumping data for table `vtiger_import_locks`
--

LOCK TABLES `vtiger_import_locks` WRITE;
/*!40000 ALTER TABLE `vtiger_import_locks` DISABLE KEYS */;
/*!40000 ALTER TABLE `vtiger_import_locks` ENABLE KEYS */;
UNLOCK TABLES;

--
-- Table structure for table `vtiger_import_maps`
--

DROP TABLE IF EXISTS `vtiger_import_maps`;
/*!40101 SET @saved_cs_client     = @@character_set_client */;
/*!50503 SET character_set_client = utf8mb4 */;
CREATE TABLE `vtiger_import_maps` (
  `id` int NOT NULL AUTO_INCREMENT,
  `name` varchar(36) NOT NULL,
  `module` varchar(36) NOT NULL,
  `content` longblob,
  `has_header` int NOT NULL DEFAULT '1',
  `deleted` int NOT NULL DEFAULT '0',
  `date_entered` timestamp NOT NULL,
  `date_modified` datetime DEFAULT NULL,
  `assigned_user_id` varchar(36) DEFAULT NULL,
  `is_published` varchar(3) NOT NULL DEFAULT 'no',
  PRIMARY KEY (`id`),
  KEY `import_maps_assigned_user_id_module_name_deleted_idx` (`assigned_user_id`,`module`,`name`,`deleted`)
) ENGINE=InnoDB DEFAULT CHARSET=utf8mb3;
/*!40101 SET character_set_client = @saved_cs_client */;

--
-- Dumping data for table `vtiger_import_maps`
--

LOCK TABLES `vtiger_import_maps` WRITE;
/*!40000 ALTER TABLE `vtiger_import_maps` DISABLE KEYS */;
/*!40000 ALTER TABLE `vtiger_import_maps` ENABLE KEYS */;
UNLOCK TABLES;

--
-- Table structure for table `vtiger_import_queue`
--

DROP TABLE IF EXISTS `vtiger_import_queue`;
/*!40101 SET @saved_cs_client     = @@character_set_client */;
/*!50503 SET character_set_client = utf8mb4 */;
CREATE TABLE `vtiger_import_queue` (
  `importid` int NOT NULL,
  `userid` int NOT NULL,
  `tabid` int NOT NULL,
  `field_mapping` text,
  `default_values` text,
  `merge_type` int DEFAULT NULL,
  `merge_fields` text,
  `status` int DEFAULT '0',
  `lineitem_currency_id` int DEFAULT NULL,
  `paging` int DEFAULT '0',
  PRIMARY KEY (`importid`)
) ENGINE=InnoDB DEFAULT CHARSET=utf8mb3;
/*!40101 SET character_set_client = @saved_cs_client */;

--
-- Dumping data for table `vtiger_import_queue`
--

LOCK TABLES `vtiger_import_queue` WRITE;
/*!40000 ALTER TABLE `vtiger_import_queue` DISABLE KEYS */;
/*!40000 ALTER TABLE `vtiger_import_queue` ENABLE KEYS */;
UNLOCK TABLES;

--
-- Table structure for table `vtiger_industry`
--

DROP TABLE IF EXISTS `vtiger_industry`;
/*!40101 SET @saved_cs_client     = @@character_set_client */;
/*!50503 SET character_set_client = utf8mb4 */;
CREATE TABLE `vtiger_industry` (
  `industryid` int NOT NULL AUTO_INCREMENT,
  `industry` varchar(200) NOT NULL,
  `presence` int NOT NULL DEFAULT '1',
  `picklist_valueid` int NOT NULL DEFAULT '0',
  `sortorderid` int DEFAULT NULL,
  `color` varchar(10) DEFAULT NULL,
  PRIMARY KEY (`industryid`),
  UNIQUE KEY `industry_industry_idx` (`industry`)
) ENGINE=InnoDB AUTO_INCREMENT=33 DEFAULT CHARSET=utf8mb3;
/*!40101 SET character_set_client = @saved_cs_client */;

--
-- Dumping data for table `vtiger_industry`
--

LOCK TABLES `vtiger_industry` WRITE;
/*!40000 ALTER TABLE `vtiger_industry` DISABLE KEYS */;
INSERT INTO `vtiger_industry` VALUES (2,'Apparel',1,61,1,NULL),(3,'Banking',1,62,2,NULL),(4,'Biotechnology',1,63,3,NULL),(5,'Chemicals',1,64,4,NULL),(6,'Communications',1,65,5,NULL),(7,'Construction',1,66,6,NULL),(8,'Consulting',1,67,7,NULL),(9,'Education',1,68,8,NULL),(10,'Electronics',1,69,9,NULL),(11,'Energy',1,70,10,NULL),(12,'Engineering',1,71,11,NULL),(13,'Entertainment',1,72,12,NULL),(14,'Environmental',1,73,13,NULL),(15,'Finance',1,74,14,NULL),(16,'Food & Beverage',1,75,15,NULL),(17,'Government',1,76,16,NULL),(18,'Healthcare',1,77,17,NULL),(19,'Hospitality',1,78,18,NULL),(20,'Insurance',1,79,19,NULL),(21,'Machinery',1,80,20,NULL),(22,'Manufacturing',1,81,21,NULL),(23,'Media',1,82,22,NULL),(24,'Not For Profit',1,83,23,NULL),(25,'Recreation',1,84,24,NULL),(26,'Retail',1,85,25,NULL),(27,'Shipping',1,86,26,NULL),(28,'Technology',1,87,27,NULL),(29,'Telecommunications',1,88,28,NULL),(30,'Transportation',1,89,29,NULL),(31,'Utilities',1,90,30,NULL),(32,'Other',1,91,31,NULL);
/*!40000 ALTER TABLE `vtiger_industry` ENABLE KEYS */;
UNLOCK TABLES;

--
-- Table structure for table `vtiger_industry_seq`
--

DROP TABLE IF EXISTS `vtiger_industry_seq`;
/*!40101 SET @saved_cs_client     = @@character_set_client */;
/*!50503 SET character_set_client = utf8mb4 */;
CREATE TABLE `vtiger_industry_seq` (
  `id` int NOT NULL
) ENGINE=InnoDB DEFAULT CHARSET=utf8mb3;
/*!40101 SET character_set_client = @saved_cs_client */;

--
-- Dumping data for table `vtiger_industry_seq`
--

LOCK TABLES `vtiger_industry_seq` WRITE;
/*!40000 ALTER TABLE `vtiger_industry_seq` DISABLE KEYS */;
INSERT INTO `vtiger_industry_seq` VALUES (32);
/*!40000 ALTER TABLE `vtiger_industry_seq` ENABLE KEYS */;
UNLOCK TABLES;

--
-- Table structure for table `vtiger_inventory_tandc`
--

DROP TABLE IF EXISTS `vtiger_inventory_tandc`;
/*!40101 SET @saved_cs_client     = @@character_set_client */;
/*!50503 SET character_set_client = utf8mb4 */;
CREATE TABLE `vtiger_inventory_tandc` (
  `id` int NOT NULL,
  `type` varchar(30) NOT NULL,
  `tandc` text,
  PRIMARY KEY (`id`)
) ENGINE=InnoDB DEFAULT CHARSET=utf8mb3;
/*!40101 SET character_set_client = @saved_cs_client */;

--
-- Dumping data for table `vtiger_inventory_tandc`
--

LOCK TABLES `vtiger_inventory_tandc` WRITE;
/*!40000 ALTER TABLE `vtiger_inventory_tandc` DISABLE KEYS */;
INSERT INTO `vtiger_inventory_tandc` VALUES (2,'Invoice','- Счет действителен на протяжении 14 календарных дней с даты его выставления, если другое не оговорено в письменной форме. Оплата счета Покупателем означает согласие с условиями поставки.'),(3,'Quotes','- Счет действителен на протяжении 14 календарных дней с даты его выставления, если другое не оговорено в письменной форме. Оплата счета Покупателем означает согласие с условиями поставки.'),(4,'PurchaseOrder','- Счет действителен на протяжении 14 календарных дней с даты его выставления, если другое не оговорено в письменной форме. Оплата счета Покупателем означает согласие с условиями поставки.'),(5,'SalesOrder','- Счет действителен на протяжении 14 календарных дней с даты его выставления, если другое не оговорено в письменной форме. Оплата счета Покупателем означает согласие с условиями поставки.'),(6,'Act','- Счет действителен на протяжении 14 календарных дней с даты его выставления, если другое не оговорено в письменной форме. Оплата счета Покупателем означает согласие с условиями поставки.'),(7,'Consignment','- Счет действителен на протяжении 14 календарных дней с даты его выставления, если другое не оговорено в письменной форме. Оплата счета Покупателем означает согласие с условиями поставки.');
/*!40000 ALTER TABLE `vtiger_inventory_tandc` ENABLE KEYS */;
UNLOCK TABLES;

--
-- Table structure for table `vtiger_inventory_tandc_seq`
--

DROP TABLE IF EXISTS `vtiger_inventory_tandc_seq`;
/*!40101 SET @saved_cs_client     = @@character_set_client */;
/*!50503 SET character_set_client = utf8mb4 */;
CREATE TABLE `vtiger_inventory_tandc_seq` (
  `id` int NOT NULL
) ENGINE=InnoDB DEFAULT CHARSET=utf8mb3;
/*!40101 SET character_set_client = @saved_cs_client */;

--
-- Dumping data for table `vtiger_inventory_tandc_seq`
--

LOCK TABLES `vtiger_inventory_tandc_seq` WRITE;
/*!40000 ALTER TABLE `vtiger_inventory_tandc_seq` DISABLE KEYS */;
INSERT INTO `vtiger_inventory_tandc_seq` VALUES (7);
/*!40000 ALTER TABLE `vtiger_inventory_tandc_seq` ENABLE KEYS */;
UNLOCK TABLES;

--
-- Table structure for table `vtiger_inventorycharges`
--

DROP TABLE IF EXISTS `vtiger_inventorycharges`;
/*!40101 SET @saved_cs_client     = @@character_set_client */;
/*!50503 SET character_set_client = utf8mb4 */;
CREATE TABLE `vtiger_inventorycharges` (
  `chargeid` int NOT NULL AUTO_INCREMENT,
  `name` varchar(100) NOT NULL,
  `format` varchar(10) DEFAULT NULL,
  `type` varchar(10) DEFAULT NULL,
  `value` decimal(12,5) DEFAULT NULL,
  `regions` text,
  `istaxable` int NOT NULL DEFAULT '1',
  `taxes` varchar(1024) DEFAULT NULL,
  `deleted` int NOT NULL DEFAULT '0',
  PRIMARY KEY (`chargeid`)
) ENGINE=InnoDB AUTO_INCREMENT=2 DEFAULT CHARSET=utf8mb3;
/*!40101 SET character_set_client = @saved_cs_client */;

--
-- Dumping data for table `vtiger_inventorycharges`
--

LOCK TABLES `vtiger_inventorycharges` WRITE;
/*!40000 ALTER TABLE `vtiger_inventorycharges` DISABLE KEYS */;
INSERT INTO `vtiger_inventorycharges` VALUES (1,'Shipping & Handling','Flat','Fixed',0.00000,'[]',1,'[\"1\"]',0);
/*!40000 ALTER TABLE `vtiger_inventorycharges` ENABLE KEYS */;
UNLOCK TABLES;

--
-- Table structure for table `vtiger_inventorychargesrel`
--

DROP TABLE IF EXISTS `vtiger_inventorychargesrel`;
/*!40101 SET @saved_cs_client     = @@character_set_client */;
/*!50503 SET character_set_client = utf8mb4 */;
CREATE TABLE `vtiger_inventorychargesrel` (
  `recordid` int NOT NULL,
  `charges` text
) ENGINE=InnoDB DEFAULT CHARSET=utf8mb3;
/*!40101 SET character_set_client = @saved_cs_client */;

--
-- Dumping data for table `vtiger_inventorychargesrel`
--

LOCK TABLES `vtiger_inventorychargesrel` WRITE;
/*!40000 ALTER TABLE `vtiger_inventorychargesrel` DISABLE KEYS */;
INSERT INTO `vtiger_inventorychargesrel` VALUES (4,'{\"1\":{\"value\":\"0\",\"taxes\":{\"1\":\"18.000\"}}}'),(15,'{\"1\":{\"value\":\"0\",\"taxes\":{\"1\":\"18.000\"}}}'),(18,'{\"1\":{\"value\":\"0\",\"taxes\":{\"1\":\"18.000\"}}}');
/*!40000 ALTER TABLE `vtiger_inventorychargesrel` ENABLE KEYS */;
UNLOCK TABLES;

--
-- Table structure for table `vtiger_inventorynotification`
--

DROP TABLE IF EXISTS `vtiger_inventorynotification`;
/*!40101 SET @saved_cs_client     = @@character_set_client */;
/*!50503 SET character_set_client = utf8mb4 */;
CREATE TABLE `vtiger_inventorynotification` (
  `notificationid` int NOT NULL AUTO_INCREMENT,
  `notificationname` varchar(200) DEFAULT NULL,
  `notificationsubject` varchar(200) DEFAULT NULL,
  `notificationbody` text,
  `label` varchar(50) DEFAULT NULL,
  `status` varchar(30) DEFAULT NULL,
  PRIMARY KEY (`notificationid`)
) ENGINE=InnoDB AUTO_INCREMENT=4 DEFAULT CHARSET=utf8mb3;
/*!40101 SET character_set_client = @saved_cs_client */;

--
-- Dumping data for table `vtiger_inventorynotification`
--

LOCK TABLES `vtiger_inventorynotification` WRITE;
/*!40000 ALTER TABLE `vtiger_inventorynotification` DISABLE KEYS */;
INSERT INTO `vtiger_inventorynotification` VALUES (1,'InvoiceNotification','{PRODUCTNAME} Stock Level is Low','Уважаемый(ая) {HANDLER},\n\nТекущий остаток товара \"{PRODUCTNAME}\" на нашем складе составляет {CURRENTSTOCK}. Просим вас обеспечить поставку необходимого количества товара, так как уровень запасов ниже минимального {REORDERLEVELVALUE}.\n\nПримите это сообщение во внимание, так как Счет уже выставлен Клиенту.\n\nВажность: Критическая\n\nС уважением,\n{CURRENTUSER} ','InvoiceNotificationDescription',NULL),(2,'QuoteNotification','Quote given for {PRODUCTNAME}','Dear {HANDLER},\n\nQuote is generated for {QUOTEQUANTITY} units of {PRODUCTNAME}. The current stock of {PRODUCTNAME} in our warehouse is {CURRENTSTOCK}.\n\nSeverity: Minor\n\nThanks,\n{CURRENTUSER} ','QuoteNotificationDescription',NULL),(3,'SalesOrderNotification','Sales Order generated for {PRODUCTNAME}','Dear {HANDLER},\n\nSalesOrder is generated for {SOQUANTITY} units of {PRODUCTNAME}. The current stock of {PRODUCTNAME} in our warehouse is {CURRENTSTOCK}.\n\nPlease treat this information  with priority as the sales order is already generated.\n\nSeverity: Major\n\nThanks,\n{CURRENTUSER} ','SalesOrderNotificationDescription',NULL);
/*!40000 ALTER TABLE `vtiger_inventorynotification` ENABLE KEYS */;
UNLOCK TABLES;

--
-- Table structure for table `vtiger_inventorynotification_seq`
--

DROP TABLE IF EXISTS `vtiger_inventorynotification_seq`;
/*!40101 SET @saved_cs_client     = @@character_set_client */;
/*!50503 SET character_set_client = utf8mb4 */;
CREATE TABLE `vtiger_inventorynotification_seq` (
  `id` int NOT NULL
) ENGINE=InnoDB DEFAULT CHARSET=utf8mb3;
/*!40101 SET character_set_client = @saved_cs_client */;

--
-- Dumping data for table `vtiger_inventorynotification_seq`
--

LOCK TABLES `vtiger_inventorynotification_seq` WRITE;
/*!40000 ALTER TABLE `vtiger_inventorynotification_seq` DISABLE KEYS */;
INSERT INTO `vtiger_inventorynotification_seq` VALUES (3);
/*!40000 ALTER TABLE `vtiger_inventorynotification_seq` ENABLE KEYS */;
UNLOCK TABLES;

--
-- Table structure for table `vtiger_inventoryproductrel`
--

DROP TABLE IF EXISTS `vtiger_inventoryproductrel`;
/*!40101 SET @saved_cs_client     = @@character_set_client */;
/*!50503 SET character_set_client = utf8mb4 */;
CREATE TABLE `vtiger_inventoryproductrel` (
  `id` int DEFAULT NULL,
  `productid` int DEFAULT NULL,
  `sequence_no` int DEFAULT NULL,
  `quantity` decimal(25,3) DEFAULT NULL,
  `listprice` decimal(27,8) DEFAULT NULL,
  `discount_percent` decimal(7,3) DEFAULT NULL,
  `discount_amount` decimal(27,8) DEFAULT NULL,
  `comment` text,
  `description` text,
  `incrementondel` int NOT NULL DEFAULT '0',
  `lineitem_id` int NOT NULL AUTO_INCREMENT,
  `tax1` decimal(7,3) DEFAULT NULL,
  `tax2` decimal(7,3) DEFAULT NULL,
  `tax3` decimal(7,3) DEFAULT NULL,
  `image` varchar(2) DEFAULT NULL,
  `purchase_cost` decimal(27,8) DEFAULT NULL,
  `margin` decimal(27,8) DEFAULT NULL,
  PRIMARY KEY (`lineitem_id`),
  KEY `inventoryproductrel_id_idx` (`id`),
  KEY `inventoryproductrel_productid_idx` (`productid`),
  CONSTRAINT `fk_crmid_vtiger_inventoryproductrel` FOREIGN KEY (`id`) REFERENCES `vtiger_crmentity` (`crmid`) ON DELETE CASCADE
) ENGINE=InnoDB AUTO_INCREMENT=4 DEFAULT CHARSET=utf8mb3;
/*!40101 SET character_set_client = @saved_cs_client */;

--
-- Dumping data for table `vtiger_inventoryproductrel`
--

LOCK TABLES `vtiger_inventoryproductrel` WRITE;
/*!40000 ALTER TABLE `vtiger_inventoryproductrel` DISABLE KEYS */;
INSERT INTO `vtiger_inventoryproductrel` VALUES (4,3,1,1.000,0.00000000,NULL,NULL,'',NULL,0,1,NULL,NULL,NULL,NULL,0.00000000,0.00000000),(15,14,1,120.000,25.00000000,NULL,NULL,'',NULL,0,2,NULL,NULL,NULL,NULL,0.00000000,3000.00000000),(18,14,1,1.000,25.00000000,NULL,NULL,'',NULL,0,3,NULL,NULL,NULL,NULL,0.00000000,25.00000000);
/*!40000 ALTER TABLE `vtiger_inventoryproductrel` ENABLE KEYS */;
UNLOCK TABLES;

--
-- Table structure for table `vtiger_inventoryproductrel_seq`
--

DROP TABLE IF EXISTS `vtiger_inventoryproductrel_seq`;
/*!40101 SET @saved_cs_client     = @@character_set_client */;
/*!50503 SET character_set_client = utf8mb4 */;
CREATE TABLE `vtiger_inventoryproductrel_seq` (
  `id` int NOT NULL
) ENGINE=InnoDB DEFAULT CHARSET=utf8mb3;
/*!40101 SET character_set_client = @saved_cs_client */;

--
-- Dumping data for table `vtiger_inventoryproductrel_seq`
--

LOCK TABLES `vtiger_inventoryproductrel_seq` WRITE;
/*!40000 ALTER TABLE `vtiger_inventoryproductrel_seq` DISABLE KEYS */;
INSERT INTO `vtiger_inventoryproductrel_seq` VALUES (0);
/*!40000 ALTER TABLE `vtiger_inventoryproductrel_seq` ENABLE KEYS */;
UNLOCK TABLES;

--
-- Table structure for table `vtiger_inventoryshippingrel`
--

DROP TABLE IF EXISTS `vtiger_inventoryshippingrel`;
/*!40101 SET @saved_cs_client     = @@character_set_client */;
/*!50503 SET character_set_client = utf8mb4 */;
CREATE TABLE `vtiger_inventoryshippingrel` (
  `id` int DEFAULT NULL,
  `shtax1` decimal(7,3) DEFAULT NULL,
  `shtax2` decimal(7,3) DEFAULT NULL,
  `shtax3` decimal(7,3) DEFAULT NULL,
  KEY `inventoryishippingrel_id_idx` (`id`)
) ENGINE=InnoDB DEFAULT CHARSET=utf8mb3;
/*!40101 SET character_set_client = @saved_cs_client */;

--
-- Dumping data for table `vtiger_inventoryshippingrel`
--

LOCK TABLES `vtiger_inventoryshippingrel` WRITE;
/*!40000 ALTER TABLE `vtiger_inventoryshippingrel` DISABLE KEYS */;
/*!40000 ALTER TABLE `vtiger_inventoryshippingrel` ENABLE KEYS */;
UNLOCK TABLES;

--
-- Table structure for table `vtiger_inventorysubproductrel`
--

DROP TABLE IF EXISTS `vtiger_inventorysubproductrel`;
/*!40101 SET @saved_cs_client     = @@character_set_client */;
/*!50503 SET character_set_client = utf8mb4 */;
CREATE TABLE `vtiger_inventorysubproductrel` (
  `id` int NOT NULL,
  `sequence_no` int NOT NULL,
  `productid` int NOT NULL,
  `quantity` int DEFAULT '1'
) ENGINE=InnoDB DEFAULT CHARSET=utf8mb3;
/*!40101 SET character_set_client = @saved_cs_client */;

--
-- Dumping data for table `vtiger_inventorysubproductrel`
--

LOCK TABLES `vtiger_inventorysubproductrel` WRITE;
/*!40000 ALTER TABLE `vtiger_inventorysubproductrel` DISABLE KEYS */;
/*!40000 ALTER TABLE `vtiger_inventorysubproductrel` ENABLE KEYS */;
UNLOCK TABLES;

--
-- Table structure for table `vtiger_inventorytaxinfo`
--

DROP TABLE IF EXISTS `vtiger_inventorytaxinfo`;
/*!40101 SET @saved_cs_client     = @@character_set_client */;
/*!50503 SET character_set_client = utf8mb4 */;
CREATE TABLE `vtiger_inventorytaxinfo` (
  `taxid` int NOT NULL,
  `taxname` varchar(50) DEFAULT NULL,
  `taxlabel` varchar(50) DEFAULT NULL,
  `percentage` decimal(7,3) DEFAULT NULL,
  `deleted` int DEFAULT NULL,
  `method` varchar(10) DEFAULT NULL,
  `type` varchar(10) DEFAULT NULL,
  `compoundon` varchar(400) DEFAULT NULL,
  `regions` text,
  PRIMARY KEY (`taxid`),
  KEY `inventorytaxinfo_taxname_idx` (`taxname`)
) ENGINE=InnoDB DEFAULT CHARSET=utf8mb3;
/*!40101 SET character_set_client = @saved_cs_client */;

--
-- Dumping data for table `vtiger_inventorytaxinfo`
--

LOCK TABLES `vtiger_inventorytaxinfo` WRITE;
/*!40000 ALTER TABLE `vtiger_inventorytaxinfo` DISABLE KEYS */;
INSERT INTO `vtiger_inventorytaxinfo` VALUES (1,'tax1','НДС',18.000,0,'Simple','Fixed','[]','[]');
/*!40000 ALTER TABLE `vtiger_inventorytaxinfo` ENABLE KEYS */;
UNLOCK TABLES;

--
-- Table structure for table `vtiger_inventorytaxinfo_seq`
--

DROP TABLE IF EXISTS `vtiger_inventorytaxinfo_seq`;
/*!40101 SET @saved_cs_client     = @@character_set_client */;
/*!50503 SET character_set_client = utf8mb4 */;
CREATE TABLE `vtiger_inventorytaxinfo_seq` (
  `id` int NOT NULL
) ENGINE=InnoDB DEFAULT CHARSET=utf8mb3;
/*!40101 SET character_set_client = @saved_cs_client */;

--
-- Dumping data for table `vtiger_inventorytaxinfo_seq`
--

LOCK TABLES `vtiger_inventorytaxinfo_seq` WRITE;
/*!40000 ALTER TABLE `vtiger_inventorytaxinfo_seq` DISABLE KEYS */;
INSERT INTO `vtiger_inventorytaxinfo_seq` VALUES (3);
/*!40000 ALTER TABLE `vtiger_inventorytaxinfo_seq` ENABLE KEYS */;
UNLOCK TABLES;

--
-- Table structure for table `vtiger_invitees`
--

DROP TABLE IF EXISTS `vtiger_invitees`;
/*!40101 SET @saved_cs_client     = @@character_set_client */;
/*!50503 SET character_set_client = utf8mb4 */;
CREATE TABLE `vtiger_invitees` (
  `activityid` int NOT NULL,
  `inviteeid` int NOT NULL,
  `status` varchar(50) DEFAULT NULL,
  PRIMARY KEY (`activityid`,`inviteeid`)
) ENGINE=InnoDB DEFAULT CHARSET=utf8mb3;
/*!40101 SET character_set_client = @saved_cs_client */;

--
-- Dumping data for table `vtiger_invitees`
--

LOCK TABLES `vtiger_invitees` WRITE;
/*!40000 ALTER TABLE `vtiger_invitees` DISABLE KEYS */;
/*!40000 ALTER TABLE `vtiger_invitees` ENABLE KEYS */;
UNLOCK TABLES;

--
-- Table structure for table `vtiger_invoice`
--

DROP TABLE IF EXISTS `vtiger_invoice`;
/*!40101 SET @saved_cs_client     = @@character_set_client */;
/*!50503 SET character_set_client = utf8mb4 */;
CREATE TABLE `vtiger_invoice` (
  `invoiceid` int NOT NULL DEFAULT '0',
  `subject` varchar(100) DEFAULT NULL,
  `salesorderid` int DEFAULT NULL,
  `customerno` varchar(100) DEFAULT NULL,
  `contactid` int DEFAULT NULL,
  `notes` varchar(100) DEFAULT NULL,
  `invoicedate` date DEFAULT NULL,
  `duedate` date DEFAULT NULL,
  `invoiceterms` varchar(100) DEFAULT NULL,
  `type` varchar(100) DEFAULT NULL,
  `adjustment` decimal(25,8) DEFAULT NULL,
  `salescommission` decimal(25,3) DEFAULT NULL,
  `exciseduty` decimal(25,3) DEFAULT NULL,
  `subtotal` decimal(25,8) DEFAULT NULL,
  `total` decimal(25,8) DEFAULT NULL,
  `taxtype` varchar(25) DEFAULT NULL,
  `discount_percent` decimal(25,3) DEFAULT NULL,
  `discount_amount` decimal(25,8) DEFAULT NULL,
  `s_h_amount` decimal(25,8) DEFAULT NULL,
  `shipping` varchar(100) DEFAULT NULL,
  `accountid` int DEFAULT NULL,
  `terms_conditions` text,
  `purchaseorder` varchar(200) DEFAULT NULL,
  `invoicestatus` varchar(200) DEFAULT NULL,
  `invoice_no` varchar(100) DEFAULT NULL,
  `currency_id` int NOT NULL DEFAULT '1',
  `conversion_rate` decimal(10,3) NOT NULL DEFAULT '1.000',
  `compound_taxes_info` text,
  `sp_act_id` int DEFAULT NULL,
  `pre_tax_total` decimal(25,8) DEFAULT NULL,
  `received` decimal(25,8) DEFAULT NULL,
  `balance` decimal(25,8) DEFAULT NULL,
  `s_h_percent` decimal(25,8) DEFAULT NULL,
  `spcompany` varchar(200) CHARACTER SET utf8 COLLATE utf8_unicode_ci DEFAULT 'Default',
  `potential_id` varchar(100) DEFAULT NULL,
  `tags` varchar(1) DEFAULT NULL,
  `region_id` int DEFAULT NULL,
  `online_payment` varchar(255) DEFAULT NULL,
  PRIMARY KEY (`invoiceid`),
  KEY `invoice_purchaseorderid_idx` (`invoiceid`),
  KEY `fk_2_vtiger_invoice` (`salesorderid`),
  CONSTRAINT `fk_2_vtiger_invoice` FOREIGN KEY (`salesorderid`) REFERENCES `vtiger_salesorder` (`salesorderid`) ON DELETE CASCADE,
  CONSTRAINT `fk_crmid_vtiger_invoice` FOREIGN KEY (`invoiceid`) REFERENCES `vtiger_crmentity` (`crmid`) ON DELETE CASCADE
) ENGINE=InnoDB DEFAULT CHARSET=utf8mb3;
/*!40101 SET character_set_client = @saved_cs_client */;

--
-- Dumping data for table `vtiger_invoice`
--

LOCK TABLES `vtiger_invoice` WRITE;
/*!40000 ALTER TABLE `vtiger_invoice` DISABLE KEYS */;
INSERT INTO `vtiger_invoice` VALUES (4,'Тестовый счет',NULL,'',0,NULL,NULL,NULL,NULL,NULL,0.00000000,0.000,0.000,0.00000000,0.00000000,'group_tax_inc',NULL,NULL,0.00000000,NULL,2,'- Счет действителен на протяжении 14 календарных дней с даты его выставления, если другое не оговорено в письменной форме. Оплата счета Покупателем означает согласие с условиями поставки.','','','СЧЕТ_1',1,1.000,'[]',0,0.00000000,0.00000000,0.00000000,0.00000000,'Default','0','',0,NULL);
/*!40000 ALTER TABLE `vtiger_invoice` ENABLE KEYS */;
UNLOCK TABLES;

--
-- Table structure for table `vtiger_invoice_recurring_info`
--

DROP TABLE IF EXISTS `vtiger_invoice_recurring_info`;
/*!40101 SET @saved_cs_client     = @@character_set_client */;
/*!50503 SET character_set_client = utf8mb4 */;
CREATE TABLE `vtiger_invoice_recurring_info` (
  `salesorderid` int NOT NULL,
  `recurring_frequency` varchar(200) DEFAULT NULL,
  `start_period` date DEFAULT NULL,
  `end_period` date DEFAULT NULL,
  `last_recurring_date` date DEFAULT NULL,
  `payment_duration` varchar(200) DEFAULT NULL,
  `invoice_status` varchar(200) DEFAULT NULL,
  PRIMARY KEY (`salesorderid`),
  CONSTRAINT `fk_salesorderid_vtiger_invoice_recurring_info` FOREIGN KEY (`salesorderid`) REFERENCES `vtiger_salesorder` (`salesorderid`) ON DELETE CASCADE
) ENGINE=InnoDB DEFAULT CHARSET=utf8mb3;
/*!40101 SET character_set_client = @saved_cs_client */;

--
-- Dumping data for table `vtiger_invoice_recurring_info`
--

LOCK TABLES `vtiger_invoice_recurring_info` WRITE;
/*!40000 ALTER TABLE `vtiger_invoice_recurring_info` DISABLE KEYS */;
/*!40000 ALTER TABLE `vtiger_invoice_recurring_info` ENABLE KEYS */;
UNLOCK TABLES;

--
-- Table structure for table `vtiger_invoicebillads`
--

DROP TABLE IF EXISTS `vtiger_invoicebillads`;
/*!40101 SET @saved_cs_client     = @@character_set_client */;
/*!50503 SET character_set_client = utf8mb4 */;
CREATE TABLE `vtiger_invoicebillads` (
  `invoicebilladdressid` int NOT NULL DEFAULT '0',
  `bill_city` varchar(30) DEFAULT NULL,
  `bill_code` varchar(30) DEFAULT NULL,
  `bill_country` varchar(30) DEFAULT NULL,
  `bill_state` varchar(30) DEFAULT NULL,
  `bill_street` varchar(250) DEFAULT NULL,
  `bill_pobox` varchar(30) DEFAULT NULL,
  PRIMARY KEY (`invoicebilladdressid`),
  CONSTRAINT `fk_1_vtiger_invoicebillads` FOREIGN KEY (`invoicebilladdressid`) REFERENCES `vtiger_invoice` (`invoiceid`) ON DELETE CASCADE
) ENGINE=InnoDB DEFAULT CHARSET=utf8mb3;
/*!40101 SET character_set_client = @saved_cs_client */;

--
-- Dumping data for table `vtiger_invoicebillads`
--

LOCK TABLES `vtiger_invoicebillads` WRITE;
/*!40000 ALTER TABLE `vtiger_invoicebillads` DISABLE KEYS */;
INSERT INTO `vtiger_invoicebillads` VALUES (4,'','','','','Адрес','');
/*!40000 ALTER TABLE `vtiger_invoicebillads` ENABLE KEYS */;
UNLOCK TABLES;

--
-- Table structure for table `vtiger_invoicecf`
--

DROP TABLE IF EXISTS `vtiger_invoicecf`;
/*!40101 SET @saved_cs_client     = @@character_set_client */;
/*!50503 SET character_set_client = utf8mb4 */;
CREATE TABLE `vtiger_invoicecf` (
  `invoiceid` int NOT NULL DEFAULT '0',
  PRIMARY KEY (`invoiceid`),
  CONSTRAINT `fk_1_vtiger_invoicecf` FOREIGN KEY (`invoiceid`) REFERENCES `vtiger_invoice` (`invoiceid`) ON DELETE CASCADE
) ENGINE=InnoDB DEFAULT CHARSET=utf8mb3;
/*!40101 SET character_set_client = @saved_cs_client */;

--
-- Dumping data for table `vtiger_invoicecf`
--

LOCK TABLES `vtiger_invoicecf` WRITE;
/*!40000 ALTER TABLE `vtiger_invoicecf` DISABLE KEYS */;
INSERT INTO `vtiger_invoicecf` VALUES (4);
/*!40000 ALTER TABLE `vtiger_invoicecf` ENABLE KEYS */;
UNLOCK TABLES;

--
-- Table structure for table `vtiger_invoiceshipads`
--

DROP TABLE IF EXISTS `vtiger_invoiceshipads`;
/*!40101 SET @saved_cs_client     = @@character_set_client */;
/*!50503 SET character_set_client = utf8mb4 */;
CREATE TABLE `vtiger_invoiceshipads` (
  `invoiceshipaddressid` int NOT NULL DEFAULT '0',
  `ship_city` varchar(30) DEFAULT NULL,
  `ship_code` varchar(30) DEFAULT NULL,
  `ship_country` varchar(30) DEFAULT NULL,
  `ship_state` varchar(30) DEFAULT NULL,
  `ship_street` varchar(250) DEFAULT NULL,
  `ship_pobox` varchar(30) DEFAULT NULL,
  PRIMARY KEY (`invoiceshipaddressid`),
  CONSTRAINT `fk_1_vtiger_invoiceshipads` FOREIGN KEY (`invoiceshipaddressid`) REFERENCES `vtiger_invoice` (`invoiceid`) ON DELETE CASCADE
) ENGINE=InnoDB DEFAULT CHARSET=utf8mb3;
/*!40101 SET character_set_client = @saved_cs_client */;

--
-- Dumping data for table `vtiger_invoiceshipads`
--

LOCK TABLES `vtiger_invoiceshipads` WRITE;
/*!40000 ALTER TABLE `vtiger_invoiceshipads` DISABLE KEYS */;
INSERT INTO `vtiger_invoiceshipads` VALUES (4,'','','','','Адрес','');
/*!40000 ALTER TABLE `vtiger_invoiceshipads` ENABLE KEYS */;
UNLOCK TABLES;

--
-- Table structure for table `vtiger_invoicestatus`
--

DROP TABLE IF EXISTS `vtiger_invoicestatus`;
/*!40101 SET @saved_cs_client     = @@character_set_client */;
/*!50503 SET character_set_client = utf8mb4 */;
CREATE TABLE `vtiger_invoicestatus` (
  `invoicestatusid` int NOT NULL AUTO_INCREMENT,
  `invoicestatus` varchar(200) NOT NULL,
  `presence` int NOT NULL DEFAULT '1',
  `picklist_valueid` int NOT NULL DEFAULT '0',
  `sortorderid` int DEFAULT NULL,
  `color` varchar(10) DEFAULT NULL,
  PRIMARY KEY (`invoicestatusid`),
  UNIQUE KEY `invoicestatus_invoiestatus_idx` (`invoicestatus`)
) ENGINE=InnoDB AUTO_INCREMENT=8 DEFAULT CHARSET=utf8mb3;
/*!40101 SET character_set_client = @saved_cs_client */;

--
-- Dumping data for table `vtiger_invoicestatus`
--

LOCK TABLES `vtiger_invoicestatus` WRITE;
/*!40000 ALTER TABLE `vtiger_invoicestatus` DISABLE KEYS */;
INSERT INTO `vtiger_invoicestatus` VALUES (1,'AutoCreated',0,92,0,NULL),(2,'Created',0,93,1,NULL),(3,'Approved',0,94,2,NULL),(4,'Sent',0,95,3,NULL),(5,'Credit Invoice',0,96,4,NULL),(6,'Paid',0,97,5,NULL),(7,'Cancel',1,306,1,NULL);
/*!40000 ALTER TABLE `vtiger_invoicestatus` ENABLE KEYS */;
UNLOCK TABLES;

--
-- Table structure for table `vtiger_invoicestatus_seq`
--

DROP TABLE IF EXISTS `vtiger_invoicestatus_seq`;
/*!40101 SET @saved_cs_client     = @@character_set_client */;
/*!50503 SET character_set_client = utf8mb4 */;
CREATE TABLE `vtiger_invoicestatus_seq` (
  `id` int NOT NULL
) ENGINE=InnoDB DEFAULT CHARSET=utf8mb3;
/*!40101 SET character_set_client = @saved_cs_client */;

--
-- Dumping data for table `vtiger_invoicestatus_seq`
--

LOCK TABLES `vtiger_invoicestatus_seq` WRITE;
/*!40000 ALTER TABLE `vtiger_invoicestatus_seq` DISABLE KEYS */;
INSERT INTO `vtiger_invoicestatus_seq` VALUES (7);
/*!40000 ALTER TABLE `vtiger_invoicestatus_seq` ENABLE KEYS */;
UNLOCK TABLES;

--
-- Table structure for table `vtiger_invoicestatushistory`
--

DROP TABLE IF EXISTS `vtiger_invoicestatushistory`;
/*!40101 SET @saved_cs_client     = @@character_set_client */;
/*!50503 SET character_set_client = utf8mb4 */;
CREATE TABLE `vtiger_invoicestatushistory` (
  `historyid` int NOT NULL AUTO_INCREMENT,
  `invoiceid` int NOT NULL,
  `accountname` varchar(100) DEFAULT NULL,
  `total` decimal(10,0) DEFAULT NULL,
  `invoicestatus` varchar(200) DEFAULT NULL,
  `lastmodified` datetime DEFAULT NULL,
  PRIMARY KEY (`historyid`),
  KEY `invoicestatushistory_invoiceid_idx` (`invoiceid`),
  CONSTRAINT `fk_1_vtiger_invoicestatushistory` FOREIGN KEY (`invoiceid`) REFERENCES `vtiger_invoice` (`invoiceid`) ON DELETE CASCADE
) ENGINE=InnoDB DEFAULT CHARSET=utf8mb3;
/*!40101 SET character_set_client = @saved_cs_client */;

--
-- Dumping data for table `vtiger_invoicestatushistory`
--

LOCK TABLES `vtiger_invoicestatushistory` WRITE;
/*!40000 ALTER TABLE `vtiger_invoicestatushistory` DISABLE KEYS */;
/*!40000 ALTER TABLE `vtiger_invoicestatushistory` ENABLE KEYS */;
UNLOCK TABLES;

--
-- Table structure for table `vtiger_language`
--

DROP TABLE IF EXISTS `vtiger_language`;
/*!40101 SET @saved_cs_client     = @@character_set_client */;
/*!50503 SET character_set_client = utf8mb4 */;
CREATE TABLE `vtiger_language` (
  `id` int NOT NULL AUTO_INCREMENT,
  `name` varchar(50) DEFAULT NULL,
  `prefix` varchar(10) DEFAULT NULL,
  `label` varchar(30) DEFAULT NULL,
  `lastupdated` datetime DEFAULT NULL,
  `sequence` int DEFAULT NULL,
  `isdefault` int DEFAULT NULL,
  `active` int DEFAULT NULL,
  PRIMARY KEY (`id`)
) ENGINE=InnoDB AUTO_INCREMENT=17 DEFAULT CHARSET=utf8mb3;
/*!40101 SET character_set_client = @saved_cs_client */;

--
-- Dumping data for table `vtiger_language`
--

LOCK TABLES `vtiger_language` WRITE;
/*!40000 ALTER TABLE `vtiger_language` DISABLE KEYS */;
INSERT INTO `vtiger_language` VALUES (1,'English','en_us','US English','2021-06-23 09:35:56',NULL,1,1),(2,'Русский','ru_ru','RU Русский','2021-06-23 09:35:57',NULL,1,1),(3,'Hungarian','hu_hu','HU Magyar','2021-06-23 09:54:05',NULL,0,1),(4,'Spanish','es_es','ES Spanish','2021-06-23 09:54:06',NULL,0,1),(5,'Swedish','sv_se','Swedish','2021-06-23 10:13:26',NULL,0,1),(6,'Dutch','nl_nl','NL-Dutch','2021-06-23 09:55:19',NULL,0,1),(7,'Deutsch','de_de','DE Deutsch','2021-06-23 09:55:19',NULL,0,1),(8,'British English','en_gb','British English','2021-06-23 09:55:20',NULL,0,1),(9,'Mexican Spanish','es_mx','ES Mexico','2021-06-23 09:55:20',NULL,0,1),(10,'Arabic','ar_ae','Arabic','2021-06-23 10:13:25',NULL,0,1),(11,'Italian','it_it','IT Italian','2021-06-23 09:59:02',NULL,0,1),(12,'Romana','ro_ro','Romana','2021-06-23 09:59:02',NULL,0,1),(13,'Pack de langue français','fr_fr','Pack de langue français','2021-06-23 10:00:09',NULL,0,1),(14,'Turkce','tr_tr','Turkce Dil Paketi','2021-06-23 10:01:47',NULL,0,1),(15,'Język Polski','pl_pl','Język Polski','2021-06-23 10:04:15',NULL,0,1),(16,'Brazilian','pt_br','PT Brasil','2021-06-23 10:04:21',NULL,0,1);
/*!40000 ALTER TABLE `vtiger_language` ENABLE KEYS */;
UNLOCK TABLES;

--
-- Table structure for table `vtiger_language_seq`
--

DROP TABLE IF EXISTS `vtiger_language_seq`;
/*!40101 SET @saved_cs_client     = @@character_set_client */;
/*!50503 SET character_set_client = utf8mb4 */;
CREATE TABLE `vtiger_language_seq` (
  `id` int NOT NULL
) ENGINE=InnoDB DEFAULT CHARSET=utf8mb3;
/*!40101 SET character_set_client = @saved_cs_client */;

--
-- Dumping data for table `vtiger_language_seq`
--

LOCK TABLES `vtiger_language_seq` WRITE;
/*!40000 ALTER TABLE `vtiger_language_seq` DISABLE KEYS */;
INSERT INTO `vtiger_language_seq` VALUES (16);
/*!40000 ALTER TABLE `vtiger_language_seq` ENABLE KEYS */;
UNLOCK TABLES;

--
-- Table structure for table `vtiger_lead_view`
--

DROP TABLE IF EXISTS `vtiger_lead_view`;
/*!40101 SET @saved_cs_client     = @@character_set_client */;
/*!50503 SET character_set_client = utf8mb4 */;
CREATE TABLE `vtiger_lead_view` (
  `lead_viewid` int NOT NULL AUTO_INCREMENT,
  `lead_view` varchar(200) NOT NULL,
  `sortorderid` int NOT NULL DEFAULT '0',
  `presence` int NOT NULL DEFAULT '1',
  PRIMARY KEY (`lead_viewid`)
) ENGINE=InnoDB AUTO_INCREMENT=4 DEFAULT CHARSET=utf8mb3;
/*!40101 SET character_set_client = @saved_cs_client */;

--
-- Dumping data for table `vtiger_lead_view`
--

LOCK TABLES `vtiger_lead_view` WRITE;
/*!40000 ALTER TABLE `vtiger_lead_view` DISABLE KEYS */;
INSERT INTO `vtiger_lead_view` VALUES (1,'Today',0,1),(2,'Last 2 Days',1,1),(3,'Last Week',2,1);
/*!40000 ALTER TABLE `vtiger_lead_view` ENABLE KEYS */;
UNLOCK TABLES;

--
-- Table structure for table `vtiger_lead_view_seq`
--

DROP TABLE IF EXISTS `vtiger_lead_view_seq`;
/*!40101 SET @saved_cs_client     = @@character_set_client */;
/*!50503 SET character_set_client = utf8mb4 */;
CREATE TABLE `vtiger_lead_view_seq` (
  `id` int NOT NULL
) ENGINE=InnoDB DEFAULT CHARSET=utf8mb3;
/*!40101 SET character_set_client = @saved_cs_client */;

--
-- Dumping data for table `vtiger_lead_view_seq`
--

LOCK TABLES `vtiger_lead_view_seq` WRITE;
/*!40000 ALTER TABLE `vtiger_lead_view_seq` DISABLE KEYS */;
INSERT INTO `vtiger_lead_view_seq` VALUES (3);
/*!40000 ALTER TABLE `vtiger_lead_view_seq` ENABLE KEYS */;
UNLOCK TABLES;

--
-- Table structure for table `vtiger_leadaddress`
--

DROP TABLE IF EXISTS `vtiger_leadaddress`;
/*!40101 SET @saved_cs_client     = @@character_set_client */;
/*!50503 SET character_set_client = utf8mb4 */;
CREATE TABLE `vtiger_leadaddress` (
  `leadaddressid` int NOT NULL DEFAULT '0',
  `city` varchar(30) DEFAULT NULL,
  `code` varchar(30) DEFAULT NULL,
  `state` varchar(30) DEFAULT NULL,
  `pobox` varchar(30) DEFAULT NULL,
  `country` varchar(30) DEFAULT NULL,
  `phone` varchar(50) DEFAULT NULL,
  `mobile` varchar(50) DEFAULT NULL,
  `fax` varchar(50) DEFAULT NULL,
  `lane` varchar(250) DEFAULT NULL,
  `leadaddresstype` varchar(30) DEFAULT 'Billing',
  PRIMARY KEY (`leadaddressid`),
  CONSTRAINT `fk_1_vtiger_leadaddress` FOREIGN KEY (`leadaddressid`) REFERENCES `vtiger_leaddetails` (`leadid`) ON DELETE CASCADE
) ENGINE=InnoDB DEFAULT CHARSET=utf8mb3;
/*!40101 SET character_set_client = @saved_cs_client */;

--
-- Dumping data for table `vtiger_leadaddress`
--

LOCK TABLES `vtiger_leadaddress` WRITE;
/*!40000 ALTER TABLE `vtiger_leadaddress` DISABLE KEYS */;
INSERT INTO `vtiger_leadaddress` VALUES (8,'','','','','','','','','','Billing'),(16,NULL,NULL,NULL,NULL,NULL,'89276385072',NULL,NULL,NULL,'Billing');
/*!40000 ALTER TABLE `vtiger_leadaddress` ENABLE KEYS */;
UNLOCK TABLES;

--
-- Table structure for table `vtiger_leaddetails`
--

DROP TABLE IF EXISTS `vtiger_leaddetails`;
/*!40101 SET @saved_cs_client     = @@character_set_client */;
/*!50503 SET character_set_client = utf8mb4 */;
CREATE TABLE `vtiger_leaddetails` (
  `leadid` int NOT NULL,
  `lead_no` varchar(100) NOT NULL,
  `email` varchar(100) DEFAULT NULL,
  `interest` varchar(50) DEFAULT NULL,
  `firstname` varchar(40) DEFAULT NULL,
  `salutation` varchar(200) DEFAULT NULL,
  `lastname` varchar(80) NOT NULL,
  `company` varchar(100) NOT NULL,
  `annualrevenue` decimal(25,8) DEFAULT NULL,
  `industry` varchar(200) DEFAULT NULL,
  `campaign` varchar(30) DEFAULT NULL,
  `rating` varchar(200) DEFAULT NULL,
  `leadstatus` varchar(200) DEFAULT NULL,
  `leadsource` varchar(200) DEFAULT NULL,
  `converted` int DEFAULT '0',
  `designation` varchar(50) DEFAULT 'SalesMan',
  `licencekeystatus` varchar(50) DEFAULT NULL,
  `space` varchar(250) DEFAULT NULL,
  `comments` text,
  `priority` varchar(50) DEFAULT NULL,
  `demorequest` varchar(50) DEFAULT NULL,
  `partnercontact` varchar(50) DEFAULT NULL,
  `productversion` varchar(20) DEFAULT NULL,
  `product` varchar(50) DEFAULT NULL,
  `maildate` date DEFAULT NULL,
  `nextstepdate` date DEFAULT NULL,
  `fundingsituation` varchar(50) DEFAULT NULL,
  `purpose` varchar(50) DEFAULT NULL,
  `evaluationstatus` varchar(50) DEFAULT NULL,
  `transferdate` date DEFAULT NULL,
  `revenuetype` varchar(50) DEFAULT NULL,
  `noofemployees` int DEFAULT NULL,
  `secondaryemail` varchar(100) DEFAULT NULL,
  `assignleadchk` int DEFAULT '0',
  `splastsms` datetime DEFAULT NULL,
  `emailoptout` varchar(3) DEFAULT NULL,
  `tags` varchar(1) DEFAULT NULL,
  `trips` int DEFAULT NULL,
  `childrens` int DEFAULT NULL,
  `from_address` varchar(255) DEFAULT NULL,
  `where_address` varchar(255) DEFAULT NULL,
  PRIMARY KEY (`leadid`),
  KEY `leaddetails_converted_leadstatus_idx` (`converted`,`leadstatus`),
  KEY `email_idx` (`email`),
  CONSTRAINT `fk_1_vtiger_leaddetails` FOREIGN KEY (`leadid`) REFERENCES `vtiger_crmentity` (`crmid`) ON DELETE CASCADE
) ENGINE=InnoDB DEFAULT CHARSET=utf8mb3;
/*!40101 SET character_set_client = @saved_cs_client */;

--
-- Dumping data for table `vtiger_leaddetails`
--

LOCK TABLES `vtiger_leaddetails` WRITE;
/*!40000 ALTER TABLE `vtiger_leaddetails` DISABLE KEYS */;
INSERT INTO `vtiger_leaddetails` VALUES (8,'ОБР_1','',NULL,'Иван','','Петров','',0.00000000,'',NULL,'','','',1,'',NULL,NULL,NULL,NULL,NULL,NULL,NULL,NULL,NULL,NULL,NULL,NULL,NULL,NULL,NULL,0,'',0,NULL,'0','',NULL,NULL,NULL,NULL),(16,'ОБР_2','erickorolev@gmail.com',NULL,'Иван',NULL,'Петров','',NULL,NULL,NULL,NULL,'','',0,'SalesMan',NULL,NULL,NULL,NULL,NULL,NULL,NULL,NULL,NULL,NULL,NULL,NULL,NULL,NULL,NULL,NULL,NULL,0,NULL,'0','',10,2,'Москва, ул. Рябиновая улица, 45','Москва, ул улица Свободы, 55');
/*!40000 ALTER TABLE `vtiger_leaddetails` ENABLE KEYS */;
UNLOCK TABLES;

--
-- Table structure for table `vtiger_leadscf`
--

DROP TABLE IF EXISTS `vtiger_leadscf`;
/*!40101 SET @saved_cs_client     = @@character_set_client */;
/*!50503 SET character_set_client = utf8mb4 */;
CREATE TABLE `vtiger_leadscf` (
  `leadid` int NOT NULL DEFAULT '0',
  `vk_url` varchar(155) DEFAULT NULL,
  `tw_url` varchar(155) DEFAULT NULL,
  PRIMARY KEY (`leadid`),
  CONSTRAINT `fk_1_vtiger_leadscf` FOREIGN KEY (`leadid`) REFERENCES `vtiger_leaddetails` (`leadid`) ON DELETE CASCADE
) ENGINE=InnoDB DEFAULT CHARSET=utf8mb3;
/*!40101 SET character_set_client = @saved_cs_client */;

--
-- Dumping data for table `vtiger_leadscf`
--

LOCK TABLES `vtiger_leadscf` WRITE;
/*!40000 ALTER TABLE `vtiger_leadscf` DISABLE KEYS */;
INSERT INTO `vtiger_leadscf` VALUES (8,'',''),(16,NULL,NULL);
/*!40000 ALTER TABLE `vtiger_leadscf` ENABLE KEYS */;
UNLOCK TABLES;

--
-- Table structure for table `vtiger_leadsource`
--

DROP TABLE IF EXISTS `vtiger_leadsource`;
/*!40101 SET @saved_cs_client     = @@character_set_client */;
/*!50503 SET character_set_client = utf8mb4 */;
CREATE TABLE `vtiger_leadsource` (
  `leadsourceid` int NOT NULL AUTO_INCREMENT,
  `leadsource` varchar(200) NOT NULL,
  `presence` int NOT NULL DEFAULT '1',
  `picklist_valueid` int NOT NULL DEFAULT '0',
  `sortorderid` int DEFAULT NULL,
  `color` varchar(10) DEFAULT NULL,
  PRIMARY KEY (`leadsourceid`)
) ENGINE=InnoDB AUTO_INCREMENT=14 DEFAULT CHARSET=utf8mb3;
/*!40101 SET character_set_client = @saved_cs_client */;

--
-- Dumping data for table `vtiger_leadsource`
--

LOCK TABLES `vtiger_leadsource` WRITE;
/*!40000 ALTER TABLE `vtiger_leadsource` DISABLE KEYS */;
INSERT INTO `vtiger_leadsource` VALUES (2,'Cold Call',1,99,1,NULL),(3,'Existing Customer',1,100,2,NULL),(4,'Self Generated',1,101,3,NULL),(5,'Employee',1,102,4,NULL),(6,'Partner',1,103,5,NULL),(7,'Public Relations',1,104,6,NULL),(8,'Direct Mail',1,105,7,NULL),(9,'Conference',1,106,8,NULL),(10,'Trade Show',1,107,9,NULL),(11,'Web Site',1,108,10,NULL),(12,'Word of mouth',1,109,11,NULL),(13,'Other',1,110,12,NULL);
/*!40000 ALTER TABLE `vtiger_leadsource` ENABLE KEYS */;
UNLOCK TABLES;

--
-- Table structure for table `vtiger_leadsource_seq`
--

DROP TABLE IF EXISTS `vtiger_leadsource_seq`;
/*!40101 SET @saved_cs_client     = @@character_set_client */;
/*!50503 SET character_set_client = utf8mb4 */;
CREATE TABLE `vtiger_leadsource_seq` (
  `id` int NOT NULL
) ENGINE=InnoDB DEFAULT CHARSET=utf8mb3;
/*!40101 SET character_set_client = @saved_cs_client */;

--
-- Dumping data for table `vtiger_leadsource_seq`
--

LOCK TABLES `vtiger_leadsource_seq` WRITE;
/*!40000 ALTER TABLE `vtiger_leadsource_seq` DISABLE KEYS */;
INSERT INTO `vtiger_leadsource_seq` VALUES (13);
/*!40000 ALTER TABLE `vtiger_leadsource_seq` ENABLE KEYS */;
UNLOCK TABLES;

--
-- Table structure for table `vtiger_leadstage`
--

DROP TABLE IF EXISTS `vtiger_leadstage`;
/*!40101 SET @saved_cs_client     = @@character_set_client */;
/*!50503 SET character_set_client = utf8mb4 */;
CREATE TABLE `vtiger_leadstage` (
  `leadstageid` int NOT NULL AUTO_INCREMENT,
  `stage` varchar(200) NOT NULL,
  `sortorderid` int NOT NULL DEFAULT '0',
  `presence` int NOT NULL DEFAULT '1',
  PRIMARY KEY (`leadstageid`),
  UNIQUE KEY `leadstage_stage_idx` (`stage`)
) ENGINE=InnoDB DEFAULT CHARSET=utf8mb3;
/*!40101 SET character_set_client = @saved_cs_client */;

--
-- Dumping data for table `vtiger_leadstage`
--

LOCK TABLES `vtiger_leadstage` WRITE;
/*!40000 ALTER TABLE `vtiger_leadstage` DISABLE KEYS */;
/*!40000 ALTER TABLE `vtiger_leadstage` ENABLE KEYS */;
UNLOCK TABLES;

--
-- Table structure for table `vtiger_leadstatus`
--

DROP TABLE IF EXISTS `vtiger_leadstatus`;
/*!40101 SET @saved_cs_client     = @@character_set_client */;
/*!50503 SET character_set_client = utf8mb4 */;
CREATE TABLE `vtiger_leadstatus` (
  `leadstatusid` int NOT NULL AUTO_INCREMENT,
  `leadstatus` varchar(200) NOT NULL,
  `presence` int NOT NULL DEFAULT '1',
  `picklist_valueid` int NOT NULL DEFAULT '0',
  `sortorderid` int DEFAULT NULL,
  `color` varchar(10) DEFAULT NULL,
  PRIMARY KEY (`leadstatusid`)
) ENGINE=InnoDB AUTO_INCREMENT=13 DEFAULT CHARSET=utf8mb3;
/*!40101 SET character_set_client = @saved_cs_client */;

--
-- Dumping data for table `vtiger_leadstatus`
--

LOCK TABLES `vtiger_leadstatus` WRITE;
/*!40000 ALTER TABLE `vtiger_leadstatus` DISABLE KEYS */;
INSERT INTO `vtiger_leadstatus` VALUES (2,'Attempted to Contact',1,112,1,NULL),(3,'Cold',1,113,2,NULL),(4,'Contact in Future',1,114,3,NULL),(5,'Contacted',1,115,4,NULL),(6,'Hot',1,116,5,NULL),(7,'Junk Lead',1,117,6,NULL),(8,'Lost Lead',1,118,7,NULL),(9,'Not Contacted',1,119,8,NULL),(10,'Pre Qualified',1,120,9,NULL),(11,'Qualified',1,121,10,NULL),(12,'Warm',1,122,11,NULL);
/*!40000 ALTER TABLE `vtiger_leadstatus` ENABLE KEYS */;
UNLOCK TABLES;

--
-- Table structure for table `vtiger_leadstatus_seq`
--

DROP TABLE IF EXISTS `vtiger_leadstatus_seq`;
/*!40101 SET @saved_cs_client     = @@character_set_client */;
/*!50503 SET character_set_client = utf8mb4 */;
CREATE TABLE `vtiger_leadstatus_seq` (
  `id` int NOT NULL
) ENGINE=InnoDB DEFAULT CHARSET=utf8mb3;
/*!40101 SET character_set_client = @saved_cs_client */;

--
-- Dumping data for table `vtiger_leadstatus_seq`
--

LOCK TABLES `vtiger_leadstatus_seq` WRITE;
/*!40000 ALTER TABLE `vtiger_leadstatus_seq` DISABLE KEYS */;
INSERT INTO `vtiger_leadstatus_seq` VALUES (12);
/*!40000 ALTER TABLE `vtiger_leadstatus_seq` ENABLE KEYS */;
UNLOCK TABLES;

--
-- Table structure for table `vtiger_leadsubdetails`
--

DROP TABLE IF EXISTS `vtiger_leadsubdetails`;
/*!40101 SET @saved_cs_client     = @@character_set_client */;
/*!50503 SET character_set_client = utf8mb4 */;
CREATE TABLE `vtiger_leadsubdetails` (
  `leadsubscriptionid` int NOT NULL DEFAULT '0',
  `website` varchar(255) DEFAULT NULL,
  `callornot` int DEFAULT '0',
  `readornot` int DEFAULT '0',
  `empct` int DEFAULT '0',
  PRIMARY KEY (`leadsubscriptionid`),
  CONSTRAINT `fk_1_vtiger_leadsubdetails` FOREIGN KEY (`leadsubscriptionid`) REFERENCES `vtiger_leaddetails` (`leadid`) ON DELETE CASCADE
) ENGINE=InnoDB DEFAULT CHARSET=utf8mb3;
/*!40101 SET character_set_client = @saved_cs_client */;

--
-- Dumping data for table `vtiger_leadsubdetails`
--

LOCK TABLES `vtiger_leadsubdetails` WRITE;
/*!40000 ALTER TABLE `vtiger_leadsubdetails` DISABLE KEYS */;
INSERT INTO `vtiger_leadsubdetails` VALUES (8,'',0,0,0),(16,NULL,0,0,0);
/*!40000 ALTER TABLE `vtiger_leadsubdetails` ENABLE KEYS */;
UNLOCK TABLES;

--
-- Table structure for table `vtiger_links`
--

DROP TABLE IF EXISTS `vtiger_links`;
/*!40101 SET @saved_cs_client     = @@character_set_client */;
/*!50503 SET character_set_client = utf8mb4 */;
CREATE TABLE `vtiger_links` (
  `linkid` int NOT NULL,
  `tabid` int DEFAULT NULL,
  `linktype` varchar(50) DEFAULT NULL,
  `linklabel` varchar(50) DEFAULT NULL,
  `linkurl` varchar(255) DEFAULT NULL,
  `linkicon` varchar(100) DEFAULT NULL,
  `sequence` int DEFAULT NULL,
  `handler_path` varchar(128) DEFAULT NULL,
  `handler_class` varchar(50) DEFAULT NULL,
  `handler` varchar(50) DEFAULT NULL,
  `parent_link` int DEFAULT NULL,
  PRIMARY KEY (`linkid`),
  KEY `link_tabidtype_idx` (`tabid`,`linktype`)
) ENGINE=InnoDB DEFAULT CHARSET=utf8mb3;
/*!40101 SET character_set_client = @saved_cs_client */;

--
-- Dumping data for table `vtiger_links`
--

LOCK TABLES `vtiger_links` WRITE;
/*!40000 ALTER TABLE `vtiger_links` DISABLE KEYS */;
INSERT INTO `vtiger_links` VALUES (2,6,'DETAILVIEW','LBL_SHOW_ACCOUNT_HIERARCHY','index.php?module=Accounts&action=AccountHierarchy&accountid=$RECORD$','themes/images/products.gif',0,NULL,NULL,NULL,NULL),(5,8,'DETAILVIEWWIDGET','LBL_RELATED_TO','module=Documents&action=DocumentsAjax&file=DetailViewAjax&recordid=$RECORD$&ajxaction=LOADRELATEDLISTWIDGET','',0,NULL,NULL,NULL,NULL),(7,18,'DETAILVIEWBASIC','LBL_VENDORS_ADD_EVENT','index.php?module=Calendar&view=Edit&mode=Events&sourceModule=Vendors&sourceRecord=$RECORD$&relationOperation=true&parent_id=$RECORD$','themes/images/AddEvent.gif',0,NULL,NULL,NULL,NULL),(8,18,'DETAILVIEWBASIC','LBL_VENDORS_ADD_TASK','index.php?module=Calendar&view=Edit&mode=Calendar&sourceModule=Vendors&sourceRecord=$RECORD$&relationOperation=true&parent_id=$RECORD$','themes/images/AddToDo.gif',0,NULL,NULL,NULL,NULL),(9,13,'DETAILVIEWWIDGET','LBL_RELATED_TO','module=HelpDesk&action=HelpDeskAjax&file=DetailViewAjax&recordid=$RECORD$&ajxaction=LOADRELATEDLISTWIDGET','',0,NULL,NULL,NULL,NULL),(11,0,'HEADERSCRIPT','SPDynamicBlocks','modules/SPDynamicBlocks/resources/SPDynamicBlocks.js','',0,NULL,NULL,NULL,NULL),(14,6,'DETAILVIEWBASIC','LBL_SP_ADD_SPPAYMENTS','index.php?module=SPPayments&action=EditView&return_module=$MODULE$&return_action=DetailView&return_id=$RECORD$&parent_id=$RECORD$','themes/images/actionGenerateInvoice_new.gif',1,'NULL','NULL','NULL',NULL),(15,4,'DETAILVIEWBASIC','LBL_SP_ADD_SPPAYMENTS','index.php?module=SPPayments&action=EditView&return_module=$MODULE$&return_action=DetailView&return_id=$RECORD$&parent_id=$RECORD$','themes/images/actionGenerateInvoice_new.gif',1,'NULL','NULL','NULL',NULL),(16,18,'DETAILVIEWBASIC','LBL_SP_ADD_SPPAYMENTS','index.php?module=SPPayments&action=EditView&return_module=$MODULE$&return_action=DetailView&return_id=$RECORD$&parent_id=$RECORD$','themes/images/actionGenerateInvoice_new.gif',1,'NULL','NULL','NULL',NULL),(17,23,'DETAILVIEWBASIC','LBL_SP_ADD_SPPAYMENTS','index.php?module=SPPayments&action=EditView&return_module=$MODULE$&return_action=DetailView&return_id=$RECORD$&parent_id=$RECORD$','themes/images/actionGenerateInvoice_new.gif',1,'NULL','NULL','NULL',NULL),(18,22,'DETAILVIEWBASIC','LBL_SP_ADD_SPPAYMENTS','index.php?module=SPPayments&action=EditView&return_module=$MODULE$&return_action=DetailView&return_id=$RECORD$&parent_id=$RECORD$','themes/images/actionGenerateInvoice_new.gif',1,'NULL','NULL','NULL',NULL),(19,21,'DETAILVIEWBASIC','LBL_SP_ADD_SPPAYMENTS','index.php?module=SPPayments&action=EditView&return_module=$MODULE$&return_action=DetailView&return_id=$RECORD$&parent_id=$RECORD$','themes/images/actionGenerateInvoice_new.gif',1,'NULL','NULL','NULL',NULL),(36,6,'DETAILVIEWBASIC','LBL_ACCOUNTS_ADD_ACT','index.php?module=Act&action=EditView&return_module=Accounts&return_action=DetailView&convertmode=accountstoact&createmode=link&return_id=$RECORD$&account_id=$RECORD$&parenttab=Sales','themes/images/actionGenerateInvoice.gif',0,NULL,NULL,NULL,NULL),(37,23,'DETAILVIEWBASIC','LBL_INVOICE_ADD_ACT','index.php?module=Act&view=Edit&sourceModule=$MODULE$&sourceRecord=$RECORD$&invoice_id=$RECORD$&relationOperation=true','themes/images/actionGenerateInvoice.gif',0,NULL,NULL,NULL,NULL),(39,54,'HEADERSCRIPT','ModCommentsCommonHeaderScript','modules/ModComments/ModCommentsCommon.js','',0,'','','',NULL),(40,7,'DETAILVIEWWIDGET','DetailViewBlockCommentWidget','block://ModComments:modules/ModComments/ModComments.php','',0,NULL,NULL,NULL,NULL),(41,4,'DETAILVIEWWIDGET','DetailViewBlockCommentWidget','block://ModComments:modules/ModComments/ModComments.php','',0,NULL,NULL,NULL,NULL),(42,6,'DETAILVIEWWIDGET','DetailViewBlockCommentWidget','block://ModComments:modules/ModComments/ModComments.php','',0,NULL,NULL,NULL,NULL),(43,2,'DETAILVIEWWIDGET','DetailViewBlockCommentWidget','block://ModComments:modules/ModComments/ModComments.php','',0,NULL,NULL,NULL,NULL),(54,61,'HEADERSCRIPT','ExtensionStoreCommonHeaderScript','modules/ExtensionStore/ExtensionStore.js','',0,NULL,NULL,NULL,NULL),(56,58,'DETAILVIEWWIDGET','DetailViewBlockCommentWidget','block://ModComments:modules/ModComments/ModComments.php','',0,NULL,NULL,NULL,NULL),(57,59,'DETAILVIEWBASIC','Add Project Task','index.php?module=ProjectTask&action=EditView&projectid=$RECORD$&return_module=Project&return_action=DetailView&return_id=$RECORD$','',0,'modules/ProjectTask/ProjectTask.php','ProjectTask','isLinkPermitted',NULL),(59,59,'DETAILVIEWWIDGET','DetailViewBlockCommentWidget','block://ModComments:modules/ModComments/ModComments.php','',0,NULL,NULL,NULL,NULL),(60,2,'DASHBOARDWIDGET','History','index.php?module=Potentials&view=ShowWidget&name=History','',1,NULL,NULL,NULL,NULL),(61,2,'DASHBOARDWIDGET','Upcoming Activities','index.php?module=Potentials&view=ShowWidget&name=CalendarActivities','',2,NULL,NULL,NULL,NULL),(62,2,'DASHBOARDWIDGET','Funnel','index.php?module=Potentials&view=ShowWidget&name=GroupedBySalesStage','',3,NULL,NULL,NULL,NULL),(63,2,'DASHBOARDWIDGET','Potentials by Stage','index.php?module=Potentials&view=ShowWidget&name=GroupedBySalesPerson','',4,NULL,NULL,NULL,NULL),(64,2,'DASHBOARDWIDGET','Pipelined Amount','index.php?module=Potentials&view=ShowWidget&name=PipelinedAmountPerSalesPerson','',5,NULL,NULL,NULL,NULL),(65,2,'DASHBOARDWIDGET','Total Revenue','index.php?module=Potentials&view=ShowWidget&name=TotalRevenuePerSalesPerson','',6,NULL,NULL,NULL,NULL),(66,2,'DASHBOARDWIDGET','Top Potentials','index.php?module=Potentials&view=ShowWidget&name=TopPotentials','',7,NULL,NULL,NULL,NULL),(67,2,'DASHBOARDWIDGET','Overdue Activities','index.php?module=Potentials&view=ShowWidget&name=OverdueActivities','',9,NULL,NULL,NULL,NULL),(68,6,'DASHBOARDWIDGET','History','index.php?module=Accounts&view=ShowWidget&name=History','',1,NULL,NULL,NULL,NULL),(69,6,'DASHBOARDWIDGET','Upcoming Activities','index.php?module=Accounts&view=ShowWidget&name=CalendarActivities','',2,NULL,NULL,NULL,NULL),(70,6,'DASHBOARDWIDGET','Overdue Activities','index.php?module=Accounts&view=ShowWidget&name=OverdueActivities','',3,NULL,NULL,NULL,NULL),(71,4,'DASHBOARDWIDGET','History','index.php?module=Contacts&view=ShowWidget&name=History','',1,NULL,NULL,NULL,NULL),(72,4,'DASHBOARDWIDGET','Upcoming Activities','index.php?module=Contacts&view=ShowWidget&name=CalendarActivities','',2,NULL,NULL,NULL,NULL),(73,4,'DASHBOARDWIDGET','Overdue Activities','index.php?module=Contacts&view=ShowWidget&name=OverdueActivities','',3,NULL,NULL,NULL,NULL),(74,7,'DASHBOARDWIDGET','History','index.php?module=Leads&view=ShowWidget&name=History','',1,NULL,NULL,NULL,NULL),(75,7,'DASHBOARDWIDGET','Upcoming Activities','index.php?module=Leads&view=ShowWidget&name=CalendarActivities','',2,NULL,NULL,NULL,NULL),(76,7,'DASHBOARDWIDGET','Leads by Status','index.php?module=Leads&view=ShowWidget&name=LeadsByStatus','',4,NULL,NULL,NULL,NULL),(77,7,'DASHBOARDWIDGET','Leads by Source','index.php?module=Leads&view=ShowWidget&name=LeadsBySource','',5,NULL,NULL,NULL,NULL),(78,7,'DASHBOARDWIDGET','Leads by Industry','index.php?module=Leads&view=ShowWidget&name=LeadsByIndustry','',6,NULL,NULL,NULL,NULL),(79,7,'DASHBOARDWIDGET','Overdue Activities','index.php?module=Leads&view=ShowWidget&name=OverdueActivities','',7,NULL,NULL,NULL,NULL),(80,13,'DASHBOARDWIDGET','Tickets by Status','index.php?module=HelpDesk&view=ShowWidget&name=TicketsByStatus','',1,NULL,NULL,NULL,NULL),(81,13,'DASHBOARDWIDGET','Open Tickets','index.php?module=HelpDesk&view=ShowWidget&name=OpenTickets','',2,NULL,NULL,NULL,NULL),(82,3,'DASHBOARDWIDGET','History','index.php?module=Home&view=ShowWidget&name=History','',1,NULL,NULL,NULL,NULL),(83,3,'DASHBOARDWIDGET','Upcoming Activities','index.php?module=Home&view=ShowWidget&name=CalendarActivities','',2,NULL,NULL,NULL,NULL),(84,3,'DASHBOARDWIDGET','Funnel','index.php?module=Potentials&view=ShowWidget&name=GroupedBySalesStage','',3,NULL,NULL,NULL,NULL),(85,3,'DASHBOARDWIDGET','Potentials by Stage','index.php?module=Potentials&view=ShowWidget&name=GroupedBySalesPerson','',4,NULL,NULL,NULL,NULL),(86,3,'DASHBOARDWIDGET','Pipelined Amount','index.php?module=Potentials&view=ShowWidget&name=PipelinedAmountPerSalesPerson','',5,NULL,NULL,NULL,NULL),(87,3,'DASHBOARDWIDGET','Total Revenue','index.php?module=Potentials&view=ShowWidget&name=TotalRevenuePerSalesPerson','',6,NULL,NULL,NULL,NULL),(88,3,'DASHBOARDWIDGET','Top Potentials','index.php?module=Potentials&view=ShowWidget&name=TopPotentials','',7,NULL,NULL,NULL,NULL),(89,3,'DASHBOARDWIDGET','Leads by Status','index.php?module=Leads&view=ShowWidget&name=LeadsByStatus','',10,NULL,NULL,NULL,NULL),(90,3,'DASHBOARDWIDGET','Leads by Source','index.php?module=Leads&view=ShowWidget&name=LeadsBySource','',11,NULL,NULL,NULL,NULL),(91,3,'DASHBOARDWIDGET','Leads by Industry','index.php?module=Leads&view=ShowWidget&name=LeadsByIndustry','',12,NULL,NULL,NULL,NULL),(92,3,'DASHBOARDWIDGET','Overdue Activities','index.php?module=Home&view=ShowWidget&name=OverdueActivities','',13,NULL,NULL,NULL,NULL),(93,3,'DASHBOARDWIDGET','Tickets by Status','index.php?module=HelpDesk&view=ShowWidget&name=TicketsByStatus','',13,NULL,NULL,NULL,NULL),(94,3,'DASHBOARDWIDGET','Open Tickets','index.php?module=HelpDesk&view=ShowWidget&name=OpenTickets','',14,NULL,NULL,NULL,NULL),(95,13,'DETAILVIEWWIDGET','DetailViewBlockCommentWidget','block://ModComments:modules/ModComments/ModComments.php','',0,NULL,NULL,NULL,NULL),(96,15,'DETAILVIEWWIDGET','DetailViewBlockCommentWidget','block://ModComments:modules/ModComments/ModComments.php','',0,NULL,NULL,NULL,NULL),(130,3,'DASHBOARDWIDGET','Key Metrics','index.php?module=Home&view=ShowWidget&name=KeyMetrics','',0,NULL,NULL,NULL,NULL),(131,3,'DASHBOARDWIDGET','Mini List','index.php?module=Home&view=ShowWidget&name=MiniList','',0,NULL,NULL,NULL,NULL),(132,3,'DASHBOARDWIDGET','Tag Cloud','index.php?module=Home&view=ShowWidget&name=TagCloud','',0,NULL,NULL,NULL,NULL),(133,2,'DASHBOARDWIDGET','Funnel Amount','index.php?module=Potentials&view=ShowWidget&name=FunnelAmount','',10,NULL,NULL,NULL,NULL),(134,3,'DASHBOARDWIDGET','Funnel Amount','index.php?module=Potentials&view=ShowWidget&name=FunnelAmount','',10,NULL,NULL,NULL,NULL),(135,3,'DASHBOARDWIDGET','Notebook','index.php?module=Home&view=ShowWidget&name=Notebook','',0,NULL,NULL,NULL,NULL),(137,25,'LISTVIEWBASIC','LBL_ADD_RECORD','','',0,NULL,NULL,NULL,NULL),(138,25,'LISTVIEWBASIC','LBL_DETAIL_REPORT','javascript:Reports_List_Js.addReport(\"index.php?module=Reports&view=Edit\")','',0,'modules/Reports/models/Module.php','Reports_Module_Model','checkLinkAccess',137),(139,25,'LISTVIEWBASIC','LBL_CHARTS','javascript:Reports_List_Js.addReport(\"index.php?module=Reports&view=ChartEdit\")','',0,'modules/Reports/models/Module.php','Reports_Module_Model','checkLinkAccess',137),(140,25,'LISTVIEWBASIC','LBL_ADD_FOLDER','javascript:Reports_List_Js.triggerAddFolder(\"index.php?module=Reports&view=EditFolder\")','',0,'modules/Reports/models/Module.php','Reports_Module_Model','checkLinkAccess',NULL),(141,4,'EXTENSIONLINK','Google','index.php?module=Contacts&view=Extension&extensionModule=Google&extensionView=Index','',0,NULL,NULL,NULL,NULL),(142,9,'EXTENSIONLINK','Google','index.php?module=Calendar&view=Extension&extensionModule=Google&extensionView=Index','',0,NULL,NULL,NULL,NULL),(143,62,'HEADERSCRIPT','PDFMakerJS','layouts/v7/modules/PDFMaker/resources/PDFMakerActions.js','',0,NULL,NULL,NULL,NULL),(144,20,'LISTVIEWMASSACTION','PDF Export','javascript:PDFMaker_Actions_Js.getPDFListViewPopup2(this,\'$MODULE$\');','',0,NULL,NULL,NULL,NULL),(145,22,'LISTVIEWMASSACTION','PDF Export','javascript:PDFMaker_Actions_Js.getPDFListViewPopup2(this,\'$MODULE$\');','',0,NULL,NULL,NULL,NULL),(146,21,'LISTVIEWMASSACTION','PDF Export','javascript:PDFMaker_Actions_Js.getPDFListViewPopup2(this,\'$MODULE$\');','',0,NULL,NULL,NULL,NULL),(147,23,'LISTVIEWMASSACTION','PDF Export','javascript:PDFMaker_Actions_Js.getPDFListViewPopup2(this,\'$MODULE$\');','',0,NULL,NULL,NULL,NULL),(148,63,'HEADERCSS','Custom Module Builder','layouts/v7/modules/ModuleLinkCreator/resources/ModuleLinkCreatorCSS.css','',0,NULL,NULL,NULL,NULL),(149,63,'HEADERSCRIPT','Custom Module Builder','layouts/v7/modules/ModuleLinkCreator/resources/ModuleLinkCreatorJS.js','',0,NULL,NULL,NULL,NULL),(150,63,'HEADERSCRIPT','Custom Module Builder','layouts/v7/modules/ModuleLinkCreator/resources/ModuleLinkCreatorUtils.js','',0,NULL,NULL,NULL,NULL),(151,64,'HEADERSCRIPT','RelatedBlocksListsManagerJs','layouts/v7/modules/RelatedBlocksLists/resources/Manager.js','',0,NULL,NULL,NULL,NULL),(152,64,'HEADERSCRIPT','RelatedBlocksListsJs','layouts/v7/modules/RelatedBlocksLists/resources/RelatedBlocksLists.js','',0,NULL,NULL,NULL,NULL),(153,64,'HEADERSCRIPT','RelatedBlocksListsPopupJs','layouts/v7/modules/RelatedBlocksLists/resources/Popup.js','',0,NULL,NULL,NULL,NULL),(154,65,'DETAILVIEWBASIC','View History','javascript:ModTrackerCommon.showhistory(\'$RECORD$\')','',0,'modules/ModTracker/ModTracker.php','ModTracker','isViewPermitted',NULL),(155,66,'DETAILVIEWBASIC','View History','javascript:ModTrackerCommon.showhistory(\'$RECORD$\')','',0,'modules/ModTracker/ModTracker.php','ModTracker','isViewPermitted',NULL),(156,67,'HEADERSCRIPT','ControlLayoutFieldsJs','layouts/v7/modules/ControlLayoutFields/resources/ControlLayoutFields.js','',0,'','','',NULL);
/*!40000 ALTER TABLE `vtiger_links` ENABLE KEYS */;
UNLOCK TABLES;

--
-- Table structure for table `vtiger_links_seq`
--

DROP TABLE IF EXISTS `vtiger_links_seq`;
/*!40101 SET @saved_cs_client     = @@character_set_client */;
/*!50503 SET character_set_client = utf8mb4 */;
CREATE TABLE `vtiger_links_seq` (
  `id` int NOT NULL
) ENGINE=InnoDB DEFAULT CHARSET=utf8mb3;
/*!40101 SET character_set_client = @saved_cs_client */;

--
-- Dumping data for table `vtiger_links_seq`
--

LOCK TABLES `vtiger_links_seq` WRITE;
/*!40000 ALTER TABLE `vtiger_links_seq` DISABLE KEYS */;
INSERT INTO `vtiger_links_seq` VALUES (156);
/*!40000 ALTER TABLE `vtiger_links_seq` ENABLE KEYS */;
UNLOCK TABLES;

--
-- Table structure for table `vtiger_loginhistory`
--

DROP TABLE IF EXISTS `vtiger_loginhistory`;
/*!40101 SET @saved_cs_client     = @@character_set_client */;
/*!50503 SET character_set_client = utf8mb4 */;
CREATE TABLE `vtiger_loginhistory` (
  `login_id` int NOT NULL AUTO_INCREMENT,
  `user_name` varchar(255) DEFAULT NULL,
  `user_ip` varchar(25) NOT NULL,
  `logout_time` timestamp NULL DEFAULT NULL,
  `login_time` datetime DEFAULT NULL,
  `status` varchar(25) DEFAULT NULL,
  PRIMARY KEY (`login_id`)
) ENGINE=InnoDB AUTO_INCREMENT=40 DEFAULT CHARSET=utf8mb3;
/*!40101 SET character_set_client = @saved_cs_client */;

--
-- Dumping data for table `vtiger_loginhistory`
--

LOCK TABLES `vtiger_loginhistory` WRITE;
/*!40000 ALTER TABLE `vtiger_loginhistory` DISABLE KEYS */;
INSERT INTO `vtiger_loginhistory` VALUES (1,'admin','::1','2021-06-23 07:24:22','2021-06-23 12:24:22','Signed in'),(2,'admin','::1','2021-06-23 11:11:36','2021-06-23 16:11:36','Signed in'),(3,'admin','::1','2021-06-24 04:31:50','2021-06-24 09:31:50','Signed in'),(4,'admin','136.169.169.79','2021-06-24 11:53:46','2021-06-24 14:53:46','Signed in'),(5,'admin','136.169.169.79','2021-06-25 11:16:17','2021-06-25 14:16:17','Signed in'),(6,'admin','136.169.169.79','2021-06-28 08:22:00','2021-06-28 11:22:00','Signed in'),(7,'admin','136.169.169.79','2021-06-28 12:21:03','2021-06-28 15:21:03','Signed in'),(8,'admin','136.169.169.79','2021-06-28 13:54:29','2021-06-28 16:54:29','Signed in'),(9,'admin','136.169.169.79','2021-06-29 07:05:44','2021-06-29 09:18:57','Signed off'),(10,'admin','136.169.169.79','2021-06-29 07:56:10','2021-06-29 10:06:14','Signed off'),(11,'admin','136.169.169.79','2021-06-29 07:56:22','2021-06-29 10:56:22','Signed in'),(12,'admin','136.169.169.79','2021-07-01 11:26:58','2021-07-01 14:26:58','Signed in'),(13,'admin','217.66.156.197','2021-07-01 12:35:30','2021-07-01 15:35:30','Signed in'),(14,'admin','176.15.255.78','2021-07-01 18:25:35','2021-07-01 21:25:35','Signed in'),(15,'admin','136.169.169.79','2021-07-02 09:34:26','2021-07-02 11:51:31','Signed off'),(16,'admin','136.169.169.79','2021-07-02 11:26:41','2021-07-02 14:26:41','Signed in'),(17,'admin','136.169.169.79','2021-07-05 07:04:38','2021-07-05 10:04:38','Signed in'),(18,'admin','136.169.169.79','2021-07-05 10:02:58','2021-07-05 13:02:58','Signed in'),(19,'admin','136.169.169.79','2021-07-06 06:26:01','2021-07-06 09:26:01','Signed in'),(20,'admin','136.169.169.79','2021-07-06 10:02:08','2021-07-06 13:02:08','Signed in'),(21,'admin','213.87.135.63','2021-07-06 13:25:17','2021-07-06 16:25:17','Signed in'),(22,'admin','136.169.169.79','2021-07-06 14:10:50','2021-07-06 17:10:50','Signed in'),(23,'admin','136.169.169.79','2021-07-07 07:01:44','2021-07-07 10:01:44','Signed in'),(24,'admin','213.87.135.79','2021-07-07 07:40:51','2021-07-07 10:40:51','Signed in'),(25,'admin','136.169.169.79','2021-07-07 08:57:24','2021-07-07 11:57:22','Signed off'),(26,'admin','136.169.169.79','2021-07-07 09:17:11','2021-07-07 12:17:11','Signed in'),(27,'admin','136.169.169.79','2021-07-07 10:35:54','2021-07-07 13:35:48','Signed off'),(28,'admin','136.169.169.79','2021-07-07 10:58:15','2021-07-07 13:58:15','Signed in'),(29,'admin','136.169.169.79','2021-07-07 14:00:13','2021-07-07 17:00:13','Signed in'),(30,'admin','136.169.169.79','2021-07-08 11:19:17','2021-07-08 14:19:17','Signed in'),(31,'admin','136.169.169.79','2021-07-08 14:07:52','2021-07-08 17:07:52','Signed in'),(32,'admin','136.169.169.79','2021-07-09 13:13:21','2021-07-09 16:13:21','Signed in'),(33,'admin','213.87.149.61','2021-07-09 21:07:21','2021-07-10 00:07:21','Signed in'),(34,'admin','136.169.169.79','2021-07-11 12:05:15','2021-07-11 15:05:15','Signed in'),(35,'admin','136.169.169.79','2021-07-12 07:20:48','2021-07-12 10:20:48','Signed in'),(36,'admin','136.169.169.79','2021-07-12 09:31:19','2021-07-12 12:31:19','Signed in'),(37,'admin','136.169.169.79','2021-07-12 10:48:07','2021-07-12 13:48:07','Signed in'),(38,'admin','136.169.169.79','2021-07-13 06:11:02','2021-07-13 09:11:02','Signed in'),(39,'admin','136.169.169.79','2021-07-13 10:26:21','2021-07-13 13:26:21','Signed in');
/*!40000 ALTER TABLE `vtiger_loginhistory` ENABLE KEYS */;
UNLOCK TABLES;

--
-- Table structure for table `vtiger_mail_accounts`
--

DROP TABLE IF EXISTS `vtiger_mail_accounts`;
/*!40101 SET @saved_cs_client     = @@character_set_client */;
/*!50503 SET character_set_client = utf8mb4 */;
CREATE TABLE `vtiger_mail_accounts` (
  `account_id` int NOT NULL,
  `user_id` int NOT NULL,
  `display_name` varchar(50) DEFAULT NULL,
  `mail_id` varchar(50) DEFAULT NULL,
  `account_name` varchar(50) DEFAULT NULL,
  `mail_protocol` varchar(20) DEFAULT NULL,
  `mail_username` varchar(50) NOT NULL,
  `mail_password` text,
  `mail_servername` varchar(50) DEFAULT NULL,
  `box_refresh` int DEFAULT NULL,
  `mails_per_page` int DEFAULT NULL,
  `ssltype` varchar(50) DEFAULT NULL,
  `sslmeth` varchar(50) DEFAULT NULL,
  `int_mailer` int DEFAULT '0',
  `status` varchar(10) DEFAULT NULL,
  `set_default` int DEFAULT NULL,
  `sent_folder` varchar(50) DEFAULT NULL,
  `trash_folder` varchar(50) DEFAULT NULL,
  PRIMARY KEY (`account_id`)
) ENGINE=InnoDB DEFAULT CHARSET=utf8mb3;
/*!40101 SET character_set_client = @saved_cs_client */;

--
-- Dumping data for table `vtiger_mail_accounts`
--

LOCK TABLES `vtiger_mail_accounts` WRITE;
/*!40000 ALTER TABLE `vtiger_mail_accounts` DISABLE KEYS */;
/*!40000 ALTER TABLE `vtiger_mail_accounts` ENABLE KEYS */;
UNLOCK TABLES;

--
-- Table structure for table `vtiger_mailer_queue`
--

DROP TABLE IF EXISTS `vtiger_mailer_queue`;
/*!40101 SET @saved_cs_client     = @@character_set_client */;
/*!50503 SET character_set_client = utf8mb4 */;
CREATE TABLE `vtiger_mailer_queue` (
  `id` int NOT NULL,
  `fromname` varchar(100) DEFAULT NULL,
  `fromemail` varchar(100) DEFAULT NULL,
  `mailer` varchar(10) DEFAULT NULL,
  `content_type` varchar(15) DEFAULT NULL,
  `subject` varchar(999) DEFAULT NULL,
  `body` text,
  `relcrmid` int DEFAULT NULL,
  `failed` int NOT NULL DEFAULT '0',
  `failreason` varchar(255) DEFAULT NULL,
  PRIMARY KEY (`id`)
) ENGINE=InnoDB DEFAULT CHARSET=utf8mb3;
/*!40101 SET character_set_client = @saved_cs_client */;

--
-- Dumping data for table `vtiger_mailer_queue`
--

LOCK TABLES `vtiger_mailer_queue` WRITE;
/*!40000 ALTER TABLE `vtiger_mailer_queue` DISABLE KEYS */;
/*!40000 ALTER TABLE `vtiger_mailer_queue` ENABLE KEYS */;
UNLOCK TABLES;

--
-- Table structure for table `vtiger_mailer_queueattachments`
--

DROP TABLE IF EXISTS `vtiger_mailer_queueattachments`;
/*!40101 SET @saved_cs_client     = @@character_set_client */;
/*!50503 SET character_set_client = utf8mb4 */;
CREATE TABLE `vtiger_mailer_queueattachments` (
  `id` int DEFAULT NULL,
  `path` text,
  `name` varchar(100) DEFAULT NULL,
  `encoding` varchar(50) DEFAULT NULL,
  `type` varchar(100) DEFAULT NULL
) ENGINE=InnoDB DEFAULT CHARSET=utf8mb3;
/*!40101 SET character_set_client = @saved_cs_client */;

--
-- Dumping data for table `vtiger_mailer_queueattachments`
--

LOCK TABLES `vtiger_mailer_queueattachments` WRITE;
/*!40000 ALTER TABLE `vtiger_mailer_queueattachments` DISABLE KEYS */;
/*!40000 ALTER TABLE `vtiger_mailer_queueattachments` ENABLE KEYS */;
UNLOCK TABLES;

--
-- Table structure for table `vtiger_mailer_queueinfo`
--

DROP TABLE IF EXISTS `vtiger_mailer_queueinfo`;
/*!40101 SET @saved_cs_client     = @@character_set_client */;
/*!50503 SET character_set_client = utf8mb4 */;
CREATE TABLE `vtiger_mailer_queueinfo` (
  `id` int DEFAULT NULL,
  `name` varchar(100) DEFAULT NULL,
  `email` varchar(100) DEFAULT NULL,
  `type` varchar(7) DEFAULT NULL
) ENGINE=InnoDB DEFAULT CHARSET=utf8mb3;
/*!40101 SET character_set_client = @saved_cs_client */;

--
-- Dumping data for table `vtiger_mailer_queueinfo`
--

LOCK TABLES `vtiger_mailer_queueinfo` WRITE;
/*!40000 ALTER TABLE `vtiger_mailer_queueinfo` DISABLE KEYS */;
/*!40000 ALTER TABLE `vtiger_mailer_queueinfo` ENABLE KEYS */;
UNLOCK TABLES;

--
-- Table structure for table `vtiger_mailmanager_mailattachments`
--

DROP TABLE IF EXISTS `vtiger_mailmanager_mailattachments`;
/*!40101 SET @saved_cs_client     = @@character_set_client */;
/*!50503 SET character_set_client = utf8mb4 */;
CREATE TABLE `vtiger_mailmanager_mailattachments` (
  `userid` int DEFAULT NULL,
  `muid` int DEFAULT NULL,
  `aname` varchar(100) DEFAULT NULL,
  `lastsavedtime` int DEFAULT NULL,
  `attachid` int NOT NULL,
  `path` varchar(200) NOT NULL,
  `cid` varchar(100) DEFAULT NULL,
  KEY `userid_muid_idx` (`userid`,`muid`)
) ENGINE=InnoDB DEFAULT CHARSET=utf8mb3;
/*!40101 SET character_set_client = @saved_cs_client */;

--
-- Dumping data for table `vtiger_mailmanager_mailattachments`
--

LOCK TABLES `vtiger_mailmanager_mailattachments` WRITE;
/*!40000 ALTER TABLE `vtiger_mailmanager_mailattachments` DISABLE KEYS */;
/*!40000 ALTER TABLE `vtiger_mailmanager_mailattachments` ENABLE KEYS */;
UNLOCK TABLES;

--
-- Table structure for table `vtiger_mailmanager_mailrecord`
--

DROP TABLE IF EXISTS `vtiger_mailmanager_mailrecord`;
/*!40101 SET @saved_cs_client     = @@character_set_client */;
/*!50503 SET character_set_client = utf8mb4 */;
CREATE TABLE `vtiger_mailmanager_mailrecord` (
  `userid` int DEFAULT NULL,
  `mfrom` varchar(255) DEFAULT NULL,
  `mto` varchar(255) DEFAULT NULL,
  `mcc` varchar(500) DEFAULT NULL,
  `mbcc` varchar(500) DEFAULT NULL,
  `mdate` varchar(20) DEFAULT NULL,
  `msubject` varchar(500) DEFAULT NULL,
  `mbody` text,
  `mcharset` varchar(10) DEFAULT NULL,
  `misbodyhtml` int DEFAULT NULL,
  `mplainmessage` int DEFAULT NULL,
  `mhtmlmessage` int DEFAULT NULL,
  `muniqueid` varchar(500) DEFAULT NULL,
  `mbodyparsed` int DEFAULT NULL,
  `muid` int DEFAULT NULL,
  `lastsavedtime` int DEFAULT NULL,
  `folder` varchar(250) DEFAULT NULL,
  `mfolder` varchar(250) DEFAULT NULL,
  KEY `userid_lastsavedtime_idx` (`userid`,`lastsavedtime`),
  KEY `userid_muid_idx` (`userid`,`muid`)
) ENGINE=InnoDB DEFAULT CHARSET=utf8mb3;
/*!40101 SET character_set_client = @saved_cs_client */;

--
-- Dumping data for table `vtiger_mailmanager_mailrecord`
--

LOCK TABLES `vtiger_mailmanager_mailrecord` WRITE;
/*!40000 ALTER TABLE `vtiger_mailmanager_mailrecord` DISABLE KEYS */;
/*!40000 ALTER TABLE `vtiger_mailmanager_mailrecord` ENABLE KEYS */;
UNLOCK TABLES;

--
-- Table structure for table `vtiger_mailmanager_mailrel`
--

DROP TABLE IF EXISTS `vtiger_mailmanager_mailrel`;
/*!40101 SET @saved_cs_client     = @@character_set_client */;
/*!50503 SET character_set_client = utf8mb4 */;
CREATE TABLE `vtiger_mailmanager_mailrel` (
  `mailuid` varchar(999) DEFAULT NULL,
  `crmid` int DEFAULT NULL,
  `emailid` int DEFAULT NULL
) ENGINE=InnoDB DEFAULT CHARSET=utf8mb3;
/*!40101 SET character_set_client = @saved_cs_client */;

--
-- Dumping data for table `vtiger_mailmanager_mailrel`
--

LOCK TABLES `vtiger_mailmanager_mailrel` WRITE;
/*!40000 ALTER TABLE `vtiger_mailmanager_mailrel` DISABLE KEYS */;
/*!40000 ALTER TABLE `vtiger_mailmanager_mailrel` ENABLE KEYS */;
UNLOCK TABLES;

--
-- Table structure for table `vtiger_mailscanner`
--

DROP TABLE IF EXISTS `vtiger_mailscanner`;
/*!40101 SET @saved_cs_client     = @@character_set_client */;
/*!50503 SET character_set_client = utf8mb4 */;
CREATE TABLE `vtiger_mailscanner` (
  `scannerid` int NOT NULL AUTO_INCREMENT,
  `scannername` varchar(30) DEFAULT NULL,
  `server` varchar(100) DEFAULT NULL,
  `protocol` varchar(10) DEFAULT NULL,
  `username` varchar(255) DEFAULT NULL,
  `password` varchar(255) DEFAULT NULL,
  `ssltype` varchar(10) DEFAULT NULL,
  `sslmethod` varchar(30) DEFAULT NULL,
  `connecturl` varchar(255) DEFAULT NULL,
  `searchfor` varchar(10) DEFAULT NULL,
  `markas` varchar(10) DEFAULT NULL,
  `isvalid` int DEFAULT NULL,
  `scanfrom` varchar(10) DEFAULT 'ALL',
  `time_zone` varchar(10) DEFAULT NULL,
  PRIMARY KEY (`scannerid`)
) ENGINE=InnoDB DEFAULT CHARSET=utf8mb3;
/*!40101 SET character_set_client = @saved_cs_client */;

--
-- Dumping data for table `vtiger_mailscanner`
--

LOCK TABLES `vtiger_mailscanner` WRITE;
/*!40000 ALTER TABLE `vtiger_mailscanner` DISABLE KEYS */;
/*!40000 ALTER TABLE `vtiger_mailscanner` ENABLE KEYS */;
UNLOCK TABLES;

--
-- Table structure for table `vtiger_mailscanner_actions`
--

DROP TABLE IF EXISTS `vtiger_mailscanner_actions`;
/*!40101 SET @saved_cs_client     = @@character_set_client */;
/*!50503 SET character_set_client = utf8mb4 */;
CREATE TABLE `vtiger_mailscanner_actions` (
  `actionid` int NOT NULL AUTO_INCREMENT,
  `scannerid` int DEFAULT NULL,
  `actiontype` varchar(10) DEFAULT NULL,
  `module` varchar(30) DEFAULT NULL,
  `lookup` varchar(30) DEFAULT NULL,
  `sequence` int DEFAULT NULL,
  PRIMARY KEY (`actionid`)
) ENGINE=InnoDB DEFAULT CHARSET=utf8mb3;
/*!40101 SET character_set_client = @saved_cs_client */;

--
-- Dumping data for table `vtiger_mailscanner_actions`
--

LOCK TABLES `vtiger_mailscanner_actions` WRITE;
/*!40000 ALTER TABLE `vtiger_mailscanner_actions` DISABLE KEYS */;
/*!40000 ALTER TABLE `vtiger_mailscanner_actions` ENABLE KEYS */;
UNLOCK TABLES;

--
-- Table structure for table `vtiger_mailscanner_folders`
--

DROP TABLE IF EXISTS `vtiger_mailscanner_folders`;
/*!40101 SET @saved_cs_client     = @@character_set_client */;
/*!50503 SET character_set_client = utf8mb4 */;
CREATE TABLE `vtiger_mailscanner_folders` (
  `folderid` int NOT NULL AUTO_INCREMENT,
  `scannerid` int DEFAULT NULL,
  `foldername` varchar(255) DEFAULT NULL,
  `lastscan` varchar(30) DEFAULT NULL,
  `rescan` int DEFAULT NULL,
  `enabled` int DEFAULT NULL,
  PRIMARY KEY (`folderid`),
  KEY `folderid_idx` (`folderid`)
) ENGINE=InnoDB DEFAULT CHARSET=utf8mb3;
/*!40101 SET character_set_client = @saved_cs_client */;

--
-- Dumping data for table `vtiger_mailscanner_folders`
--

LOCK TABLES `vtiger_mailscanner_folders` WRITE;
/*!40000 ALTER TABLE `vtiger_mailscanner_folders` DISABLE KEYS */;
/*!40000 ALTER TABLE `vtiger_mailscanner_folders` ENABLE KEYS */;
UNLOCK TABLES;

--
-- Table structure for table `vtiger_mailscanner_ids`
--

DROP TABLE IF EXISTS `vtiger_mailscanner_ids`;
/*!40101 SET @saved_cs_client     = @@character_set_client */;
/*!50503 SET character_set_client = utf8mb4 */;
CREATE TABLE `vtiger_mailscanner_ids` (
  `scannerid` int DEFAULT NULL,
  `messageid` varchar(512) DEFAULT NULL,
  `crmid` int DEFAULT NULL,
  `refids` text,
  KEY `scanner_message_ids_idx` (`scannerid`,`messageid`),
  KEY `messageids_crmid_idx` (`crmid`)
) ENGINE=InnoDB DEFAULT CHARSET=utf8mb3;
/*!40101 SET character_set_client = @saved_cs_client */;

--
-- Dumping data for table `vtiger_mailscanner_ids`
--

LOCK TABLES `vtiger_mailscanner_ids` WRITE;
/*!40000 ALTER TABLE `vtiger_mailscanner_ids` DISABLE KEYS */;
/*!40000 ALTER TABLE `vtiger_mailscanner_ids` ENABLE KEYS */;
UNLOCK TABLES;

--
-- Table structure for table `vtiger_mailscanner_ruleactions`
--

DROP TABLE IF EXISTS `vtiger_mailscanner_ruleactions`;
/*!40101 SET @saved_cs_client     = @@character_set_client */;
/*!50503 SET character_set_client = utf8mb4 */;
CREATE TABLE `vtiger_mailscanner_ruleactions` (
  `ruleid` int DEFAULT NULL,
  `actionid` int DEFAULT NULL
) ENGINE=InnoDB DEFAULT CHARSET=utf8mb3;
/*!40101 SET character_set_client = @saved_cs_client */;

--
-- Dumping data for table `vtiger_mailscanner_ruleactions`
--

LOCK TABLES `vtiger_mailscanner_ruleactions` WRITE;
/*!40000 ALTER TABLE `vtiger_mailscanner_ruleactions` DISABLE KEYS */;
/*!40000 ALTER TABLE `vtiger_mailscanner_ruleactions` ENABLE KEYS */;
UNLOCK TABLES;

--
-- Table structure for table `vtiger_mailscanner_rules`
--

DROP TABLE IF EXISTS `vtiger_mailscanner_rules`;
/*!40101 SET @saved_cs_client     = @@character_set_client */;
/*!50503 SET character_set_client = utf8mb4 */;
CREATE TABLE `vtiger_mailscanner_rules` (
  `ruleid` int NOT NULL AUTO_INCREMENT,
  `scannerid` int DEFAULT NULL,
  `fromaddress` varchar(255) DEFAULT NULL,
  `toaddress` varchar(255) DEFAULT NULL,
  `subjectop` varchar(20) DEFAULT NULL,
  `subject` varchar(255) DEFAULT NULL,
  `bodyop` varchar(20) DEFAULT NULL,
  `body` varchar(255) DEFAULT NULL,
  `matchusing` varchar(5) DEFAULT NULL,
  `sequence` int DEFAULT NULL,
  `assigned_to` int DEFAULT NULL,
  `cc` varchar(255) DEFAULT NULL,
  `bcc` varchar(255) DEFAULT NULL,
  PRIMARY KEY (`ruleid`)
) ENGINE=InnoDB DEFAULT CHARSET=utf8mb3;
/*!40101 SET character_set_client = @saved_cs_client */;

--
-- Dumping data for table `vtiger_mailscanner_rules`
--

LOCK TABLES `vtiger_mailscanner_rules` WRITE;
/*!40000 ALTER TABLE `vtiger_mailscanner_rules` DISABLE KEYS */;
/*!40000 ALTER TABLE `vtiger_mailscanner_rules` ENABLE KEYS */;
UNLOCK TABLES;

--
-- Table structure for table `vtiger_manufacturer`
--

DROP TABLE IF EXISTS `vtiger_manufacturer`;
/*!40101 SET @saved_cs_client     = @@character_set_client */;
/*!50503 SET character_set_client = utf8mb4 */;
CREATE TABLE `vtiger_manufacturer` (
  `manufacturerid` int NOT NULL AUTO_INCREMENT,
  `manufacturer` varchar(200) NOT NULL,
  `presence` int NOT NULL DEFAULT '1',
  `picklist_valueid` int NOT NULL DEFAULT '0',
  `sortorderid` int DEFAULT NULL,
  `color` varchar(10) DEFAULT NULL,
  PRIMARY KEY (`manufacturerid`),
  UNIQUE KEY `manufacturer_manufacturer_idx` (`manufacturer`)
) ENGINE=InnoDB AUTO_INCREMENT=5 DEFAULT CHARSET=utf8mb3;
/*!40101 SET character_set_client = @saved_cs_client */;

--
-- Dumping data for table `vtiger_manufacturer`
--

LOCK TABLES `vtiger_manufacturer` WRITE;
/*!40000 ALTER TABLE `vtiger_manufacturer` DISABLE KEYS */;
INSERT INTO `vtiger_manufacturer` VALUES (2,'AltvetPet Inc.',1,124,1,NULL),(3,'LexPon Inc.',1,125,2,NULL),(4,'MetBeat Corp',1,126,3,NULL);
/*!40000 ALTER TABLE `vtiger_manufacturer` ENABLE KEYS */;
UNLOCK TABLES;

--
-- Table structure for table `vtiger_manufacturer_seq`
--

DROP TABLE IF EXISTS `vtiger_manufacturer_seq`;
/*!40101 SET @saved_cs_client     = @@character_set_client */;
/*!50503 SET character_set_client = utf8mb4 */;
CREATE TABLE `vtiger_manufacturer_seq` (
  `id` int NOT NULL
) ENGINE=InnoDB DEFAULT CHARSET=utf8mb3;
/*!40101 SET character_set_client = @saved_cs_client */;

--
-- Dumping data for table `vtiger_manufacturer_seq`
--

LOCK TABLES `vtiger_manufacturer_seq` WRITE;
/*!40000 ALTER TABLE `vtiger_manufacturer_seq` DISABLE KEYS */;
INSERT INTO `vtiger_manufacturer_seq` VALUES (4);
/*!40000 ALTER TABLE `vtiger_manufacturer_seq` ENABLE KEYS */;
UNLOCK TABLES;

--
-- Table structure for table `vtiger_mobile_alerts`
--

DROP TABLE IF EXISTS `vtiger_mobile_alerts`;
/*!40101 SET @saved_cs_client     = @@character_set_client */;
/*!50503 SET character_set_client = utf8mb4 */;
CREATE TABLE `vtiger_mobile_alerts` (
  `id` int NOT NULL AUTO_INCREMENT,
  `handler_path` varchar(500) DEFAULT NULL,
  `handler_class` varchar(50) DEFAULT NULL,
  `sequence` int DEFAULT NULL,
  `deleted` int NOT NULL DEFAULT '0',
  PRIMARY KEY (`id`)
) ENGINE=InnoDB AUTO_INCREMENT=15 DEFAULT CHARSET=utf8mb3;
/*!40101 SET character_set_client = @saved_cs_client */;

--
-- Dumping data for table `vtiger_mobile_alerts`
--

LOCK TABLES `vtiger_mobile_alerts` WRITE;
/*!40000 ALTER TABLE `vtiger_mobile_alerts` DISABLE KEYS */;
INSERT INTO `vtiger_mobile_alerts` VALUES (8,'modules/Mobile/api/ws/models/alerts/IdleTicketsOfMine.php','Mobile_WS_AlertModel_IdleTicketsOfMine',NULL,0),(9,'modules/Mobile/api/ws/models/alerts/NewTicketOfMine.php','Mobile_WS_AlertModel_NewTicketOfMine',NULL,0),(10,'modules/Mobile/api/ws/models/alerts/PendingTicketsOfMine.php','Mobile_WS_AlertModel_PendingTicketsOfMine',NULL,0),(11,'modules/Mobile/api/ws/models/alerts/PotentialsDueIn5Days.php','Mobile_WS_AlertModel_PotentialsDueIn5Days',NULL,0),(12,'modules/Mobile/api/ws/models/alerts/EventsOfMineToday.php','Mobile_WS_AlertModel_EventsOfMineToday',NULL,0),(13,'modules/Mobile/api/ws/models/alerts/ProjectTasksOfMine.php','Mobile_WS_AlertModel_ProjectTasksOfMine',NULL,0),(14,'modules/Mobile/api/ws/models/alerts/Projects.php','Mobile_WS_AlertModel_Projects',NULL,0);
/*!40000 ALTER TABLE `vtiger_mobile_alerts` ENABLE KEYS */;
UNLOCK TABLES;

--
-- Table structure for table `vtiger_modcomments`
--

DROP TABLE IF EXISTS `vtiger_modcomments`;
/*!40101 SET @saved_cs_client     = @@character_set_client */;
/*!50503 SET character_set_client = utf8mb4 */;
CREATE TABLE `vtiger_modcomments` (
  `modcommentsid` int DEFAULT NULL,
  `commentcontent` text,
  `related_to` int DEFAULT NULL,
  `parent_comments` int DEFAULT NULL,
  `customer` int DEFAULT NULL,
  `userid` int DEFAULT NULL,
  `reasontoedit` varchar(100) DEFAULT NULL,
  `is_private` int DEFAULT '0',
  `filename` varchar(255) DEFAULT NULL,
  `related_email_id` int DEFAULT NULL,
  KEY `relatedto_idx` (`related_to`),
  KEY `fk_crmid_vtiger_modcomments` (`modcommentsid`),
  CONSTRAINT `fk_crmid_vtiger_modcomments` FOREIGN KEY (`modcommentsid`) REFERENCES `vtiger_crmentity` (`crmid`) ON DELETE CASCADE
) ENGINE=InnoDB DEFAULT CHARSET=utf8mb3;
/*!40101 SET character_set_client = @saved_cs_client */;

--
-- Dumping data for table `vtiger_modcomments`
--

LOCK TABLES `vtiger_modcomments` WRITE;
/*!40000 ALTER TABLE `vtiger_modcomments` DISABLE KEYS */;
INSERT INTO `vtiger_modcomments` VALUES (9,'Первый',11,0,0,1,'',0,'0',0),(10,'Отправить КП',11,0,0,1,'',0,'0',0);
/*!40000 ALTER TABLE `vtiger_modcomments` ENABLE KEYS */;
UNLOCK TABLES;

--
-- Table structure for table `vtiger_modcommentscf`
--

DROP TABLE IF EXISTS `vtiger_modcommentscf`;
/*!40101 SET @saved_cs_client     = @@character_set_client */;
/*!50503 SET character_set_client = utf8mb4 */;
CREATE TABLE `vtiger_modcommentscf` (
  `modcommentsid` int NOT NULL,
  PRIMARY KEY (`modcommentsid`),
  CONSTRAINT `fk_modcommentsid_vtiger_modcommentscf` FOREIGN KEY (`modcommentsid`) REFERENCES `vtiger_modcomments` (`modcommentsid`) ON DELETE CASCADE
) ENGINE=InnoDB DEFAULT CHARSET=utf8mb3;
/*!40101 SET character_set_client = @saved_cs_client */;

--
-- Dumping data for table `vtiger_modcommentscf`
--

LOCK TABLES `vtiger_modcommentscf` WRITE;
/*!40000 ALTER TABLE `vtiger_modcommentscf` DISABLE KEYS */;
INSERT INTO `vtiger_modcommentscf` VALUES (9),(10);
/*!40000 ALTER TABLE `vtiger_modcommentscf` ENABLE KEYS */;
UNLOCK TABLES;

--
-- Table structure for table `vtiger_modentity_num`
--

DROP TABLE IF EXISTS `vtiger_modentity_num`;
/*!40101 SET @saved_cs_client     = @@character_set_client */;
/*!50503 SET character_set_client = utf8mb4 */;
CREATE TABLE `vtiger_modentity_num` (
  `num_id` int NOT NULL,
  `semodule` varchar(100) DEFAULT NULL,
  `prefix` varchar(50) NOT NULL DEFAULT '',
  `start_id` varchar(50) NOT NULL,
  `cur_id` varchar(50) NOT NULL,
  `active` varchar(2) NOT NULL,
  `spcompany` varchar(200) CHARACTER SET utf8 COLLATE utf8_unicode_ci DEFAULT '',
  PRIMARY KEY (`num_id`),
  UNIQUE KEY `num_idx` (`num_id`),
  KEY `semodule_active_idx` (`semodule`,`active`)
) ENGINE=InnoDB DEFAULT CHARSET=utf8mb3;
/*!40101 SET character_set_client = @saved_cs_client */;

--
-- Dumping data for table `vtiger_modentity_num`
--

LOCK TABLES `vtiger_modentity_num` WRITE;
/*!40000 ALTER TABLE `vtiger_modentity_num` DISABLE KEYS */;
INSERT INTO `vtiger_modentity_num` VALUES (1,'Leads','ОБР_','1','3','1',''),(2,'Accounts','КОНТР_','1','2','1',''),(3,'Campaigns','КАМП_','1','1','1',''),(4,'Contacts','КОНТАКТ_','1','5','1',''),(5,'Potentials','СДЕЛКА_','1','2','1',''),(6,'HelpDesk','ЗАЯВКА_','1','1','1',''),(7,'Quotes','ПРЕД_','1','3','1',''),(8,'SalesOrder','ЗАКАЗ_','1','1','1',''),(9,'PurchaseOrder','ЗАКУПКА_','1','1','1',''),(10,'Invoice','СЧЕТ_','1','2','1',''),(11,'Products','ТОВ_','1','2','1',''),(12,'Vendors','ПОСТ_','1','1','1',''),(13,'PriceBooks','КАТ_','1','1','1',''),(14,'Faq','БЗ_','1','1','1',''),(15,'Documents','ДОК_','1','1','1',''),(16,'ServiceContracts','СЕРКОН_','1','1','1',''),(17,'Services','СЕР_','1','3','1',''),(18,'Consignment','','1','1','1',''),(19,'SPPayments','','1','1','1',''),(20,'Act','','1','1','1',''),(21,'Assets','АКТИВ_','1','1','1',''),(22,'ProjectMilestone','PM','1','1','1',''),(23,'ProjectTask','PT','1','1','1',''),(24,'Project','PROJ','1','1','1',''),(25,'Timetable','TI','1','2','1',''),(26,'Trips','TR','1','2','1','');
/*!40000 ALTER TABLE `vtiger_modentity_num` ENABLE KEYS */;
UNLOCK TABLES;

--
-- Table structure for table `vtiger_modentity_num_seq`
--

DROP TABLE IF EXISTS `vtiger_modentity_num_seq`;
/*!40101 SET @saved_cs_client     = @@character_set_client */;
/*!50503 SET character_set_client = utf8mb4 */;
CREATE TABLE `vtiger_modentity_num_seq` (
  `id` int NOT NULL
) ENGINE=InnoDB DEFAULT CHARSET=utf8mb3;
/*!40101 SET character_set_client = @saved_cs_client */;

--
-- Dumping data for table `vtiger_modentity_num_seq`
--

LOCK TABLES `vtiger_modentity_num_seq` WRITE;
/*!40000 ALTER TABLE `vtiger_modentity_num_seq` DISABLE KEYS */;
INSERT INTO `vtiger_modentity_num_seq` VALUES (26);
/*!40000 ALTER TABLE `vtiger_modentity_num_seq` ENABLE KEYS */;
UNLOCK TABLES;

--
-- Table structure for table `vtiger_modtracker_basic`
--

DROP TABLE IF EXISTS `vtiger_modtracker_basic`;
/*!40101 SET @saved_cs_client     = @@character_set_client */;
/*!50503 SET character_set_client = utf8mb4 */;
CREATE TABLE `vtiger_modtracker_basic` (
  `id` int NOT NULL,
  `crmid` int DEFAULT NULL,
  `module` varchar(50) DEFAULT NULL,
  `whodid` int DEFAULT NULL,
  `changedon` datetime DEFAULT NULL,
  `status` int DEFAULT '0',
  PRIMARY KEY (`id`),
  KEY `crmidx` (`crmid`),
  KEY `idx` (`id`)
) ENGINE=InnoDB DEFAULT CHARSET=utf8mb3;
/*!40101 SET character_set_client = @saved_cs_client */;

--
-- Dumping data for table `vtiger_modtracker_basic`
--

LOCK TABLES `vtiger_modtracker_basic` WRITE;
/*!40000 ALTER TABLE `vtiger_modtracker_basic` DISABLE KEYS */;
INSERT INTO `vtiger_modtracker_basic` VALUES (1,2,'Accounts',1,'2021-06-24 09:41:41',2),(2,3,'Products',1,'2021-06-24 09:42:29',2),(3,3,'Products',1,'2021-06-24 09:42:42',0),(4,5,'Contacts',1,'2021-06-28 16:55:19',2),(5,5,'Contacts',1,'2021-06-29 09:25:22',1),(6,6,'Contacts',1,'2021-06-29 09:29:37',2),(7,6,'Contacts',1,'2021-06-29 10:14:32',1),(8,7,'Contacts',1,'2021-06-29 10:15:38',2),(9,8,'Leads',1,'2021-07-01 15:20:29',2),(10,8,'Leads',1,'2021-07-01 15:25:22',4),(11,9,'ModComments',1,'2021-07-01 15:25:22',2),(12,8,'Leads',1,'2021-07-01 15:25:30',4),(13,10,'ModComments',1,'2021-07-01 15:25:30',2),(14,11,'Contacts',1,'2021-07-01 15:41:35',2),(15,12,'Potentials',1,'2021-07-01 15:41:35',2),(16,4,'Invoice',1,'2021-07-05 15:46:23',1),(17,13,'Services',1,'2021-07-06 16:29:37',2),(18,14,'Services',1,'2021-07-07 11:46:20',2),(19,15,'Quotes',1,'2021-07-07 11:47:30',2),(20,11,'Contacts',1,'2021-07-07 11:49:23',0),(21,7,'Contacts',1,'2021-07-07 11:49:34',0),(22,16,'Leads',1,'2021-07-11 15:07:52',2),(23,17,'Timetable',1,'2021-07-11 15:20:23',2),(24,18,'Quotes',1,'2021-07-11 15:22:14',2),(25,19,'Trips',1,'2021-07-12 10:40:51',2),(26,19,'Trips',1,'2021-07-12 10:41:00',1),(27,16,'Leads',1,'2021-07-13 13:27:32',0),(28,16,'Leads',1,'2021-07-13 13:33:15',1);
/*!40000 ALTER TABLE `vtiger_modtracker_basic` ENABLE KEYS */;
UNLOCK TABLES;

--
-- Table structure for table `vtiger_modtracker_basic_seq`
--

DROP TABLE IF EXISTS `vtiger_modtracker_basic_seq`;
/*!40101 SET @saved_cs_client     = @@character_set_client */;
/*!50503 SET character_set_client = utf8mb4 */;
CREATE TABLE `vtiger_modtracker_basic_seq` (
  `id` int NOT NULL
) ENGINE=InnoDB DEFAULT CHARSET=utf8mb3;
/*!40101 SET character_set_client = @saved_cs_client */;

--
-- Dumping data for table `vtiger_modtracker_basic_seq`
--

LOCK TABLES `vtiger_modtracker_basic_seq` WRITE;
/*!40000 ALTER TABLE `vtiger_modtracker_basic_seq` DISABLE KEYS */;
INSERT INTO `vtiger_modtracker_basic_seq` VALUES (28);
/*!40000 ALTER TABLE `vtiger_modtracker_basic_seq` ENABLE KEYS */;
UNLOCK TABLES;

--
-- Table structure for table `vtiger_modtracker_detail`
--

DROP TABLE IF EXISTS `vtiger_modtracker_detail`;
/*!40101 SET @saved_cs_client     = @@character_set_client */;
/*!50503 SET character_set_client = utf8mb4 */;
CREATE TABLE `vtiger_modtracker_detail` (
  `id` int DEFAULT NULL,
  `fieldname` varchar(100) DEFAULT NULL,
  `prevalue` text,
  `postvalue` text,
  KEY `idx` (`id`)
) ENGINE=InnoDB DEFAULT CHARSET=utf8mb3;
/*!40101 SET character_set_client = @saved_cs_client */;

--
-- Dumping data for table `vtiger_modtracker_detail`
--

LOCK TABLES `vtiger_modtracker_detail` WRITE;
/*!40000 ALTER TABLE `vtiger_modtracker_detail` DISABLE KEYS */;
INSERT INTO `vtiger_modtracker_detail` VALUES (1,'label',NULL,'Тестовая компания'),(1,'accountname',NULL,'Тестовая компания'),(1,'account_no',NULL,'КОНТР_1'),(1,'annual_revenue',NULL,'0.00000000'),(1,'assigned_user_id',NULL,'1'),(1,'createdtime',NULL,'2021-06-24 09:41:41'),(1,'modifiedby',NULL,'1'),(1,'created_user_id',NULL,'1'),(1,'source',NULL,'CRM'),(1,'record_id',NULL,'2'),(1,'record_module',NULL,'Accounts'),(2,'label',NULL,'Тестовый товар'),(2,'productname',NULL,'Тестовый товар'),(2,'product_no',NULL,'ТОВ_1'),(2,'discontinued',NULL,'1'),(2,'createdtime',NULL,'2021-06-24 09:42:29'),(2,'modifiedby',NULL,'1'),(2,'unit_price',NULL,'0.00000000'),(2,'commissionrate',NULL,'0.000'),(2,'qty_per_unit',NULL,'0.00'),(2,'qtyinstock',NULL,'0.000'),(2,'assigned_user_id',NULL,'1'),(2,'created_user_id',NULL,'1'),(2,'purchase_cost',NULL,'0.00000000'),(2,'source',NULL,'CRM'),(2,'record_id',NULL,'3'),(2,'record_module',NULL,'Products'),(3,'qtyinstock','0.000','100.000'),(4,'label',NULL,'Эрик Королев'),(4,'firstname',NULL,'Эрик'),(4,'contact_no',NULL,'КОНТАКТ_1'),(4,'lastname',NULL,'Королев'),(4,'email',NULL,'erickorolev@gmail.com'),(4,'assigned_user_id',NULL,'1'),(4,'createdtime',NULL,'2021-06-28 16:55:19'),(4,'modifiedby',NULL,'1'),(4,'portal',NULL,'1'),(4,'support_start_date',NULL,'2021-06-28'),(4,'support_end_date',NULL,'2022-06-28'),(4,'created_user_id',NULL,'1'),(4,'source',NULL,'CRM'),(4,'record_id',NULL,'5'),(4,'record_module',NULL,'Contacts'),(6,'label',NULL,'Эрик Королев'),(6,'firstname',NULL,'Эрик'),(6,'contact_no',NULL,'КОНТАКТ_2'),(6,'lastname',NULL,'Королев'),(6,'email',NULL,'erickorolev@gmail.com'),(6,'assigned_user_id',NULL,'1'),(6,'createdtime',NULL,'2021-06-29 09:29:37'),(6,'modifiedby',NULL,'1'),(6,'portal',NULL,'1'),(6,'support_start_date',NULL,'2021-06-29'),(6,'support_end_date',NULL,'2022-06-29'),(6,'created_user_id',NULL,'1'),(6,'source',NULL,'CRM'),(6,'record_id',NULL,'6'),(6,'record_module',NULL,'Contacts'),(8,'label',NULL,'Эрик Королев'),(8,'firstname',NULL,'Эрик'),(8,'contact_no',NULL,'КОНТАКТ_3'),(8,'lastname',NULL,'Королев'),(8,'email',NULL,'erickorolev@gmail.com'),(8,'assigned_user_id',NULL,'1'),(8,'createdtime',NULL,'2021-06-29 10:15:38'),(8,'modifiedby',NULL,'1'),(8,'portal',NULL,'1'),(8,'support_start_date',NULL,'2021-06-29'),(8,'support_end_date',NULL,'2022-06-29'),(8,'created_user_id',NULL,'1'),(8,'source',NULL,'CRM'),(8,'record_id',NULL,'7'),(8,'record_module',NULL,'Contacts'),(9,'label',NULL,'Иван Петров'),(9,'firstname',NULL,'Иван'),(9,'lead_no',NULL,'ОБР_1'),(9,'lastname',NULL,'Петров'),(9,'annualrevenue',NULL,'0.00000000'),(9,'assigned_user_id',NULL,'1'),(9,'createdtime',NULL,'2021-07-01 15:20:29'),(9,'modifiedby',NULL,'1'),(9,'created_user_id',NULL,'1'),(9,'source',NULL,'CRM'),(9,'record_id',NULL,'8'),(9,'record_module',NULL,'Leads'),(11,'label',NULL,'Первый'),(11,'commentcontent',NULL,'Первый'),(11,'source',NULL,'CRM'),(11,'userid',NULL,'1'),(11,'created_user_id',NULL,'1'),(11,'assigned_user_id',NULL,'1'),(11,'createdtime',NULL,'2021-07-01 15:25:22'),(11,'related_to',NULL,'8'),(11,'creator',NULL,'1'),(11,'record_id',NULL,'9'),(11,'record_module',NULL,'ModComments'),(13,'label',NULL,'Отправить КП'),(13,'commentcontent',NULL,'Отправить КП'),(13,'source',NULL,'CRM'),(13,'userid',NULL,'1'),(13,'created_user_id',NULL,'1'),(13,'assigned_user_id',NULL,'1'),(13,'createdtime',NULL,'2021-07-01 15:25:30'),(13,'related_to',NULL,'8'),(13,'creator',NULL,'1'),(13,'record_id',NULL,'10'),(13,'record_module',NULL,'ModComments'),(14,'label',NULL,'Иван Петров'),(14,'firstname',NULL,'Иван'),(14,'contact_no',NULL,'КОНТАКТ_4'),(14,'lastname',NULL,'Петров'),(14,'assigned_user_id',NULL,'1'),(14,'createdtime',NULL,'2021-07-01 15:41:35'),(14,'modifiedby',NULL,'1'),(14,'isconvertedfromlead',NULL,'1'),(14,'created_user_id',NULL,'1'),(14,'source',NULL,'CRM'),(14,'record_id',NULL,'11'),(14,'record_module',NULL,'Contacts'),(15,'label',NULL,'Иван Петров'),(15,'potentialname',NULL,'Иван Петров'),(15,'potential_no',NULL,'СДЕЛКА_1'),(15,'contact_id',NULL,'11'),(15,'amount',NULL,'0.00000000'),(15,'closingdate',NULL,'2021-07-07'),(15,'assigned_user_id',NULL,'1'),(15,'sales_stage',NULL,'Prospecting'),(15,'probability',NULL,'0.000'),(15,'createdtime',NULL,'2021-07-01 15:41:35'),(15,'modifiedby',NULL,'1'),(15,'forecast_amount',NULL,'0.00000000'),(15,'isconvertedfromlead',NULL,'1'),(15,'spcompany',NULL,'Default'),(15,'created_user_id',NULL,'1'),(15,'source',NULL,'CRM'),(15,'record_id',NULL,'12'),(15,'record_module',NULL,'Potentials'),(17,'label',NULL,'test'),(17,'servicename',NULL,'test'),(17,'service_no',NULL,'СЕР_1'),(17,'discontinued',NULL,'1'),(17,'createdtime',NULL,'2021-07-06 16:29:37'),(17,'modifiedby',NULL,'1'),(17,'assigned_user_id',NULL,'1'),(17,'source',NULL,'CRM'),(17,'created_user_id',NULL,'1'),(17,'unit_price',NULL,'0.00000000'),(17,'commissionrate',NULL,'0.000'),(17,'purchase_cost',NULL,'0.00000000'),(17,'record_id',NULL,'13'),(17,'record_module',NULL,'Services'),(18,'label',NULL,'Сопровождение 1 ребенка'),(18,'servicename',NULL,'Сопровождение 1 ребенка'),(18,'service_no',NULL,'СЕР_2'),(18,'discontinued',NULL,'1'),(18,'createdtime',NULL,'2021-07-07 11:46:20'),(18,'modifiedby',NULL,'1'),(18,'service_usageunit',NULL,'Минуты'),(18,'assigned_user_id',NULL,'1'),(18,'source',NULL,'CRM'),(18,'created_user_id',NULL,'1'),(18,'unit_price',NULL,'25.00000000'),(18,'commissionrate',NULL,'0.000'),(18,'purchase_cost',NULL,'0.00000000'),(18,'record_id',NULL,'14'),(18,'record_module',NULL,'Services'),(19,'label',NULL,'Тестовое КП'),(19,'quote_no',NULL,'ПРЕД_1'),(19,'subject',NULL,'Тестовое КП'),(19,'quotestage',NULL,'Created'),(19,'hdnSubTotal',NULL,'3000.00000000'),(19,'txtAdjustment',NULL,'0.00000000'),(19,'hdnGrandTotal',NULL,'3000.00000000'),(19,'hdnTaxType',NULL,'group_tax_inc'),(19,'hdnS_H_Amount',NULL,'0.00000000'),(19,'assigned_user_id',NULL,'1'),(19,'createdtime',NULL,'2021-07-07 11:47:30'),(19,'modifiedby',NULL,'1'),(19,'currency_id',NULL,'1'),(19,'conversion_rate',NULL,'1.000'),(19,'bill_street',NULL,'Адрес'),(19,'ship_street',NULL,'Адрес'),(19,'terms_conditions',NULL,'- Счет действителен на протяжении 14 календарных дней с даты его выставления, если другое не оговорено в письменной форме. Оплата счета Покупателем означает согласие с условиями поставки.'),(19,'productid',NULL,'14'),(19,'quantity',NULL,'120.000'),(19,'listprice',NULL,'25.00000000'),(19,'pre_tax_total',NULL,'3000.00000000'),(19,'created_user_id',NULL,'1'),(19,'source',NULL,'CRM'),(19,'record_id',NULL,'15'),(19,'record_module',NULL,'Quotes'),(20,'type','','Client'),(21,'type','','Client'),(22,'label',NULL,'Иван Петров'),(22,'firstname',NULL,'Иван'),(22,'lead_no',NULL,'ОБР_2'),(22,'lastname',NULL,'Петров'),(22,'assigned_user_id',NULL,'1'),(22,'createdtime',NULL,'2021-07-11 15:07:52'),(22,'modifiedby',NULL,'1'),(22,'created_user_id',NULL,'1'),(22,'source',NULL,'CRM'),(22,'trips',NULL,'6'),(22,'childrens',NULL,'4'),(22,'from_address',NULL,'Адрес 1'),(22,'where_address',NULL,'Адрес 2'),(22,'record_id',NULL,'16'),(22,'record_module',NULL,'Leads'),(23,'label',NULL,'Адрес 1'),(23,'name',NULL,'Адрес 1'),(23,'assigned_user_id',NULL,'1'),(23,'createdtime',NULL,'2021-07-11 15:20:23'),(23,'timetableno',NULL,'TI1'),(23,'created_user_id',NULL,'1'),(23,'modifiedby',NULL,'1'),(23,'source',NULL,'CRM'),(23,'where_address',NULL,'Адрес 2'),(23,'record_id',NULL,'17'),(23,'record_module',NULL,'Timetable'),(24,'label',NULL,'Тестовое КП'),(24,'quote_no',NULL,'ПРЕД_2'),(24,'subject',NULL,'Тестовое КП'),(24,'quotestage',NULL,'Delivered'),(24,'hdnSubTotal',NULL,'25.00000000'),(24,'txtAdjustment',NULL,'0.00000000'),(24,'hdnGrandTotal',NULL,'25.00000000'),(24,'hdnTaxType',NULL,'group_tax_inc'),(24,'hdnS_H_Amount',NULL,'0.00000000'),(24,'assigned_user_id',NULL,'1'),(24,'createdtime',NULL,'2021-07-11 15:22:14'),(24,'modifiedby',NULL,'1'),(24,'currency_id',NULL,'1'),(24,'conversion_rate',NULL,'1.000'),(24,'bill_street',NULL,'Адрес 1'),(24,'ship_street',NULL,'Адрес 2'),(24,'terms_conditions',NULL,'- Счет действителен на протяжении 14 календарных дней с даты его выставления, если другое не оговорено в письменной форме. Оплата счета Покупателем означает согласие с условиями поставки.'),(24,'productid',NULL,'14'),(24,'quantity',NULL,'1.000'),(24,'listprice',NULL,'25.00000000'),(24,'pre_tax_total',NULL,'25.00000000'),(24,'created_user_id',NULL,'1'),(24,'source',NULL,'CRM'),(24,'record_id',NULL,'18'),(24,'record_module',NULL,'Quotes'),(25,'label',NULL,'Адрес 1'),(25,'name',NULL,'Адрес 1'),(25,'assigned_user_id',NULL,'1'),(25,'createdtime',NULL,'2021-07-12 10:40:51'),(25,'tripsno',NULL,'TR1'),(25,'created_user_id',NULL,'1'),(25,'modifiedby',NULL,'1'),(25,'source',NULL,'CRM'),(25,'date',NULL,'Адрес 2'),(25,'record_id',NULL,'19'),(25,'record_module',NULL,'Trips'),(27,'phone','','89276385072'),(27,'email','','erickorolev@gmail.com'),(27,'trips','6','10'),(27,'childrens','4','2'),(27,'from_address','Адрес 1','Москва, ул. Рябиновая улица, 45'),(27,'where_address','Адрес 2','Москва, ул улица Свободы, 55');
/*!40000 ALTER TABLE `vtiger_modtracker_detail` ENABLE KEYS */;
UNLOCK TABLES;

--
-- Table structure for table `vtiger_modtracker_relations`
--

DROP TABLE IF EXISTS `vtiger_modtracker_relations`;
/*!40101 SET @saved_cs_client     = @@character_set_client */;
/*!50503 SET character_set_client = utf8mb4 */;
CREATE TABLE `vtiger_modtracker_relations` (
  `id` int NOT NULL,
  `targetmodule` varchar(100) NOT NULL,
  `targetid` int NOT NULL,
  `changedon` datetime DEFAULT NULL,
  PRIMARY KEY (`id`)
) ENGINE=InnoDB DEFAULT CHARSET=utf8mb3;
/*!40101 SET character_set_client = @saved_cs_client */;

--
-- Dumping data for table `vtiger_modtracker_relations`
--

LOCK TABLES `vtiger_modtracker_relations` WRITE;
/*!40000 ALTER TABLE `vtiger_modtracker_relations` DISABLE KEYS */;
INSERT INTO `vtiger_modtracker_relations` VALUES (10,'ModComments',9,'2021-07-01 15:25:22'),(12,'ModComments',10,'2021-07-01 15:25:30');
/*!40000 ALTER TABLE `vtiger_modtracker_relations` ENABLE KEYS */;
UNLOCK TABLES;

--
-- Table structure for table `vtiger_modtracker_tabs`
--

DROP TABLE IF EXISTS `vtiger_modtracker_tabs`;
/*!40101 SET @saved_cs_client     = @@character_set_client */;
/*!50503 SET character_set_client = utf8mb4 */;
CREATE TABLE `vtiger_modtracker_tabs` (
  `tabid` int NOT NULL,
  `visible` int DEFAULT '0',
  PRIMARY KEY (`tabid`)
) ENGINE=InnoDB DEFAULT CHARSET=utf8mb3;
/*!40101 SET character_set_client = @saved_cs_client */;

--
-- Dumping data for table `vtiger_modtracker_tabs`
--

LOCK TABLES `vtiger_modtracker_tabs` WRITE;
/*!40000 ALTER TABLE `vtiger_modtracker_tabs` DISABLE KEYS */;
INSERT INTO `vtiger_modtracker_tabs` VALUES (2,1),(4,1),(6,1),(7,1),(8,1),(9,1),(10,1),(13,1),(14,1),(15,1),(16,1),(18,1),(19,1),(20,1),(21,1),(22,1),(23,1),(26,1),(28,1),(32,1),(36,1),(37,1),(38,1),(39,1),(40,1),(41,1),(42,1),(43,1),(44,1),(45,1),(46,1),(47,1),(48,1),(49,1),(50,1),(51,1),(52,1),(53,1),(54,1),(55,1),(56,1),(57,1),(58,1),(59,1),(60,1),(61,1),(62,1),(63,1),(64,1),(65,1),(66,1),(67,1);
/*!40000 ALTER TABLE `vtiger_modtracker_tabs` ENABLE KEYS */;
UNLOCK TABLES;

--
-- Table structure for table `vtiger_module_dashboard_widgets`
--

DROP TABLE IF EXISTS `vtiger_module_dashboard_widgets`;
/*!40101 SET @saved_cs_client     = @@character_set_client */;
/*!50503 SET character_set_client = utf8mb4 */;
CREATE TABLE `vtiger_module_dashboard_widgets` (
  `id` int NOT NULL AUTO_INCREMENT,
  `linkid` int DEFAULT NULL,
  `userid` int DEFAULT NULL,
  `filterid` int DEFAULT NULL,
  `title` varchar(100) DEFAULT NULL,
  `data` text,
  `position` varchar(50) DEFAULT NULL,
  `reportid` int DEFAULT NULL,
  `dashboardtabid` int DEFAULT '1',
  `size` varchar(50) DEFAULT NULL,
  PRIMARY KEY (`id`),
  KEY `dashboardtabid` (`dashboardtabid`),
  CONSTRAINT `vtiger_module_dashboard_widgets_ibfk_1` FOREIGN KEY (`dashboardtabid`) REFERENCES `vtiger_dashboard_tabs` (`id`) ON DELETE CASCADE
) ENGINE=InnoDB AUTO_INCREMENT=6 DEFAULT CHARSET=utf8mb3;
/*!40101 SET character_set_client = @saved_cs_client */;

--
-- Dumping data for table `vtiger_module_dashboard_widgets`
--

LOCK TABLES `vtiger_module_dashboard_widgets` WRITE;
/*!40000 ALTER TABLE `vtiger_module_dashboard_widgets` DISABLE KEYS */;
INSERT INTO `vtiger_module_dashboard_widgets` VALUES (1,82,1,0,NULL,NULL,'{\"row\":\"1\",\"col\":\"1\"}',NULL,1,NULL),(2,83,1,0,NULL,NULL,'{\"row\":\"1\",\"col\":\"2\"}',NULL,1,NULL),(3,84,1,0,NULL,NULL,'{\"row\":\"2\",\"col\":\"2\"}',NULL,1,NULL),(4,92,1,0,NULL,NULL,'{\"row\":\"1\",\"col\":\"3\"}',NULL,1,NULL),(5,132,1,0,NULL,NULL,'{\"row\":\"1\",\"col\":\"4\"}',NULL,1,NULL);
/*!40000 ALTER TABLE `vtiger_module_dashboard_widgets` ENABLE KEYS */;
UNLOCK TABLES;

--
-- Table structure for table `vtiger_no_of_currency_decimals`
--

DROP TABLE IF EXISTS `vtiger_no_of_currency_decimals`;
/*!40101 SET @saved_cs_client     = @@character_set_client */;
/*!50503 SET character_set_client = utf8mb4 */;
CREATE TABLE `vtiger_no_of_currency_decimals` (
  `no_of_currency_decimalsid` int NOT NULL AUTO_INCREMENT,
  `no_of_currency_decimals` varchar(200) NOT NULL,
  `sortorderid` int DEFAULT NULL,
  `presence` int NOT NULL DEFAULT '1',
  PRIMARY KEY (`no_of_currency_decimalsid`)
) ENGINE=InnoDB AUTO_INCREMENT=8 DEFAULT CHARSET=utf8mb3;
/*!40101 SET character_set_client = @saved_cs_client */;

--
-- Dumping data for table `vtiger_no_of_currency_decimals`
--

LOCK TABLES `vtiger_no_of_currency_decimals` WRITE;
/*!40000 ALTER TABLE `vtiger_no_of_currency_decimals` DISABLE KEYS */;
INSERT INTO `vtiger_no_of_currency_decimals` VALUES (2,'2',2,1),(3,'3',3,1),(4,'4',4,1),(5,'5',5,1),(6,'0',0,1),(7,'1',1,1);
/*!40000 ALTER TABLE `vtiger_no_of_currency_decimals` ENABLE KEYS */;
UNLOCK TABLES;

--
-- Table structure for table `vtiger_no_of_currency_decimals_seq`
--

DROP TABLE IF EXISTS `vtiger_no_of_currency_decimals_seq`;
/*!40101 SET @saved_cs_client     = @@character_set_client */;
/*!50503 SET character_set_client = utf8mb4 */;
CREATE TABLE `vtiger_no_of_currency_decimals_seq` (
  `id` int NOT NULL
) ENGINE=InnoDB DEFAULT CHARSET=utf8mb3;
/*!40101 SET character_set_client = @saved_cs_client */;

--
-- Dumping data for table `vtiger_no_of_currency_decimals_seq`
--

LOCK TABLES `vtiger_no_of_currency_decimals_seq` WRITE;
/*!40000 ALTER TABLE `vtiger_no_of_currency_decimals_seq` DISABLE KEYS */;
INSERT INTO `vtiger_no_of_currency_decimals_seq` VALUES (7);
/*!40000 ALTER TABLE `vtiger_no_of_currency_decimals_seq` ENABLE KEYS */;
UNLOCK TABLES;

--
-- Table structure for table `vtiger_notebook_contents`
--

DROP TABLE IF EXISTS `vtiger_notebook_contents`;
/*!40101 SET @saved_cs_client     = @@character_set_client */;
/*!50503 SET character_set_client = utf8mb4 */;
CREATE TABLE `vtiger_notebook_contents` (
  `userid` int NOT NULL,
  `notebookid` int NOT NULL,
  `contents` text
) ENGINE=InnoDB DEFAULT CHARSET=utf8mb3;
/*!40101 SET character_set_client = @saved_cs_client */;

--
-- Dumping data for table `vtiger_notebook_contents`
--

LOCK TABLES `vtiger_notebook_contents` WRITE;
/*!40000 ALTER TABLE `vtiger_notebook_contents` DISABLE KEYS */;
/*!40000 ALTER TABLE `vtiger_notebook_contents` ENABLE KEYS */;
UNLOCK TABLES;

--
-- Table structure for table `vtiger_notes`
--

DROP TABLE IF EXISTS `vtiger_notes`;
/*!40101 SET @saved_cs_client     = @@character_set_client */;
/*!50503 SET character_set_client = utf8mb4 */;
CREATE TABLE `vtiger_notes` (
  `notesid` int NOT NULL DEFAULT '0',
  `note_no` varchar(100) NOT NULL,
  `title` varchar(50) NOT NULL,
  `filename` varchar(200) DEFAULT NULL,
  `notecontent` text,
  `folderid` int NOT NULL DEFAULT '1',
  `filetype` varchar(50) DEFAULT NULL,
  `filelocationtype` varchar(5) DEFAULT NULL,
  `filedownloadcount` int DEFAULT NULL,
  `filestatus` int DEFAULT NULL,
  `filesize` int NOT NULL DEFAULT '0',
  `fileversion` varchar(50) DEFAULT NULL,
  `tags` varchar(1) DEFAULT NULL,
  PRIMARY KEY (`notesid`),
  KEY `notes_title_idx` (`title`),
  KEY `notes_notesid_idx` (`notesid`),
  CONSTRAINT `fk_1_vtiger_notes` FOREIGN KEY (`notesid`) REFERENCES `vtiger_crmentity` (`crmid`) ON DELETE CASCADE
) ENGINE=InnoDB DEFAULT CHARSET=utf8mb3;
/*!40101 SET character_set_client = @saved_cs_client */;

--
-- Dumping data for table `vtiger_notes`
--

LOCK TABLES `vtiger_notes` WRITE;
/*!40000 ALTER TABLE `vtiger_notes` DISABLE KEYS */;
/*!40000 ALTER TABLE `vtiger_notes` ENABLE KEYS */;
UNLOCK TABLES;

--
-- Table structure for table `vtiger_notescf`
--

DROP TABLE IF EXISTS `vtiger_notescf`;
/*!40101 SET @saved_cs_client     = @@character_set_client */;
/*!50503 SET character_set_client = utf8mb4 */;
CREATE TABLE `vtiger_notescf` (
  `notesid` int NOT NULL DEFAULT '0',
  PRIMARY KEY (`notesid`),
  CONSTRAINT `fk_notesid_vtiger_notescf` FOREIGN KEY (`notesid`) REFERENCES `vtiger_notes` (`notesid`) ON DELETE CASCADE
) ENGINE=InnoDB DEFAULT CHARSET=utf8mb3;
/*!40101 SET character_set_client = @saved_cs_client */;

--
-- Dumping data for table `vtiger_notescf`
--

LOCK TABLES `vtiger_notescf` WRITE;
/*!40000 ALTER TABLE `vtiger_notescf` DISABLE KEYS */;
/*!40000 ALTER TABLE `vtiger_notescf` ENABLE KEYS */;
UNLOCK TABLES;

--
-- Table structure for table `vtiger_notificationscheduler`
--

DROP TABLE IF EXISTS `vtiger_notificationscheduler`;
/*!40101 SET @saved_cs_client     = @@character_set_client */;
/*!50503 SET character_set_client = utf8mb4 */;
CREATE TABLE `vtiger_notificationscheduler` (
  `schedulednotificationid` int NOT NULL AUTO_INCREMENT,
  `schedulednotificationname` varchar(200) DEFAULT NULL,
  `active` int DEFAULT NULL,
  `notificationsubject` varchar(200) DEFAULT NULL,
  `notificationbody` text,
  `label` varchar(50) DEFAULT NULL,
  `type` varchar(10) DEFAULT NULL,
  PRIMARY KEY (`schedulednotificationid`),
  UNIQUE KEY `notificationscheduler_schedulednotificationname_idx` (`schedulednotificationname`)
) ENGINE=InnoDB AUTO_INCREMENT=9 DEFAULT CHARSET=utf8mb3;
/*!40101 SET character_set_client = @saved_cs_client */;

--
-- Dumping data for table `vtiger_notificationscheduler`
--

LOCK TABLES `vtiger_notificationscheduler` WRITE;
/*!40000 ALTER TABLE `vtiger_notificationscheduler` DISABLE KEYS */;
INSERT INTO `vtiger_notificationscheduler` VALUES (1,'LBL_TASK_NOTIFICATION_DESCRITPION',1,'Task Delay Notification','Tasks delayed beyond 24 hrs ','LBL_TASK_NOTIFICATION',NULL),(2,'LBL_BIG_DEAL_DESCRIPTION',1,'Big Deal notification','Success! A big deal has been won! ','LBL_BIG_DEAL',NULL),(3,'LBL_TICKETS_DESCRIPTION',1,'Pending Tickets notification','Ticket pending please ','LBL_PENDING_TICKETS',NULL),(4,'LBL_MANY_TICKETS_DESCRIPTION',1,'Too many tickets Notification','Too many tickets pending against this entity ','LBL_MANY_TICKETS',NULL),(5,'LBL_START_DESCRIPTION',1,'Support Start Notification','10','LBL_START_NOTIFICATION','select'),(6,'LBL_SUPPORT_DESCRIPTION',1,'Support ending please','11','LBL_SUPPORT_NOTICIATION','select'),(7,'LBL_SUPPORT_DESCRIPTION_MONTH',1,'Support ending please','12','LBL_SUPPORT_NOTICIATION_MONTH','select'),(8,'LBL_ACTIVITY_REMINDER_DESCRIPTION',1,'Уведомление о событии','Напоминание о событии Календаря.','LBL_ACTIVITY_NOTIFICATION',NULL);
/*!40000 ALTER TABLE `vtiger_notificationscheduler` ENABLE KEYS */;
UNLOCK TABLES;

--
-- Table structure for table `vtiger_notificationscheduler_seq`
--

DROP TABLE IF EXISTS `vtiger_notificationscheduler_seq`;
/*!40101 SET @saved_cs_client     = @@character_set_client */;
/*!50503 SET character_set_client = utf8mb4 */;
CREATE TABLE `vtiger_notificationscheduler_seq` (
  `id` int NOT NULL
) ENGINE=InnoDB DEFAULT CHARSET=utf8mb3;
/*!40101 SET character_set_client = @saved_cs_client */;

--
-- Dumping data for table `vtiger_notificationscheduler_seq`
--

LOCK TABLES `vtiger_notificationscheduler_seq` WRITE;
/*!40000 ALTER TABLE `vtiger_notificationscheduler_seq` DISABLE KEYS */;
INSERT INTO `vtiger_notificationscheduler_seq` VALUES (8);
/*!40000 ALTER TABLE `vtiger_notificationscheduler_seq` ENABLE KEYS */;
UNLOCK TABLES;

--
-- Table structure for table `vtiger_opportunity_type`
--

DROP TABLE IF EXISTS `vtiger_opportunity_type`;
/*!40101 SET @saved_cs_client     = @@character_set_client */;
/*!50503 SET character_set_client = utf8mb4 */;
CREATE TABLE `vtiger_opportunity_type` (
  `opptypeid` int NOT NULL AUTO_INCREMENT,
  `opportunity_type` varchar(200) NOT NULL,
  `presence` int NOT NULL DEFAULT '1',
  `picklist_valueid` int NOT NULL DEFAULT '0',
  `sortorderid` int DEFAULT NULL,
  `color` varchar(10) DEFAULT NULL,
  PRIMARY KEY (`opptypeid`),
  UNIQUE KEY `opportunity_type_opportunity_type_idx` (`opportunity_type`)
) ENGINE=InnoDB AUTO_INCREMENT=4 DEFAULT CHARSET=utf8mb3;
/*!40101 SET character_set_client = @saved_cs_client */;

--
-- Dumping data for table `vtiger_opportunity_type`
--

LOCK TABLES `vtiger_opportunity_type` WRITE;
/*!40000 ALTER TABLE `vtiger_opportunity_type` DISABLE KEYS */;
INSERT INTO `vtiger_opportunity_type` VALUES (2,'Existing Business',1,128,1,NULL),(3,'New Business',1,129,2,NULL);
/*!40000 ALTER TABLE `vtiger_opportunity_type` ENABLE KEYS */;
UNLOCK TABLES;

--
-- Table structure for table `vtiger_opportunity_type_seq`
--

DROP TABLE IF EXISTS `vtiger_opportunity_type_seq`;
/*!40101 SET @saved_cs_client     = @@character_set_client */;
/*!50503 SET character_set_client = utf8mb4 */;
CREATE TABLE `vtiger_opportunity_type_seq` (
  `id` int NOT NULL
) ENGINE=InnoDB DEFAULT CHARSET=utf8mb3;
/*!40101 SET character_set_client = @saved_cs_client */;

--
-- Dumping data for table `vtiger_opportunity_type_seq`
--

LOCK TABLES `vtiger_opportunity_type_seq` WRITE;
/*!40000 ALTER TABLE `vtiger_opportunity_type_seq` DISABLE KEYS */;
INSERT INTO `vtiger_opportunity_type_seq` VALUES (3);
/*!40000 ALTER TABLE `vtiger_opportunity_type_seq` ENABLE KEYS */;
UNLOCK TABLES;

--
-- Table structure for table `vtiger_opportunitystage`
--

DROP TABLE IF EXISTS `vtiger_opportunitystage`;
/*!40101 SET @saved_cs_client     = @@character_set_client */;
/*!50503 SET character_set_client = utf8mb4 */;
CREATE TABLE `vtiger_opportunitystage` (
  `potstageid` int NOT NULL AUTO_INCREMENT,
  `stage` varchar(200) NOT NULL,
  `sortorderid` int NOT NULL DEFAULT '0',
  `presence` int NOT NULL DEFAULT '1',
  `probability` decimal(3,2) DEFAULT '0.00',
  PRIMARY KEY (`potstageid`),
  UNIQUE KEY `opportunitystage_stage_idx` (`stage`)
) ENGINE=InnoDB DEFAULT CHARSET=utf8mb3;
/*!40101 SET character_set_client = @saved_cs_client */;

--
-- Dumping data for table `vtiger_opportunitystage`
--

LOCK TABLES `vtiger_opportunitystage` WRITE;
/*!40000 ALTER TABLE `vtiger_opportunitystage` DISABLE KEYS */;
/*!40000 ALTER TABLE `vtiger_opportunitystage` ENABLE KEYS */;
UNLOCK TABLES;

--
-- Table structure for table `vtiger_org_share_action2tab`
--

DROP TABLE IF EXISTS `vtiger_org_share_action2tab`;
/*!40101 SET @saved_cs_client     = @@character_set_client */;
/*!50503 SET character_set_client = utf8mb4 */;
CREATE TABLE `vtiger_org_share_action2tab` (
  `share_action_id` int NOT NULL,
  `tabid` int NOT NULL,
  PRIMARY KEY (`share_action_id`,`tabid`),
  KEY `fk_2_vtiger_org_share_action2tab` (`tabid`),
  CONSTRAINT `fk_2_vtiger_org_share_action2tab` FOREIGN KEY (`tabid`) REFERENCES `vtiger_tab` (`tabid`) ON DELETE CASCADE
) ENGINE=InnoDB DEFAULT CHARSET=utf8mb3;
/*!40101 SET character_set_client = @saved_cs_client */;

--
-- Dumping data for table `vtiger_org_share_action2tab`
--

LOCK TABLES `vtiger_org_share_action2tab` WRITE;
/*!40000 ALTER TABLE `vtiger_org_share_action2tab` DISABLE KEYS */;
INSERT INTO `vtiger_org_share_action2tab` VALUES (0,2),(1,2),(2,2),(3,2),(0,4),(1,4),(2,4),(3,4),(0,6),(1,6),(2,6),(3,6),(0,7),(1,7),(2,7),(3,7),(0,8),(1,8),(2,8),(3,8),(0,9),(1,9),(2,9),(3,9),(0,10),(1,10),(2,10),(3,10),(0,13),(1,13),(2,13),(3,13),(0,14),(1,14),(2,14),(3,14),(0,16),(1,16),(2,16),(3,16),(0,18),(1,18),(2,18),(3,18),(0,20),(1,20),(2,20),(3,20),(0,21),(1,21),(2,21),(3,21),(0,22),(1,22),(2,22),(3,22),(0,23),(1,23),(2,23),(3,23),(0,26),(1,26),(2,26),(3,26),(0,32),(1,32),(2,32),(3,32),(0,36),(1,36),(2,36),(3,36),(0,38),(1,38),(2,38),(3,38),(0,40),(1,40),(2,40),(3,40),(0,42),(1,42),(2,42),(3,42),(0,43),(1,43),(2,43),(3,43),(0,44),(1,44),(2,44),(3,44),(0,47),(1,47),(2,47),(3,47),(0,48),(1,48),(2,48),(3,48),(0,49),(1,49),(2,49),(3,49),(0,51),(1,51),(2,51),(3,51),(0,54),(1,54),(2,54),(3,54),(0,57),(1,57),(2,57),(3,57),(0,58),(1,58),(2,58),(3,58),(0,59),(1,59),(2,59),(3,59),(0,65),(1,65),(2,65),(3,65),(0,66),(1,66),(2,66),(3,66);
/*!40000 ALTER TABLE `vtiger_org_share_action2tab` ENABLE KEYS */;
UNLOCK TABLES;

--
-- Table structure for table `vtiger_org_share_action_mapping`
--

DROP TABLE IF EXISTS `vtiger_org_share_action_mapping`;
/*!40101 SET @saved_cs_client     = @@character_set_client */;
/*!50503 SET character_set_client = utf8mb4 */;
CREATE TABLE `vtiger_org_share_action_mapping` (
  `share_action_id` int NOT NULL,
  `share_action_name` varchar(200) DEFAULT NULL,
  PRIMARY KEY (`share_action_id`)
) ENGINE=InnoDB DEFAULT CHARSET=utf8mb3;
/*!40101 SET character_set_client = @saved_cs_client */;

--
-- Dumping data for table `vtiger_org_share_action_mapping`
--

LOCK TABLES `vtiger_org_share_action_mapping` WRITE;
/*!40000 ALTER TABLE `vtiger_org_share_action_mapping` DISABLE KEYS */;
INSERT INTO `vtiger_org_share_action_mapping` VALUES (0,'Public: Read Only'),(1,'Public: Read, Create/Edit'),(2,'Public: Read, Create/Edit, Delete'),(3,'Private'),(4,'Hide Details'),(5,'Hide Details and Add Events'),(6,'Show Details'),(7,'Show Details and Add Events');
/*!40000 ALTER TABLE `vtiger_org_share_action_mapping` ENABLE KEYS */;
UNLOCK TABLES;

--
-- Table structure for table `vtiger_organizationdetails`
--

DROP TABLE IF EXISTS `vtiger_organizationdetails`;
/*!40101 SET @saved_cs_client     = @@character_set_client */;
/*!50503 SET character_set_client = utf8mb4 */;
CREATE TABLE `vtiger_organizationdetails` (
  `organization_id` int NOT NULL,
  `organizationname` varchar(60) DEFAULT NULL,
  `address` varchar(150) DEFAULT NULL,
  `city` varchar(100) DEFAULT NULL,
  `state` varchar(100) DEFAULT NULL,
  `country` varchar(100) DEFAULT NULL,
  `code` varchar(30) DEFAULT NULL,
  `phone` varchar(30) DEFAULT NULL,
  `fax` varchar(30) DEFAULT NULL,
  `website` varchar(100) DEFAULT NULL,
  `logoname` varchar(50) DEFAULT NULL,
  `logo` text,
  `vatid` varchar(100) DEFAULT NULL,
  `inn` varchar(30) DEFAULT '',
  `kpp` varchar(30) DEFAULT '',
  `bankaccount` varchar(1024) DEFAULT '',
  `bankname` varchar(1024) DEFAULT '',
  `bankid` varchar(30) DEFAULT '',
  `corraccount` varchar(100) DEFAULT '',
  `director` varchar(100) DEFAULT '',
  `bookkeeper` varchar(100) DEFAULT '',
  `entrepreneur` varchar(100) DEFAULT '',
  `entrepreneurreg` varchar(100) DEFAULT '',
  `okpo` varchar(100) DEFAULT '',
  `company` varchar(255) DEFAULT NULL,
  PRIMARY KEY (`organization_id`)
) ENGINE=InnoDB DEFAULT CHARSET=utf8mb3;
/*!40101 SET character_set_client = @saved_cs_client */;

--
-- Dumping data for table `vtiger_organizationdetails`
--

LOCK TABLES `vtiger_organizationdetails` WRITE;
/*!40000 ALTER TABLE `vtiger_organizationdetails` DISABLE KEYS */;
INSERT INTO `vtiger_organizationdetails` VALUES (1,'ООО \"ДРАЙВКЛАБ & КИНДЕРГОУ\"','123103 Г.Москва ВН.ТЕР.Г. МУНИЦИПАЛЬНЫЙ ОКРУГ ХОРОШЕВО-МНЕВНИКИ ПР-КТ МАРШАЛА ЖУКОВА Д. 76, К. 2 КВ. 175','Москва','','Россия','123103','+7 903 735 77 66','','www.kindergo.site','vtiger-crm-logo.png',NULL,NULL,'7734441509','773401001','40702810300000182083','АО \"РАЙФФАЙЗЕНБАНК\", г. МОСКВА','044525700','30101810200000000700','','Голубовская Елена Владиславовна','','','','Default');
/*!40000 ALTER TABLE `vtiger_organizationdetails` ENABLE KEYS */;
UNLOCK TABLES;

--
-- Table structure for table `vtiger_organizationdetails_seq`
--

DROP TABLE IF EXISTS `vtiger_organizationdetails_seq`;
/*!40101 SET @saved_cs_client     = @@character_set_client */;
/*!50503 SET character_set_client = utf8mb4 */;
CREATE TABLE `vtiger_organizationdetails_seq` (
  `id` int NOT NULL
) ENGINE=InnoDB DEFAULT CHARSET=utf8mb3;
/*!40101 SET character_set_client = @saved_cs_client */;

--
-- Dumping data for table `vtiger_organizationdetails_seq`
--

LOCK TABLES `vtiger_organizationdetails_seq` WRITE;
/*!40000 ALTER TABLE `vtiger_organizationdetails_seq` DISABLE KEYS */;
INSERT INTO `vtiger_organizationdetails_seq` VALUES (1);
/*!40000 ALTER TABLE `vtiger_organizationdetails_seq` ENABLE KEYS */;
UNLOCK TABLES;

--
-- Table structure for table `vtiger_othereventduration`
--

DROP TABLE IF EXISTS `vtiger_othereventduration`;
/*!40101 SET @saved_cs_client     = @@character_set_client */;
/*!50503 SET character_set_client = utf8mb4 */;
CREATE TABLE `vtiger_othereventduration` (
  `othereventdurationid` int NOT NULL AUTO_INCREMENT,
  `othereventduration` varchar(200) NOT NULL,
  `sortorderid` int DEFAULT NULL,
  `presence` int NOT NULL DEFAULT '1',
  PRIMARY KEY (`othereventdurationid`)
) ENGINE=InnoDB AUTO_INCREMENT=6 DEFAULT CHARSET=utf8mb3;
/*!40101 SET character_set_client = @saved_cs_client */;

--
-- Dumping data for table `vtiger_othereventduration`
--

LOCK TABLES `vtiger_othereventduration` WRITE;
/*!40000 ALTER TABLE `vtiger_othereventduration` DISABLE KEYS */;
INSERT INTO `vtiger_othereventduration` VALUES (1,'5',0,1),(2,'10',1,1),(3,'30',2,1),(4,'60',3,1),(5,'120',4,1);
/*!40000 ALTER TABLE `vtiger_othereventduration` ENABLE KEYS */;
UNLOCK TABLES;

--
-- Table structure for table `vtiger_othereventduration_seq`
--

DROP TABLE IF EXISTS `vtiger_othereventduration_seq`;
/*!40101 SET @saved_cs_client     = @@character_set_client */;
/*!50503 SET character_set_client = utf8mb4 */;
CREATE TABLE `vtiger_othereventduration_seq` (
  `id` int NOT NULL
) ENGINE=InnoDB DEFAULT CHARSET=utf8mb3;
/*!40101 SET character_set_client = @saved_cs_client */;

--
-- Dumping data for table `vtiger_othereventduration_seq`
--

LOCK TABLES `vtiger_othereventduration_seq` WRITE;
/*!40000 ALTER TABLE `vtiger_othereventduration_seq` DISABLE KEYS */;
INSERT INTO `vtiger_othereventduration_seq` VALUES (5);
/*!40000 ALTER TABLE `vtiger_othereventduration_seq` ENABLE KEYS */;
UNLOCK TABLES;

--
-- Table structure for table `vtiger_parenttab`
--

DROP TABLE IF EXISTS `vtiger_parenttab`;
/*!40101 SET @saved_cs_client     = @@character_set_client */;
/*!50503 SET character_set_client = utf8mb4 */;
CREATE TABLE `vtiger_parenttab` (
  `parenttabid` int NOT NULL,
  `parenttab_label` varchar(100) NOT NULL,
  `sequence` int NOT NULL,
  `visible` int NOT NULL DEFAULT '0',
  PRIMARY KEY (`parenttabid`),
  KEY `parenttab_parenttabid_parenttabl_label_visible_idx` (`parenttabid`,`parenttab_label`,`visible`)
) ENGINE=InnoDB DEFAULT CHARSET=utf8mb3;
/*!40101 SET character_set_client = @saved_cs_client */;

--
-- Dumping data for table `vtiger_parenttab`
--

LOCK TABLES `vtiger_parenttab` WRITE;
/*!40000 ALTER TABLE `vtiger_parenttab` DISABLE KEYS */;
INSERT INTO `vtiger_parenttab` VALUES (1,'My Home Page',1,0),(2,'Marketing',2,0),(3,'Sales',3,0),(4,'Support',4,0),(5,'Analytics',5,0),(6,'Inventory',6,0),(7,'Tools',7,0),(8,'Settings',8,0);
/*!40000 ALTER TABLE `vtiger_parenttab` ENABLE KEYS */;
UNLOCK TABLES;

--
-- Table structure for table `vtiger_parenttabrel`
--

DROP TABLE IF EXISTS `vtiger_parenttabrel`;
/*!40101 SET @saved_cs_client     = @@character_set_client */;
/*!50503 SET character_set_client = utf8mb4 */;
CREATE TABLE `vtiger_parenttabrel` (
  `parenttabid` int NOT NULL,
  `tabid` int NOT NULL,
  `sequence` int NOT NULL,
  KEY `parenttabrel_tabid_parenttabid_idx` (`tabid`,`parenttabid`),
  KEY `fk_2_vtiger_parenttabrel` (`parenttabid`),
  CONSTRAINT `fk_1_vtiger_parenttabrel` FOREIGN KEY (`tabid`) REFERENCES `vtiger_tab` (`tabid`) ON DELETE CASCADE,
  CONSTRAINT `fk_2_vtiger_parenttabrel` FOREIGN KEY (`parenttabid`) REFERENCES `vtiger_parenttab` (`parenttabid`) ON DELETE CASCADE
) ENGINE=InnoDB DEFAULT CHARSET=utf8mb3;
/*!40101 SET character_set_client = @saved_cs_client */;

--
-- Dumping data for table `vtiger_parenttabrel`
--

LOCK TABLES `vtiger_parenttabrel` WRITE;
/*!40000 ALTER TABLE `vtiger_parenttabrel` DISABLE KEYS */;
INSERT INTO `vtiger_parenttabrel` VALUES (1,9,2),(1,28,4),(1,3,1),(3,7,1),(3,6,2),(3,4,3),(3,2,4),(3,20,5),(3,22,6),(3,23,7),(3,19,8),(3,8,9),(4,13,1),(4,15,2),(4,6,3),(4,4,4),(4,8,5),(5,1,2),(5,25,1),(6,14,1),(6,18,2),(6,19,3),(6,21,4),(6,22,5),(6,20,6),(6,23,7),(7,24,1),(7,27,2),(7,8,3),(7,30,4),(2,26,1),(2,6,2),(2,4,3),(2,28,4),(4,28,7),(2,7,5),(2,9,6),(4,9,8),(2,8,8),(3,9,11),(7,31,5),(7,31,6),(4,32,9),(4,32,10),(7,36,7),(7,36,8),(6,38,8),(6,38,9),(3,40,12),(3,40,13),(7,41,9),(7,41,10),(6,42,10),(6,42,11),(3,43,14),(3,43,15),(7,44,11),(7,44,12),(3,47,16),(3,47,17),(3,49,18),(3,49,19),(6,51,12),(6,51,13),(7,52,13),(7,52,14),(4,57,11),(4,57,12),(4,58,13),(4,58,14),(4,59,15),(4,59,16),(8,61,1),(8,61,2),(7,24,15),(7,27,16),(7,52,17),(7,41,18),(7,30,19),(7,62,20),(7,62,21),(3,65,20),(3,66,21);
/*!40000 ALTER TABLE `vtiger_parenttabrel` ENABLE KEYS */;
UNLOCK TABLES;

--
-- Table structure for table `vtiger_pay_type`
--

DROP TABLE IF EXISTS `vtiger_pay_type`;
/*!40101 SET @saved_cs_client     = @@character_set_client */;
/*!50503 SET character_set_client = utf8mb4 */;
CREATE TABLE `vtiger_pay_type` (
  `pay_typeid` int NOT NULL AUTO_INCREMENT,
  `pay_type` varchar(200) NOT NULL,
  `presence` int NOT NULL DEFAULT '1',
  `picklist_valueid` int NOT NULL DEFAULT '0',
  `sortorderid` int DEFAULT '0',
  `color` varchar(10) DEFAULT NULL,
  PRIMARY KEY (`pay_typeid`)
) ENGINE=InnoDB AUTO_INCREMENT=3 DEFAULT CHARSET=utf8mb3;
/*!40101 SET character_set_client = @saved_cs_client */;

--
-- Dumping data for table `vtiger_pay_type`
--

LOCK TABLES `vtiger_pay_type` WRITE;
/*!40000 ALTER TABLE `vtiger_pay_type` DISABLE KEYS */;
INSERT INTO `vtiger_pay_type` VALUES (1,'Receipt',1,235,1,NULL),(2,'Expense',1,236,2,NULL);
/*!40000 ALTER TABLE `vtiger_pay_type` ENABLE KEYS */;
UNLOCK TABLES;

--
-- Table structure for table `vtiger_pay_type_seq`
--

DROP TABLE IF EXISTS `vtiger_pay_type_seq`;
/*!40101 SET @saved_cs_client     = @@character_set_client */;
/*!50503 SET character_set_client = utf8mb4 */;
CREATE TABLE `vtiger_pay_type_seq` (
  `id` int NOT NULL
) ENGINE=InnoDB DEFAULT CHARSET=utf8mb3;
/*!40101 SET character_set_client = @saved_cs_client */;

--
-- Dumping data for table `vtiger_pay_type_seq`
--

LOCK TABLES `vtiger_pay_type_seq` WRITE;
/*!40000 ALTER TABLE `vtiger_pay_type_seq` DISABLE KEYS */;
INSERT INTO `vtiger_pay_type_seq` VALUES (2);
/*!40000 ALTER TABLE `vtiger_pay_type_seq` ENABLE KEYS */;
UNLOCK TABLES;

--
-- Table structure for table `vtiger_payment_duration`
--

DROP TABLE IF EXISTS `vtiger_payment_duration`;
/*!40101 SET @saved_cs_client     = @@character_set_client */;
/*!50503 SET character_set_client = utf8mb4 */;
CREATE TABLE `vtiger_payment_duration` (
  `payment_duration_id` int DEFAULT NULL,
  `payment_duration` varchar(200) DEFAULT NULL,
  `sortorderid` int DEFAULT NULL,
  `presence` int DEFAULT NULL,
  `color` varchar(10) DEFAULT NULL
) ENGINE=InnoDB DEFAULT CHARSET=utf8mb3;
/*!40101 SET character_set_client = @saved_cs_client */;

--
-- Dumping data for table `vtiger_payment_duration`
--

LOCK TABLES `vtiger_payment_duration` WRITE;
/*!40000 ALTER TABLE `vtiger_payment_duration` DISABLE KEYS */;
INSERT INTO `vtiger_payment_duration` VALUES (1,'Net 30 days',0,1,NULL),(2,'Net 45 days',1,1,NULL),(3,'Net 60 days',2,1,NULL);
/*!40000 ALTER TABLE `vtiger_payment_duration` ENABLE KEYS */;
UNLOCK TABLES;

--
-- Table structure for table `vtiger_payment_duration_seq`
--

DROP TABLE IF EXISTS `vtiger_payment_duration_seq`;
/*!40101 SET @saved_cs_client     = @@character_set_client */;
/*!50503 SET character_set_client = utf8mb4 */;
CREATE TABLE `vtiger_payment_duration_seq` (
  `id` int NOT NULL
) ENGINE=InnoDB DEFAULT CHARSET=utf8mb3;
/*!40101 SET character_set_client = @saved_cs_client */;

--
-- Dumping data for table `vtiger_payment_duration_seq`
--

LOCK TABLES `vtiger_payment_duration_seq` WRITE;
/*!40000 ALTER TABLE `vtiger_payment_duration_seq` DISABLE KEYS */;
INSERT INTO `vtiger_payment_duration_seq` VALUES (3);
/*!40000 ALTER TABLE `vtiger_payment_duration_seq` ENABLE KEYS */;
UNLOCK TABLES;

--
-- Table structure for table `vtiger_pbxmanager`
--

DROP TABLE IF EXISTS `vtiger_pbxmanager`;
/*!40101 SET @saved_cs_client     = @@character_set_client */;
/*!50503 SET character_set_client = utf8mb4 */;
CREATE TABLE `vtiger_pbxmanager` (
  `pbxmanagerid` int NOT NULL AUTO_INCREMENT,
  `direction` varchar(10) DEFAULT NULL,
  `callstatus` varchar(20) DEFAULT NULL,
  `starttime` datetime DEFAULT NULL,
  `endtime` datetime DEFAULT NULL,
  `totalduration` int DEFAULT NULL,
  `billduration` int DEFAULT NULL,
  `recordingurl` varchar(200) DEFAULT NULL,
  `sourceuuid` varchar(100) DEFAULT NULL,
  `gateway` varchar(20) DEFAULT NULL,
  `customer` varchar(100) DEFAULT NULL,
  `user` varchar(100) DEFAULT NULL,
  `customernumber` varchar(100) DEFAULT NULL,
  `customertype` varchar(100) DEFAULT NULL,
  `incominglinename` varchar(100) DEFAULT NULL,
  `sp_is_local_cached` tinyint DEFAULT NULL,
  `sp_recordingurl` varchar(255) DEFAULT NULL,
  `sp_is_recorded` varchar(255) DEFAULT NULL,
  `sp_recorded_call_id` varchar(255) DEFAULT NULL,
  `sp_voip_provider` varchar(255) DEFAULT NULL,
  `sp_call_status_code` varchar(255) DEFAULT NULL,
  `sp_called_from_number` varchar(255) DEFAULT NULL,
  `sp_called_to_number` varchar(255) DEFAULT NULL,
  `tags` varchar(1) DEFAULT NULL,
  PRIMARY KEY (`pbxmanagerid`),
  KEY `index_sourceuuid` (`sourceuuid`),
  KEY `index_pbxmanager_id` (`pbxmanagerid`),
  CONSTRAINT `fk_crmid_vtiger_pbxmanager` FOREIGN KEY (`pbxmanagerid`) REFERENCES `vtiger_crmentity` (`crmid`) ON DELETE CASCADE
) ENGINE=InnoDB DEFAULT CHARSET=utf8mb3;
/*!40101 SET character_set_client = @saved_cs_client */;

--
-- Dumping data for table `vtiger_pbxmanager`
--

LOCK TABLES `vtiger_pbxmanager` WRITE;
/*!40000 ALTER TABLE `vtiger_pbxmanager` DISABLE KEYS */;
/*!40000 ALTER TABLE `vtiger_pbxmanager` ENABLE KEYS */;
UNLOCK TABLES;

--
-- Table structure for table `vtiger_pbxmanager_gateway`
--

DROP TABLE IF EXISTS `vtiger_pbxmanager_gateway`;
/*!40101 SET @saved_cs_client     = @@character_set_client */;
/*!50503 SET character_set_client = utf8mb4 */;
CREATE TABLE `vtiger_pbxmanager_gateway` (
  `id` int NOT NULL AUTO_INCREMENT,
  `gateway` varchar(20) DEFAULT NULL,
  `parameters` text,
  PRIMARY KEY (`id`)
) ENGINE=InnoDB DEFAULT CHARSET=utf8mb3;
/*!40101 SET character_set_client = @saved_cs_client */;

--
-- Dumping data for table `vtiger_pbxmanager_gateway`
--

LOCK TABLES `vtiger_pbxmanager_gateway` WRITE;
/*!40000 ALTER TABLE `vtiger_pbxmanager_gateway` DISABLE KEYS */;
/*!40000 ALTER TABLE `vtiger_pbxmanager_gateway` ENABLE KEYS */;
UNLOCK TABLES;

--
-- Table structure for table `vtiger_pbxmanager_phonelookup`
--

DROP TABLE IF EXISTS `vtiger_pbxmanager_phonelookup`;
/*!40101 SET @saved_cs_client     = @@character_set_client */;
/*!50503 SET character_set_client = utf8mb4 */;
CREATE TABLE `vtiger_pbxmanager_phonelookup` (
  `crmid` int DEFAULT NULL,
  `setype` varchar(30) DEFAULT NULL,
  `fnumber` varchar(100) DEFAULT NULL,
  `rnumber` varchar(100) DEFAULT NULL,
  `fieldname` varchar(50) DEFAULT NULL,
  UNIQUE KEY `unique_key` (`crmid`,`setype`,`fieldname`),
  KEY `index_phone_number` (`fnumber`,`rnumber`),
  CONSTRAINT `vtiger_pbxmanager_phonelookup_ibfk_1` FOREIGN KEY (`crmid`) REFERENCES `vtiger_crmentity` (`crmid`) ON DELETE CASCADE
) ENGINE=InnoDB DEFAULT CHARSET=utf8mb3;
/*!40101 SET character_set_client = @saved_cs_client */;

--
-- Dumping data for table `vtiger_pbxmanager_phonelookup`
--

LOCK TABLES `vtiger_pbxmanager_phonelookup` WRITE;
/*!40000 ALTER TABLE `vtiger_pbxmanager_phonelookup` DISABLE KEYS */;
/*!40000 ALTER TABLE `vtiger_pbxmanager_phonelookup` ENABLE KEYS */;
UNLOCK TABLES;

--
-- Table structure for table `vtiger_pbxmanagercf`
--

DROP TABLE IF EXISTS `vtiger_pbxmanagercf`;
/*!40101 SET @saved_cs_client     = @@character_set_client */;
/*!50503 SET character_set_client = utf8mb4 */;
CREATE TABLE `vtiger_pbxmanagercf` (
  `pbxmanagerid` int NOT NULL,
  PRIMARY KEY (`pbxmanagerid`),
  CONSTRAINT `fk_pbxmanagerid_vtiger_pbxmanagercf` FOREIGN KEY (`pbxmanagerid`) REFERENCES `vtiger_pbxmanager` (`pbxmanagerid`) ON DELETE CASCADE
) ENGINE=InnoDB DEFAULT CHARSET=utf8mb3;
/*!40101 SET character_set_client = @saved_cs_client */;

--
-- Dumping data for table `vtiger_pbxmanagercf`
--

LOCK TABLES `vtiger_pbxmanagercf` WRITE;
/*!40000 ALTER TABLE `vtiger_pbxmanagercf` DISABLE KEYS */;
/*!40000 ALTER TABLE `vtiger_pbxmanagercf` ENABLE KEYS */;
UNLOCK TABLES;

--
-- Table structure for table `vtiger_pdfmaker`
--

DROP TABLE IF EXISTS `vtiger_pdfmaker`;
/*!40101 SET @saved_cs_client     = @@character_set_client */;
/*!50503 SET character_set_client = utf8mb4 */;
CREATE TABLE `vtiger_pdfmaker` (
  `templateid` int NOT NULL,
  `filename` varchar(100) NOT NULL,
  `module` varchar(255) DEFAULT NULL,
  `body` longblob NOT NULL,
  `description` text NOT NULL,
  `deleted` int NOT NULL DEFAULT '0',
  `type` varchar(255) DEFAULT NULL,
  PRIMARY KEY (`templateid`)
) ENGINE=InnoDB DEFAULT CHARSET=utf8mb3;
/*!40101 SET character_set_client = @saved_cs_client */;

--
-- Dumping data for table `vtiger_pdfmaker`
--

LOCK TABLES `vtiger_pdfmaker` WRITE;
/*!40000 ALTER TABLE `vtiger_pdfmaker` DISABLE KEYS */;
INSERT INTO `vtiger_pdfmaker` VALUES (1,'Invoice','Invoice',_binary '<html>\r\n<head>\r\n	<title></title>\r\n</head>\r\n<body>\r\n<style type=\"text/css\">@font-face {\r\n    font-family: SourceSansPro;\r\n    src: url(SourceSansPro-Regular.ttf);\r\n    font-family: Ubuntu;\r\n}\r\n\r\n.clearfix:after {\r\n  content: \"\";\r\n  display: table;\r\n clear: both;\r\n}\r\n\r\na {\r\n    color: #1B9BB8;\r\n    text-decoration: none;\r\n}\r\n\r\n{\r\n    color: #555555;\r\n    background: #FFFFFF;\r\n    font-size: 14px;\r\n    font-family: SourceSansPro;\r\n}\r\n\r\n#header {\r\n    padding: 10px 0;\r\n    margin-bottom: 0px;\r\n    border-bottom: 1px solid #AAAAAA;\r\n}\r\n\r\n#logo {\r\n    float:left;\r\n    margin: 0px;\r\n    width: 250px;\r\n}\r\n\r\n#logo img {\r\n    height: 70px;\r\n}\r\n\r\n#company {\r\n    float:left;\r\n    text-align: left;\r\n    width:350px;\r\n}\r\n\r\n#details {\r\n    margin-bottom: 15px;\r\n    padding-top: 30px;\r\n}\r\n\r\n#client {\r\n    padding-left: 6px;\r\n    border-left: 6px solid #1B9BB8;\r\n    float: left;\r\n    width: 420px;\r\n}\r\n#client2 {\r\n    padding-left: 6px;\r\n    border-left: 6px solid #BDB9B9;;\r\n    float: left;\r\n    width: 420px;\r\n\r\n}\r\n\r\n#client .to {\r\n    color: #939598;\r\n}\r\n#client2 .to {\r\n    color: black;\r\n}\r\n\r\nh2.name {\r\n    font-size: 1.4em;\r\n    font-weight: bold;\r\n    margin: 0;\r\n}\r\n\r\n#invoice {\r\n    float: right;\r\n    text-align: right;\r\n}\r\n#invoice2 {\r\n    float: right;\r\n    text-align: right;\r\n\r\n}\r\n\r\n#invoice h1, h1 {\r\n    float: right;\r\n    color: #1B9BB8;\r\n    font-size: 2em;\r\n    line-height: 2.2em;\r\n    font-weight: bold;\r\n    margin: 0px;\r\n    padding: 0px;\r\n}\r\n#invoice2 h1, h1 {\r\n    float: right;\r\n    color: #1B9BB8;\r\n    font-size: 2em;\r\n    line-height: 2.2em;\r\n    font-weight: bold;\r\n    margin: 0px;\r\n    padding: 0px;\r\n}\r\n\r\n#invoice .info {\r\n    font-size: 0.8em;\r\n}\r\n#invoice2 .info {\r\n    font-size: 0.8em;\r\n}\r\n\r\ntable {\r\n    width: 100%;\r\n    border-collapse: collapse;\r\n    border-spacing: 0;\r\n    margin-bottom: 20px;\r\n}\r\n\r\ntable th,\r\ntable td {\r\n    padding: 10px 10px;\r\n    background: #EEEEEE;\r\n    text-align: center;\r\n    border-bottom: 1px solid #FFFFFF;\r\n}\r\n\r\ntable th {\r\n    white-space: nowrap;\r\n    font-weight: normal;\r\n}\r\n\r\ntable td {\r\n    text-align: right;\r\n}\r\n\r\ntable td h3{\r\n    color: #1B9BB8;\r\n    font-size: 10px;\r\n    font-weight: normal;\r\n    margin: 0 0 0.2em 0;\r\n}\r\n\r\ntable .no {\r\n    color: #FFFFFF;\r\n    font-size: 1.2em;\r\n    background: #1B9BB8;\r\n}\r\n\r\ntable .desc {\r\n    text-align: left;\r\n}\r\n\r\ntable .unit {\r\n    background: #DDDDDD;\r\n}\r\n\r\ntable .qty {\r\n    text-align: center;\r\n}\r\n\r\ntable .total {\r\n    background: #1B9BB8;\r\n    color: #FFFFFF;\r\n}\r\n\r\ntable td.unit,\r\ntable td.qty,\r\ntable td.total {\r\n    font-size: 1 em;\r\n}\r\n\r\ntable tbody tr:last-child td {\r\n    border: none;\r\n}\r\n\r\ntable tfoot td {\r\n    padding: 10px;\r\n    font-size: 1.2em;\r\n    background: #FFFFFF;\r\n    border-bottom: none;\r\n    white-space: nowrap;\r\n    border-top: 1px solid #AAAAAA;\r\n}\r\n\r\ntable tfoot .border-none-top {\r\n    border-top: none;\r\n}\r\n\r\ntable tfoot .grand-total {\r\n    padding: 10px 7px;\r\n    color: #1B9BB8;\r\n    font-size: 1.3em;\r\n    border-top: 1px solid #1B9BB8;\r\n    font-weight:bold\r\n}\r\n\r\ntable tfoot .border-none {\r\n    border: none;\r\n}\r\n\r\n#pdf_tag{\r\n    font-size: 1.1em;\r\n    margin: 30px 0px 15px 0px;\r\n}\r\n\r\n#notices{\r\n    padding-left: 6px;\r\n    border-left: 6px solid #1B9BB8;\r\n}\r\n\r\n#notices .notice {\r\n    font-size: 1.2em;\r\n}\r\n\r\n.footer, .footer td {\r\n    background-color:#FFFFFF;\r\n    color: #939598;\r\n    border: none;\r\n    border-top: 1px solid #AAAAAA;\r\n    font-size: 0.9em;\r\n    padding: 10px 0;\r\n}\r\n\r\n.header, .header td {\r\n    background-color:#FFFFFF;\r\n    border: none;\r\n    border-bottom: 1px solid #AAAAAA;\r\n    margin:0px;\r\n    padding:0px;\r\n}\r\n</style>\r\n<div id=\"details\">\r\n<div id=\"client2\">\r\n<p style=\"color: rgb(0, 0, 0); font-family: Verdana; font-size: medium; font-style: normal; font-variant-ligatures: normal; font-variant-caps: normal; font-weight: normal; letter-spacing: normal; orphans: 2; text-align: start; text-indent: 0px; text-transform: none; white-space: normal; widows: 2; word-spacing: 0px; -webkit-text-stroke-width: 0px; text-decoration-style: initial; text-decoration-color: initial;\"><span style=\"font-weight: bold;\">$INVOICE_ACCOUNT_ID$</span></p>\r\n$INVOICE_BILL_STREET$<br />\r\n$INVOICE_BILL_CODE$ $INVOICE_BILL_CITY$<br />\r\n$INVOICE_BILL_STATE$<br />\r\n<br />\r\n<br />\r\n<br />\r\n&nbsp;</div>\r\n\r\n<div id=\"invoice2\">\r\n<div class=\"info\">\r\n<p style=\"color: rgb(0, 0, 0); font-family: Verdana; font-size: medium; font-style: normal; font-variant-ligatures: normal; font-variant-caps: normal; font-weight: normal; letter-spacing: normal; orphans: 2; text-align: start; text-indent: 0px; text-transform: none; white-space: normal; widows: 2; word-spacing: 0px; -webkit-text-stroke-width: 0px; text-decoration-style: initial; text-decoration-color: initial;\"><span style=\"font-weight: bold;\">$COMPANY_NAME$</span></p>\r\n\r\n<p style=\"color: rgb(0, 0, 0); font-family: Verdana; font-size: medium; font-style: normal; font-variant-ligatures: normal; font-variant-caps: normal; font-weight: normal; letter-spacing: normal; orphans: 2; text-align: start; text-indent: 0px; text-transform: none; white-space: normal; widows: 2; word-spacing: 0px; -webkit-text-stroke-width: 0px; text-decoration-style: initial; text-decoration-color: initial;\">$COMPANY_ADDRESS$<br />\r\n$COMPANY_ZIP$ $COMPANY_CITY$<br />\r\n$COMPANY_COUNTRY$</p>\r\n\r\n<p style=\"color: rgb(0, 0, 0); font-family: Verdana; font-size: medium; font-style: normal; font-variant-ligatures: normal; font-variant-caps: normal; font-weight: normal; letter-spacing: normal; orphans: 2; text-align: start; text-indent: 0px; text-transform: none; white-space: normal; widows: 2; word-spacing: 0px; -webkit-text-stroke-width: 0px; text-decoration-style: initial; text-decoration-color: initial;\">%COMPANY_PHONE% $COMPANY_PHONE$<br />\r\n%COMPANY_FAX% $COMPANY_FAX$<br />\r\n<br />\r\n$COMPANY_WEBSITE$<br />\r\n<br />\r\n%M_Invoice Date%: $INVOICE_INVOICEDATE$</p><br />\r\n&nbsp;\r\n</div>\r\n</div>\r\n</div>\r\n\r\n<table border=\"0\" color=\"black\" style=\"font-size:10px;\" width=\"100%\">\r\n	<thead>\r\n		<tr>\r\n			<th style=\"text-align: center;color: white;font-weight: 600;background:#BDB9B9; width:5%\"></th>\r\n			<th style=\"text-align: left;color: white;font-weight: 600;background:#BDB9B9;width:45%;border-right:2px solid white\"><span style=\"font-family:verdana,geneva,sans-serif;\"><span style=\"color:#000000;\"><strong>%G_Description%</strong></span></span></th>\r\n			<th style=\"text-align: center;color: white;font-weight: 600;background:#BDB9B9;width:15%;border-right:2px solid white\"><span style=\"font-family:verdana,geneva,sans-serif;\"><span style=\"color:#000000;\"><strong>%G_List Price%</strong></span></span></th>\r\n			<th style=\"text-align: center;color: white;font-weight: 600;background:#BDB9B9;width:15%;border-right:2px solid white\"><span style=\"font-family:verdana,geneva,sans-serif;\"><span style=\"color:#000000;\"><strong>%G_Quantity%</strong></span></span></th>\r\n			<th style=\"text-align: center;color: white;font-weight: 600;background:#BDB9B9;width:15%\"><span style=\"font-family:verdana,geneva,sans-serif;\"><span style=\"color:#000000;\"><strong>%G_Total%</strong></span></span></th>\r\n		</tr>\r\n	</thead>\r\n	<tbody>\r\n		<tr>\r\n			<td colspan=\"5\"><span style=\"font-family:verdana,geneva,sans-serif;\">#PRODUCTBLOC_START#</span></td>\r\n		</tr>\r\n		<tr>\r\n			<td style=\"background:#BDB9B9;border-bottom:2px solid white\"><span style=\"font-family:verdana,geneva,sans-serif;\">$PRODUCTPOSITION$</span></td>\r\n			<td style=\"text-align:left; border-bottom:2px solid white;border-right:2px solid white;\">\r\n			<h3><span style=\"font-family:verdana,geneva,sans-serif;\">$PRODUCTTITLE$</span></h3>\r\n			<span style=\"font-family:verdana,geneva,sans-serif;\">$PRODUCTEDITDESCRIPTION$</span></td>\r\n			<td style=\"border-right:2px solid white;border-bottom:2px solid white\"><span style=\"font-family:verdana,geneva,sans-serif;\">$PRODUCTLISTPRICE$ $CURRENCYSYMBOL$</span></td>\r\n			<td style=\"border-right:2px solid white;border-bottom:2px solid white\"><span style=\"font-family:verdana,geneva,sans-serif;\">$PRODUCTQUANTITY$</span></td>\r\n			<td style=\"border-bottom:2px solid white\"><span style=\"font-family:verdana,geneva,sans-serif;\"><strong>$PRODUCTSTOTALAFTERDISCOUNT$ $CURRENCYSYMBOL$</strong></span></td>\r\n		</tr>\r\n		<tr>\r\n			<td colspan=\"5\"><span style=\"font-family:verdana,geneva,sans-serif;\">#PRODUCTBLOC_END#</span></td>\r\n		</tr>\r\n		<tr>\r\n			<td colspan=\"5\" style=\"background:white\"></td>\r\n		</tr>\r\n		<tr>\r\n			<td colspan=\"4\" style=\"background:white; border-bottom:1px solid #BDB9B9\"><span style=\"font-family:verdana,geneva,sans-serif;\">%G_Subtotal%</span></td>\r\n			<td style=\"background:#BDB9B9;\"><span style=\"font-family:verdana,geneva,sans-serif;\">$TOTALWITHOUTVAT$ $CURRENCYSYMBOL$</span></td>\r\n		</tr>\r\n		<tr>\r\n			<td colspan=\"4\" style=\"background:white; border-bottom:1px solid #BDB9B9\"><span style=\"font-family:verdana,geneva,sans-serif;\">%G_LBL_DISCOUNT%</span></td>\r\n			<td style=\"background:#BDB9B9;\"><span style=\"font-family:verdana,geneva,sans-serif;\">$TOTALDISCOUNT$ $CURRENCYSYMBOL$</span></td>\r\n		</tr>\r\n		<tr>\r\n			<td colspan=\"4\" style=\"background:white; border-bottom:1px solid #BDB9B9\"><span style=\"font-family:verdana,geneva,sans-serif;\">%G_Total%</span></td>\r\n			<td style=\"background:#BDB9B9;\"><span style=\"font-family:verdana,geneva,sans-serif;\">$TOTALAFTERDISCOUNT$ $CURRENCYSYMBOL$</span></td>\r\n		</tr>\r\n		<tr>\r\n			<td colspan=\"4\" style=\"background:white; border-bottom:2px solid #BDB9B9\"><span style=\"font-family:verdana,geneva,sans-serif;\">%G_Tax% $VATPERCENT$%</span></td>\r\n			<td style=\"background:#BDB9B9;;border-bottom:2px solid #BDB9B9\"><span style=\"font-family:verdana,geneva,sans-serif;\">$VAT$ $CURRENCYSYMBOL$</span></td>\r\n		</tr>\r\n		<tr>\r\n			<td colspan=\"4\" style=\"background:white;\"><strong>&nbsp;&nbsp;&nbsp;&nbsp; %G_LBL_GRAND_TOTAL%</strong></td>\r\n			<td style=\"background:white\"><span style=\"font-family:verdana,geneva,sans-serif;\"><span style=\"font-size:12px;\"><strong>$TOTAL$ $CURRENCYSYMBOL$</strong></span></span></td>\r\n		</tr>\r\n	</tbody>\r\n</table>\r\n\r\n<div id=\"details\">\r\n<div id=\"client2\"><span style=\"font-family:verdana,geneva,sans-serif;\">$INVOICE_TERMS_CONDITIONS$</span></div>\r\n\r\n<div id=\"invoice\"><br />\r\n<br />\r\n<br />\r\n<br />\r\n<span style=\"font-family:verdana,geneva,sans-serif;\">____________________________</span><br />\r\n$R_USERS_FIRST_NAME$​ $R_USERS_LAST_NAME$​</div>\r\n</div>\r\n</body>\r\n</html>\r\n','Template for Invoice',0,NULL),(2,'SalesOrder','SalesOrder',_binary '<html>\r\n<head>\r\n	<title></title>\r\n</head>\r\n<body>\r\n<style type=\"text/css\">@font-face {\r\n    font-family: SourceSansPro;\r\n    src: url(SourceSansPro-Regular.ttf);\r\n    font-family: Ubuntu;\r\n}\r\n\r\n.clearfix:after {\r\n  content: \"\";\r\n  display: table;\r\n clear: both;\r\n}\r\n\r\na {\r\n    color: #1B9BB8;\r\n    text-decoration: none;\r\n}\r\n\r\n{\r\n    color: #555555;\r\n    background: #FFFFFF;\r\n    font-size: 14px;\r\n    font-family: SourceSansPro;\r\n}\r\n\r\n#header {\r\n    padding: 10px 0;\r\n    margin-bottom: 0px;\r\n    border-bottom: 1px solid #AAAAAA;\r\n}\r\n\r\n#logo {\r\n    float:left;\r\n    margin: 0px;\r\n    width: 250px;\r\n}\r\n\r\n#logo img {\r\n    height: 70px;\r\n}\r\n\r\n#company {\r\n    float:left;\r\n    text-align: left;\r\n    width:350px;\r\n}\r\n\r\n#details {\r\n    margin-bottom: 15px;\r\n    padding-top: 30px;\r\n}\r\n\r\n#client {\r\n    padding-left: 6px;\r\n    border-left: 6px solid #1B9BB8;\r\n    float: left;\r\n    width: 420px;\r\n}\r\n#client2 {\r\n    padding-left: 6px;\r\n    border-left: 6px solid #BDB9B9;;\r\n    float: left;\r\n    width: 420px;\r\n\r\n}\r\n\r\n#client .to {\r\n    color: #939598;\r\n}\r\n#client2 .to {\r\n    color: black;\r\n}\r\n\r\nh2.name {\r\n    font-size: 1.4em;\r\n    font-weight: bold;\r\n    margin: 0;\r\n}\r\n\r\n#invoice {\r\n    float: right;\r\n    text-align: right;\r\n}\r\n#invoice2 {\r\n    float: right;\r\n    text-align: right;\r\n\r\n}\r\n\r\n#invoice h1, h1 {\r\n    float: right;\r\n    color: #1B9BB8;\r\n    font-size: 2em;\r\n    line-height: 2.2em;\r\n    font-weight: bold;\r\n    margin: 0px;\r\n    padding: 0px;\r\n}\r\n#invoice2 h1, h1 {\r\n    float: right;\r\n    color: #1B9BB8;\r\n    font-size: 2em;\r\n    line-height: 2.2em;\r\n    font-weight: bold;\r\n    margin: 0px;\r\n    padding: 0px;\r\n}\r\n\r\n#invoice .info {\r\n    font-size: 0.8em;\r\n}\r\n#invoice2 .info {\r\n    font-size: 0.8em;\r\n}\r\n\r\ntable {\r\n    width: 100%;\r\n    border-collapse: collapse;\r\n    border-spacing: 0;\r\n    margin-bottom: 20px;\r\n}\r\n\r\ntable th,\r\ntable td {\r\n    padding: 10px 10px;\r\n    background: #EEEEEE;\r\n    text-align: center;\r\n    border-bottom: 1px solid #FFFFFF;\r\n}\r\n\r\ntable th {\r\n    white-space: nowrap;\r\n    font-weight: normal;\r\n}\r\n\r\ntable td {\r\n    text-align: right;\r\n}\r\n\r\ntable td h3{\r\n    color: #1B9BB8;\r\n    font-size: 10px;\r\n    font-weight: normal;\r\n    margin: 0 0 0.2em 0;\r\n}\r\n\r\ntable .no {\r\n    color: #FFFFFF;\r\n    font-size: 1.2em;\r\n    background: #1B9BB8;\r\n}\r\n\r\ntable .desc {\r\n    text-align: left;\r\n}\r\n\r\ntable .unit {\r\n    background: #DDDDDD;\r\n}\r\n\r\ntable .qty {\r\n    text-align: center;\r\n}\r\n\r\ntable .total {\r\n    background: #1B9BB8;\r\n    color: #FFFFFF;\r\n}\r\n\r\ntable td.unit,\r\ntable td.qty,\r\ntable td.total {\r\n    font-size: 1 em;\r\n}\r\n\r\ntable tbody tr:last-child td {\r\n    border: none;\r\n}\r\n\r\ntable tfoot td {\r\n    padding: 10px;\r\n    font-size: 1.2em;\r\n    background: #FFFFFF;\r\n    border-bottom: none;\r\n    white-space: nowrap;\r\n    border-top: 1px solid #AAAAAA;\r\n}\r\n\r\ntable tfoot .border-none-top {\r\n    border-top: none;\r\n}\r\n\r\ntable tfoot .grand-total {\r\n    padding: 10px 7px;\r\n    color: #1B9BB8;\r\n    font-size: 1.3em;\r\n    border-top: 1px solid #1B9BB8;\r\n    font-weight:bold\r\n}\r\n\r\ntable tfoot .border-none {\r\n    border: none;\r\n}\r\n\r\n#pdf_tag{\r\n    font-size: 1.1em;\r\n    margin: 30px 0px 15px 0px;\r\n}\r\n\r\n#notices{\r\n    padding-left: 6px;\r\n    border-left: 6px solid #1B9BB8;\r\n}\r\n\r\n#notices .notice {\r\n    font-size: 1.2em;\r\n}\r\n\r\n.footer, .footer td {\r\n    background-color:#FFFFFF;\r\n    color: #939598;\r\n    border: none;\r\n    border-top: 1px solid #AAAAAA;\r\n    font-size: 0.9em;\r\n    padding: 10px 0;\r\n}\r\n\r\n.header, .header td {\r\n    background-color:#FFFFFF;\r\n    border: none;\r\n    border-bottom: 1px solid #AAAAAA;\r\n    margin:0px;\r\n    padding:0px;\r\n}\r\n</style>\r\n<div id=\"details\">\r\n<div id=\"client2\">\r\n<p style=\"color: rgb(0, 0, 0); font-family: Verdana; font-size: medium; font-style: normal; font-variant-ligatures: normal; font-variant-caps: normal; font-weight: normal; letter-spacing: normal; orphans: 2; text-align: start; text-indent: 0px; text-transform: none; white-space: normal; widows: 2; word-spacing: 0px; -webkit-text-stroke-width: 0px; text-decoration-style: initial; text-decoration-color: initial;\"><span style=\"font-weight: bold;\">$SALESORDER_ACCOUNT_ID$</span></p>\r\n$SALESORDER_BILL_STREET$<br />\r\n$SALESORDER_BILL_CODE$ $SALESORDER_BILL_CITY$<br />\r\n$SALESORDER_BILL_STATE$<br />\r\n<br />\r\n<br />\r\n<br />\r\n&nbsp;</div>\r\n\r\n<div id=\"invoice2\">\r\n<div class=\"info\">\r\n<p style=\"color: rgb(0, 0, 0); font-family: Verdana; font-size: medium; font-style: normal; font-variant-ligatures: normal; font-variant-caps: normal; font-weight: normal; letter-spacing: normal; orphans: 2; text-align: start; text-indent: 0px; text-transform: none; white-space: normal; widows: 2; word-spacing: 0px; -webkit-text-stroke-width: 0px; text-decoration-style: initial; text-decoration-color: initial;\"><span style=\"font-weight: bold;\">$COMPANY_NAME$</span></p>\r\n\r\n<p style=\"color: rgb(0, 0, 0); font-family: Verdana; font-size: medium; font-style: normal; font-variant-ligatures: normal; font-variant-caps: normal; font-weight: normal; letter-spacing: normal; orphans: 2; text-align: start; text-indent: 0px; text-transform: none; white-space: normal; widows: 2; word-spacing: 0px; -webkit-text-stroke-width: 0px; text-decoration-style: initial; text-decoration-color: initial;\">$COMPANY_ADDRESS$<br />\r\n$COMPANY_ZIP$ $COMPANY_CITY$<br />\r\n$COMPANY_COUNTRY$</p>\r\n\r\n<p style=\"color: rgb(0, 0, 0); font-family: Verdana; font-size: medium; font-style: normal; font-variant-ligatures: normal; font-variant-caps: normal; font-weight: normal; letter-spacing: normal; orphans: 2; text-align: start; text-indent: 0px; text-transform: none; white-space: normal; widows: 2; word-spacing: 0px; -webkit-text-stroke-width: 0px; text-decoration-style: initial; text-decoration-color: initial;\">Telefon $COMPANY_PHONE$<br />\r\nTelefax $COMPANY_FAX$<br />\r\n<br />\r\n$COMPANY_WEBSITE$<br />\r\n<br />\r\n%SALESORDER_DUEDATE%: $SALESORDER_DUEDATE$</p>\r\n<br />&nbsp;\r\n</div>\r\n</div>\r\n</div>\r\n\r\n<table border=\"0\" color=\"black\" style=\"font-size:10px;\" width=\"100%\">\r\n	<thead>\r\n		<tr>\r\n			<th style=\"text-align: center;color: white;font-weight: 600;background:#BDB9B9; width:5%\"></th>\r\n			<th style=\"text-align: left;color: white;font-weight: 600;background:#BDB9B9;width:45%;border-right:2px solid white\"><span style=\"font-family:verdana,geneva,sans-serif;\"><span style=\"color:#000000;\"><strong>%G_Description%</strong></span></span></th>\r\n			<th style=\"text-align: center;color: white;font-weight: 600;background:#BDB9B9;width:15%;border-right:2px solid white\"><span style=\"font-family:verdana,geneva,sans-serif;\"><span style=\"color:#000000;\"><strong>%G_List Price%</strong></span></span></th>\r\n			<th style=\"text-align: center;color: white;font-weight: 600;background:#BDB9B9;width:15%;border-right:2px solid white\"><span style=\"font-family:verdana,geneva,sans-serif;\"><span style=\"color:#000000;\"><strong>%G_Quantity%</strong></span></span></th>\r\n			<th style=\"text-align: center;color: white;font-weight: 600;background:#BDB9B9;width:15%\"><span style=\"font-family:verdana,geneva,sans-serif;\"><span style=\"color:#000000;\"><strong>%G_Total%</strong></span></span></th>\r\n		</tr>\r\n	</thead>\r\n	<tbody>\r\n		<tr>\r\n			<td colspan=\"5\"><span style=\"font-family:verdana,geneva,sans-serif;\">#PRODUCTBLOC_START#</span></td>\r\n		</tr>\r\n		<tr>\r\n			<td style=\"background:#BDB9B9;border-bottom:2px solid white\"><span style=\"font-family:verdana,geneva,sans-serif;\">$PRODUCTPOSITION$</span></td>\r\n			<td style=\"text-align:left; border-bottom:2px solid white;border-right:2px solid white;\">\r\n			<h3><span style=\"font-family:verdana,geneva,sans-serif;\">$PRODUCTTITLE$</span></h3>\r\n			<span style=\"font-family:verdana,geneva,sans-serif;\">$PRODUCTEDITDESCRIPTION$</span></td>\r\n			<td style=\"border-right:2px solid white;border-bottom:2px solid white\"><span style=\"font-family:verdana,geneva,sans-serif;\">$PRODUCTLISTPRICE$ $CURRENCYSYMBOL$</span></td>\r\n			<td style=\"border-right:2px solid white;border-bottom:2px solid white\"><span style=\"font-family:verdana,geneva,sans-serif;\">$PRODUCTQUANTITY$</span></td>\r\n			<td style=\"border-bottom:2px solid white\"><span style=\"font-family:verdana,geneva,sans-serif;\"><strong>$PRODUCTSTOTALAFTERDISCOUNT$ $CURRENCYSYMBOL$</strong></span></td>\r\n		</tr>\r\n		<tr>\r\n			<td colspan=\"5\"><span style=\"font-family:verdana,geneva,sans-serif;\">#PRODUCTBLOC_END#</span></td>\r\n		</tr>\r\n		<tr>\r\n			<td colspan=\"5\" style=\"background:white\"></td>\r\n		</tr>\r\n		<tr>\r\n			<td colspan=\"4\" style=\"background:white; border-bottom:1px solid #BDB9B9\"><span style=\"font-family:verdana,geneva,sans-serif;\">%G_Subtotal%</span></td>\r\n			<td style=\"background:#BDB9B9;\"><span style=\"font-family:verdana,geneva,sans-serif;\">$TOTALWITHOUTVAT$ $CURRENCYSYMBOL$</span></td>\r\n		</tr>\r\n		<tr>\r\n			<td colspan=\"4\" style=\"background:white; border-bottom:1px solid #BDB9B9\"><span style=\"font-family:verdana,geneva,sans-serif;\">%G_LBL_DISCOUNT%</span></td>\r\n			<td style=\"background:#BDB9B9;\"><span style=\"font-family:verdana,geneva,sans-serif;\">$TOTALDISCOUNT$ $CURRENCYSYMBOL$</span></td>\r\n		</tr>\r\n		<tr>\r\n			<td colspan=\"4\" style=\"background:white; border-bottom:1px solid #BDB9B9\"><span style=\"font-family:verdana,geneva,sans-serif;\">%G_Total%</span></td>\r\n			<td style=\"background:#BDB9B9;\"><span style=\"font-family:verdana,geneva,sans-serif;\">$TOTALAFTERDISCOUNT$ $CURRENCYSYMBOL$</span></td>\r\n		</tr>\r\n		<tr>\r\n			<td colspan=\"4\" style=\"background:white; border-bottom:2px solid #BDB9B9\"><span style=\"font-family:verdana,geneva,sans-serif;\">%G_Tax% $VATPERCENT$%</span></td>\r\n			<td style=\"background:#BDB9B9;;border-bottom:2px solid #BDB9B9\"><span style=\"font-family:verdana,geneva,sans-serif;\">$VAT$ $CURRENCYSYMBOL$</span></td>\r\n		</tr>\r\n		<tr>\r\n			<td colspan=\"4\" style=\"background:white;\"><strong>&nbsp;&nbsp;&nbsp;&nbsp; %G_LBL_GRAND_TOTAL%</strong></td>\r\n			<td style=\"background:white\"><span style=\"font-family:verdana,geneva,sans-serif;\"><span style=\"font-size:12px;\"><strong>$TOTAL$ $CURRENCYSYMBOL$</strong></span></span></td>\r\n		</tr>\r\n	</tbody>\r\n</table>\r\n\r\n<div id=\"details\">\r\n<div id=\"client2\"><span style=\"font-family:verdana,geneva,sans-serif;\">$SALESORDER_TERMS_CONDITIONS$</span></div>\r\n\r\n<div id=\"invoice\"><br />\r\n<br />\r\n<br />\r\n<br />\r\n<span style=\"font-family:verdana,geneva,sans-serif;\">____________________________</span><br />\r\n$R_USERS_FIRST_NAME$​ $R_USERS_LAST_NAME$​</div>\r\n</div>\r\n</body>\r\n</html>\r\n','Template for SalesOrder',0,NULL),(3,'PurchaseOrder','PurchaseOrder',_binary '<html>\r\n<head>\r\n	<title></title>\r\n</head>\r\n<body>\r\n<style type=\"text/css\">@font-face {\r\n    font-family: SourceSansPro;\r\n    src: url(SourceSansPro-Regular.ttf);\r\n    font-family: Ubuntu;\r\n}\r\n\r\n.clearfix:after {\r\n  content: \"\";\r\n  display: table;\r\n clear: both;\r\n}\r\n\r\na {\r\n    color: #1B9BB8;\r\n    text-decoration: none;\r\n}\r\n\r\n{\r\n    color: #555555;\r\n    background: #FFFFFF;\r\n    font-size: 14px;\r\n    font-family: SourceSansPro;\r\n}\r\n\r\n#header {\r\n    padding: 10px 0;\r\n    margin-bottom: 0px;\r\n    border-bottom: 1px solid #AAAAAA;\r\n}\r\n\r\n#logo {\r\n    float:left;\r\n    margin: 0px;\r\n    width: 250px;\r\n}\r\n\r\n#logo img {\r\n    height: 70px;\r\n}\r\n\r\n#company {\r\n    float:left;\r\n    text-align: left;\r\n    width:350px;\r\n}\r\n\r\n#details {\r\n    margin-bottom: 15px;\r\n    padding-top: 30px;\r\n}\r\n\r\n#client {\r\n    padding-left: 6px;\r\n    border-left: 6px solid #1B9BB8;\r\n    float: left;\r\n    width: 420px;\r\n}\r\n#client2 {\r\n    padding-left: 6px;\r\n    border-left: 6px solid #BDB9B9;;\r\n    float: left;\r\n    width: 420px;\r\n\r\n}\r\n\r\n#client .to {\r\n    color: #939598;\r\n}\r\n#client2 .to {\r\n    color: black;\r\n}\r\n\r\nh2.name {\r\n    font-size: 1.4em;\r\n    font-weight: bold;\r\n    margin: 0;\r\n}\r\n\r\n#invoice {\r\n    float: right;\r\n    text-align: right;\r\n}\r\n#invoice2 {\r\n    float: right;\r\n    text-align: right;\r\n\r\n}\r\n\r\n#invoice h1, h1 {\r\n    float: right;\r\n    color: #1B9BB8;\r\n    font-size: 2em;\r\n    line-height: 2.2em;\r\n    font-weight: bold;\r\n    margin: 0px;\r\n    padding: 0px;\r\n}\r\n#invoice2 h1, h1 {\r\n    float: right;\r\n    color: #1B9BB8;\r\n    font-size: 2em;\r\n    line-height: 2.2em;\r\n    font-weight: bold;\r\n    margin: 0px;\r\n    padding: 0px;\r\n}\r\n\r\n#invoice .info {\r\n    font-size: 0.8em;\r\n}\r\n#invoice2 .info {\r\n    font-size: 0.8em;\r\n}\r\n\r\ntable {\r\n    width: 100%;\r\n    border-collapse: collapse;\r\n    border-spacing: 0;\r\n    margin-bottom: 20px;\r\n}\r\n\r\ntable th,\r\ntable td {\r\n    padding: 10px 10px;\r\n    background: #EEEEEE;\r\n    text-align: center;\r\n    border-bottom: 1px solid #FFFFFF;\r\n}\r\n\r\ntable th {\r\n    white-space: nowrap;\r\n    font-weight: normal;\r\n}\r\n\r\ntable td {\r\n    text-align: right;\r\n}\r\n\r\ntable td h3{\r\n    color: #1B9BB8;\r\n    font-size: 10px;\r\n    font-weight: normal;\r\n    margin: 0 0 0.2em 0;\r\n}\r\n\r\ntable .no {\r\n    color: #FFFFFF;\r\n    font-size: 1.2em;\r\n    background: #1B9BB8;\r\n}\r\n\r\ntable .desc {\r\n    text-align: left;\r\n}\r\n\r\ntable .unit {\r\n    background: #DDDDDD;\r\n}\r\n\r\ntable .qty {\r\n    text-align: center;\r\n}\r\n\r\ntable .total {\r\n    background: #1B9BB8;\r\n    color: #FFFFFF;\r\n}\r\n\r\ntable td.unit,\r\ntable td.qty,\r\ntable td.total {\r\n    font-size: 1 em;\r\n}\r\n\r\ntable tbody tr:last-child td {\r\n    border: none;\r\n}\r\n\r\ntable tfoot td {\r\n    padding: 10px;\r\n    font-size: 1.2em;\r\n    background: #FFFFFF;\r\n    border-bottom: none;\r\n    white-space: nowrap;\r\n    border-top: 1px solid #AAAAAA;\r\n}\r\n\r\ntable tfoot .border-none-top {\r\n    border-top: none;\r\n}\r\n\r\ntable tfoot .grand-total {\r\n    padding: 10px 7px;\r\n    color: #1B9BB8;\r\n    font-size: 1.3em;\r\n    border-top: 1px solid #1B9BB8;\r\n    font-weight:bold\r\n}\r\n\r\ntable tfoot .border-none {\r\n    border: none;\r\n}\r\n\r\n#pdf_tag{\r\n    font-size: 1.1em;\r\n    margin: 30px 0px 15px 0px;\r\n}\r\n\r\n#notices{\r\n    padding-left: 6px;\r\n    border-left: 6px solid #1B9BB8;\r\n}\r\n\r\n#notices .notice {\r\n    font-size: 1.2em;\r\n}\r\n\r\n.footer, .footer td {\r\n    background-color:#FFFFFF;\r\n    color: #939598;\r\n    border: none;\r\n    border-top: 1px solid #AAAAAA;\r\n    font-size: 0.9em;\r\n    padding: 10px 0;\r\n}\r\n\r\n.header, .header td {\r\n    background-color:#FFFFFF;\r\n    border: none;\r\n    border-bottom: 1px solid #AAAAAA;\r\n    margin:0px;\r\n    padding:0px;\r\n}\r\n</style>\r\n<div id=\"details\">\r\n<div id=\"client2\">\r\n<p style=\"color: rgb(0, 0, 0); font-family: Verdana; font-size: medium; font-style: normal; font-variant-ligatures: normal; font-variant-caps: normal; font-weight: normal; letter-spacing: normal; orphans: 2; text-align: start; text-indent: 0px; text-transform: none; white-space: normal; widows: 2; word-spacing: 0px; -webkit-text-stroke-width: 0px; text-decoration-style: initial; text-decoration-color: initial;\"><span style=\"font-weight: bold;\">$PURCHASEORDER_VENDOR_ID$</span></p>\r\n$PURCHASEORDER_BILL_STREET$<br />\r\n$PURCHASEORDER_BILL_CODE$ $PURCHASEORDER_BILL_CITY$<br />\r\n$PURCHASEORDER_BILL_STATE$<br />\r\n<br />\r\n<br />\r\n&nbsp;</div>\r\n\r\n<div id=\"invoice2\">\r\n<div class=\"info\">\r\n<p style=\"color: rgb(0, 0, 0); font-family: Verdana; font-size: medium; font-style: normal; font-variant-ligatures: normal; font-variant-caps: normal; font-weight: normal; letter-spacing: normal; orphans: 2; text-align: start; text-indent: 0px; text-transform: none; white-space: normal; widows: 2; word-spacing: 0px; -webkit-text-stroke-width: 0px; text-decoration-style: initial; text-decoration-color: initial;\"><span style=\"font-weight: bold;\">$COMPANY_NAME$</span></p>\r\n\r\n<p style=\"color: rgb(0, 0, 0); font-family: Verdana; font-size: medium; font-style: normal; font-variant-ligatures: normal; font-variant-caps: normal; font-weight: normal; letter-spacing: normal; orphans: 2; text-align: start; text-indent: 0px; text-transform: none; white-space: normal; widows: 2; word-spacing: 0px; -webkit-text-stroke-width: 0px; text-decoration-style: initial; text-decoration-color: initial;\">$COMPANY_ADDRESS$<br />\r\n$COMPANY_ZIP$ $COMPANY_CITY$<br />\r\n$COMPANY_COUNTRY$</p>\r\n\r\n<p style=\"color: rgb(0, 0, 0); font-family: Verdana; font-size: medium; font-style: normal; font-variant-ligatures: normal; font-variant-caps: normal; font-weight: normal; letter-spacing: normal; orphans: 2; text-align: start; text-indent: 0px; text-transform: none; white-space: normal; widows: 2; word-spacing: 0px; -webkit-text-stroke-width: 0px; text-decoration-style: initial; text-decoration-color: initial;\">%COMPANY_PHONE% $COMPANY_PHONE$<br />\r\n%COMPANY_FAX% $COMPANY_FAX$<br />\r\n<br />\r\n$COMPANY_WEBSITE$<br />\r\n<br />\r\n%PURCHASEORDER_DUEDATE%: $PURCHASEORDER_DUEDATE$</p>\r\n<br />\r\n&nbsp;</div>\r\n</div>\r\n</div>\r\n\r\n<table border=\"0\" color=\"black\" style=\"font-size:10px;\" width=\"100%\">\r\n	<thead>\r\n		<tr>\r\n			<th style=\"text-align: center;color: white;font-weight: 600;background:#BDB9B9; width:5%\"></th>\r\n			<th style=\"text-align: left;color: white;font-weight: 600;background:#BDB9B9;width:45%;border-right:2px solid white\"><span style=\"font-family:verdana,geneva,sans-serif;\"><span style=\"color:#000000;\"><strong>%G_Description%</strong></span></span></th>\r\n			<th style=\"text-align: center;color: white;font-weight: 600;background:#BDB9B9;width:15%;border-right:2px solid white\"><span style=\"font-family:verdana,geneva,sans-serif;\"><span style=\"color:#000000;\"><strong>%G_List Price%</strong></span></span></th>\r\n			<th style=\"text-align: center;color: white;font-weight: 600;background:#BDB9B9;width:15%;border-right:2px solid white\"><span style=\"font-family:verdana,geneva,sans-serif;\"><span style=\"color:#000000;\"><strong>%G_Quantity%</strong></span></span></th>\r\n			<th style=\"text-align: center;color: white;font-weight: 600;background:#BDB9B9;width:15%\"><span style=\"font-family:verdana,geneva,sans-serif;\"><span style=\"color:#000000;\"><strong>%G_Total%</strong></span></span></th>\r\n		</tr>\r\n	</thead>\r\n	<tbody>\r\n		<tr>\r\n			<td colspan=\"5\"><span style=\"font-family:verdana,geneva,sans-serif;\">#PRODUCTBLOC_START#</span></td>\r\n		</tr>\r\n		<tr>\r\n			<td style=\"background:#BDB9B9;border-bottom:2px solid white\"><span style=\"font-family:verdana,geneva,sans-serif;\">$PRODUCTPOSITION$</span></td>\r\n			<td style=\"text-align:left; border-bottom:2px solid white;border-right:2px solid white;\">\r\n			<h3><span style=\"font-family:verdana,geneva,sans-serif;\">$PRODUCTTITLE$</span></h3>\r\n			<span style=\"font-family:verdana,geneva,sans-serif;\">$PRODUCTEDITDESCRIPTION$</span></td>\r\n			<td style=\"border-right:2px solid white;border-bottom:2px solid white\"><span style=\"font-family:verdana,geneva,sans-serif;\">$PRODUCTLISTPRICE$ $CURRENCYSYMBOL$</span></td>\r\n			<td style=\"border-right:2px solid white;border-bottom:2px solid white\"><span style=\"font-family:verdana,geneva,sans-serif;\">$PRODUCTQUANTITY$</span></td>\r\n			<td style=\"border-bottom:2px solid white\"><span style=\"font-family:verdana,geneva,sans-serif;\"><strong>$PRODUCTSTOTALAFTERDISCOUNT$ $CURRENCYSYMBOL$</strong></span></td>\r\n		</tr>\r\n		<tr>\r\n			<td colspan=\"5\"><span style=\"font-family:verdana,geneva,sans-serif;\">#PRODUCTBLOC_END#</span></td>\r\n		</tr>\r\n		<tr>\r\n			<td colspan=\"5\" style=\"background:white\"></td>\r\n		</tr>\r\n		<tr>\r\n			<td colspan=\"4\" style=\"background:white; border-bottom:1px solid #BDB9B9\"><span style=\"font-family:verdana,geneva,sans-serif;\">%G_Subtotal%</span></td>\r\n			<td style=\"background:#BDB9B9;\"><span style=\"font-family:verdana,geneva,sans-serif;\">$TOTALWITHOUTVAT$ $CURRENCYSYMBOL$</span></td>\r\n		</tr>\r\n		<tr>\r\n			<td colspan=\"4\" style=\"background:white; border-bottom:1px solid #BDB9B9\"><span style=\"font-family:verdana,geneva,sans-serif;\">%G_LBL_DISCOUNT%</span></td>\r\n			<td style=\"background:#BDB9B9;\"><span style=\"font-family:verdana,geneva,sans-serif;\">$TOTALDISCOUNT$ $CURRENCYSYMBOL$</span></td>\r\n		</tr>\r\n		<tr>\r\n			<td colspan=\"4\" style=\"background:white; border-bottom:1px solid #BDB9B9\"><span style=\"font-family:verdana,geneva,sans-serif;\">%G_Total%</span></td>\r\n			<td style=\"background:#BDB9B9;\"><span style=\"font-family:verdana,geneva,sans-serif;\">$TOTALAFTERDISCOUNT$ $CURRENCYSYMBOL$</span></td>\r\n		</tr>\r\n		<tr>\r\n			<td colspan=\"4\" style=\"background:white; border-bottom:2px solid #BDB9B9\"><span style=\"font-family:verdana,geneva,sans-serif;\">%G_Tax% $VATPERCENT$%</span></td>\r\n			<td style=\"background:#BDB9B9;;border-bottom:2px solid #BDB9B9\"><span style=\"font-family:verdana,geneva,sans-serif;\">$VAT$ $CURRENCYSYMBOL$</span></td>\r\n		</tr>\r\n		<tr>\r\n			<td colspan=\"4\" style=\"background:white;\"><strong>&nbsp;&nbsp;&nbsp;&nbsp; %G_LBL_GRAND_TOTAL%</strong></td>\r\n			<td style=\"background:white\"><span style=\"font-family:verdana,geneva,sans-serif;\"><span style=\"font-size:12px;\"><strong>$TOTAL$ $CURRENCYSYMBOL$</strong></span></span></td>\r\n		</tr>\r\n	</tbody>\r\n</table>\r\n\r\n<div id=\"details\">\r\n<div id=\"client2\"><span style=\"font-family:verdana,geneva,sans-serif;\">$PURCHASEORDER_TERMS_CONDITIONS$</span></div>\r\n\r\n<div id=\"invoice\"><br />\r\n<br />\r\n<br />\r\n<br />\r\n<span style=\"font-family:verdana,geneva,sans-serif;\">____________________________</span><br />\r\n$R_USERS_FIRST_NAME$​ $R_USERS_LAST_NAME$​</div>\r\n</div>\r\n</body>\r\n</html>\r\n','Template for PurchaseOrder',0,NULL),(4,'Quotes','Quotes',_binary '<html>\r\n<head>\r\n	<title></title>\r\n</head>\r\n<body>\r\n<style type=\"text/css\">@font-face {\r\n    font-family: SourceSansPro;\r\n    src: url(SourceSansPro-Regular.ttf);\r\n    font-family: Ubuntu;\r\n}\r\n\r\n.clearfix:after {\r\n  content: \"\";\r\n  display: table;\r\n clear: both;\r\n}\r\n\r\na {\r\n    color: #1B9BB8;\r\n    text-decoration: none;\r\n}\r\n\r\n{\r\n    color: #555555;\r\n    background: #FFFFFF;\r\n    font-size: 14px;\r\n    font-family: SourceSansPro;\r\n}\r\n\r\n#header {\r\n    padding: 10px 0;\r\n    margin-bottom: 0px;\r\n    border-bottom: 1px solid #AAAAAA;\r\n}\r\n\r\n#logo {\r\n    float:left;\r\n    margin: 0px;\r\n    width: 250px;\r\n}\r\n\r\n#logo img {\r\n    height: 70px;\r\n}\r\n\r\n#company {\r\n    float:left;\r\n    text-align: left;\r\n    width:350px;\r\n}\r\n\r\n#details {\r\n    margin-bottom: 15px;\r\n    padding-top: 30px;\r\n}\r\n\r\n#client {\r\n    padding-left: 6px;\r\n    border-left: 6px solid #1B9BB8;\r\n    float: left;\r\n    width: 420px;\r\n}\r\n#client2 {\r\n    padding-left: 6px;\r\n    border-left: 6px solid #BDB9B9;;\r\n    float: left;\r\n    width: 420px;\r\n\r\n}\r\n\r\n#client .to {\r\n    color: #939598;\r\n}\r\n#client2 .to {\r\n    color: black;\r\n}\r\n\r\nh2.name {\r\n    font-size: 1.4em;\r\n    font-weight: bold;\r\n    margin: 0;\r\n}\r\n\r\n#invoice {\r\n    float: right;\r\n    text-align: right;\r\n}\r\n#invoice2 {\r\n    float: right;\r\n    text-align: right;\r\n\r\n}\r\n\r\n#invoice h1, h1 {\r\n    float: right;\r\n    color: #1B9BB8;\r\n    font-size: 2em;\r\n    line-height: 2.2em;\r\n    font-weight: bold;\r\n    margin: 0px;\r\n    padding: 0px;\r\n}\r\n#invoice2 h1, h1 {\r\n    float: right;\r\n    color: #1B9BB8;\r\n    font-size: 2em;\r\n    line-height: 2.2em;\r\n    font-weight: bold;\r\n    margin: 0px;\r\n    padding: 0px;\r\n}\r\n\r\n#invoice .info {\r\n    font-size: 0.8em;\r\n}\r\n#invoice2 .info {\r\n    font-size: 0.8em;\r\n}\r\n\r\ntable {\r\n    width: 100%;\r\n    border-collapse: collapse;\r\n    border-spacing: 0;\r\n    margin-bottom: 20px;\r\n}\r\n\r\ntable th,\r\ntable td {\r\n    padding: 10px 10px;\r\n    background: #EEEEEE;\r\n    text-align: center;\r\n    border-bottom: 1px solid #FFFFFF;\r\n}\r\n\r\ntable th {\r\n    white-space: nowrap;\r\n    font-weight: normal;\r\n}\r\n\r\ntable td {\r\n    text-align: right;\r\n}\r\n\r\ntable td h3{\r\n    color: #1B9BB8;\r\n    font-size: 10px;\r\n    font-weight: normal;\r\n    margin: 0 0 0.2em 0;\r\n}\r\n\r\ntable .no {\r\n    color: #FFFFFF;\r\n    font-size: 1.2em;\r\n    background: #1B9BB8;\r\n}\r\n\r\ntable .desc {\r\n    text-align: left;\r\n}\r\n\r\ntable .unit {\r\n    background: #DDDDDD;\r\n}\r\n\r\ntable .qty {\r\n    text-align: center;\r\n}\r\n\r\ntable .total {\r\n    background: #1B9BB8;\r\n    color: #FFFFFF;\r\n}\r\n\r\ntable td.unit,\r\ntable td.qty,\r\ntable td.total {\r\n    font-size: 1 em;\r\n}\r\n\r\ntable tbody tr:last-child td {\r\n    border: none;\r\n}\r\n\r\ntable tfoot td {\r\n    padding: 10px;\r\n    font-size: 1.2em;\r\n    background: #FFFFFF;\r\n    border-bottom: none;\r\n    white-space: nowrap;\r\n    border-top: 1px solid #AAAAAA;\r\n}\r\n\r\ntable tfoot .border-none-top {\r\n    border-top: none;\r\n}\r\n\r\ntable tfoot .grand-total {\r\n    padding: 10px 7px;\r\n    color: #1B9BB8;\r\n    font-size: 1.3em;\r\n    border-top: 1px solid #1B9BB8;\r\n    font-weight:bold\r\n}\r\n\r\ntable tfoot .border-none {\r\n    border: none;\r\n}\r\n\r\n#pdf_tag{\r\n    font-size: 1.1em;\r\n    margin: 30px 0px 15px 0px;\r\n}\r\n\r\n#notices{\r\n    padding-left: 6px;\r\n    border-left: 6px solid #1B9BB8;\r\n}\r\n\r\n#notices .notice {\r\n    font-size: 1.2em;\r\n}\r\n\r\n.footer, .footer td {\r\n    background-color:#FFFFFF;\r\n    color: #939598;\r\n    border: none;\r\n    border-top: 1px solid #AAAAAA;\r\n    font-size: 0.9em;\r\n    padding: 10px 0;\r\n}\r\n\r\n.header, .header td {\r\n    background-color:#FFFFFF;\r\n    border: none;\r\n    border-bottom: 1px solid #AAAAAA;\r\n    margin:0px;\r\n    padding:0px;\r\n}\r\n</style>\r\n<div id=\"details\">\r\n<div id=\"client2\">\r\n<p style=\"color: rgb(0, 0, 0); font-family: Verdana; font-size: medium; font-style: normal; font-variant-ligatures: normal; font-variant-caps: normal; font-weight: normal; letter-spacing: normal; orphans: 2; text-align: start; text-indent: 0px; text-transform: none; white-space: normal; widows: 2; word-spacing: 0px; -webkit-text-stroke-width: 0px; text-decoration-style: initial; text-decoration-color: initial;\"><span style=\"font-weight: bold;\">$QUOTES_ACCOUNT_ID$</span></p>\r\n$QUOTES_BILL_STREET$<br />\r\n$QUOTES_BILL_CODE$ $QUOTES_BILL_CITY$<br />\r\n$QUOTES_BILL_STATE$<br />\r\n<br />\r\n<br />\r\n<br />\r\n&nbsp;</div>\r\n\r\n<div id=\"invoice2\">\r\n<div class=\"info\">\r\n<p style=\"color: rgb(0, 0, 0); font-family: Verdana; font-size: medium; font-style: normal; font-variant-ligatures: normal; font-variant-caps: normal; font-weight: normal; letter-spacing: normal; orphans: 2; text-align: start; text-indent: 0px; text-transform: none; white-space: normal; widows: 2; word-spacing: 0px; -webkit-text-stroke-width: 0px; text-decoration-style: initial; text-decoration-color: initial;\"><span style=\"font-weight: bold;\">$COMPANY_NAME$</span></p>\r\n\r\n<p style=\"color: rgb(0, 0, 0); font-family: Verdana; font-size: medium; font-style: normal; font-variant-ligatures: normal; font-variant-caps: normal; font-weight: normal; letter-spacing: normal; orphans: 2; text-align: start; text-indent: 0px; text-transform: none; white-space: normal; widows: 2; word-spacing: 0px; -webkit-text-stroke-width: 0px; text-decoration-style: initial; text-decoration-color: initial;\">$COMPANY_ADDRESS$<br />\r\n$COMPANY_ZIP$ $COMPANY_CITY$<br />\r\n$COMPANY_COUNTRY$</p>\r\n\r\n<p style=\"color: rgb(0, 0, 0); font-family: Verdana; font-size: medium; font-style: normal; font-variant-ligatures: normal; font-variant-caps: normal; font-weight: normal; letter-spacing: normal; orphans: 2; text-align: start; text-indent: 0px; text-transform: none; white-space: normal; widows: 2; word-spacing: 0px; -webkit-text-stroke-width: 0px; text-decoration-style: initial; text-decoration-color: initial;\">%COMPANY_PHONE% $COMPANY_PHONE$<br />\r\n%COMPANY_FAX% $COMPANY_FAX$<br />\r\n<br />\r\n$COMPANY_WEBSITE$</p>\r\n<br />\r\n&nbsp;</div>\r\n</div>\r\n</div>\r\n<table border=\"0\" color=\"black\" style=\"font-size:10px;\" width=\"100%\">\r\n	<thead>\r\n		<tr>\r\n			<th style=\"text-align: center;color: white;font-weight: 600;background:#BDB9B9; width:5%\"></th>\r\n			<th style=\"text-align: left;color: white;font-weight: 600;background:#BDB9B9;width:45%;border-right:2px solid white\"><span style=\"font-family:verdana,geneva,sans-serif;\"><span style=\"color:#000000;\"><strong>%G_Description%</strong></span></span></th>\r\n			<th style=\"text-align: center;color: white;font-weight: 600;background:#BDB9B9;width:15%;border-right:2px solid white\"><span style=\"font-family:verdana,geneva,sans-serif;\"><span style=\"color:#000000;\"><strong>%G_List Price%</strong></span></span></th>\r\n			<th style=\"text-align: center;color: white;font-weight: 600;background:#BDB9B9;width:15%;border-right:2px solid white\"><span style=\"font-family:verdana,geneva,sans-serif;\"><span style=\"color:#000000;\"><strong>%G_Quantity%</strong></span></span></th>\r\n			<th style=\"text-align: center;color: white;font-weight: 600;background:#BDB9B9;width:15%\"><span style=\"font-family:verdana,geneva,sans-serif;\"><span style=\"color:#000000;\"><strong>%G_Total%</strong></span></span></th>\r\n		</tr>\r\n	</thead>\r\n	<tbody>\r\n		<tr>\r\n			<td colspan=\"5\"><span style=\"font-family:verdana,geneva,sans-serif;\">#PRODUCTBLOC_START#</span></td>\r\n		</tr>\r\n		<tr>\r\n			<td style=\"background:#BDB9B9;border-bottom:2px solid white\"><span style=\"font-family:verdana,geneva,sans-serif;\">$PRODUCTPOSITION$</span></td>\r\n			<td style=\"text-align:left; border-bottom:2px solid white;border-right:2px solid white;\">\r\n			<h3><span style=\"font-family:verdana,geneva,sans-serif;\">$PRODUCTTITLE$</span></h3>\r\n			<span style=\"font-family:verdana,geneva,sans-serif;\">$PRODUCTEDITDESCRIPTION$</span></td>\r\n			<td style=\"border-right:2px solid white;border-bottom:2px solid white\"><span style=\"font-family:verdana,geneva,sans-serif;\">$PRODUCTLISTPRICE$ $CURRENCYSYMBOL$</span></td>\r\n			<td style=\"border-right:2px solid white;border-bottom:2px solid white\"><span style=\"font-family:verdana,geneva,sans-serif;\">$PRODUCTQUANTITY$</span></td>\r\n			<td style=\"border-bottom:2px solid white\"><span style=\"font-family:verdana,geneva,sans-serif;\"><strong>$PRODUCTSTOTALAFTERDISCOUNT$ $CURRENCYSYMBOL$</strong></span></td>\r\n		</tr>\r\n		<tr>\r\n			<td colspan=\"5\"><span style=\"font-family:verdana,geneva,sans-serif;\">#PRODUCTBLOC_END#</span></td>\r\n		</tr>\r\n		<tr>\r\n			<td colspan=\"5\" style=\"background:white\"></td>\r\n		</tr>\r\n		<tr>\r\n			<td colspan=\"4\" style=\"background:white; border-bottom:1px solid #BDB9B9\"><span style=\"font-family:verdana,geneva,sans-serif;\">%G_Subtotal%</span></td>\r\n			<td style=\"background:#BDB9B9;\"><span style=\"font-family:verdana,geneva,sans-serif;\">$TOTALWITHOUTVAT$ $CURRENCYSYMBOL$</span></td>\r\n		</tr>\r\n		<tr>\r\n			<td colspan=\"4\" style=\"background:white; border-bottom:1px solid #BDB9B9\"><span style=\"font-family:verdana,geneva,sans-serif;\">%G_LBL_DISCOUNT%</span></td>\r\n			<td style=\"background:#BDB9B9;\"><span style=\"font-family:verdana,geneva,sans-serif;\">$TOTALDISCOUNT$ $CURRENCYSYMBOL$</span></td>\r\n		</tr>\r\n		<tr>\r\n			<td colspan=\"4\" style=\"background:white; border-bottom:1px solid #BDB9B9\"><span style=\"font-family:verdana,geneva,sans-serif;\">%G_Total%</span></td>\r\n			<td style=\"background:#BDB9B9;\"><span style=\"font-family:verdana,geneva,sans-serif;\">$TOTALAFTERDISCOUNT$ $CURRENCYSYMBOL$</span></td>\r\n		</tr>\r\n		<tr>\r\n			<td colspan=\"4\" style=\"background:white; border-bottom:2px solid #BDB9B9\"><span style=\"font-family:verdana,geneva,sans-serif;\">%G_Tax% $VATPERCENT$%</span></td>\r\n			<td style=\"background:#BDB9B9;;border-bottom:2px solid #BDB9B9\"><span style=\"font-family:verdana,geneva,sans-serif;\">$VAT$ $CURRENCYSYMBOL$</span></td>\r\n		</tr>\r\n		<tr>\r\n			<td colspan=\"4\" style=\"background:white;\"><strong>&nbsp;&nbsp;&nbsp;&nbsp; %G_LBL_GRAND_TOTAL%</strong></td>\r\n			<td style=\"background:white\"><span style=\"font-family:verdana,geneva,sans-serif;\"><span style=\"font-size:12px;\"><strong>$TOTAL$ $CURRENCYSYMBOL$</strong></span></span></td>\r\n		</tr>\r\n	</tbody>\r\n</table>\r\n\r\n<div id=\"details\">\r\n<div id=\"client2\"><span style=\"font-family:verdana,geneva,sans-serif;\">$QUOTES_TERMS_CONDITIONS$</span></div>\r\n\r\n<div id=\"invoice\"><br />\r\n<br />\r\n<br />\r\n<br />\r\n<span style=\"font-family:verdana,geneva,sans-serif;\">____________________________</span><br />\r\n$R_USERS_FIRST_NAME$​ $R_USERS_LAST_NAME$​</div>\r\n</div>\r\n</body>\r\n</html>\r\n','Templates for Quotes',0,NULL);
/*!40000 ALTER TABLE `vtiger_pdfmaker` ENABLE KEYS */;
UNLOCK TABLES;

--
-- Table structure for table `vtiger_pdfmaker_breakline`
--

DROP TABLE IF EXISTS `vtiger_pdfmaker_breakline`;
/*!40101 SET @saved_cs_client     = @@character_set_client */;
/*!50503 SET character_set_client = utf8mb4 */;
CREATE TABLE `vtiger_pdfmaker_breakline` (
  `crmid` int NOT NULL,
  `productid` int NOT NULL,
  `sequence` int NOT NULL,
  `show_header` tinyint(1) NOT NULL DEFAULT '0',
  `show_subtotal` tinyint(1) NOT NULL DEFAULT '0',
  PRIMARY KEY (`crmid`,`productid`,`sequence`)
) ENGINE=InnoDB DEFAULT CHARSET=utf8mb3;
/*!40101 SET character_set_client = @saved_cs_client */;

--
-- Dumping data for table `vtiger_pdfmaker_breakline`
--

LOCK TABLES `vtiger_pdfmaker_breakline` WRITE;
/*!40000 ALTER TABLE `vtiger_pdfmaker_breakline` DISABLE KEYS */;
/*!40000 ALTER TABLE `vtiger_pdfmaker_breakline` ENABLE KEYS */;
UNLOCK TABLES;

--
-- Table structure for table `vtiger_pdfmaker_displayed`
--

DROP TABLE IF EXISTS `vtiger_pdfmaker_displayed`;
/*!40101 SET @saved_cs_client     = @@character_set_client */;
/*!50503 SET character_set_client = utf8mb4 */;
CREATE TABLE `vtiger_pdfmaker_displayed` (
  `templateid` int NOT NULL,
  `displayed` int NOT NULL,
  `conditions` longtext NOT NULL,
  PRIMARY KEY (`templateid`),
  KEY `displayed` (`displayed`)
) ENGINE=InnoDB DEFAULT CHARSET=utf8mb3;
/*!40101 SET character_set_client = @saved_cs_client */;

--
-- Dumping data for table `vtiger_pdfmaker_displayed`
--

LOCK TABLES `vtiger_pdfmaker_displayed` WRITE;
/*!40000 ALTER TABLE `vtiger_pdfmaker_displayed` DISABLE KEYS */;
/*!40000 ALTER TABLE `vtiger_pdfmaker_displayed` ENABLE KEYS */;
UNLOCK TABLES;

--
-- Table structure for table `vtiger_pdfmaker_extensions`
--

DROP TABLE IF EXISTS `vtiger_pdfmaker_extensions`;
/*!40101 SET @saved_cs_client     = @@character_set_client */;
/*!50503 SET character_set_client = utf8mb4 */;
CREATE TABLE `vtiger_pdfmaker_extensions` (
  `export_to_rtf` int NOT NULL DEFAULT '0'
) ENGINE=InnoDB DEFAULT CHARSET=utf8mb3;
/*!40101 SET character_set_client = @saved_cs_client */;

--
-- Dumping data for table `vtiger_pdfmaker_extensions`
--

LOCK TABLES `vtiger_pdfmaker_extensions` WRITE;
/*!40000 ALTER TABLE `vtiger_pdfmaker_extensions` DISABLE KEYS */;
/*!40000 ALTER TABLE `vtiger_pdfmaker_extensions` ENABLE KEYS */;
UNLOCK TABLES;

--
-- Table structure for table `vtiger_pdfmaker_ignorepicklistvalues`
--

DROP TABLE IF EXISTS `vtiger_pdfmaker_ignorepicklistvalues`;
/*!40101 SET @saved_cs_client     = @@character_set_client */;
/*!50503 SET character_set_client = utf8mb4 */;
CREATE TABLE `vtiger_pdfmaker_ignorepicklistvalues` (
  `value` varchar(100) NOT NULL,
  PRIMARY KEY (`value`)
) ENGINE=InnoDB DEFAULT CHARSET=utf8mb3;
/*!40101 SET character_set_client = @saved_cs_client */;

--
-- Dumping data for table `vtiger_pdfmaker_ignorepicklistvalues`
--

LOCK TABLES `vtiger_pdfmaker_ignorepicklistvalues` WRITE;
/*!40000 ALTER TABLE `vtiger_pdfmaker_ignorepicklistvalues` DISABLE KEYS */;
/*!40000 ALTER TABLE `vtiger_pdfmaker_ignorepicklistvalues` ENABLE KEYS */;
UNLOCK TABLES;

--
-- Table structure for table `vtiger_pdfmaker_images`
--

DROP TABLE IF EXISTS `vtiger_pdfmaker_images`;
/*!40101 SET @saved_cs_client     = @@character_set_client */;
/*!50503 SET character_set_client = utf8mb4 */;
CREATE TABLE `vtiger_pdfmaker_images` (
  `crmid` int NOT NULL,
  `productid` int NOT NULL,
  `sequence` int NOT NULL,
  `attachmentid` int NOT NULL,
  `width` int DEFAULT NULL,
  `height` int DEFAULT NULL,
  PRIMARY KEY (`crmid`,`productid`,`sequence`)
) ENGINE=InnoDB DEFAULT CHARSET=utf8mb3;
/*!40101 SET character_set_client = @saved_cs_client */;

--
-- Dumping data for table `vtiger_pdfmaker_images`
--

LOCK TABLES `vtiger_pdfmaker_images` WRITE;
/*!40000 ALTER TABLE `vtiger_pdfmaker_images` DISABLE KEYS */;
/*!40000 ALTER TABLE `vtiger_pdfmaker_images` ENABLE KEYS */;
UNLOCK TABLES;

--
-- Table structure for table `vtiger_pdfmaker_label_keys`
--

DROP TABLE IF EXISTS `vtiger_pdfmaker_label_keys`;
/*!40101 SET @saved_cs_client     = @@character_set_client */;
/*!50503 SET character_set_client = utf8mb4 */;
CREATE TABLE `vtiger_pdfmaker_label_keys` (
  `label_id` int NOT NULL AUTO_INCREMENT,
  `label_key` varchar(128) NOT NULL,
  PRIMARY KEY (`label_id`),
  UNIQUE KEY `label_key` (`label_key`)
) ENGINE=InnoDB DEFAULT CHARSET=utf8mb3;
/*!40101 SET character_set_client = @saved_cs_client */;

--
-- Dumping data for table `vtiger_pdfmaker_label_keys`
--

LOCK TABLES `vtiger_pdfmaker_label_keys` WRITE;
/*!40000 ALTER TABLE `vtiger_pdfmaker_label_keys` DISABLE KEYS */;
/*!40000 ALTER TABLE `vtiger_pdfmaker_label_keys` ENABLE KEYS */;
UNLOCK TABLES;

--
-- Table structure for table `vtiger_pdfmaker_label_vals`
--

DROP TABLE IF EXISTS `vtiger_pdfmaker_label_vals`;
/*!40101 SET @saved_cs_client     = @@character_set_client */;
/*!50503 SET character_set_client = utf8mb4 */;
CREATE TABLE `vtiger_pdfmaker_label_vals` (
  `label_id` int NOT NULL,
  `lang_id` int NOT NULL,
  `label_value` varchar(1024) NOT NULL,
  PRIMARY KEY (`label_id`,`lang_id`)
) ENGINE=InnoDB DEFAULT CHARSET=utf8mb3;
/*!40101 SET character_set_client = @saved_cs_client */;

--
-- Dumping data for table `vtiger_pdfmaker_label_vals`
--

LOCK TABLES `vtiger_pdfmaker_label_vals` WRITE;
/*!40000 ALTER TABLE `vtiger_pdfmaker_label_vals` DISABLE KEYS */;
/*!40000 ALTER TABLE `vtiger_pdfmaker_label_vals` ENABLE KEYS */;
UNLOCK TABLES;

--
-- Table structure for table `vtiger_pdfmaker_license`
--

DROP TABLE IF EXISTS `vtiger_pdfmaker_license`;
/*!40101 SET @saved_cs_client     = @@character_set_client */;
/*!50503 SET character_set_client = utf8mb4 */;
CREATE TABLE `vtiger_pdfmaker_license` (
  `version_type` varchar(255) NOT NULL,
  `license_key` varchar(255) NOT NULL,
  `license_info` text,
  `license_due_date` date DEFAULT NULL,
  UNIQUE KEY `version_type` (`version_type`)
) ENGINE=InnoDB DEFAULT CHARSET=utf8mb3;
/*!40101 SET character_set_client = @saved_cs_client */;

--
-- Dumping data for table `vtiger_pdfmaker_license`
--

LOCK TABLES `vtiger_pdfmaker_license` WRITE;
/*!40000 ALTER TABLE `vtiger_pdfmaker_license` DISABLE KEYS */;
INSERT INTO `vtiger_pdfmaker_license` VALUES ('professional','','e2a59e7a8624627554a2559d22d404fd;5eeb52b5c5decae0197cba57c93c3422','0000-00-00');
/*!40000 ALTER TABLE `vtiger_pdfmaker_license` ENABLE KEYS */;
UNLOCK TABLES;

--
-- Table structure for table `vtiger_pdfmaker_productbloc_tpl`
--

DROP TABLE IF EXISTS `vtiger_pdfmaker_productbloc_tpl`;
/*!40101 SET @saved_cs_client     = @@character_set_client */;
/*!50503 SET character_set_client = utf8mb4 */;
CREATE TABLE `vtiger_pdfmaker_productbloc_tpl` (
  `id` int NOT NULL AUTO_INCREMENT,
  `name` varchar(255) NOT NULL,
  `body` longtext NOT NULL,
  PRIMARY KEY (`id`)
) ENGINE=InnoDB AUTO_INCREMENT=3 DEFAULT CHARSET=utf8mb3;
/*!40101 SET character_set_client = @saved_cs_client */;

--
-- Dumping data for table `vtiger_pdfmaker_productbloc_tpl`
--

LOCK TABLES `vtiger_pdfmaker_productbloc_tpl` WRITE;
/*!40000 ALTER TABLE `vtiger_pdfmaker_productbloc_tpl` DISABLE KEYS */;
INSERT INTO `vtiger_pdfmaker_productbloc_tpl` VALUES (1,'Product block for group tax','<table border=\"1\" cellpadding=\"3\" cellspacing=\"0\" style=\"font-size:10px;\" width=\"100%\">\r\n	<thead>\r\n		<tr bgcolor=\"#c0c0c0\">\r\n			<td style=\"TEXT-ALIGN: center\">\r\n				<span><strong>Pos</strong></span></td>\r\n			<td colspan=\"2\" style=\"TEXT-ALIGN: center\">\r\n				<span><strong>%G_Qty%</strong></span></td>\r\n			<td style=\"TEXT-ALIGN: center\">\r\n				<span><span style=\"font-weight: bold;\">Text</span></span></td>\r\n			<td style=\"TEXT-ALIGN: center\">\r\n				<span><strong>%G_LBL_LIST_PRICE%<br />\r\n				</strong></span></td>\r\n			<td style=\"text-align: center;\">\r\n				<strong>%G_Subtotal%</strong></td>\r\n			<td style=\"TEXT-ALIGN: center\">\r\n				<span><strong>%G_Discount%</strong></span></td>\r\n			<td style=\"TEXT-ALIGN: center\">\r\n				<span><strong>%M_Total%</strong></span></td>\r\n		</tr>\r\n	</thead>\r\n	<tbody>\r\n		<tr>\r\n			<td colspan=\"8\">\r\n				#PRODUCTBLOC_START#</td>\r\n		</tr>\r\n		<tr>\r\n			<td style=\"text-align: center; vertical-align: top;\">\r\n				$PRODUCTPOSITION$</td>\r\n			<td align=\"right\" valign=\"top\">\r\n				$PRODUCTQUANTITY$</td>\r\n			<td align=\"left\" style=\"TEXT-ALIGN: center\" valign=\"top\">\r\n				$PRODUCTUSAGEUNIT$</td>\r\n			<td align=\"left\" valign=\"top\">\r\n				$PRODUCTNAME$</td>\r\n			<td align=\"right\" style=\"text-align: right;\" valign=\"top\">\r\n				$PRODUCTLISTPRICE$</td>\r\n			<td align=\"right\" style=\"TEXT-ALIGN: right\" valign=\"top\">\r\n				$PRODUCTTOTAL$</td>\r\n			<td align=\"right\" style=\"TEXT-ALIGN: right\" valign=\"top\">\r\n				$PRODUCTDISCOUNT$</td>\r\n			<td align=\"right\" style=\"text-align: right;\" valign=\"top\">\r\n				$PRODUCTSTOTALAFTERDISCOUNT$</td>\r\n		</tr>\r\n		<tr>\r\n			<td colspan=\"8\">\r\n				#PRODUCTBLOC_END#</td>\r\n		</tr>\r\n		<tr>\r\n			<td colspan=\"7\" style=\"TEXT-ALIGN: left\">\r\n				<span>%G_LBL_NET_PRICE% without TAX</span></td>\r\n			<td style=\"TEXT-ALIGN: right\">\r\n				$TOTALWITHOUTVAT$</td>\r\n		</tr>\r\n		<tr>\r\n			<td colspan=\"7\" style=\"TEXT-ALIGN: left\">\r\n				%G_Discount%</td>\r\n			<td style=\"TEXT-ALIGN: right\">\r\n				$TOTALDISCOUNT$</td>\r\n		</tr>\r\n		<tr>\r\n			<td colspan=\"7\" style=\"TEXT-ALIGN: left\">\r\n				Total without TAX</td>\r\n			<td style=\"TEXT-ALIGN: right\">\r\n				$TOTALAFTERDISCOUNT$</td>\r\n		</tr>\r\n		<tr>\r\n			<td colspan=\"7\" style=\"text-align: left;\">\r\n				%G_Tax% $VATPERCENT$ % %G_LBL_LIST_OF% $TOTALAFTERDISCOUNT$</td>\r\n			<td style=\"text-align: right;\">\r\n				$VAT$</td>\r\n		</tr>\r\n		<tr>\r\n			<td colspan=\"7\" style=\"text-align: left;\">\r\n				Total with TAX</td>\r\n			<td style=\"text-align: right;\">\r\n				$TOTALWITHVAT$</td>\r\n		</tr>\r\n		<tr>\r\n			<td colspan=\"7\" style=\"text-align: left;\">\r\n				%G_LBL_SHIPPING_AND_HANDLING_CHARGES%</td>\r\n			<td style=\"text-align: right;\">\r\n				$SHTAXAMOUNT$</td>\r\n		</tr>\r\n		<tr>\r\n			<td colspan=\"7\" style=\"TEXT-ALIGN: left\">\r\n				%G_LBL_TAX_FOR_SHIPPING_AND_HANDLING%</td>\r\n			<td style=\"TEXT-ALIGN: right\">\r\n				$SHTAXTOTAL$</td>\r\n		</tr>\r\n		<tr>\r\n			<td colspan=\"7\" style=\"TEXT-ALIGN: left\">\r\n				%G_Adjustment%</td>\r\n			<td style=\"TEXT-ALIGN: right\">\r\n				$ADJUSTMENT$</td>\r\n		</tr>\r\n		<tr>\r\n			<td colspan=\"7\" style=\"TEXT-ALIGN: left\">\r\n				<span style=\"font-weight: bold;\">%G_LBL_GRAND_TOTAL% </span><strong>($CURRENCYCODE$)</strong></td>\r\n			<td nowrap=\"nowrap\" style=\"TEXT-ALIGN: right\">\r\n				<strong>$TOTAL$</strong></td>\r\n		</tr>\r\n	</tbody>\r\n</table>\r\n'),(2,'Product block for individual tax','<table border=\"1\" cellpadding=\"3\" cellspacing=\"0\" style=\"font-size:10px;\" width=\"100%\">\r\n	<thead>\r\n		<tr bgcolor=\"#c0c0c0\">\r\n			<td style=\"TEXT-ALIGN: center\">\r\n				<span><strong>Pos</strong></span></td>\r\n			<td colspan=\"2\" style=\"TEXT-ALIGN: center\">\r\n				<span><strong>%G_Qty%</strong></span></td>\r\n			<td style=\"TEXT-ALIGN: center\">\r\n				<span><span style=\"font-weight: bold;\">Text</span></span></td>\r\n			<td style=\"TEXT-ALIGN: center\">\r\n				<span><strong>%G_LBL_LIST_PRICE%<br />\r\n				</strong></span></td>\r\n			<td style=\"text-align: center;\">\r\n				<strong>%G_Subtotal%</strong></td>\r\n			<td style=\"TEXT-ALIGN: center\">\r\n				<span><strong>%G_Discount%</strong></span></td>\r\n			<td style=\"TEXT-ALIGN: center\">\r\n				<span><strong>%G_LBL_NET_PRICE%<br />\r\n				without TAX<br />\r\n				</strong></span></td>\r\n			<td style=\"text-align: center;\">\r\n				<span><strong>%G_Tax% (%)</strong></span></td>\r\n			<td style=\"text-align: center;\">\r\n				<span><strong>%G_Tax%</strong> (<strong>$CURRENCYCODE$</strong>)</span></td>\r\n			<td style=\"text-align: center;\">\r\n				<span><strong>%M_Total%</strong></span></td>\r\n		</tr>\r\n	</thead>\r\n	<tbody>\r\n		<tr>\r\n			<td colspan=\"11\">\r\n				#PRODUCTBLOC_START#</td>\r\n		</tr>\r\n		<tr>\r\n			<td style=\"text-align: center; vertical-align: top;\">\r\n				$PRODUCTPOSITION$</td>\r\n			<td align=\"right\" valign=\"top\">\r\n				$PRODUCTQUANTITY$</td>\r\n			<td align=\"left\" style=\"TEXT-ALIGN: center\" valign=\"top\">\r\n				$PRODUCTUSAGEUNIT$</td>\r\n			<td align=\"left\" valign=\"top\">\r\n				$PRODUCTNAME$</td>\r\n			<td align=\"right\" style=\"text-align: right;\" valign=\"top\">\r\n				$PRODUCTLISTPRICE$</td>\r\n			<td align=\"right\" style=\"TEXT-ALIGN: right\" valign=\"top\">\r\n				$PRODUCTTOTAL$</td>\r\n			<td align=\"right\" style=\"TEXT-ALIGN: right\" valign=\"top\">\r\n				$PRODUCTDISCOUNT$</td>\r\n			<td align=\"right\" style=\"text-align: right;\" valign=\"top\">\r\n				$PRODUCTSTOTALAFTERDISCOUNT$</td>\r\n			<td align=\"right\" style=\"text-align: right;\" valign=\"top\">\r\n				$PRODUCTVATPERCENT$</td>\r\n			<td align=\"right\" style=\"text-align: right;\" valign=\"top\">\r\n				$PRODUCTVATSUM$</td>\r\n			<td align=\"right\" style=\"TEXT-ALIGN: right\" valign=\"top\">\r\n				$PRODUCTTOTALSUM$</td>\r\n		</tr>\r\n		<tr>\r\n			<td colspan=\"11\">\r\n				#PRODUCTBLOC_END#</td>\r\n		</tr>\r\n		<tr>\r\n			<td colspan=\"7\" style=\"TEXT-ALIGN: left\">\r\n				Subtotals</td>\r\n			<td style=\"TEXT-ALIGN: right\">\r\n				<span style=\"text-align: right; \">$TOTALWITHOUTVAT$</span></td>\r\n			<td style=\"TEXT-ALIGN: right\">\r\n				&nbsp;</td>\r\n			<td style=\"TEXT-ALIGN: right\">\r\n				<span style=\"text-align: right; \">$VAT$</span></td>\r\n			<td style=\"TEXT-ALIGN: right\">\r\n				$SUBTOTAL$</td>\r\n		</tr>\r\n		<tr>\r\n			<td colspan=\"10\" style=\"TEXT-ALIGN: left\">\r\n				%G_Discount%</td>\r\n			<td style=\"TEXT-ALIGN: right\">\r\n				$TOTALDISCOUNT$</td>\r\n		</tr>\r\n		<tr>\r\n			<td colspan=\"10\" style=\"TEXT-ALIGN: left\">\r\n				Total with TAX</td>\r\n			<td style=\"TEXT-ALIGN: right\">\r\n				$TOTALWITHVAT$</td>\r\n		</tr>\r\n		<tr>\r\n			<td colspan=\"10\" style=\"text-align: left;\">\r\n				%G_LBL_SHIPPING_AND_HANDLING_CHARGES%</td>\r\n			<td style=\"text-align: right;\">\r\n				$SHTAXAMOUNT$</td>\r\n		</tr>\r\n		<tr>\r\n			<td colspan=\"10\" style=\"TEXT-ALIGN: left\">\r\n				%G_LBL_TAX_FOR_SHIPPING_AND_HANDLING%</td>\r\n			<td style=\"TEXT-ALIGN: right\">\r\n				$SHTAXTOTAL$</td>\r\n		</tr>\r\n		<tr>\r\n			<td colspan=\"10\" style=\"TEXT-ALIGN: left\">\r\n				%G_Adjustment%</td>\r\n			<td style=\"TEXT-ALIGN: right\">\r\n				$ADJUSTMENT$</td>\r\n		</tr>\r\n		<tr>\r\n			<td colspan=\"10\" style=\"TEXT-ALIGN: left\">\r\n				<span style=\"font-weight: bold;\">%G_LBL_GRAND_TOTAL% </span><strong>($CURRENCYCODE$)</strong></td>\r\n			<td nowrap=\"nowrap\" style=\"TEXT-ALIGN: right\">\r\n				<strong>$TOTAL$</strong></td>\r\n		</tr>\r\n	</tbody>\r\n</table>\r\n');
/*!40000 ALTER TABLE `vtiger_pdfmaker_productbloc_tpl` ENABLE KEYS */;
UNLOCK TABLES;

--
-- Table structure for table `vtiger_pdfmaker_profilespermissions`
--

DROP TABLE IF EXISTS `vtiger_pdfmaker_profilespermissions`;
/*!40101 SET @saved_cs_client     = @@character_set_client */;
/*!50503 SET character_set_client = utf8mb4 */;
CREATE TABLE `vtiger_pdfmaker_profilespermissions` (
  `profileid` int NOT NULL,
  `operation` int NOT NULL,
  `permissions` int NOT NULL,
  PRIMARY KEY (`profileid`,`operation`)
) ENGINE=InnoDB DEFAULT CHARSET=utf8mb3;
/*!40101 SET character_set_client = @saved_cs_client */;

--
-- Dumping data for table `vtiger_pdfmaker_profilespermissions`
--

LOCK TABLES `vtiger_pdfmaker_profilespermissions` WRITE;
/*!40000 ALTER TABLE `vtiger_pdfmaker_profilespermissions` DISABLE KEYS */;
/*!40000 ALTER TABLE `vtiger_pdfmaker_profilespermissions` ENABLE KEYS */;
UNLOCK TABLES;

--
-- Table structure for table `vtiger_pdfmaker_relblockcol`
--

DROP TABLE IF EXISTS `vtiger_pdfmaker_relblockcol`;
/*!40101 SET @saved_cs_client     = @@character_set_client */;
/*!50503 SET character_set_client = utf8mb4 */;
CREATE TABLE `vtiger_pdfmaker_relblockcol` (
  `colid` int NOT NULL,
  `relblockid` int NOT NULL,
  `columnname` varchar(250) NOT NULL,
  `sortorder` varchar(250) DEFAULT NULL,
  `sortsequence` tinyint NOT NULL DEFAULT '0',
  PRIMARY KEY (`relblockid`,`colid`)
) ENGINE=InnoDB DEFAULT CHARSET=utf8mb3;
/*!40101 SET character_set_client = @saved_cs_client */;

--
-- Dumping data for table `vtiger_pdfmaker_relblockcol`
--

LOCK TABLES `vtiger_pdfmaker_relblockcol` WRITE;
/*!40000 ALTER TABLE `vtiger_pdfmaker_relblockcol` DISABLE KEYS */;
/*!40000 ALTER TABLE `vtiger_pdfmaker_relblockcol` ENABLE KEYS */;
UNLOCK TABLES;

--
-- Table structure for table `vtiger_pdfmaker_relblockcriteria`
--

DROP TABLE IF EXISTS `vtiger_pdfmaker_relblockcriteria`;
/*!40101 SET @saved_cs_client     = @@character_set_client */;
/*!50503 SET character_set_client = utf8mb4 */;
CREATE TABLE `vtiger_pdfmaker_relblockcriteria` (
  `relblockid` int NOT NULL,
  `colid` int NOT NULL,
  `columnname` varchar(250) NOT NULL,
  `comparator` varchar(250) NOT NULL,
  `value` varchar(250) NOT NULL,
  `groupid` int NOT NULL,
  `column_condition` varchar(250) NOT NULL,
  PRIMARY KEY (`relblockid`,`colid`)
) ENGINE=InnoDB DEFAULT CHARSET=utf8mb3;
/*!40101 SET character_set_client = @saved_cs_client */;

--
-- Dumping data for table `vtiger_pdfmaker_relblockcriteria`
--

LOCK TABLES `vtiger_pdfmaker_relblockcriteria` WRITE;
/*!40000 ALTER TABLE `vtiger_pdfmaker_relblockcriteria` DISABLE KEYS */;
/*!40000 ALTER TABLE `vtiger_pdfmaker_relblockcriteria` ENABLE KEYS */;
UNLOCK TABLES;

--
-- Table structure for table `vtiger_pdfmaker_relblockcriteria_g`
--

DROP TABLE IF EXISTS `vtiger_pdfmaker_relblockcriteria_g`;
/*!40101 SET @saved_cs_client     = @@character_set_client */;
/*!50503 SET character_set_client = utf8mb4 */;
CREATE TABLE `vtiger_pdfmaker_relblockcriteria_g` (
  `groupid` int NOT NULL,
  `relblockid` int NOT NULL,
  `group_condition` varchar(250) DEFAULT NULL,
  `condition_expression` varchar(250) DEFAULT NULL,
  PRIMARY KEY (`groupid`,`relblockid`)
) ENGINE=InnoDB DEFAULT CHARSET=utf8mb3;
/*!40101 SET character_set_client = @saved_cs_client */;

--
-- Dumping data for table `vtiger_pdfmaker_relblockcriteria_g`
--

LOCK TABLES `vtiger_pdfmaker_relblockcriteria_g` WRITE;
/*!40000 ALTER TABLE `vtiger_pdfmaker_relblockcriteria_g` DISABLE KEYS */;
/*!40000 ALTER TABLE `vtiger_pdfmaker_relblockcriteria_g` ENABLE KEYS */;
UNLOCK TABLES;

--
-- Table structure for table `vtiger_pdfmaker_relblockdatefilter`
--

DROP TABLE IF EXISTS `vtiger_pdfmaker_relblockdatefilter`;
/*!40101 SET @saved_cs_client     = @@character_set_client */;
/*!50503 SET character_set_client = utf8mb4 */;
CREATE TABLE `vtiger_pdfmaker_relblockdatefilter` (
  `datefilterid` int NOT NULL,
  `datecolumnname` varchar(250) NOT NULL,
  `datefilter` varchar(250) NOT NULL,
  `startdate` date NOT NULL,
  `enddate` date NOT NULL,
  PRIMARY KEY (`datefilterid`)
) ENGINE=InnoDB DEFAULT CHARSET=utf8mb3;
/*!40101 SET character_set_client = @saved_cs_client */;

--
-- Dumping data for table `vtiger_pdfmaker_relblockdatefilter`
--

LOCK TABLES `vtiger_pdfmaker_relblockdatefilter` WRITE;
/*!40000 ALTER TABLE `vtiger_pdfmaker_relblockdatefilter` DISABLE KEYS */;
/*!40000 ALTER TABLE `vtiger_pdfmaker_relblockdatefilter` ENABLE KEYS */;
UNLOCK TABLES;

--
-- Table structure for table `vtiger_pdfmaker_relblocks`
--

DROP TABLE IF EXISTS `vtiger_pdfmaker_relblocks`;
/*!40101 SET @saved_cs_client     = @@character_set_client */;
/*!50503 SET character_set_client = utf8mb4 */;
CREATE TABLE `vtiger_pdfmaker_relblocks` (
  `relblockid` int NOT NULL,
  `name` varchar(255) NOT NULL,
  `module` varchar(255) NOT NULL,
  `secmodule` varchar(255) NOT NULL,
  `block` longtext NOT NULL,
  `deleted` tinyint NOT NULL DEFAULT '0',
  PRIMARY KEY (`relblockid`)
) ENGINE=InnoDB DEFAULT CHARSET=utf8mb3;
/*!40101 SET character_set_client = @saved_cs_client */;

--
-- Dumping data for table `vtiger_pdfmaker_relblocks`
--

LOCK TABLES `vtiger_pdfmaker_relblocks` WRITE;
/*!40000 ALTER TABLE `vtiger_pdfmaker_relblocks` DISABLE KEYS */;
/*!40000 ALTER TABLE `vtiger_pdfmaker_relblocks` ENABLE KEYS */;
UNLOCK TABLES;

--
-- Table structure for table `vtiger_pdfmaker_relblocksortcol`
--

DROP TABLE IF EXISTS `vtiger_pdfmaker_relblocksortcol`;
/*!40101 SET @saved_cs_client     = @@character_set_client */;
/*!50503 SET character_set_client = utf8mb4 */;
CREATE TABLE `vtiger_pdfmaker_relblocksortcol` (
  `sortcolid` int NOT NULL,
  `relblockid` int NOT NULL,
  `columnname` varchar(250) DEFAULT '',
  `sortorder` varchar(250) DEFAULT 'Asc',
  PRIMARY KEY (`sortcolid`,`relblockid`),
  KEY `fk_1_vtiger_pdfmaker_relblocksortcol` (`relblockid`)
) ENGINE=InnoDB DEFAULT CHARSET=utf8mb3;
/*!40101 SET character_set_client = @saved_cs_client */;

--
-- Dumping data for table `vtiger_pdfmaker_relblocksortcol`
--

LOCK TABLES `vtiger_pdfmaker_relblocksortcol` WRITE;
/*!40000 ALTER TABLE `vtiger_pdfmaker_relblocksortcol` DISABLE KEYS */;
/*!40000 ALTER TABLE `vtiger_pdfmaker_relblocksortcol` ENABLE KEYS */;
UNLOCK TABLES;

--
-- Table structure for table `vtiger_pdfmaker_releases`
--

DROP TABLE IF EXISTS `vtiger_pdfmaker_releases`;
/*!40101 SET @saved_cs_client     = @@character_set_client */;
/*!50503 SET character_set_client = utf8mb4 */;
CREATE TABLE `vtiger_pdfmaker_releases` (
  `id` int NOT NULL AUTO_INCREMENT,
  `version` varchar(10) NOT NULL,
  `date` datetime NOT NULL,
  `updated` tinyint(1) NOT NULL,
  PRIMARY KEY (`id`)
) ENGINE=InnoDB AUTO_INCREMENT=2 DEFAULT CHARSET=utf8mb3;
/*!40101 SET character_set_client = @saved_cs_client */;

--
-- Dumping data for table `vtiger_pdfmaker_releases`
--

LOCK TABLES `vtiger_pdfmaker_releases` WRITE;
/*!40000 ALTER TABLE `vtiger_pdfmaker_releases` DISABLE KEYS */;
INSERT INTO `vtiger_pdfmaker_releases` VALUES (1,'700.9.4','2021-06-24 11:40:51',1);
/*!40000 ALTER TABLE `vtiger_pdfmaker_releases` ENABLE KEYS */;
UNLOCK TABLES;

--
-- Table structure for table `vtiger_pdfmaker_seq`
--

DROP TABLE IF EXISTS `vtiger_pdfmaker_seq`;
/*!40101 SET @saved_cs_client     = @@character_set_client */;
/*!50503 SET character_set_client = utf8mb4 */;
CREATE TABLE `vtiger_pdfmaker_seq` (
  `id` int NOT NULL DEFAULT '1'
) ENGINE=InnoDB DEFAULT CHARSET=utf8mb3;
/*!40101 SET character_set_client = @saved_cs_client */;

--
-- Dumping data for table `vtiger_pdfmaker_seq`
--

LOCK TABLES `vtiger_pdfmaker_seq` WRITE;
/*!40000 ALTER TABLE `vtiger_pdfmaker_seq` DISABLE KEYS */;
INSERT INTO `vtiger_pdfmaker_seq` VALUES (4);
/*!40000 ALTER TABLE `vtiger_pdfmaker_seq` ENABLE KEYS */;
UNLOCK TABLES;

--
-- Table structure for table `vtiger_pdfmaker_settings`
--

DROP TABLE IF EXISTS `vtiger_pdfmaker_settings`;
/*!40101 SET @saved_cs_client     = @@character_set_client */;
/*!50503 SET character_set_client = utf8mb4 */;
CREATE TABLE `vtiger_pdfmaker_settings` (
  `templateid` int NOT NULL,
  `margin_top` decimal(12,1) DEFAULT NULL,
  `margin_bottom` decimal(12,1) DEFAULT NULL,
  `margin_left` decimal(12,1) DEFAULT NULL,
  `margin_right` decimal(12,1) DEFAULT NULL,
  `format` varchar(255) NOT NULL DEFAULT 'A4',
  `orientation` varchar(255) NOT NULL DEFAULT 'portrait',
  `decimals` tinyint NOT NULL,
  `decimal_point` char(2) NOT NULL,
  `thousands_separator` char(2) NOT NULL,
  `header` text NOT NULL,
  `footer` text NOT NULL,
  `encoding` varchar(20) NOT NULL DEFAULT 'auto',
  `file_name` varchar(255) DEFAULT NULL,
  `is_portal` tinyint(1) NOT NULL DEFAULT '0',
  `is_listview` tinyint(1) NOT NULL DEFAULT '0',
  `owner` int NOT NULL DEFAULT '1',
  `sharingtype` char(7) NOT NULL DEFAULT 'public',
  `disp_header` tinyint(1) NOT NULL DEFAULT '3',
  `disp_footer` tinyint(1) NOT NULL DEFAULT '7',
  `headerid` int DEFAULT NULL,
  `footerid` int DEFAULT NULL,
  `pdf_password` varchar(255) DEFAULT NULL,
  `watermark_type` varchar(255) DEFAULT NULL,
  `watermark_img_id` int DEFAULT NULL,
  `watermark_text` varchar(255) DEFAULT NULL,
  `watermark_alpha` decimal(2,1) DEFAULT NULL,
  PRIMARY KEY (`templateid`)
) ENGINE=InnoDB DEFAULT CHARSET=utf8mb3;
/*!40101 SET character_set_client = @saved_cs_client */;

--
-- Dumping data for table `vtiger_pdfmaker_settings`
--

LOCK TABLES `vtiger_pdfmaker_settings` WRITE;
/*!40000 ALTER TABLE `vtiger_pdfmaker_settings` DISABLE KEYS */;
INSERT INTO `vtiger_pdfmaker_settings` VALUES (1,2.0,2.0,2.0,2.0,'A4','portrait',2,',','.','<html><head>	<title></title></head><body><table border=\"0\" cellpadding=\"0\" cellspacing=\"0\" class=\"header\" width=\"100%\"><tbody>		<tr><td align=\"left\" valign=\"top\">$COMPANY_LOGO$</td><td align=\"right\" nowrap=\"nowrap\" valign=\"top\"><h1><span style=\"color: rgb(0, 0, 0); font-family: Verdana; font-size: x-large; font-style: normal; font-variant-ligatures: normal; font-variant-caps: normal; font-weight: bold; letter-spacing: normal; orphans: 2; text-align: start; text-indent: 0px; text-transform: none; white-space: normal; widows: 2; word-spacing: 0px; -webkit-text-stroke-width: 0px; text-decoration-style: initial; text-decoration-color: initial; display: inline !important; float: none;\">%M_Invoice No% $INVOICE_INVOICE_NO$</span></h1></td></tr></tbody></table></body></html>','<html><head><title></title></head><body><p style=\"text-align: center;\"><span style=\"font-size:10px;\">$COMPANY_NAME$ <small>&bull; </small>$COMPANY_ADDRESS$ <small>&bull; </small> $COMPANY_ZIP$<small> </small>$COMPANY_CITY$<small> &bull; </small>$COMPANY_STATE$</span></p></body></html>','auto',NULL,0,0,1,'public',3,7,NULL,NULL,NULL,NULL,NULL,NULL,NULL),(2,2.0,2.0,2.0,2.0,'A4','portrait',2,',','','<html><head><title></title></head><body><table border=\"0\" cellpadding=\"0\" cellspacing=\"0\" class=\"header\" width=\"100%\"><tbody><tr><td align=\"left\" valign=\"top\">$COMPANY_LOGO$</td><td align=\"right\" nowrap=\"nowrap\" valign=\"top\"><h1><span style=\"color: rgb(0, 0, 0); font-family: Verdana; font-size: x-large; font-style: normal; font-variant-ligatures: normal; font-variant-caps: normal; font-weight: bold; letter-spacing: normal; orphans: 2; text-align: start; text-indent: 0px; text-transform: none; white-space: normal; widows: 2; word-spacing: 0px; -webkit-text-stroke-width: 0px; text-decoration-style: initial; text-decoration-color: initial; display: inline !important; float: none;\">%SALESORDER_SALESORDER_NO% $SALESORDER_SALESORDER_NO$</span></h1></td></tr></tbody></table></body></html>','<html><head><title></title></head><body><p style=\"text-align: center;\"><span style=\"font-size:10px;\">$COMPANY_NAME$ <small>&bull; </small>$COMPANY_ADDRESS$ <small>&bull; </small> $COMPANY_ZIP$<small> </small>$COMPANY_CITY$<small> &bull; </small>$COMPANY_STATE$</span></p></body></html>','auto',NULL,0,0,1,'public',3,7,NULL,NULL,NULL,NULL,NULL,NULL,NULL),(3,2.0,2.0,2.0,2.0,'A4','portrait',2,',','','<html><head><title></title></head><body><table border=\"0\" cellpadding=\"0\" cellspacing=\"0\" class=\"header\" width=\"100%\"><tbody><tr><td align=\"left\" valign=\"top\">$COMPANY_LOGO$</td><td align=\"right\" nowrap=\"nowrap\" valign=\"top\">	<h1><span style=\"color: rgb(0, 0, 0); font-family: Verdana; font-size: x-large; font-style: normal; font-variant-ligatures: normal; font-variant-caps: normal; font-weight: bold; letter-spacing: normal; orphans: 2; text-align: start; text-indent: 0px; text-transform: none; white-space: normal; widows: 2; word-spacing: 0px; -webkit-text-stroke-width: 0px; text-decoration-style: initial; text-decoration-color: initial; display: inline !important; float: none;\">%PURCHASEORDER_PURCHASEORDER_NO% $PURCHASEORDER_PURCHASEORDER_NO$</span></h1></td></tr></tbody></table></body></html>','<html><head><title></title></head><body><p style=\"text-align: center;\"><span style=\"font-size:10px;\">$COMPANY_NAME$ <small>&bull; </small>$COMPANY_ADDRESS$ <small>&bull; </small> $COMPANY_ZIP$<small> </small>$COMPANY_CITY$<small> &bull; </small>$COMPANY_STATE$</span></p></body></html>','auto',NULL,0,0,1,'public',3,7,NULL,NULL,NULL,NULL,NULL,NULL,NULL),(4,2.0,2.0,2.0,2.0,'A4','portrait',2,',','','<html><head>	<title></title></head><body><table border=\"0\" cellpadding=\"0\" cellspacing=\"0\" class=\"header\" width=\"100%\"><tbody>		<tr><td align=\"left\" valign=\"top\">$COMPANY_LOGO$</td><td align=\"right\" nowrap=\"nowrap\" valign=\"top\"><h1><span style=\"color: rgb(0, 0, 0); font-family: Verdana; font-size: x-large; font-style: normal; font-variant-ligatures: normal; font-variant-caps: normal; font-weight: bold; letter-spacing: normal; orphans: 2; text-align: start; text-indent: 0px; text-transform: none; white-space: normal; widows: 2; word-spacing: 0px; -webkit-text-stroke-width: 0px; text-decoration-style: initial; text-decoration-color: initial; display: inline !important; float: none;\">%M_Quote No% $QUOTES_QUOTE_NO$</span></h1></td></tr></tbody></table></body></html>','<html><head>	<title></title></head><body><p style=\"text-align: center;\"><span style=\"font-size:10px;\">$COMPANY_NAME$ <small>&bull; </small>$COMPANY_ADDRESS$ <small>&bull; </small> $COMPANY_ZIP$<small> </small>$COMPANY_CITY$<small> &bull; </small>$COMPANY_STATE$</span></p></body></html>','auto',NULL,0,0,1,'public',3,7,NULL,NULL,NULL,NULL,NULL,NULL,NULL);
/*!40000 ALTER TABLE `vtiger_pdfmaker_settings` ENABLE KEYS */;
UNLOCK TABLES;

--
-- Table structure for table `vtiger_pdfmaker_sharing`
--

DROP TABLE IF EXISTS `vtiger_pdfmaker_sharing`;
/*!40101 SET @saved_cs_client     = @@character_set_client */;
/*!50503 SET character_set_client = utf8mb4 */;
CREATE TABLE `vtiger_pdfmaker_sharing` (
  `templateid` int NOT NULL,
  `shareid` varchar(10) NOT NULL,
  `setype` varchar(200) NOT NULL,
  PRIMARY KEY (`templateid`,`shareid`,`setype`)
) ENGINE=InnoDB DEFAULT CHARSET=utf8mb3;
/*!40101 SET character_set_client = @saved_cs_client */;

--
-- Dumping data for table `vtiger_pdfmaker_sharing`
--

LOCK TABLES `vtiger_pdfmaker_sharing` WRITE;
/*!40000 ALTER TABLE `vtiger_pdfmaker_sharing` DISABLE KEYS */;
/*!40000 ALTER TABLE `vtiger_pdfmaker_sharing` ENABLE KEYS */;
UNLOCK TABLES;

--
-- Table structure for table `vtiger_pdfmaker_usersettings`
--

DROP TABLE IF EXISTS `vtiger_pdfmaker_usersettings`;
/*!40101 SET @saved_cs_client     = @@character_set_client */;
/*!50503 SET character_set_client = utf8mb4 */;
CREATE TABLE `vtiger_pdfmaker_usersettings` (
  `userid` int NOT NULL,
  `is_notified` tinyint(1) NOT NULL DEFAULT '0',
  PRIMARY KEY (`userid`)
) ENGINE=InnoDB DEFAULT CHARSET=utf8mb3;
/*!40101 SET character_set_client = @saved_cs_client */;

--
-- Dumping data for table `vtiger_pdfmaker_usersettings`
--

LOCK TABLES `vtiger_pdfmaker_usersettings` WRITE;
/*!40000 ALTER TABLE `vtiger_pdfmaker_usersettings` DISABLE KEYS */;
INSERT INTO `vtiger_pdfmaker_usersettings` VALUES (1,1);
/*!40000 ALTER TABLE `vtiger_pdfmaker_usersettings` ENABLE KEYS */;
UNLOCK TABLES;

--
-- Table structure for table `vtiger_pdfmaker_userstatus`
--

DROP TABLE IF EXISTS `vtiger_pdfmaker_userstatus`;
/*!40101 SET @saved_cs_client     = @@character_set_client */;
/*!50503 SET character_set_client = utf8mb4 */;
CREATE TABLE `vtiger_pdfmaker_userstatus` (
  `templateid` int NOT NULL,
  `userid` int NOT NULL,
  `is_active` tinyint(1) NOT NULL,
  `is_default` tinyint(1) NOT NULL,
  `sequence` int NOT NULL DEFAULT '1',
  PRIMARY KEY (`templateid`,`userid`)
) ENGINE=InnoDB DEFAULT CHARSET=utf8mb3;
/*!40101 SET character_set_client = @saved_cs_client */;

--
-- Dumping data for table `vtiger_pdfmaker_userstatus`
--

LOCK TABLES `vtiger_pdfmaker_userstatus` WRITE;
/*!40000 ALTER TABLE `vtiger_pdfmaker_userstatus` DISABLE KEYS */;
/*!40000 ALTER TABLE `vtiger_pdfmaker_userstatus` ENABLE KEYS */;
UNLOCK TABLES;

--
-- Table structure for table `vtiger_pdfmaker_version`
--

DROP TABLE IF EXISTS `vtiger_pdfmaker_version`;
/*!40101 SET @saved_cs_client     = @@character_set_client */;
/*!50503 SET character_set_client = utf8mb4 */;
CREATE TABLE `vtiger_pdfmaker_version` (
  `version` varchar(30) NOT NULL,
  `license` varchar(255) NOT NULL,
  UNIQUE KEY `version` (`version`)
) ENGINE=InnoDB DEFAULT CHARSET=utf8mb3;
/*!40101 SET character_set_client = @saved_cs_client */;

--
-- Dumping data for table `vtiger_pdfmaker_version`
--

LOCK TABLES `vtiger_pdfmaker_version` WRITE;
/*!40000 ALTER TABLE `vtiger_pdfmaker_version` DISABLE KEYS */;
INSERT INTO `vtiger_pdfmaker_version` VALUES ('7','Pb1bc9b1194ec4ee6a6cde2faaed507c6');
/*!40000 ALTER TABLE `vtiger_pdfmaker_version` ENABLE KEYS */;
UNLOCK TABLES;

--
-- Table structure for table `vtiger_picklist`
--

DROP TABLE IF EXISTS `vtiger_picklist`;
/*!40101 SET @saved_cs_client     = @@character_set_client */;
/*!50503 SET character_set_client = utf8mb4 */;
CREATE TABLE `vtiger_picklist` (
  `picklistid` int NOT NULL AUTO_INCREMENT,
  `name` varchar(200) NOT NULL,
  PRIMARY KEY (`picklistid`),
  UNIQUE KEY `picklist_name_idx` (`name`)
) ENGINE=InnoDB AUTO_INCREMENT=64 DEFAULT CHARSET=utf8mb3;
/*!40101 SET character_set_client = @saved_cs_client */;

--
-- Dumping data for table `vtiger_picklist`
--

LOCK TABLES `vtiger_picklist` WRITE;
/*!40000 ALTER TABLE `vtiger_picklist` DISABLE KEYS */;
INSERT INTO `vtiger_picklist` VALUES (1,'accounttype'),(2,'activitytype'),(45,'assetstatus'),(57,'attendant_category'),(58,'attendant_gender'),(59,'attendant_status'),(63,'bill_paid'),(3,'campaignstatus'),(4,'campaigntype'),(5,'carrier'),(33,'contract_priority'),(32,'contract_status'),(34,'contract_type'),(56,'defaultactivitytype'),(55,'defaulteventstatus'),(6,'eventstatus'),(7,'expectedresponse'),(8,'faqcategories'),(9,'faqstatus'),(60,'gender'),(10,'glacct'),(11,'industry'),(12,'invoicestatus'),(13,'leadsource'),(14,'leadstatus'),(15,'manufacturer'),(16,'opportunity_type'),(38,'pay_type'),(17,'postatus'),(18,'productcategory'),(53,'progress'),(46,'projectmilestonetype'),(52,'projectpriority'),(50,'projectstatus'),(48,'projecttaskpriority'),(49,'projecttaskprogress'),(54,'projecttaskstatus'),(47,'projecttasktype'),(51,'projecttype'),(19,'quotestage'),(20,'rating'),(21,'sales_stage'),(22,'salutationtype'),(36,'servicecategory'),(35,'service_usageunit'),(23,'sostatus'),(40,'spstatus'),(44,'sp_actstatus'),(37,'sp_consignmentstatus'),(24,'taskpriority'),(25,'taskstatus'),(26,'ticketcategories'),(27,'ticketpriorities'),(28,'ticketseverities'),(29,'ticketstatus'),(62,'timetable_status'),(31,'tracking_unit'),(61,'trips_status'),(43,'tw_status'),(41,'type'),(39,'type_payment'),(30,'usageunit'),(42,'vk_status');
/*!40000 ALTER TABLE `vtiger_picklist` ENABLE KEYS */;
UNLOCK TABLES;

--
-- Table structure for table `vtiger_picklist_dependency`
--

DROP TABLE IF EXISTS `vtiger_picklist_dependency`;
/*!40101 SET @saved_cs_client     = @@character_set_client */;
/*!50503 SET character_set_client = utf8mb4 */;
CREATE TABLE `vtiger_picklist_dependency` (
  `id` int NOT NULL,
  `tabid` int NOT NULL,
  `sourcefield` varchar(255) DEFAULT NULL,
  `targetfield` varchar(255) DEFAULT NULL,
  `sourcevalue` varchar(100) DEFAULT NULL,
  `targetvalues` text,
  `criteria` text,
  PRIMARY KEY (`id`)
) ENGINE=InnoDB DEFAULT CHARSET=utf8mb3;
/*!40101 SET character_set_client = @saved_cs_client */;

--
-- Dumping data for table `vtiger_picklist_dependency`
--

LOCK TABLES `vtiger_picklist_dependency` WRITE;
/*!40000 ALTER TABLE `vtiger_picklist_dependency` DISABLE KEYS */;
/*!40000 ALTER TABLE `vtiger_picklist_dependency` ENABLE KEYS */;
UNLOCK TABLES;

--
-- Table structure for table `vtiger_picklist_seq`
--

DROP TABLE IF EXISTS `vtiger_picklist_seq`;
/*!40101 SET @saved_cs_client     = @@character_set_client */;
/*!50503 SET character_set_client = utf8mb4 */;
CREATE TABLE `vtiger_picklist_seq` (
  `id` int NOT NULL
) ENGINE=InnoDB DEFAULT CHARSET=utf8mb3;
/*!40101 SET character_set_client = @saved_cs_client */;

--
-- Dumping data for table `vtiger_picklist_seq`
--

LOCK TABLES `vtiger_picklist_seq` WRITE;
/*!40000 ALTER TABLE `vtiger_picklist_seq` DISABLE KEYS */;
INSERT INTO `vtiger_picklist_seq` VALUES (63);
/*!40000 ALTER TABLE `vtiger_picklist_seq` ENABLE KEYS */;
UNLOCK TABLES;

--
-- Table structure for table `vtiger_picklist_transitions`
--

DROP TABLE IF EXISTS `vtiger_picklist_transitions`;
/*!40101 SET @saved_cs_client     = @@character_set_client */;
/*!50503 SET character_set_client = utf8mb4 */;
CREATE TABLE `vtiger_picklist_transitions` (
  `fieldname` varchar(255) NOT NULL,
  `module` varchar(100) NOT NULL,
  `transition_data` varchar(1000) NOT NULL,
  PRIMARY KEY (`fieldname`)
) ENGINE=InnoDB DEFAULT CHARSET=utf8mb3;
/*!40101 SET character_set_client = @saved_cs_client */;

--
-- Dumping data for table `vtiger_picklist_transitions`
--

LOCK TABLES `vtiger_picklist_transitions` WRITE;
/*!40000 ALTER TABLE `vtiger_picklist_transitions` DISABLE KEYS */;
/*!40000 ALTER TABLE `vtiger_picklist_transitions` ENABLE KEYS */;
UNLOCK TABLES;

--
-- Table structure for table `vtiger_picklistvalues_seq`
--

DROP TABLE IF EXISTS `vtiger_picklistvalues_seq`;
/*!40101 SET @saved_cs_client     = @@character_set_client */;
/*!50503 SET character_set_client = utf8mb4 */;
CREATE TABLE `vtiger_picklistvalues_seq` (
  `id` int NOT NULL
) ENGINE=InnoDB DEFAULT CHARSET=utf8mb3;
/*!40101 SET character_set_client = @saved_cs_client */;

--
-- Dumping data for table `vtiger_picklistvalues_seq`
--

LOCK TABLES `vtiger_picklistvalues_seq` WRITE;
/*!40000 ALTER TABLE `vtiger_picklistvalues_seq` DISABLE KEYS */;
INSERT INTO `vtiger_picklistvalues_seq` VALUES (353);
/*!40000 ALTER TABLE `vtiger_picklistvalues_seq` ENABLE KEYS */;
UNLOCK TABLES;

--
-- Table structure for table `vtiger_pobillads`
--

DROP TABLE IF EXISTS `vtiger_pobillads`;
/*!40101 SET @saved_cs_client     = @@character_set_client */;
/*!50503 SET character_set_client = utf8mb4 */;
CREATE TABLE `vtiger_pobillads` (
  `pobilladdressid` int NOT NULL DEFAULT '0',
  `bill_city` varchar(30) DEFAULT NULL,
  `bill_code` varchar(30) DEFAULT NULL,
  `bill_country` varchar(30) DEFAULT NULL,
  `bill_state` varchar(30) DEFAULT NULL,
  `bill_street` varchar(250) DEFAULT NULL,
  `bill_pobox` varchar(30) DEFAULT NULL,
  PRIMARY KEY (`pobilladdressid`),
  CONSTRAINT `fk_1_vtiger_pobillads` FOREIGN KEY (`pobilladdressid`) REFERENCES `vtiger_purchaseorder` (`purchaseorderid`) ON DELETE CASCADE
) ENGINE=InnoDB DEFAULT CHARSET=utf8mb3;
/*!40101 SET character_set_client = @saved_cs_client */;

--
-- Dumping data for table `vtiger_pobillads`
--

LOCK TABLES `vtiger_pobillads` WRITE;
/*!40000 ALTER TABLE `vtiger_pobillads` DISABLE KEYS */;
/*!40000 ALTER TABLE `vtiger_pobillads` ENABLE KEYS */;
UNLOCK TABLES;

--
-- Table structure for table `vtiger_portal`
--

DROP TABLE IF EXISTS `vtiger_portal`;
/*!40101 SET @saved_cs_client     = @@character_set_client */;
/*!50503 SET character_set_client = utf8mb4 */;
CREATE TABLE `vtiger_portal` (
  `portalid` int NOT NULL,
  `portalname` varchar(200) NOT NULL,
  `portalurl` varchar(255) NOT NULL,
  `sequence` int NOT NULL,
  `setdefault` int NOT NULL DEFAULT '0',
  `createdtime` datetime DEFAULT NULL,
  PRIMARY KEY (`portalid`),
  KEY `portal_portalname_idx` (`portalname`)
) ENGINE=InnoDB DEFAULT CHARSET=utf8mb3;
/*!40101 SET character_set_client = @saved_cs_client */;

--
-- Dumping data for table `vtiger_portal`
--

LOCK TABLES `vtiger_portal` WRITE;
/*!40000 ALTER TABLE `vtiger_portal` DISABLE KEYS */;
/*!40000 ALTER TABLE `vtiger_portal` ENABLE KEYS */;
UNLOCK TABLES;

--
-- Table structure for table `vtiger_portalinfo`
--

DROP TABLE IF EXISTS `vtiger_portalinfo`;
/*!40101 SET @saved_cs_client     = @@character_set_client */;
/*!50503 SET character_set_client = utf8mb4 */;
CREATE TABLE `vtiger_portalinfo` (
  `id` int NOT NULL,
  `user_name` varchar(50) DEFAULT NULL,
  `user_password` varchar(255) DEFAULT NULL,
  `type` varchar(5) DEFAULT NULL,
  `cryptmode` varchar(20) DEFAULT NULL,
  `last_login_time` datetime DEFAULT NULL,
  `login_time` datetime DEFAULT NULL,
  `logout_time` datetime DEFAULT NULL,
  `isactive` int DEFAULT NULL,
  PRIMARY KEY (`id`),
  CONSTRAINT `fk_1_vtiger_portalinfo` FOREIGN KEY (`id`) REFERENCES `vtiger_contactdetails` (`contactid`) ON DELETE CASCADE
) ENGINE=InnoDB DEFAULT CHARSET=utf8mb3;
/*!40101 SET character_set_client = @saved_cs_client */;

--
-- Dumping data for table `vtiger_portalinfo`
--

LOCK TABLES `vtiger_portalinfo` WRITE;
/*!40000 ALTER TABLE `vtiger_portalinfo` DISABLE KEYS */;
INSERT INTO `vtiger_portalinfo` VALUES (7,'erickorolev@gmail.com','$2y$10$v6Z53N6myHLVsH/mF7N3gO4XiMR8MynLCqUIzJ7Cn.2A7cv30OBsu','C','CRYPT',NULL,'2021-06-29 10:16:45',NULL,1);
/*!40000 ALTER TABLE `vtiger_portalinfo` ENABLE KEYS */;
UNLOCK TABLES;

--
-- Table structure for table `vtiger_poshipads`
--

DROP TABLE IF EXISTS `vtiger_poshipads`;
/*!40101 SET @saved_cs_client     = @@character_set_client */;
/*!50503 SET character_set_client = utf8mb4 */;
CREATE TABLE `vtiger_poshipads` (
  `poshipaddressid` int NOT NULL DEFAULT '0',
  `ship_city` varchar(30) DEFAULT NULL,
  `ship_code` varchar(30) DEFAULT NULL,
  `ship_country` varchar(30) DEFAULT NULL,
  `ship_state` varchar(30) DEFAULT NULL,
  `ship_street` varchar(250) DEFAULT NULL,
  `ship_pobox` varchar(30) DEFAULT NULL,
  PRIMARY KEY (`poshipaddressid`),
  CONSTRAINT `fk_1_vtiger_poshipads` FOREIGN KEY (`poshipaddressid`) REFERENCES `vtiger_purchaseorder` (`purchaseorderid`) ON DELETE CASCADE
) ENGINE=InnoDB DEFAULT CHARSET=utf8mb3;
/*!40101 SET character_set_client = @saved_cs_client */;

--
-- Dumping data for table `vtiger_poshipads`
--

LOCK TABLES `vtiger_poshipads` WRITE;
/*!40000 ALTER TABLE `vtiger_poshipads` DISABLE KEYS */;
/*!40000 ALTER TABLE `vtiger_poshipads` ENABLE KEYS */;
UNLOCK TABLES;

--
-- Table structure for table `vtiger_postatus`
--

DROP TABLE IF EXISTS `vtiger_postatus`;
/*!40101 SET @saved_cs_client     = @@character_set_client */;
/*!50503 SET character_set_client = utf8mb4 */;
CREATE TABLE `vtiger_postatus` (
  `postatusid` int NOT NULL AUTO_INCREMENT,
  `postatus` varchar(200) NOT NULL,
  `presence` int NOT NULL DEFAULT '1',
  `picklist_valueid` int NOT NULL DEFAULT '0',
  `sortorderid` int DEFAULT NULL,
  `color` varchar(10) DEFAULT NULL,
  PRIMARY KEY (`postatusid`),
  UNIQUE KEY `postatus_postatus_idx` (`postatus`)
) ENGINE=InnoDB AUTO_INCREMENT=6 DEFAULT CHARSET=utf8mb3;
/*!40101 SET character_set_client = @saved_cs_client */;

--
-- Dumping data for table `vtiger_postatus`
--

LOCK TABLES `vtiger_postatus` WRITE;
/*!40000 ALTER TABLE `vtiger_postatus` DISABLE KEYS */;
INSERT INTO `vtiger_postatus` VALUES (1,'Created',0,130,0,NULL),(2,'Approved',0,131,1,NULL),(3,'Delivered',0,132,2,NULL),(4,'Cancelled',0,133,3,NULL),(5,'Received Shipment',0,134,4,NULL);
/*!40000 ALTER TABLE `vtiger_postatus` ENABLE KEYS */;
UNLOCK TABLES;

--
-- Table structure for table `vtiger_postatus_seq`
--

DROP TABLE IF EXISTS `vtiger_postatus_seq`;
/*!40101 SET @saved_cs_client     = @@character_set_client */;
/*!50503 SET character_set_client = utf8mb4 */;
CREATE TABLE `vtiger_postatus_seq` (
  `id` int NOT NULL
) ENGINE=InnoDB DEFAULT CHARSET=utf8mb3;
/*!40101 SET character_set_client = @saved_cs_client */;

--
-- Dumping data for table `vtiger_postatus_seq`
--

LOCK TABLES `vtiger_postatus_seq` WRITE;
/*!40000 ALTER TABLE `vtiger_postatus_seq` DISABLE KEYS */;
INSERT INTO `vtiger_postatus_seq` VALUES (5);
/*!40000 ALTER TABLE `vtiger_postatus_seq` ENABLE KEYS */;
UNLOCK TABLES;

--
-- Table structure for table `vtiger_postatushistory`
--

DROP TABLE IF EXISTS `vtiger_postatushistory`;
/*!40101 SET @saved_cs_client     = @@character_set_client */;
/*!50503 SET character_set_client = utf8mb4 */;
CREATE TABLE `vtiger_postatushistory` (
  `historyid` int NOT NULL AUTO_INCREMENT,
  `purchaseorderid` int NOT NULL,
  `vendorname` varchar(100) DEFAULT NULL,
  `total` decimal(10,0) DEFAULT NULL,
  `postatus` varchar(200) DEFAULT NULL,
  `lastmodified` datetime DEFAULT NULL,
  PRIMARY KEY (`historyid`),
  KEY `postatushistory_purchaseorderid_idx` (`purchaseorderid`),
  CONSTRAINT `fk_1_vtiger_postatushistory` FOREIGN KEY (`purchaseorderid`) REFERENCES `vtiger_purchaseorder` (`purchaseorderid`) ON DELETE CASCADE
) ENGINE=InnoDB DEFAULT CHARSET=utf8mb3;
/*!40101 SET character_set_client = @saved_cs_client */;

--
-- Dumping data for table `vtiger_postatushistory`
--

LOCK TABLES `vtiger_postatushistory` WRITE;
/*!40000 ALTER TABLE `vtiger_postatushistory` DISABLE KEYS */;
/*!40000 ALTER TABLE `vtiger_postatushistory` ENABLE KEYS */;
UNLOCK TABLES;

--
-- Table structure for table `vtiger_potential`
--

DROP TABLE IF EXISTS `vtiger_potential`;
/*!40101 SET @saved_cs_client     = @@character_set_client */;
/*!50503 SET character_set_client = utf8mb4 */;
CREATE TABLE `vtiger_potential` (
  `potentialid` int NOT NULL DEFAULT '0',
  `potential_no` varchar(100) NOT NULL,
  `related_to` int DEFAULT NULL,
  `potentialname` varchar(120) NOT NULL,
  `amount` decimal(25,8) DEFAULT NULL,
  `currency` varchar(20) DEFAULT NULL,
  `closingdate` date DEFAULT NULL,
  `typeofrevenue` varchar(50) DEFAULT NULL,
  `nextstep` varchar(100) DEFAULT NULL,
  `private` int DEFAULT '0',
  `probability` decimal(7,3) DEFAULT '0.000',
  `campaignid` int DEFAULT NULL,
  `sales_stage` varchar(200) DEFAULT NULL,
  `potentialtype` varchar(200) DEFAULT NULL,
  `leadsource` varchar(200) DEFAULT NULL,
  `productid` int DEFAULT NULL,
  `productversion` varchar(50) DEFAULT NULL,
  `quotationref` varchar(50) DEFAULT NULL,
  `partnercontact` varchar(50) DEFAULT NULL,
  `remarks` varchar(50) DEFAULT NULL,
  `runtimefee` int DEFAULT '0',
  `followupdate` date DEFAULT NULL,
  `evaluationstatus` varchar(50) DEFAULT NULL,
  `description` text,
  `forecastcategory` int DEFAULT '0',
  `outcomeanalysis` int DEFAULT '0',
  `forecast_amount` decimal(25,8) DEFAULT NULL,
  `isconvertedfromlead` varchar(3) DEFAULT '0',
  `contact_id` int DEFAULT NULL,
  `spcompany` varchar(200) CHARACTER SET utf8 COLLATE utf8_unicode_ci DEFAULT 'Default',
  `tags` varchar(1) DEFAULT NULL,
  `converted` int NOT NULL DEFAULT '0',
  PRIMARY KEY (`potentialid`),
  KEY `potential_relatedto_idx` (`related_to`),
  KEY `potentail_sales_stage_idx` (`sales_stage`),
  KEY `potentail_sales_stage_amount_idx` (`amount`,`sales_stage`),
  CONSTRAINT `fk_1_vtiger_potential` FOREIGN KEY (`potentialid`) REFERENCES `vtiger_crmentity` (`crmid`) ON DELETE CASCADE
) ENGINE=InnoDB DEFAULT CHARSET=utf8mb3;
/*!40101 SET character_set_client = @saved_cs_client */;

--
-- Dumping data for table `vtiger_potential`
--

LOCK TABLES `vtiger_potential` WRITE;
/*!40000 ALTER TABLE `vtiger_potential` DISABLE KEYS */;
INSERT INTO `vtiger_potential` VALUES (12,'СДЕЛКА_1',0,'Иван Петров',0.00000000,NULL,'2021-07-07',NULL,'',0,0.000,0,'Prospecting','','',NULL,NULL,NULL,NULL,NULL,0,NULL,NULL,NULL,0,0,0.00000000,'1',11,'Default','',0);
/*!40000 ALTER TABLE `vtiger_potential` ENABLE KEYS */;
UNLOCK TABLES;

--
-- Table structure for table `vtiger_potentialscf`
--

DROP TABLE IF EXISTS `vtiger_potentialscf`;
/*!40101 SET @saved_cs_client     = @@character_set_client */;
/*!50503 SET character_set_client = utf8mb4 */;
CREATE TABLE `vtiger_potentialscf` (
  `potentialid` int NOT NULL DEFAULT '0',
  PRIMARY KEY (`potentialid`),
  CONSTRAINT `fk_1_vtiger_potentialscf` FOREIGN KEY (`potentialid`) REFERENCES `vtiger_potential` (`potentialid`) ON DELETE CASCADE
) ENGINE=InnoDB DEFAULT CHARSET=utf8mb3;
/*!40101 SET character_set_client = @saved_cs_client */;

--
-- Dumping data for table `vtiger_potentialscf`
--

LOCK TABLES `vtiger_potentialscf` WRITE;
/*!40000 ALTER TABLE `vtiger_potentialscf` DISABLE KEYS */;
INSERT INTO `vtiger_potentialscf` VALUES (12);
/*!40000 ALTER TABLE `vtiger_potentialscf` ENABLE KEYS */;
UNLOCK TABLES;

--
-- Table structure for table `vtiger_potstagehistory`
--

DROP TABLE IF EXISTS `vtiger_potstagehistory`;
/*!40101 SET @saved_cs_client     = @@character_set_client */;
/*!50503 SET character_set_client = utf8mb4 */;
CREATE TABLE `vtiger_potstagehistory` (
  `historyid` int NOT NULL AUTO_INCREMENT,
  `potentialid` int NOT NULL,
  `amount` decimal(10,0) DEFAULT NULL,
  `stage` varchar(100) DEFAULT NULL,
  `probability` decimal(7,3) DEFAULT NULL,
  `expectedrevenue` decimal(10,0) DEFAULT NULL,
  `closedate` date DEFAULT NULL,
  `lastmodified` datetime DEFAULT NULL,
  PRIMARY KEY (`historyid`),
  KEY `potstagehistory_potentialid_idx` (`potentialid`),
  CONSTRAINT `fk_1_vtiger_potstagehistory` FOREIGN KEY (`potentialid`) REFERENCES `vtiger_potential` (`potentialid`) ON DELETE CASCADE
) ENGINE=InnoDB DEFAULT CHARSET=utf8mb3;
/*!40101 SET character_set_client = @saved_cs_client */;

--
-- Dumping data for table `vtiger_potstagehistory`
--

LOCK TABLES `vtiger_potstagehistory` WRITE;
/*!40000 ALTER TABLE `vtiger_potstagehistory` DISABLE KEYS */;
/*!40000 ALTER TABLE `vtiger_potstagehistory` ENABLE KEYS */;
UNLOCK TABLES;

--
-- Table structure for table `vtiger_pricebook`
--

DROP TABLE IF EXISTS `vtiger_pricebook`;
/*!40101 SET @saved_cs_client     = @@character_set_client */;
/*!50503 SET character_set_client = utf8mb4 */;
CREATE TABLE `vtiger_pricebook` (
  `pricebookid` int NOT NULL DEFAULT '0',
  `pricebook_no` varchar(100) NOT NULL,
  `bookname` varchar(100) DEFAULT NULL,
  `active` int DEFAULT NULL,
  `currency_id` int NOT NULL DEFAULT '1',
  `one_s_id` varchar(255) DEFAULT NULL,
  `tags` varchar(1) DEFAULT NULL,
  PRIMARY KEY (`pricebookid`),
  CONSTRAINT `fk_1_vtiger_pricebook` FOREIGN KEY (`pricebookid`) REFERENCES `vtiger_crmentity` (`crmid`) ON DELETE CASCADE
) ENGINE=InnoDB DEFAULT CHARSET=utf8mb3;
/*!40101 SET character_set_client = @saved_cs_client */;

--
-- Dumping data for table `vtiger_pricebook`
--

LOCK TABLES `vtiger_pricebook` WRITE;
/*!40000 ALTER TABLE `vtiger_pricebook` DISABLE KEYS */;
/*!40000 ALTER TABLE `vtiger_pricebook` ENABLE KEYS */;
UNLOCK TABLES;

--
-- Table structure for table `vtiger_pricebookcf`
--

DROP TABLE IF EXISTS `vtiger_pricebookcf`;
/*!40101 SET @saved_cs_client     = @@character_set_client */;
/*!50503 SET character_set_client = utf8mb4 */;
CREATE TABLE `vtiger_pricebookcf` (
  `pricebookid` int NOT NULL DEFAULT '0',
  PRIMARY KEY (`pricebookid`),
  CONSTRAINT `fk_1_vtiger_pricebookcf` FOREIGN KEY (`pricebookid`) REFERENCES `vtiger_pricebook` (`pricebookid`) ON DELETE CASCADE
) ENGINE=InnoDB DEFAULT CHARSET=utf8mb3;
/*!40101 SET character_set_client = @saved_cs_client */;

--
-- Dumping data for table `vtiger_pricebookcf`
--

LOCK TABLES `vtiger_pricebookcf` WRITE;
/*!40000 ALTER TABLE `vtiger_pricebookcf` DISABLE KEYS */;
/*!40000 ALTER TABLE `vtiger_pricebookcf` ENABLE KEYS */;
UNLOCK TABLES;

--
-- Table structure for table `vtiger_pricebookproductrel`
--

DROP TABLE IF EXISTS `vtiger_pricebookproductrel`;
/*!40101 SET @saved_cs_client     = @@character_set_client */;
/*!50503 SET character_set_client = utf8mb4 */;
CREATE TABLE `vtiger_pricebookproductrel` (
  `pricebookid` int NOT NULL,
  `productid` int NOT NULL,
  `listprice` decimal(27,8) DEFAULT NULL,
  `usedcurrency` int NOT NULL DEFAULT '1',
  PRIMARY KEY (`pricebookid`,`productid`),
  KEY `pricebookproductrel_pricebookid_idx` (`pricebookid`),
  KEY `pricebookproductrel_productid_idx` (`productid`),
  CONSTRAINT `fk_1_vtiger_pricebookproductrel` FOREIGN KEY (`pricebookid`) REFERENCES `vtiger_pricebook` (`pricebookid`) ON DELETE CASCADE
) ENGINE=InnoDB DEFAULT CHARSET=utf8mb3;
/*!40101 SET character_set_client = @saved_cs_client */;

--
-- Dumping data for table `vtiger_pricebookproductrel`
--

LOCK TABLES `vtiger_pricebookproductrel` WRITE;
/*!40000 ALTER TABLE `vtiger_pricebookproductrel` DISABLE KEYS */;
/*!40000 ALTER TABLE `vtiger_pricebookproductrel` ENABLE KEYS */;
UNLOCK TABLES;

--
-- Table structure for table `vtiger_priority`
--

DROP TABLE IF EXISTS `vtiger_priority`;
/*!40101 SET @saved_cs_client     = @@character_set_client */;
/*!50503 SET character_set_client = utf8mb4 */;
CREATE TABLE `vtiger_priority` (
  `priorityid` int NOT NULL AUTO_INCREMENT,
  `priority` varchar(200) NOT NULL,
  `sortorderid` int NOT NULL DEFAULT '0',
  `presence` int NOT NULL DEFAULT '1',
  PRIMARY KEY (`priorityid`),
  UNIQUE KEY `priority_priority_idx` (`priority`)
) ENGINE=InnoDB DEFAULT CHARSET=utf8mb3;
/*!40101 SET character_set_client = @saved_cs_client */;

--
-- Dumping data for table `vtiger_priority`
--

LOCK TABLES `vtiger_priority` WRITE;
/*!40000 ALTER TABLE `vtiger_priority` DISABLE KEYS */;
/*!40000 ALTER TABLE `vtiger_priority` ENABLE KEYS */;
UNLOCK TABLES;

--
-- Table structure for table `vtiger_productcategory`
--

DROP TABLE IF EXISTS `vtiger_productcategory`;
/*!40101 SET @saved_cs_client     = @@character_set_client */;
/*!50503 SET character_set_client = utf8mb4 */;
CREATE TABLE `vtiger_productcategory` (
  `productcategoryid` int NOT NULL AUTO_INCREMENT,
  `productcategory` varchar(200) NOT NULL,
  `presence` int NOT NULL DEFAULT '1',
  `picklist_valueid` int NOT NULL DEFAULT '0',
  `sortorderid` int DEFAULT NULL,
  `color` varchar(10) DEFAULT NULL,
  PRIMARY KEY (`productcategoryid`),
  UNIQUE KEY `productcategory_productcategory_idx` (`productcategory`)
) ENGINE=InnoDB AUTO_INCREMENT=5 DEFAULT CHARSET=utf8mb3;
/*!40101 SET character_set_client = @saved_cs_client */;

--
-- Dumping data for table `vtiger_productcategory`
--

LOCK TABLES `vtiger_productcategory` WRITE;
/*!40000 ALTER TABLE `vtiger_productcategory` DISABLE KEYS */;
INSERT INTO `vtiger_productcategory` VALUES (2,'Hardware',1,136,1,NULL),(3,'Software',1,137,2,NULL),(4,'CRM Applications',1,138,3,NULL);
/*!40000 ALTER TABLE `vtiger_productcategory` ENABLE KEYS */;
UNLOCK TABLES;

--
-- Table structure for table `vtiger_productcategory_seq`
--

DROP TABLE IF EXISTS `vtiger_productcategory_seq`;
/*!40101 SET @saved_cs_client     = @@character_set_client */;
/*!50503 SET character_set_client = utf8mb4 */;
CREATE TABLE `vtiger_productcategory_seq` (
  `id` int NOT NULL
) ENGINE=InnoDB DEFAULT CHARSET=utf8mb3;
/*!40101 SET character_set_client = @saved_cs_client */;

--
-- Dumping data for table `vtiger_productcategory_seq`
--

LOCK TABLES `vtiger_productcategory_seq` WRITE;
/*!40000 ALTER TABLE `vtiger_productcategory_seq` DISABLE KEYS */;
INSERT INTO `vtiger_productcategory_seq` VALUES (4);
/*!40000 ALTER TABLE `vtiger_productcategory_seq` ENABLE KEYS */;
UNLOCK TABLES;

--
-- Table structure for table `vtiger_productcf`
--

DROP TABLE IF EXISTS `vtiger_productcf`;
/*!40101 SET @saved_cs_client     = @@character_set_client */;
/*!50503 SET character_set_client = utf8mb4 */;
CREATE TABLE `vtiger_productcf` (
  `productid` int NOT NULL DEFAULT '0',
  PRIMARY KEY (`productid`),
  CONSTRAINT `fk_1_vtiger_productcf` FOREIGN KEY (`productid`) REFERENCES `vtiger_products` (`productid`) ON DELETE CASCADE
) ENGINE=InnoDB DEFAULT CHARSET=utf8mb3;
/*!40101 SET character_set_client = @saved_cs_client */;

--
-- Dumping data for table `vtiger_productcf`
--

LOCK TABLES `vtiger_productcf` WRITE;
/*!40000 ALTER TABLE `vtiger_productcf` DISABLE KEYS */;
INSERT INTO `vtiger_productcf` VALUES (3);
/*!40000 ALTER TABLE `vtiger_productcf` ENABLE KEYS */;
UNLOCK TABLES;

--
-- Table structure for table `vtiger_productcurrencyrel`
--

DROP TABLE IF EXISTS `vtiger_productcurrencyrel`;
/*!40101 SET @saved_cs_client     = @@character_set_client */;
/*!50503 SET character_set_client = utf8mb4 */;
CREATE TABLE `vtiger_productcurrencyrel` (
  `productid` int NOT NULL,
  `currencyid` int NOT NULL,
  `converted_price` decimal(28,8) DEFAULT NULL,
  `actual_price` decimal(28,8) DEFAULT NULL
) ENGINE=InnoDB DEFAULT CHARSET=utf8mb3;
/*!40101 SET character_set_client = @saved_cs_client */;

--
-- Dumping data for table `vtiger_productcurrencyrel`
--

LOCK TABLES `vtiger_productcurrencyrel` WRITE;
/*!40000 ALTER TABLE `vtiger_productcurrencyrel` DISABLE KEYS */;
INSERT INTO `vtiger_productcurrencyrel` VALUES (3,1,0.00000000,0.00000000),(13,1,0.00000000,0.00000000),(14,1,25.00000000,25.00000000);
/*!40000 ALTER TABLE `vtiger_productcurrencyrel` ENABLE KEYS */;
UNLOCK TABLES;

--
-- Table structure for table `vtiger_products`
--

DROP TABLE IF EXISTS `vtiger_products`;
/*!40101 SET @saved_cs_client     = @@character_set_client */;
/*!50503 SET character_set_client = utf8mb4 */;
CREATE TABLE `vtiger_products` (
  `productid` int NOT NULL,
  `product_no` varchar(100) NOT NULL,
  `productname` varchar(100) DEFAULT NULL,
  `productcode` varchar(40) DEFAULT NULL,
  `productcategory` varchar(200) DEFAULT NULL,
  `manufacturer` varchar(200) DEFAULT NULL,
  `qty_per_unit` decimal(11,2) DEFAULT '0.00',
  `unit_price` decimal(25,8) DEFAULT NULL,
  `weight` decimal(11,3) DEFAULT NULL,
  `pack_size` int DEFAULT NULL,
  `sales_start_date` date DEFAULT NULL,
  `sales_end_date` date DEFAULT NULL,
  `start_date` date DEFAULT NULL,
  `expiry_date` date DEFAULT NULL,
  `cost_factor` int DEFAULT NULL,
  `commissionrate` decimal(7,3) DEFAULT NULL,
  `commissionmethod` varchar(50) DEFAULT NULL,
  `discontinued` int NOT NULL DEFAULT '0',
  `usageunit` varchar(200) DEFAULT NULL,
  `reorderlevel` int DEFAULT NULL,
  `website` varchar(100) DEFAULT NULL,
  `taxclass` varchar(200) DEFAULT NULL,
  `mfr_part_no` varchar(200) DEFAULT NULL,
  `vendor_part_no` varchar(200) DEFAULT NULL,
  `serialno` varchar(200) DEFAULT NULL,
  `qtyinstock` decimal(25,3) DEFAULT NULL,
  `productsheet` varchar(200) DEFAULT NULL,
  `qtyindemand` int DEFAULT NULL,
  `glacct` varchar(200) DEFAULT NULL,
  `vendor_id` int DEFAULT NULL,
  `imagename` text,
  `currency_id` int NOT NULL DEFAULT '1',
  `is_subproducts_viewable` int DEFAULT '1',
  `manuf_country` varchar(100) DEFAULT '',
  `customs_id` varchar(100) DEFAULT '',
  `manuf_country_code` varchar(100) DEFAULT '',
  `unit_code` varchar(100) DEFAULT '',
  `one_s_id` varchar(255) DEFAULT NULL,
  `purchase_cost` decimal(27,8) DEFAULT NULL,
  `tags` varchar(1) DEFAULT NULL,
  `sp_product_international_code` varchar(255) DEFAULT NULL,
  PRIMARY KEY (`productid`),
  CONSTRAINT `fk_1_vtiger_products` FOREIGN KEY (`productid`) REFERENCES `vtiger_crmentity` (`crmid`) ON DELETE CASCADE
) ENGINE=InnoDB DEFAULT CHARSET=utf8mb3;
/*!40101 SET character_set_client = @saved_cs_client */;

--
-- Dumping data for table `vtiger_products`
--

LOCK TABLES `vtiger_products` WRITE;
/*!40000 ALTER TABLE `vtiger_products` DISABLE KEYS */;
INSERT INTO `vtiger_products` VALUES (3,'ТОВ_1','Тестовый товар','','','',0.00,0.00000000,NULL,NULL,NULL,NULL,NULL,NULL,NULL,0.000,NULL,1,'',0,'','','','','',101.000,'',0,'',0,'',1,1,'','','','','',0.00000000,'','');
/*!40000 ALTER TABLE `vtiger_products` ENABLE KEYS */;
UNLOCK TABLES;

--
-- Table structure for table `vtiger_producttaxrel`
--

DROP TABLE IF EXISTS `vtiger_producttaxrel`;
/*!40101 SET @saved_cs_client     = @@character_set_client */;
/*!50503 SET character_set_client = utf8mb4 */;
CREATE TABLE `vtiger_producttaxrel` (
  `productid` int NOT NULL,
  `taxid` int NOT NULL,
  `taxpercentage` decimal(7,3) DEFAULT NULL,
  `regions` text,
  KEY `producttaxrel_productid_idx` (`productid`),
  KEY `producttaxrel_taxid_idx` (`taxid`),
  CONSTRAINT `fk_crmid_vtiger_producttaxrel` FOREIGN KEY (`productid`) REFERENCES `vtiger_crmentity` (`crmid`) ON DELETE CASCADE
) ENGINE=InnoDB DEFAULT CHARSET=utf8mb3;
/*!40101 SET character_set_client = @saved_cs_client */;

--
-- Dumping data for table `vtiger_producttaxrel`
--

LOCK TABLES `vtiger_producttaxrel` WRITE;
/*!40000 ALTER TABLE `vtiger_producttaxrel` DISABLE KEYS */;
/*!40000 ALTER TABLE `vtiger_producttaxrel` ENABLE KEYS */;
UNLOCK TABLES;

--
-- Table structure for table `vtiger_profile`
--

DROP TABLE IF EXISTS `vtiger_profile`;
/*!40101 SET @saved_cs_client     = @@character_set_client */;
/*!50503 SET character_set_client = utf8mb4 */;
CREATE TABLE `vtiger_profile` (
  `profileid` int NOT NULL AUTO_INCREMENT,
  `profilename` varchar(50) NOT NULL,
  `description` text,
  `directly_related_to_role` int DEFAULT '0',
  PRIMARY KEY (`profileid`)
) ENGINE=InnoDB AUTO_INCREMENT=5 DEFAULT CHARSET=utf8mb3;
/*!40101 SET character_set_client = @saved_cs_client */;

--
-- Dumping data for table `vtiger_profile`
--

LOCK TABLES `vtiger_profile` WRITE;
/*!40000 ALTER TABLE `vtiger_profile` DISABLE KEYS */;
INSERT INTO `vtiger_profile` VALUES (1,'Администратор','Профиль Администратора Системы',0),(2,'Продажи','Профиль относящийся к Продажам',0),(3,'Поддержка','Профиль относящийся к Поддержке',0),(4,'Гости','Гостевой профиль для Тестирования',0);
/*!40000 ALTER TABLE `vtiger_profile` ENABLE KEYS */;
UNLOCK TABLES;

--
-- Table structure for table `vtiger_profile2field`
--

DROP TABLE IF EXISTS `vtiger_profile2field`;
/*!40101 SET @saved_cs_client     = @@character_set_client */;
/*!50503 SET character_set_client = utf8mb4 */;
CREATE TABLE `vtiger_profile2field` (
  `profileid` int NOT NULL,
  `tabid` int DEFAULT NULL,
  `fieldid` int NOT NULL,
  `visible` int DEFAULT NULL,
  `readonly` int DEFAULT NULL,
  PRIMARY KEY (`profileid`,`fieldid`),
  KEY `profile2field_profileid_tabid_fieldname_idx` (`profileid`,`tabid`),
  KEY `profile2field_tabid_profileid_idx` (`tabid`,`profileid`),
  KEY `profile2field_visible_profileid_idx` (`visible`,`profileid`)
) ENGINE=InnoDB DEFAULT CHARSET=utf8mb3;
/*!40101 SET character_set_client = @saved_cs_client */;

--
-- Dumping data for table `vtiger_profile2field`
--

LOCK TABLES `vtiger_profile2field` WRITE;
/*!40000 ALTER TABLE `vtiger_profile2field` DISABLE KEYS */;
INSERT INTO `vtiger_profile2field` VALUES (1,6,1,0,0),(1,6,2,0,0),(1,6,3,0,0),(1,6,4,0,0),(1,6,5,0,0),(1,6,6,0,0),(1,6,7,0,0),(1,6,8,0,0),(1,6,9,0,0),(1,6,10,0,0),(1,6,11,0,0),(1,6,12,0,0),(1,6,13,0,0),(1,6,14,0,0),(1,6,15,0,0),(1,6,16,0,0),(1,6,17,0,0),(1,6,18,0,0),(1,6,19,0,0),(1,6,20,0,0),(1,6,21,0,0),(1,6,22,0,0),(1,6,23,0,0),(1,6,24,0,0),(1,6,25,0,0),(1,6,26,0,0),(1,6,27,0,0),(1,6,28,0,0),(1,6,29,0,0),(1,6,30,0,0),(1,6,31,0,0),(1,6,32,0,0),(1,6,33,0,0),(1,6,34,0,0),(1,6,35,0,0),(1,6,36,0,0),(1,6,37,0,0),(1,6,38,0,0),(1,6,39,0,0),(1,7,40,0,0),(1,7,41,0,0),(1,7,42,0,0),(1,7,43,0,0),(1,7,44,0,0),(1,7,45,0,0),(1,7,46,0,0),(1,7,47,0,0),(1,7,48,0,0),(1,7,49,0,0),(1,7,50,0,0),(1,7,51,0,0),(1,7,52,0,0),(1,7,53,0,0),(1,7,54,0,0),(1,7,55,0,0),(1,7,56,0,0),(1,7,57,0,0),(1,7,58,0,0),(1,7,59,0,0),(1,7,60,0,0),(1,7,61,0,0),(1,7,62,0,0),(1,7,63,0,0),(1,7,64,0,0),(1,7,65,0,0),(1,7,66,0,0),(1,7,67,0,0),(1,7,68,0,0),(1,7,69,0,0),(1,4,70,0,0),(1,4,71,0,0),(1,4,72,0,0),(1,4,73,0,0),(1,4,74,0,0),(1,4,75,0,0),(1,4,76,0,0),(1,4,77,0,0),(1,4,78,0,0),(1,4,79,0,0),(1,4,80,0,0),(1,4,81,0,0),(1,4,82,0,0),(1,4,83,0,0),(1,4,84,0,0),(1,4,85,0,0),(1,4,86,0,0),(1,4,87,0,0),(1,4,88,0,0),(1,4,89,0,0),(1,4,90,0,0),(1,4,91,0,0),(1,4,92,0,0),(1,4,93,0,0),(1,4,94,0,0),(1,4,95,0,0),(1,4,96,0,0),(1,4,97,0,0),(1,4,98,0,0),(1,4,99,0,0),(1,4,100,0,0),(1,4,101,0,0),(1,4,102,0,0),(1,4,103,0,0),(1,4,104,0,0),(1,4,105,0,0),(1,4,106,0,0),(1,4,107,0,0),(1,4,108,0,0),(1,4,109,0,0),(1,4,110,0,0),(1,4,111,0,0),(1,4,112,0,0),(1,4,113,0,0),(1,4,114,0,0),(1,2,115,0,0),(1,2,116,0,0),(1,2,117,0,0),(1,2,118,0,0),(1,2,119,0,0),(1,2,120,0,0),(1,2,121,0,0),(1,2,122,0,0),(1,2,123,0,0),(1,2,124,0,0),(1,2,125,0,0),(1,2,126,0,0),(1,2,127,0,0),(1,2,128,0,0),(1,2,129,0,0),(1,2,130,0,0),(1,26,131,0,0),(1,26,132,0,0),(1,26,133,0,0),(1,26,134,0,0),(1,26,135,0,0),(1,26,136,0,0),(1,26,137,0,0),(1,26,138,0,0),(1,26,139,0,0),(1,26,140,0,0),(1,26,141,0,0),(1,26,142,0,0),(1,26,143,0,0),(1,26,144,0,0),(1,26,145,0,0),(1,26,146,0,0),(1,26,147,0,0),(1,26,148,0,0),(1,26,149,0,0),(1,26,150,0,0),(1,26,151,0,0),(1,26,152,0,0),(1,26,153,0,0),(1,26,154,0,0),(1,26,155,0,0),(1,4,156,0,0),(1,6,157,0,0),(1,7,158,0,0),(1,26,159,0,0),(1,13,160,0,0),(1,13,161,0,0),(1,13,162,0,0),(1,13,163,0,0),(1,13,164,0,0),(1,13,165,0,0),(1,13,166,0,0),(1,13,167,0,0),(1,13,168,0,0),(1,13,169,0,0),(1,13,170,0,0),(1,13,171,0,0),(1,13,172,0,0),(1,13,173,0,0),(1,13,174,0,0),(1,13,175,0,0),(1,13,176,0,0),(1,13,177,0,0),(1,13,178,0,0),(1,14,179,0,0),(1,14,180,0,0),(1,14,181,0,0),(1,14,182,0,0),(1,14,183,0,0),(1,14,184,0,0),(1,14,185,0,0),(1,14,186,0,0),(1,14,187,0,0),(1,14,188,0,0),(1,14,189,0,0),(1,14,190,0,0),(1,14,191,0,0),(1,14,192,0,0),(1,14,193,0,0),(1,14,194,0,0),(1,14,195,0,0),(1,14,196,0,0),(1,14,197,0,0),(1,14,198,0,0),(1,14,199,0,0),(1,14,200,0,0),(1,14,201,0,0),(1,14,202,0,0),(1,14,203,0,0),(1,14,204,0,0),(1,14,205,0,0),(1,14,206,0,0),(1,14,207,0,0),(1,14,208,0,0),(1,14,209,0,0),(1,14,210,0,0),(1,14,211,0,0),(1,14,212,0,0),(1,8,213,0,0),(1,8,214,0,0),(1,8,215,0,0),(1,8,216,0,0),(1,8,217,0,0),(1,8,218,0,0),(1,8,219,0,0),(1,8,220,0,0),(1,8,221,0,0),(1,8,222,0,0),(1,8,223,0,0),(1,8,224,0,0),(1,8,225,0,0),(1,8,226,0,0),(1,8,227,0,0),(1,10,228,0,0),(1,10,229,0,0),(1,10,230,0,0),(1,10,231,0,0),(1,10,232,0,0),(1,10,233,0,0),(1,10,234,0,0),(1,10,235,0,0),(1,10,236,0,0),(1,10,237,0,0),(1,10,238,0,0),(1,10,239,0,0),(1,9,240,0,0),(1,9,241,0,0),(1,9,242,0,0),(1,9,243,0,0),(1,9,244,0,0),(1,9,245,0,0),(1,9,246,0,0),(1,9,247,0,0),(1,9,248,0,0),(1,9,249,0,0),(1,9,250,0,0),(1,9,251,0,0),(1,9,252,0,0),(1,9,253,0,0),(1,9,254,0,0),(1,9,255,0,0),(1,9,256,0,0),(1,9,257,0,0),(1,9,258,0,0),(1,9,259,0,0),(1,9,260,0,0),(1,9,261,0,0),(1,9,262,0,0),(1,9,263,0,0),(1,16,264,0,0),(1,16,265,0,0),(1,16,266,0,0),(1,16,267,0,0),(1,16,268,0,0),(1,16,269,0,0),(1,16,270,0,0),(1,16,271,0,0),(1,16,272,0,0),(1,16,273,0,0),(1,16,274,0,0),(1,16,275,0,0),(1,16,276,0,0),(1,16,277,0,0),(1,16,278,0,0),(1,16,279,0,0),(1,16,280,0,0),(1,16,281,0,0),(1,16,282,0,0),(1,16,283,0,0),(1,16,284,0,0),(1,16,285,0,0),(1,16,286,0,0),(1,15,287,0,0),(1,15,288,0,0),(1,15,289,0,0),(1,15,290,0,0),(1,15,291,0,0),(1,15,292,0,0),(1,15,293,0,0),(1,15,294,0,0),(1,15,295,0,0),(1,15,296,0,0),(1,18,297,0,0),(1,18,298,0,0),(1,18,299,0,0),(1,18,300,0,0),(1,18,301,0,0),(1,18,302,0,0),(1,18,303,0,0),(1,18,304,0,0),(1,18,305,0,0),(1,18,306,0,0),(1,18,307,0,0),(1,18,308,0,0),(1,18,309,0,0),(1,18,310,0,0),(1,18,311,0,0),(1,18,312,0,0),(1,18,313,0,0),(1,18,314,0,0),(1,19,315,0,0),(1,19,316,0,0),(1,19,317,0,0),(1,19,318,0,0),(1,19,319,0,0),(1,19,320,0,0),(1,19,321,0,0),(1,19,322,0,0),(1,20,323,0,0),(1,20,324,0,0),(1,20,325,0,0),(1,20,326,0,0),(1,20,327,0,0),(1,20,328,0,0),(1,20,329,0,0),(1,20,330,0,0),(1,20,331,0,0),(1,20,332,0,0),(1,20,333,0,0),(1,20,334,0,0),(1,20,335,0,0),(1,20,336,0,0),(1,20,337,0,0),(1,20,338,0,0),(1,20,339,0,0),(1,20,340,0,0),(1,20,341,0,0),(1,20,342,0,0),(1,20,343,0,0),(1,20,344,0,0),(1,20,345,0,0),(1,20,346,0,0),(1,20,347,0,0),(1,20,348,0,0),(1,20,349,0,0),(1,20,350,0,0),(1,20,351,0,0),(1,20,352,0,0),(1,20,353,0,0),(1,20,354,0,0),(1,20,355,0,0),(1,20,356,0,0),(1,20,357,0,0),(1,20,358,0,0),(1,20,359,0,0),(1,21,360,0,0),(1,21,361,0,0),(1,21,362,0,0),(1,21,363,0,0),(1,21,364,0,0),(1,21,365,0,0),(1,21,366,0,0),(1,21,367,0,0),(1,21,368,0,0),(1,21,369,0,0),(1,21,370,0,0),(1,21,371,0,0),(1,21,372,0,0),(1,21,373,0,0),(1,21,374,0,0),(1,21,375,0,0),(1,21,376,0,0),(1,21,377,0,0),(1,21,378,0,0),(1,21,379,0,0),(1,21,380,0,0),(1,21,381,0,0),(1,21,382,0,0),(1,21,383,0,0),(1,21,384,0,0),(1,21,385,0,0),(1,21,386,0,0),(1,21,387,0,0),(1,21,388,0,0),(1,21,389,0,0),(1,21,390,0,0),(1,21,391,0,0),(1,21,392,0,0),(1,21,393,0,0),(1,21,394,0,0),(1,21,395,0,0),(1,21,396,0,0),(1,21,397,0,0),(1,22,398,0,0),(1,22,399,0,0),(1,22,400,0,0),(1,22,401,0,0),(1,22,402,0,0),(1,22,403,0,0),(1,22,404,0,0),(1,22,405,0,0),(1,22,406,0,0),(1,22,407,0,0),(1,22,408,0,0),(1,22,409,0,0),(1,22,410,0,0),(1,22,411,0,0),(1,22,412,0,0),(1,22,413,0,0),(1,22,414,0,0),(1,22,415,0,0),(1,22,416,0,0),(1,22,417,0,0),(1,22,418,0,0),(1,22,419,0,0),(1,22,420,0,0),(1,22,421,0,0),(1,22,422,0,0),(1,22,423,0,0),(1,22,424,0,0),(1,22,425,0,0),(1,22,426,0,0),(1,22,427,0,0),(1,22,428,0,0),(1,22,429,0,0),(1,22,430,0,0),(1,22,431,0,0),(1,22,432,0,0),(1,22,433,0,0),(1,22,434,0,0),(1,22,435,0,0),(1,22,436,0,0),(1,22,437,0,0),(1,22,438,0,0),(1,22,439,0,0),(1,22,440,0,0),(1,22,441,0,0),(1,22,442,0,0),(1,22,443,0,0),(1,22,444,0,0),(1,23,445,0,0),(1,23,446,0,0),(1,23,447,0,0),(1,23,448,0,0),(1,23,449,0,0),(1,23,450,0,0),(1,23,451,0,0),(1,23,452,0,0),(1,23,453,0,0),(1,23,454,0,0),(1,23,455,0,0),(1,23,456,0,0),(1,23,457,0,0),(1,23,458,0,0),(1,23,459,0,0),(1,23,460,0,0),(1,23,461,0,0),(1,23,462,0,0),(1,23,463,0,0),(1,23,464,0,0),(1,23,465,0,0),(1,23,466,0,0),(1,23,467,0,0),(1,23,468,0,0),(1,23,469,0,0),(1,23,470,0,0),(1,23,471,0,0),(1,23,472,0,0),(1,23,473,0,0),(1,23,474,0,0),(1,23,475,0,0),(1,23,476,0,0),(1,23,477,0,0),(1,23,478,0,0),(1,23,479,0,0),(1,23,480,0,0),(1,23,481,0,0),(1,23,482,0,0),(1,23,483,0,0),(1,29,484,0,0),(1,29,488,0,0),(1,29,489,0,0),(1,29,491,0,0),(1,29,498,0,0),(1,29,499,0,0),(1,29,500,0,0),(1,29,501,0,0),(1,29,502,0,0),(1,29,504,0,0),(1,29,505,0,0),(1,29,506,0,0),(1,29,507,0,0),(1,29,508,0,0),(1,29,513,0,0),(1,29,514,0,0),(1,29,515,0,0),(1,29,516,0,0),(1,29,524,0,0),(1,10,529,0,0),(1,10,530,0,0),(1,10,531,0,0),(1,10,532,0,0),(1,10,533,0,0),(1,10,534,0,0),(1,32,535,0,0),(1,32,536,0,0),(1,32,537,0,0),(1,32,538,0,0),(1,32,539,0,0),(1,32,540,0,0),(1,32,541,0,0),(1,32,542,0,0),(1,32,543,0,0),(1,32,544,0,0),(1,32,545,0,0),(1,32,546,0,0),(1,32,547,0,0),(1,32,548,0,0),(1,32,549,0,0),(1,32,550,0,0),(1,32,551,0,0),(1,32,552,0,0),(1,32,553,0,0),(1,32,554,0,0),(1,32,555,0,0),(1,32,556,0,0),(1,32,557,0,0),(1,36,558,0,0),(1,36,559,0,0),(1,36,560,0,0),(1,36,561,0,0),(1,36,562,0,0),(1,36,563,0,0),(1,36,564,0,0),(1,36,565,0,0),(1,36,566,0,0),(1,36,567,0,0),(1,36,568,0,0),(1,36,569,0,0),(1,36,570,0,0),(1,36,571,0,0),(1,36,572,0,0),(1,36,573,0,0),(1,36,574,0,0),(1,36,575,0,0),(1,36,576,0,0),(1,29,577,0,0),(1,38,578,0,0),(1,38,579,0,0),(1,38,580,0,0),(1,38,581,0,0),(1,38,582,0,0),(1,38,583,0,0),(1,38,584,0,0),(1,38,585,0,0),(1,38,586,0,0),(1,38,587,0,0),(1,38,588,0,0),(1,38,589,0,0),(1,38,590,0,0),(1,38,591,0,0),(1,38,592,0,0),(1,38,593,0,0),(1,38,594,0,0),(1,38,595,0,0),(1,38,596,0,0),(1,38,597,0,0),(1,38,598,0,0),(1,38,599,0,0),(1,38,600,0,0),(1,38,601,0,0),(1,40,602,0,0),(1,40,603,0,0),(1,40,604,0,0),(1,40,605,0,0),(1,40,606,0,0),(1,40,607,0,0),(1,40,608,0,0),(1,40,609,0,0),(1,40,610,0,0),(1,40,611,0,0),(1,40,612,0,0),(1,40,613,0,0),(1,40,614,0,0),(1,40,615,0,0),(1,40,616,0,0),(1,40,617,0,0),(1,40,618,0,0),(1,40,619,0,0),(1,40,620,0,0),(1,40,621,0,0),(1,40,622,0,0),(1,40,623,0,0),(1,40,624,0,0),(1,40,625,0,0),(1,40,626,0,0),(1,40,627,0,0),(1,40,628,0,0),(1,40,629,0,0),(1,40,630,0,0),(1,40,631,0,0),(1,40,632,0,0),(1,40,633,0,0),(1,40,634,0,0),(1,40,635,0,0),(1,40,636,0,0),(1,40,637,0,0),(1,40,638,0,0),(1,40,639,0,0),(1,40,640,0,0),(1,42,641,0,0),(1,42,642,0,0),(1,42,643,0,0),(1,42,644,0,0),(1,42,645,0,0),(1,42,646,0,0),(1,42,647,0,0),(1,42,648,0,0),(1,42,649,0,0),(1,42,650,0,0),(1,42,651,0,0),(1,42,652,0,0),(1,14,653,0,0),(1,38,654,0,0),(1,43,655,0,0),(1,43,656,0,0),(1,43,657,0,0),(1,43,658,0,0),(1,43,659,0,0),(1,43,660,0,0),(1,43,661,0,0),(1,43,662,0,0),(1,43,663,0,0),(1,43,664,0,0),(1,43,665,0,0),(1,43,666,0,0),(1,43,667,0,0),(1,43,668,0,0),(1,43,669,0,0),(1,43,670,0,0),(1,43,671,0,0),(1,43,672,0,0),(1,43,673,0,0),(1,43,674,0,0),(1,43,675,0,0),(1,43,676,0,0),(1,43,677,0,0),(1,44,678,0,0),(1,44,679,0,0),(1,44,680,0,0),(1,44,681,0,0),(1,44,682,0,0),(1,44,683,0,0),(1,44,684,0,0),(1,44,685,0,0),(1,44,686,0,0),(1,44,687,0,0),(1,44,688,0,0),(1,44,689,0,0),(1,4,690,0,0),(1,4,691,0,0),(1,7,692,0,0),(1,7,693,0,0),(1,6,694,0,0),(1,6,695,0,0),(1,36,696,0,0),(1,36,697,0,0),(1,36,698,0,0),(1,36,699,0,0),(1,36,700,0,0),(1,36,701,0,0),(1,36,702,0,0),(1,36,703,0,0),(1,29,704,0,0),(1,29,705,0,0),(1,29,706,0,0),(1,29,707,0,0),(1,29,708,0,0),(1,29,709,0,0),(1,29,710,0,0),(1,29,711,0,0),(1,29,712,0,0),(1,29,713,0,0),(1,29,714,0,0),(1,29,715,0,0),(1,29,716,0,0),(1,29,717,0,0),(1,29,718,0,0),(1,29,719,0,0),(1,29,720,0,0),(1,47,721,0,0),(1,47,722,0,0),(1,47,723,0,0),(1,47,724,0,0),(1,47,725,0,0),(1,47,726,0,0),(1,47,727,0,0),(1,49,728,0,0),(1,49,729,0,0),(1,49,730,0,0),(1,49,731,0,0),(1,49,732,0,0),(1,49,733,0,0),(1,49,734,0,0),(1,49,735,0,0),(1,49,736,0,0),(1,49,737,0,0),(1,49,738,0,0),(1,49,739,0,0),(1,49,740,0,0),(1,49,741,0,0),(1,49,742,0,0),(1,49,743,0,0),(1,49,744,0,0),(1,49,745,0,0),(1,49,746,0,0),(1,49,747,0,0),(1,49,748,0,0),(1,49,749,0,0),(1,49,750,0,0),(1,49,751,0,0),(1,49,752,0,0),(1,49,753,0,0),(1,49,754,0,0),(1,49,755,0,0),(1,49,756,0,0),(1,49,757,0,0),(1,49,758,0,0),(1,49,759,0,0),(1,49,760,0,0),(1,49,761,0,0),(1,49,762,0,0),(1,49,763,0,0),(1,23,764,0,0),(1,6,765,0,0),(1,19,766,0,0),(1,14,767,0,0),(1,22,768,0,0),(1,22,769,0,0),(1,38,770,0,0),(1,51,771,0,0),(1,51,772,0,0),(1,51,773,0,0),(1,51,774,0,0),(1,51,775,0,0),(1,51,776,0,0),(1,51,777,0,0),(1,51,778,0,0),(1,51,779,0,0),(1,51,780,0,0),(1,51,781,0,0),(1,51,782,0,0),(1,51,783,0,0),(1,51,784,0,0),(1,51,785,0,0),(1,51,786,0,0),(1,51,787,0,0),(1,51,788,0,0),(1,51,789,0,0),(1,51,790,0,0),(1,51,791,0,0),(1,51,792,0,0),(1,54,793,0,0),(1,54,794,0,0),(1,54,795,0,0),(1,54,796,0,0),(1,54,797,0,0),(1,54,798,0,0),(1,54,799,0,0),(1,54,800,0,0),(1,54,801,0,0),(1,54,802,0,0),(1,54,803,0,0),(1,54,804,0,0),(1,57,805,0,0),(1,57,806,0,0),(1,57,807,0,0),(1,57,808,0,0),(1,57,809,0,0),(1,57,810,0,0),(1,57,811,0,0),(1,57,812,0,0),(1,57,813,0,0),(1,57,814,0,0),(1,57,815,0,0),(1,57,816,0,0),(1,57,817,0,0),(1,58,818,0,0),(1,58,819,0,0),(1,58,820,0,0),(1,58,821,0,0),(1,58,822,0,0),(1,58,823,0,0),(1,58,824,0,0),(1,58,825,0,0),(1,58,826,0,0),(1,58,827,0,0),(1,58,828,0,0),(1,58,829,0,0),(1,58,830,0,0),(1,58,831,0,0),(1,58,832,0,0),(1,58,833,0,0),(1,58,834,0,0),(1,58,835,0,0),(1,59,836,0,0),(1,59,837,0,0),(1,59,838,0,0),(1,59,839,0,0),(1,59,840,0,0),(1,59,841,0,0),(1,59,842,0,0),(1,59,843,0,0),(1,59,844,0,0),(1,59,845,0,0),(1,59,846,0,0),(1,59,847,0,0),(1,59,848,0,0),(1,59,849,0,0),(1,59,850,0,0),(1,59,851,0,0),(1,59,852,0,0),(1,59,853,0,0),(1,59,854,0,0),(1,59,855,0,0),(1,2,856,0,0),(1,29,857,0,0),(1,23,858,0,0),(1,23,859,0,0),(1,23,860,0,0),(1,23,861,0,0),(1,23,862,0,0),(1,23,863,0,0),(1,23,864,0,0),(1,23,865,0,0),(1,23,866,0,0),(1,22,867,0,0),(1,22,868,0,0),(1,22,869,0,0),(1,22,870,0,0),(1,22,871,0,0),(1,22,872,0,0),(1,22,873,0,0),(1,22,874,0,0),(1,22,875,0,0),(1,21,876,0,0),(1,21,877,0,0),(1,21,878,0,0),(1,21,879,0,0),(1,21,880,0,0),(1,21,881,0,0),(1,21,882,0,0),(1,21,883,0,0),(1,21,884,0,0),(1,20,885,0,0),(1,20,886,0,0),(1,20,887,0,0),(1,20,888,0,0),(1,20,889,0,0),(1,20,890,0,0),(1,20,891,0,0),(1,20,892,0,0),(1,20,893,0,0),(1,49,894,0,0),(1,49,895,0,0),(1,49,896,0,0),(1,49,897,0,0),(1,49,898,0,0),(1,49,899,0,0),(1,49,900,0,0),(1,49,901,0,0),(1,49,902,0,0),(1,40,903,0,0),(1,40,904,0,0),(1,40,905,0,0),(1,40,906,0,0),(1,40,907,0,0),(1,40,908,0,0),(1,40,909,0,0),(1,40,910,0,0),(1,40,911,0,0),(1,29,912,0,0),(1,58,913,0,0),(1,29,914,0,0),(1,29,915,0,0),(1,29,916,0,0),(1,23,917,0,0),(1,22,918,0,0),(1,21,919,0,0),(1,20,920,0,0),(1,49,921,0,0),(1,40,922,0,0),(1,29,923,0,0),(1,6,924,0,0),(1,4,925,0,0),(1,2,926,0,0),(1,29,927,0,0),(1,23,928,0,0),(1,23,929,0,0),(1,21,930,0,0),(1,21,931,0,0),(1,7,932,0,0),(1,23,933,0,0),(1,20,934,0,0),(1,21,935,0,0),(1,22,936,0,0),(1,49,937,0,0),(1,40,938,0,0),(1,29,939,0,0),(1,2,940,0,0),(1,13,941,0,0),(1,29,942,0,0),(1,29,943,0,0),(1,29,944,0,0),(1,29,945,0,0),(1,23,977,0,1),(1,20,978,0,1),(1,22,979,0,1),(1,49,980,0,1),(1,40,981,0,1),(1,2,982,0,1),(1,21,983,0,1),(1,43,984,0,1),(1,2,985,0,0),(1,4,986,0,0),(1,6,987,0,0),(1,7,988,0,0),(1,8,989,0,0),(1,9,990,0,0),(1,13,991,0,0),(1,14,992,0,0),(1,15,993,0,0),(1,16,994,0,0),(1,18,995,0,0),(1,19,996,0,0),(1,20,997,0,0),(1,21,998,0,0),(1,22,999,0,0),(1,23,1000,0,0),(1,26,1001,0,0),(1,32,1002,0,0),(1,36,1003,0,0),(1,38,1004,0,0),(1,40,1005,0,0),(1,42,1006,0,0),(1,43,1007,0,0),(1,44,1008,0,0),(1,47,1009,0,0),(1,49,1010,0,0),(1,51,1011,0,0),(1,54,1012,0,0),(1,57,1013,0,0),(1,58,1014,0,0),(1,59,1015,0,0),(1,14,1016,0,0),(1,38,1017,0,0),(1,23,1018,0,0),(1,29,1019,0,0),(1,23,1020,0,0),(1,23,1021,0,0),(1,23,1022,0,0),(1,20,1023,0,0),(1,20,1024,0,0),(1,20,1025,0,0),(1,21,1026,0,0),(1,22,1027,0,0),(1,22,1028,0,0),(1,22,1029,0,0),(1,49,1030,0,0),(1,49,1031,0,0),(1,49,1032,0,0),(1,40,1033,0,0),(1,40,1034,0,0),(1,40,1035,0,0),(1,54,1036,0,0),(1,54,1037,0,0),(1,54,1038,0,0),(1,2,1039,0,0),(1,4,1040,0,0),(1,6,1041,0,0),(1,7,1042,0,0),(1,8,1043,0,0),(1,9,1044,0,0),(1,13,1045,0,0),(1,14,1046,0,0),(1,15,1047,0,0),(1,16,1048,0,0),(1,18,1049,0,0),(1,19,1050,0,0),(1,20,1051,0,0),(1,21,1052,0,0),(1,22,1053,0,0),(1,23,1054,0,0),(1,26,1055,0,0),(1,10,1056,0,0),(1,10,1057,0,0),(1,2,1058,0,0),(1,4,1059,0,0),(1,6,1060,0,0),(1,7,1061,0,0),(1,8,1062,0,0),(1,9,1063,0,0),(1,10,1064,0,0),(1,13,1065,0,0),(1,14,1066,0,0),(1,15,1067,0,0),(1,16,1068,0,0),(1,18,1069,0,0),(1,19,1070,0,0),(1,20,1071,0,0),(1,21,1072,0,0),(1,22,1073,0,0),(1,23,1074,0,0),(1,26,1075,0,0),(1,36,1076,0,0),(1,2,1077,0,0),(1,4,1078,0,0),(1,6,1079,0,0),(1,7,1080,0,0),(1,8,1081,0,0),(1,9,1082,0,0),(1,10,1083,0,0),(1,13,1084,0,0),(1,14,1085,0,0),(1,15,1086,0,0),(1,16,1087,0,0),(1,18,1088,0,0),(1,19,1089,0,0),(1,20,1090,0,0),(1,21,1091,0,0),(1,22,1092,0,0),(1,23,1093,0,0),(1,26,1094,0,0),(1,36,1095,0,0),(1,20,1096,0,0),(1,21,1097,0,0),(1,22,1098,0,0),(1,23,1099,0,0),(1,49,1100,0,0),(1,40,1101,0,0),(1,59,1102,0,0),(1,59,1103,0,0),(1,14,1104,0,0),(1,49,1105,0,0),(1,40,1106,0,0),(1,29,1107,0,0),(1,29,1108,0,0),(1,65,1109,0,0),(1,65,1110,0,0),(1,65,1111,0,0),(1,65,1112,0,0),(1,65,1113,0,0),(1,65,1114,0,0),(1,65,1115,0,0),(1,65,1116,0,0),(1,65,1117,0,0),(1,65,1118,0,0),(1,65,1119,0,0),(1,65,1120,0,0),(1,65,1121,0,0),(1,65,1122,0,0),(1,7,1123,0,0),(1,7,1124,0,0),(1,7,1125,0,0),(1,7,1126,0,0),(1,65,1127,0,0),(1,65,1128,0,0),(1,65,1129,0,0),(1,65,1130,0,0),(1,65,1131,0,0),(1,65,1132,0,0),(1,65,1133,0,0),(1,65,1134,0,0),(1,65,1135,0,0),(1,65,1136,0,0),(1,65,1137,0,0),(1,66,1138,0,0),(1,66,1139,0,0),(1,66,1140,0,0),(1,66,1141,0,0),(1,66,1142,0,0),(1,66,1143,0,0),(1,66,1144,0,0),(1,66,1145,0,0),(1,66,1146,0,0),(1,66,1147,0,0),(1,66,1148,0,0),(1,66,1149,0,0),(1,66,1150,0,0),(1,66,1151,0,0),(1,66,1152,0,0),(1,66,1153,0,0),(1,66,1154,0,0),(1,66,1155,0,0),(1,66,1156,0,0),(1,66,1157,0,0),(1,4,1158,0,0),(1,4,1159,0,0),(1,4,1160,0,0),(1,4,1161,0,0),(1,4,1162,0,0),(1,4,1163,0,0),(1,4,1164,0,0),(1,4,1165,0,0),(1,4,1166,0,0),(1,4,1167,0,0),(1,4,1168,0,0),(1,4,1169,0,0),(1,4,1170,0,0),(1,4,1171,0,0),(1,4,1172,0,0),(1,65,1173,0,0),(1,65,1174,0,0),(1,65,1175,0,0),(1,65,1176,0,0),(1,7,1177,0,0),(1,7,1178,0,0),(1,65,1179,0,0),(1,66,1180,0,0),(1,66,1181,0,0),(1,66,1182,0,0),(1,66,1183,0,0),(1,66,1184,0,0),(1,66,1185,0,0),(1,66,1186,0,0),(1,66,1187,0,0),(1,65,1188,0,0),(1,4,1189,0,0),(1,4,1190,0,0),(1,4,1191,0,0),(1,4,1192,0,0),(1,4,1193,0,0),(1,65,1194,0,0),(1,65,1195,0,0),(1,65,1196,0,0),(1,65,1197,0,0),(1,65,1198,0,0),(1,65,1199,0,0),(1,65,1200,0,0),(1,65,1201,0,0),(1,23,1202,0,0),(1,65,1203,0,0),(2,6,1,0,0),(2,6,2,0,0),(2,6,3,0,0),(2,6,4,0,0),(2,6,5,0,0),(2,6,6,0,0),(2,6,7,0,0),(2,6,8,0,0),(2,6,9,0,0),(2,6,10,0,0),(2,6,11,0,0),(2,6,12,0,0),(2,6,13,0,0),(2,6,14,0,0),(2,6,15,0,0),(2,6,16,0,0),(2,6,17,0,0),(2,6,18,0,0),(2,6,19,0,0),(2,6,20,0,0),(2,6,21,0,0),(2,6,22,0,0),(2,6,23,0,0),(2,6,24,0,0),(2,6,25,0,0),(2,6,26,0,0),(2,6,27,0,0),(2,6,28,0,0),(2,6,29,0,0),(2,6,30,0,0),(2,6,31,0,0),(2,6,32,0,0),(2,6,33,0,0),(2,6,34,0,0),(2,6,35,0,0),(2,6,36,0,0),(2,6,37,0,0),(2,6,38,0,0),(2,6,39,0,0),(2,7,40,0,0),(2,7,41,0,0),(2,7,42,0,0),(2,7,43,0,0),(2,7,44,0,0),(2,7,45,0,0),(2,7,46,0,0),(2,7,47,0,0),(2,7,48,0,0),(2,7,49,0,0),(2,7,50,0,0),(2,7,51,0,0),(2,7,52,0,0),(2,7,53,0,0),(2,7,54,0,0),(2,7,55,0,0),(2,7,56,0,0),(2,7,57,0,0),(2,7,58,0,0),(2,7,59,0,0),(2,7,60,0,0),(2,7,61,0,0),(2,7,62,0,0),(2,7,63,0,0),(2,7,64,0,0),(2,7,65,0,0),(2,7,66,0,0),(2,7,67,0,0),(2,7,68,0,0),(2,7,69,0,0),(2,4,70,0,0),(2,4,71,0,0),(2,4,72,0,0),(2,4,73,0,0),(2,4,74,0,0),(2,4,75,0,0),(2,4,76,0,0),(2,4,77,0,0),(2,4,78,0,0),(2,4,79,0,0),(2,4,80,0,0),(2,4,81,0,0),(2,4,82,0,0),(2,4,83,0,0),(2,4,84,0,0),(2,4,85,0,0),(2,4,86,0,0),(2,4,87,0,0),(2,4,88,0,0),(2,4,89,0,0),(2,4,90,0,0),(2,4,91,0,0),(2,4,92,0,0),(2,4,93,0,0),(2,4,94,0,0),(2,4,95,0,0),(2,4,96,0,0),(2,4,97,0,0),(2,4,98,0,0),(2,4,99,0,0),(2,4,100,0,0),(2,4,101,0,0),(2,4,102,0,0),(2,4,103,0,0),(2,4,104,0,0),(2,4,105,0,0),(2,4,106,0,0),(2,4,107,0,0),(2,4,108,0,0),(2,4,109,0,0),(2,4,110,0,0),(2,4,111,0,0),(2,4,112,0,0),(2,4,113,0,0),(2,4,114,0,0),(2,2,115,0,0),(2,2,116,0,0),(2,2,117,0,0),(2,2,118,0,0),(2,2,119,0,0),(2,2,120,0,0),(2,2,121,0,0),(2,2,122,0,0),(2,2,123,0,0),(2,2,124,0,0),(2,2,125,0,0),(2,2,126,0,0),(2,2,127,0,0),(2,2,128,0,0),(2,2,129,0,0),(2,2,130,0,0),(2,26,131,0,0),(2,26,132,0,0),(2,26,133,0,0),(2,26,134,0,0),(2,26,135,0,0),(2,26,136,0,0),(2,26,137,0,0),(2,26,138,0,0),(2,26,139,0,0),(2,26,140,0,0),(2,26,141,0,0),(2,26,142,0,0),(2,26,143,0,0),(2,26,144,0,0),(2,26,145,0,0),(2,26,146,0,0),(2,26,147,0,0),(2,26,148,0,0),(2,26,149,0,0),(2,26,150,0,0),(2,26,151,0,0),(2,26,152,0,0),(2,26,153,0,0),(2,26,154,0,0),(2,26,155,0,0),(2,4,156,0,0),(2,6,157,0,0),(2,7,158,0,0),(2,26,159,0,0),(2,13,160,0,0),(2,13,161,0,0),(2,13,162,0,0),(2,13,163,0,0),(2,13,164,0,0),(2,13,165,0,0),(2,13,166,0,0),(2,13,167,0,0),(2,13,168,0,0),(2,13,169,0,0),(2,13,170,0,0),(2,13,171,0,0),(2,13,172,0,0),(2,13,173,0,0),(2,13,174,0,0),(2,13,175,0,0),(2,13,176,0,0),(2,13,177,0,0),(2,13,178,0,0),(2,14,179,0,0),(2,14,180,0,0),(2,14,181,0,0),(2,14,182,0,0),(2,14,183,0,0),(2,14,184,0,0),(2,14,185,0,0),(2,14,186,0,0),(2,14,187,0,0),(2,14,188,0,0),(2,14,189,0,0),(2,14,190,0,0),(2,14,191,0,0),(2,14,192,0,0),(2,14,193,0,0),(2,14,194,0,0),(2,14,195,0,0),(2,14,196,0,0),(2,14,197,0,0),(2,14,198,0,0),(2,14,199,0,0),(2,14,200,0,0),(2,14,201,0,0),(2,14,202,0,0),(2,14,203,0,0),(2,14,204,0,0),(2,14,205,0,0),(2,14,206,0,0),(2,14,207,0,0),(2,14,208,0,0),(2,14,209,0,0),(2,14,210,0,0),(2,14,211,0,0),(2,14,212,0,0),(2,8,213,0,0),(2,8,214,0,0),(2,8,215,0,0),(2,8,216,0,0),(2,8,217,0,0),(2,8,218,0,0),(2,8,219,0,0),(2,8,220,0,0),(2,8,221,0,0),(2,8,222,0,0),(2,8,223,0,0),(2,8,224,0,0),(2,8,225,0,0),(2,8,226,0,0),(2,8,227,0,0),(2,10,228,0,0),(2,10,229,0,0),(2,10,230,0,0),(2,10,231,0,0),(2,10,232,0,0),(2,10,233,0,0),(2,10,234,0,0),(2,10,235,0,0),(2,10,236,0,0),(2,10,237,0,0),(2,10,238,0,0),(2,10,239,0,0),(2,9,240,0,0),(2,9,241,0,0),(2,9,242,0,0),(2,9,243,0,0),(2,9,244,0,0),(2,9,245,0,0),(2,9,246,0,0),(2,9,247,0,0),(2,9,248,0,0),(2,9,249,0,0),(2,9,250,0,0),(2,9,251,0,0),(2,9,252,0,0),(2,9,253,0,0),(2,9,254,0,0),(2,9,255,0,0),(2,9,256,0,0),(2,9,257,0,0),(2,9,258,0,0),(2,9,259,0,0),(2,9,260,0,0),(2,9,261,0,0),(2,9,262,0,0),(2,9,263,0,0),(2,16,264,0,0),(2,16,265,0,0),(2,16,266,0,0),(2,16,267,0,0),(2,16,268,0,0),(2,16,269,0,0),(2,16,270,0,0),(2,16,271,0,0),(2,16,272,0,0),(2,16,273,0,0),(2,16,274,0,0),(2,16,275,0,0),(2,16,276,0,0),(2,16,277,0,0),(2,16,278,0,0),(2,16,279,0,0),(2,16,280,0,0),(2,16,281,0,0),(2,16,282,0,0),(2,16,283,0,0),(2,16,284,0,0),(2,16,285,0,0),(2,16,286,0,0),(2,15,287,0,0),(2,15,288,0,0),(2,15,289,0,0),(2,15,290,0,0),(2,15,291,0,0),(2,15,292,0,0),(2,15,293,0,0),(2,15,294,0,0),(2,15,295,0,0),(2,15,296,0,0),(2,18,297,0,0),(2,18,298,0,0),(2,18,299,0,0),(2,18,300,0,0),(2,18,301,0,0),(2,18,302,0,0),(2,18,303,0,0),(2,18,304,0,0),(2,18,305,0,0),(2,18,306,0,0),(2,18,307,0,0),(2,18,308,0,0),(2,18,309,0,0),(2,18,310,0,0),(2,18,311,0,0),(2,18,312,0,0),(2,18,313,0,0),(2,18,314,0,0),(2,19,315,0,0),(2,19,316,0,0),(2,19,317,0,0),(2,19,318,0,0),(2,19,319,0,0),(2,19,320,0,0),(2,19,321,0,0),(2,19,322,0,0),(2,20,323,0,0),(2,20,324,0,0),(2,20,325,0,0),(2,20,326,0,0),(2,20,327,0,0),(2,20,328,0,0),(2,20,329,0,0),(2,20,330,0,0),(2,20,331,0,0),(2,20,332,0,0),(2,20,333,0,0),(2,20,334,0,0),(2,20,335,0,0),(2,20,336,0,0),(2,20,337,0,0),(2,20,338,0,0),(2,20,339,0,0),(2,20,340,0,0),(2,20,341,0,0),(2,20,342,0,0),(2,20,343,0,0),(2,20,344,0,0),(2,20,345,0,0),(2,20,346,0,0),(2,20,347,0,0),(2,20,348,0,0),(2,20,349,0,0),(2,20,350,0,0),(2,20,351,0,0),(2,20,352,0,0),(2,20,353,0,0),(2,20,354,0,0),(2,20,355,0,0),(2,20,356,0,0),(2,20,357,0,0),(2,20,358,0,0),(2,20,359,0,0),(2,21,360,0,0),(2,21,361,0,0),(2,21,362,0,0),(2,21,363,0,0),(2,21,364,0,0),(2,21,365,0,0),(2,21,366,0,0),(2,21,367,0,0),(2,21,368,0,0),(2,21,369,0,0),(2,21,370,0,0),(2,21,371,0,0),(2,21,372,0,0),(2,21,373,0,0),(2,21,374,0,0),(2,21,375,0,0),(2,21,376,0,0),(2,21,377,0,0),(2,21,378,0,0),(2,21,379,0,0),(2,21,380,0,0),(2,21,381,0,0),(2,21,382,0,0),(2,21,383,0,0),(2,21,384,0,0),(2,21,385,0,0),(2,21,386,0,0),(2,21,387,0,0),(2,21,388,0,0),(2,21,389,0,0),(2,21,390,0,0),(2,21,391,0,0),(2,21,392,0,0),(2,21,393,0,0),(2,21,394,0,0),(2,21,395,0,0),(2,21,396,0,0),(2,21,397,0,0),(2,22,398,0,0),(2,22,399,0,0),(2,22,400,0,0),(2,22,401,0,0),(2,22,402,0,0),(2,22,403,0,0),(2,22,404,0,0),(2,22,405,0,0),(2,22,406,0,0),(2,22,407,0,0),(2,22,408,0,0),(2,22,409,0,0),(2,22,410,0,0),(2,22,411,0,0),(2,22,412,0,0),(2,22,413,0,0),(2,22,414,0,0),(2,22,415,0,0),(2,22,416,0,0),(2,22,417,0,0),(2,22,418,0,0),(2,22,419,0,0),(2,22,420,0,0),(2,22,421,0,0),(2,22,422,0,0),(2,22,423,0,0),(2,22,424,0,0),(2,22,425,0,0),(2,22,426,0,0),(2,22,427,0,0),(2,22,428,0,0),(2,22,429,0,0),(2,22,430,0,0),(2,22,431,0,0),(2,22,432,0,0),(2,22,433,0,0),(2,22,434,0,0),(2,22,435,0,0),(2,22,436,0,0),(2,22,437,0,0),(2,22,438,0,0),(2,22,439,0,0),(2,22,440,0,0),(2,22,441,0,0),(2,22,442,0,0),(2,22,443,0,0),(2,22,444,0,0),(2,23,445,0,0),(2,23,446,0,0),(2,23,447,0,0),(2,23,448,0,0),(2,23,449,0,0),(2,23,450,0,0),(2,23,451,0,0),(2,23,452,0,0),(2,23,453,0,0),(2,23,454,0,0),(2,23,455,0,0),(2,23,456,0,0),(2,23,457,0,0),(2,23,458,0,0),(2,23,459,0,0),(2,23,460,0,0),(2,23,461,0,0),(2,23,462,0,0),(2,23,463,0,0),(2,23,464,0,0),(2,23,465,0,0),(2,23,466,0,0),(2,23,467,0,0),(2,23,468,0,0),(2,23,469,0,0),(2,23,470,0,0),(2,23,471,0,0),(2,23,472,0,0),(2,23,473,0,0),(2,23,474,0,0),(2,23,475,0,0),(2,23,476,0,0),(2,23,477,0,0),(2,23,478,0,0),(2,23,479,0,0),(2,23,480,0,0),(2,23,481,0,0),(2,23,482,0,0),(2,23,483,0,0),(2,29,484,0,0),(2,29,488,0,0),(2,29,489,0,0),(2,29,491,0,0),(2,29,498,0,0),(2,29,499,0,0),(2,29,500,0,0),(2,29,501,0,0),(2,29,502,0,0),(2,29,504,0,0),(2,29,505,0,0),(2,29,506,0,0),(2,29,507,0,0),(2,29,508,0,0),(2,29,513,0,0),(2,29,514,0,0),(2,29,515,0,0),(2,29,516,0,0),(2,29,524,0,0),(2,10,529,0,0),(2,10,530,0,0),(2,10,531,0,0),(2,10,532,0,0),(2,10,533,0,0),(2,10,534,0,0),(2,32,535,0,0),(2,32,536,0,0),(2,32,537,0,0),(2,32,538,0,0),(2,32,539,0,0),(2,32,540,0,0),(2,32,541,0,0),(2,32,542,0,0),(2,32,543,0,0),(2,32,544,0,0),(2,32,545,0,0),(2,32,546,0,0),(2,32,547,0,0),(2,32,548,0,0),(2,32,549,0,0),(2,32,550,0,0),(2,32,551,0,0),(2,32,552,0,0),(2,32,553,0,0),(2,32,554,0,0),(2,32,555,0,0),(2,32,556,0,0),(2,32,557,0,0),(2,36,558,0,0),(2,36,559,0,0),(2,36,560,0,0),(2,36,561,0,0),(2,36,562,0,0),(2,36,563,0,0),(2,36,564,0,0),(2,36,565,0,0),(2,36,566,0,0),(2,36,567,0,0),(2,36,568,0,0),(2,36,569,0,0),(2,36,570,0,0),(2,36,571,0,0),(2,36,572,0,0),(2,36,573,0,0),(2,36,574,0,0),(2,36,575,0,0),(2,36,576,0,0),(2,29,577,0,0),(2,38,578,0,0),(2,38,579,0,0),(2,38,580,0,0),(2,38,581,0,0),(2,38,582,0,0),(2,38,583,0,0),(2,38,584,0,0),(2,38,585,0,0),(2,38,586,0,0),(2,38,587,0,0),(2,38,588,0,0),(2,38,589,0,0),(2,38,590,0,0),(2,38,591,0,0),(2,38,592,0,0),(2,38,593,0,0),(2,38,594,0,0),(2,38,595,0,0),(2,38,596,0,0),(2,38,597,0,0),(2,38,598,0,0),(2,38,599,0,0),(2,38,600,0,0),(2,38,601,0,0),(2,40,602,0,0),(2,40,603,0,0),(2,40,604,0,0),(2,40,605,0,0),(2,40,606,0,0),(2,40,607,0,0),(2,40,608,0,0),(2,40,609,0,0),(2,40,610,0,0),(2,40,611,0,0),(2,40,612,0,0),(2,40,613,0,0),(2,40,614,0,0),(2,40,615,0,0),(2,40,616,0,0),(2,40,617,0,0),(2,40,618,0,0),(2,40,619,0,0),(2,40,620,0,0),(2,40,621,0,0),(2,40,622,0,0),(2,40,623,0,0),(2,40,624,0,0),(2,40,625,0,0),(2,40,626,0,0),(2,40,627,0,0),(2,40,628,0,0),(2,40,629,0,0),(2,40,630,0,0),(2,40,631,0,0),(2,40,632,0,0),(2,40,633,0,0),(2,40,634,0,0),(2,40,635,0,0),(2,40,636,0,0),(2,40,637,0,0),(2,40,638,0,0),(2,40,639,0,0),(2,40,640,0,0),(2,42,641,0,0),(2,42,642,0,0),(2,42,643,0,0),(2,42,644,0,0),(2,42,645,0,0),(2,42,646,0,0),(2,42,647,0,0),(2,42,648,0,0),(2,42,649,0,0),(2,42,650,0,0),(2,42,651,0,0),(2,42,652,0,0),(2,14,653,0,0),(2,38,654,0,0),(2,43,655,0,0),(2,43,656,0,0),(2,43,657,0,0),(2,43,658,0,0),(2,43,659,0,0),(2,43,660,0,0),(2,43,661,0,0),(2,43,662,0,0),(2,43,663,0,0),(2,43,664,0,0),(2,43,665,0,0),(2,43,666,0,0),(2,43,667,0,0),(2,43,668,0,0),(2,43,669,0,0),(2,43,670,0,0),(2,43,671,0,0),(2,43,672,0,0),(2,43,673,0,0),(2,43,674,0,0),(2,43,675,0,0),(2,43,676,0,0),(2,43,677,0,0),(2,44,678,0,0),(2,44,679,0,0),(2,44,680,0,0),(2,44,681,0,0),(2,44,682,0,0),(2,44,683,0,0),(2,44,684,0,0),(2,44,685,0,0),(2,44,686,0,0),(2,44,687,0,0),(2,44,688,0,0),(2,44,689,0,0),(2,4,690,0,0),(2,4,691,0,0),(2,7,692,0,0),(2,7,693,0,0),(2,6,694,0,0),(2,6,695,0,0),(2,36,696,0,0),(2,36,697,0,0),(2,36,698,0,0),(2,36,699,0,0),(2,36,700,0,0),(2,36,701,0,0),(2,36,702,0,0),(2,36,703,0,0),(2,29,704,0,0),(2,29,705,0,0),(2,29,706,0,0),(2,29,707,0,0),(2,29,708,0,0),(2,29,709,0,0),(2,29,710,0,0),(2,29,711,0,0),(2,29,712,0,0),(2,29,713,0,0),(2,29,714,0,0),(2,29,715,0,0),(2,29,716,0,0),(2,29,717,0,0),(2,29,718,0,0),(2,29,719,0,0),(2,29,720,0,0),(2,47,721,0,0),(2,47,722,0,0),(2,47,723,0,0),(2,47,724,0,0),(2,47,725,0,0),(2,47,726,0,0),(2,47,727,0,0),(2,49,728,0,0),(2,49,729,0,0),(2,49,730,0,0),(2,49,731,0,0),(2,49,732,0,0),(2,49,733,0,0),(2,49,734,0,0),(2,49,735,0,0),(2,49,736,0,0),(2,49,737,0,0),(2,49,738,0,0),(2,49,739,0,0),(2,49,740,0,0),(2,49,741,0,0),(2,49,742,0,0),(2,49,743,0,0),(2,49,744,0,0),(2,49,745,0,0),(2,49,746,0,0),(2,49,747,0,0),(2,49,748,0,0),(2,49,749,0,0),(2,49,750,0,0),(2,49,751,0,0),(2,49,752,0,0),(2,49,753,0,0),(2,49,754,0,0),(2,49,755,0,0),(2,49,756,0,0),(2,49,757,0,0),(2,49,758,0,0),(2,49,759,0,0),(2,49,760,0,0),(2,49,761,0,0),(2,49,762,0,0),(2,49,763,0,0),(2,23,764,0,0),(2,6,765,0,0),(2,19,766,0,0),(2,14,767,0,0),(2,22,768,0,0),(2,22,769,0,0),(2,38,770,0,0),(2,51,771,0,0),(2,51,772,0,0),(2,51,773,0,0),(2,51,774,0,0),(2,51,775,0,0),(2,51,776,0,0),(2,51,777,0,0),(2,51,778,0,0),(2,51,779,0,0),(2,51,780,0,0),(2,51,781,0,0),(2,51,782,0,0),(2,51,783,0,0),(2,51,784,0,0),(2,51,785,0,0),(2,51,786,0,0),(2,51,787,0,0),(2,51,788,0,0),(2,51,789,0,0),(2,51,790,0,0),(2,51,791,0,0),(2,51,792,0,0),(2,54,793,0,0),(2,54,794,0,0),(2,54,795,0,0),(2,54,796,0,0),(2,54,797,0,0),(2,54,798,0,0),(2,54,799,0,0),(2,54,800,0,0),(2,54,801,0,0),(2,54,802,0,0),(2,54,803,0,0),(2,54,804,0,0),(2,57,805,0,0),(2,57,806,0,0),(2,57,807,0,0),(2,57,808,0,0),(2,57,809,0,0),(2,57,810,0,0),(2,57,811,0,0),(2,57,812,0,0),(2,57,813,0,0),(2,57,814,0,0),(2,57,815,0,0),(2,57,816,0,0),(2,57,817,0,0),(2,58,818,0,0),(2,58,819,0,0),(2,58,820,0,0),(2,58,821,0,0),(2,58,822,0,0),(2,58,823,0,0),(2,58,824,0,0),(2,58,825,0,0),(2,58,826,0,0),(2,58,827,0,0),(2,58,828,0,0),(2,58,829,0,0),(2,58,830,0,0),(2,58,831,0,0),(2,58,832,0,0),(2,58,833,0,0),(2,58,834,0,0),(2,58,835,0,0),(2,59,836,0,0),(2,59,837,0,0),(2,59,838,0,0),(2,59,839,0,0),(2,59,840,0,0),(2,59,841,0,0),(2,59,842,0,0),(2,59,843,0,0),(2,59,844,0,0),(2,59,845,0,0),(2,59,846,0,0),(2,59,847,0,0),(2,59,848,0,0),(2,59,849,0,0),(2,59,850,0,0),(2,59,851,0,0),(2,59,852,0,0),(2,59,853,0,0),(2,59,854,0,0),(2,59,855,0,0),(2,2,856,0,0),(2,29,857,0,0),(2,23,858,0,0),(2,23,859,0,0),(2,23,860,0,0),(2,23,861,0,0),(2,23,862,0,0),(2,23,863,0,0),(2,23,864,0,0),(2,23,865,0,0),(2,23,866,0,0),(2,22,867,0,0),(2,22,868,0,0),(2,22,869,0,0),(2,22,870,0,0),(2,22,871,0,0),(2,22,872,0,0),(2,22,873,0,0),(2,22,874,0,0),(2,22,875,0,0),(2,21,876,0,0),(2,21,877,0,0),(2,21,878,0,0),(2,21,879,0,0),(2,21,880,0,0),(2,21,881,0,0),(2,21,882,0,0),(2,21,883,0,0),(2,21,884,0,0),(2,20,885,0,0),(2,20,886,0,0),(2,20,887,0,0),(2,20,888,0,0),(2,20,889,0,0),(2,20,890,0,0),(2,20,891,0,0),(2,20,892,0,0),(2,20,893,0,0),(2,49,894,0,0),(2,49,895,0,0),(2,49,896,0,0),(2,49,897,0,0),(2,49,898,0,0),(2,49,899,0,0),(2,49,900,0,0),(2,49,901,0,0),(2,49,902,0,0),(2,40,903,0,0),(2,40,904,0,0),(2,40,905,0,0),(2,40,906,0,0),(2,40,907,0,0),(2,40,908,0,0),(2,40,909,0,0),(2,40,910,0,0),(2,40,911,0,0),(2,29,912,0,0),(2,58,913,0,0),(2,29,914,0,0),(2,29,915,0,0),(2,29,916,0,0),(2,23,917,0,0),(2,22,918,0,0),(2,21,919,0,0),(2,20,920,0,0),(2,49,921,0,0),(2,40,922,0,0),(2,29,923,0,0),(2,6,924,0,0),(2,4,925,0,0),(2,2,926,0,0),(2,29,927,0,0),(2,23,928,0,0),(2,23,929,0,0),(2,21,930,0,0),(2,21,931,0,0),(2,7,932,0,0),(2,23,933,0,0),(2,20,934,0,0),(2,21,935,0,0),(2,22,936,0,0),(2,49,937,0,0),(2,40,938,0,0),(2,29,939,0,0),(2,2,940,0,0),(2,13,941,0,0),(2,29,942,0,0),(2,29,943,0,0),(2,29,944,0,0),(2,29,945,0,0),(2,23,977,0,1),(2,20,978,0,1),(2,22,979,0,1),(2,49,980,0,1),(2,40,981,0,1),(2,2,982,0,1),(2,21,983,0,1),(2,43,984,0,1),(2,2,985,0,0),(2,4,986,0,0),(2,6,987,0,0),(2,7,988,0,0),(2,8,989,0,0),(2,9,990,0,0),(2,13,991,0,0),(2,14,992,0,0),(2,15,993,0,0),(2,16,994,0,0),(2,18,995,0,0),(2,19,996,0,0),(2,20,997,0,0),(2,21,998,0,0),(2,22,999,0,0),(2,23,1000,0,0),(2,26,1001,0,0),(2,32,1002,0,0),(2,36,1003,0,0),(2,38,1004,0,0),(2,40,1005,0,0),(2,42,1006,0,0),(2,43,1007,0,0),(2,44,1008,0,0),(2,47,1009,0,0),(2,49,1010,0,0),(2,51,1011,0,0),(2,54,1012,0,0),(2,57,1013,0,0),(2,58,1014,0,0),(2,59,1015,0,0),(2,14,1016,0,0),(2,38,1017,0,0),(2,23,1018,0,0),(2,29,1019,0,0),(2,23,1020,0,0),(2,23,1021,0,0),(2,23,1022,0,0),(2,20,1023,0,0),(2,20,1024,0,0),(2,20,1025,0,0),(2,21,1026,0,0),(2,22,1027,0,0),(2,22,1028,0,0),(2,22,1029,0,0),(2,49,1030,0,0),(2,49,1031,0,0),(2,49,1032,0,0),(2,40,1033,0,0),(2,40,1034,0,0),(2,40,1035,0,0),(2,54,1036,0,0),(2,54,1037,0,0),(2,54,1038,0,0),(2,2,1039,0,0),(2,4,1040,0,0),(2,6,1041,0,0),(2,7,1042,0,0),(2,8,1043,0,0),(2,9,1044,0,0),(2,13,1045,0,0),(2,14,1046,0,0),(2,15,1047,0,0),(2,16,1048,0,0),(2,18,1049,0,0),(2,19,1050,0,0),(2,20,1051,0,0),(2,21,1052,0,0),(2,22,1053,0,0),(2,23,1054,0,0),(2,26,1055,0,0),(2,10,1056,0,0),(2,10,1057,0,0),(2,2,1058,0,0),(2,4,1059,0,0),(2,6,1060,0,0),(2,7,1061,0,0),(2,8,1062,0,0),(2,9,1063,0,0),(2,10,1064,0,0),(2,13,1065,0,0),(2,14,1066,0,0),(2,15,1067,0,0),(2,16,1068,0,0),(2,18,1069,0,0),(2,19,1070,0,0),(2,20,1071,0,0),(2,21,1072,0,0),(2,22,1073,0,0),(2,23,1074,0,0),(2,26,1075,0,0),(2,36,1076,0,0),(2,2,1077,0,0),(2,4,1078,0,0),(2,6,1079,0,0),(2,7,1080,0,0),(2,8,1081,0,0),(2,9,1082,0,0),(2,10,1083,0,0),(2,13,1084,0,0),(2,14,1085,0,0),(2,15,1086,0,0),(2,16,1087,0,0),(2,18,1088,0,0),(2,19,1089,0,0),(2,20,1090,0,0),(2,21,1091,0,0),(2,22,1092,0,0),(2,23,1093,0,0),(2,26,1094,0,0),(2,36,1095,0,0),(2,20,1096,0,0),(2,21,1097,0,0),(2,22,1098,0,0),(2,23,1099,0,0),(2,49,1100,0,0),(2,40,1101,0,0),(2,59,1102,0,0),(2,59,1103,0,0),(2,14,1104,0,0),(2,49,1105,0,0),(2,40,1106,0,0),(2,29,1107,0,0),(2,29,1108,0,0),(2,65,1109,0,0),(2,65,1110,0,0),(2,65,1111,0,0),(2,65,1112,0,0),(2,65,1113,0,0),(2,65,1114,0,0),(2,65,1115,0,0),(2,65,1116,0,0),(2,65,1117,0,0),(2,65,1118,0,0),(2,65,1119,0,0),(2,65,1120,0,0),(2,65,1121,0,0),(2,65,1122,0,0),(2,7,1123,0,0),(2,7,1124,0,0),(2,7,1125,0,0),(2,7,1126,0,0),(2,65,1127,0,0),(2,65,1128,0,0),(2,65,1129,0,0),(2,65,1130,0,0),(2,65,1131,0,0),(2,65,1132,0,0),(2,65,1133,0,0),(2,65,1134,0,0),(2,65,1135,0,0),(2,65,1136,0,0),(2,65,1137,0,0),(2,66,1138,0,0),(2,66,1139,0,0),(2,66,1140,0,0),(2,66,1141,0,0),(2,66,1142,0,0),(2,66,1143,0,0),(2,66,1144,0,0),(2,66,1145,0,0),(2,66,1146,0,0),(2,66,1147,0,0),(2,66,1148,0,0),(2,66,1149,0,0),(2,66,1150,0,0),(2,66,1151,0,0),(2,66,1152,0,0),(2,66,1153,0,0),(2,66,1154,0,0),(2,66,1155,0,0),(2,66,1156,0,0),(2,66,1157,0,0),(2,4,1158,0,0),(2,4,1159,0,0),(2,4,1160,0,0),(2,4,1161,0,0),(2,4,1162,0,0),(2,4,1163,0,0),(2,4,1164,0,0),(2,4,1165,0,0),(2,4,1166,0,0),(2,4,1167,0,0),(2,4,1168,0,0),(2,4,1169,0,0),(2,4,1170,0,0),(2,4,1171,0,0),(2,4,1172,0,0),(2,65,1173,0,0),(2,65,1174,0,0),(2,65,1175,0,0),(2,65,1176,0,0),(2,7,1177,0,0),(2,7,1178,0,0),(2,65,1179,0,0),(2,66,1180,0,0),(2,66,1181,0,0),(2,66,1182,0,0),(2,66,1183,0,0),(2,66,1184,0,0),(2,66,1185,0,0),(2,66,1186,0,0),(2,66,1187,0,0),(2,65,1188,0,0),(2,4,1189,0,0),(2,4,1190,0,0),(2,4,1191,0,0),(2,4,1192,0,0),(2,4,1193,0,0),(2,65,1194,0,0),(2,65,1195,0,0),(2,65,1196,0,0),(2,65,1197,0,0),(2,65,1198,0,0),(2,65,1199,0,0),(2,65,1200,0,0),(2,65,1201,0,0),(2,23,1202,0,0),(2,65,1203,0,0),(3,6,1,0,0),(3,6,2,0,0),(3,6,3,0,0),(3,6,4,0,0),(3,6,5,0,0),(3,6,6,0,0),(3,6,7,0,0),(3,6,8,0,0),(3,6,9,0,0),(3,6,10,0,0),(3,6,11,0,0),(3,6,12,0,0),(3,6,13,0,0),(3,6,14,0,0),(3,6,15,0,0),(3,6,16,0,0),(3,6,17,0,0),(3,6,18,0,0),(3,6,19,0,0),(3,6,20,0,0),(3,6,21,0,0),(3,6,22,0,0),(3,6,23,0,0),(3,6,24,0,0),(3,6,25,0,0),(3,6,26,0,0),(3,6,27,0,0),(3,6,28,0,0),(3,6,29,0,0),(3,6,30,0,0),(3,6,31,0,0),(3,6,32,0,0),(3,6,33,0,0),(3,6,34,0,0),(3,6,35,0,0),(3,6,36,0,0),(3,6,37,0,0),(3,6,38,0,0),(3,6,39,0,0),(3,7,40,0,0),(3,7,41,0,0),(3,7,42,0,0),(3,7,43,0,0),(3,7,44,0,0),(3,7,45,0,0),(3,7,46,0,0),(3,7,47,0,0),(3,7,48,0,0),(3,7,49,0,0),(3,7,50,0,0),(3,7,51,0,0),(3,7,52,0,0),(3,7,53,0,0),(3,7,54,0,0),(3,7,55,0,0),(3,7,56,0,0),(3,7,57,0,0),(3,7,58,0,0),(3,7,59,0,0),(3,7,60,0,0),(3,7,61,0,0),(3,7,62,0,0),(3,7,63,0,0),(3,7,64,0,0),(3,7,65,0,0),(3,7,66,0,0),(3,7,67,0,0),(3,7,68,0,0),(3,7,69,0,0),(3,4,70,0,0),(3,4,71,0,0),(3,4,72,0,0),(3,4,73,0,0),(3,4,74,0,0),(3,4,75,0,0),(3,4,76,0,0),(3,4,77,0,0),(3,4,78,0,0),(3,4,79,0,0),(3,4,80,0,0),(3,4,81,0,0),(3,4,82,0,0),(3,4,83,0,0),(3,4,84,0,0),(3,4,85,0,0),(3,4,86,0,0),(3,4,87,0,0),(3,4,88,0,0),(3,4,89,0,0),(3,4,90,0,0),(3,4,91,0,0),(3,4,92,0,0),(3,4,93,0,0),(3,4,94,0,0),(3,4,95,0,0),(3,4,96,0,0),(3,4,97,0,0),(3,4,98,0,0),(3,4,99,0,0),(3,4,100,0,0),(3,4,101,0,0),(3,4,102,0,0),(3,4,103,0,0),(3,4,104,0,0),(3,4,105,0,0),(3,4,106,0,0),(3,4,107,0,0),(3,4,108,0,0),(3,4,109,0,0),(3,4,110,0,0),(3,4,111,0,0),(3,4,112,0,0),(3,4,113,0,0),(3,4,114,0,0),(3,2,115,0,0),(3,2,116,0,0),(3,2,117,0,0),(3,2,118,0,0),(3,2,119,0,0),(3,2,120,0,0),(3,2,121,0,0),(3,2,122,0,0),(3,2,123,0,0),(3,2,124,0,0),(3,2,125,0,0),(3,2,126,0,0),(3,2,127,0,0),(3,2,128,0,0),(3,2,129,0,0),(3,2,130,0,0),(3,26,131,0,0),(3,26,132,0,0),(3,26,133,0,0),(3,26,134,0,0),(3,26,135,0,0),(3,26,136,0,0),(3,26,137,0,0),(3,26,138,0,0),(3,26,139,0,0),(3,26,140,0,0),(3,26,141,0,0),(3,26,142,0,0),(3,26,143,0,0),(3,26,144,0,0),(3,26,145,0,0),(3,26,146,0,0),(3,26,147,0,0),(3,26,148,0,0),(3,26,149,0,0),(3,26,150,0,0),(3,26,151,0,0),(3,26,152,0,0),(3,26,153,0,0),(3,26,154,0,0),(3,26,155,0,0),(3,4,156,0,0),(3,6,157,0,0),(3,7,158,0,0),(3,26,159,0,0),(3,13,160,0,0),(3,13,161,0,0),(3,13,162,0,0),(3,13,163,0,0),(3,13,164,0,0),(3,13,165,0,0),(3,13,166,0,0),(3,13,167,0,0),(3,13,168,0,0),(3,13,169,0,0),(3,13,170,0,0),(3,13,171,0,0),(3,13,172,0,0),(3,13,173,0,0),(3,13,174,0,0),(3,13,175,0,0),(3,13,176,0,0),(3,13,177,0,0),(3,13,178,0,0),(3,14,179,0,0),(3,14,180,0,0),(3,14,181,0,0),(3,14,182,0,0),(3,14,183,0,0),(3,14,184,0,0),(3,14,185,0,0),(3,14,186,0,0),(3,14,187,0,0),(3,14,188,0,0),(3,14,189,0,0),(3,14,190,0,0),(3,14,191,0,0),(3,14,192,0,0),(3,14,193,0,0),(3,14,194,0,0),(3,14,195,0,0),(3,14,196,0,0),(3,14,197,0,0),(3,14,198,0,0),(3,14,199,0,0),(3,14,200,0,0),(3,14,201,0,0),(3,14,202,0,0),(3,14,203,0,0),(3,14,204,0,0),(3,14,205,0,0),(3,14,206,0,0),(3,14,207,0,0),(3,14,208,0,0),(3,14,209,0,0),(3,14,210,0,0),(3,14,211,0,0),(3,14,212,0,0),(3,8,213,0,0),(3,8,214,0,0),(3,8,215,0,0),(3,8,216,0,0),(3,8,217,0,0),(3,8,218,0,0),(3,8,219,0,0),(3,8,220,0,0),(3,8,221,0,0),(3,8,222,0,0),(3,8,223,0,0),(3,8,224,0,0),(3,8,225,0,0),(3,8,226,0,0),(3,8,227,0,0),(3,10,228,0,0),(3,10,229,0,0),(3,10,230,0,0),(3,10,231,0,0),(3,10,232,0,0),(3,10,233,0,0),(3,10,234,0,0),(3,10,235,0,0),(3,10,236,0,0),(3,10,237,0,0),(3,10,238,0,0),(3,10,239,0,0),(3,9,240,0,0),(3,9,241,0,0),(3,9,242,0,0),(3,9,243,0,0),(3,9,244,0,0),(3,9,245,0,0),(3,9,246,0,0),(3,9,247,0,0),(3,9,248,0,0),(3,9,249,0,0),(3,9,250,0,0),(3,9,251,0,0),(3,9,252,0,0),(3,9,253,0,0),(3,9,254,0,0),(3,9,255,0,0),(3,9,256,0,0),(3,9,257,0,0),(3,9,258,0,0),(3,9,259,0,0),(3,9,260,0,0),(3,9,261,0,0),(3,9,262,0,0),(3,9,263,0,0),(3,16,264,0,0),(3,16,265,0,0),(3,16,266,0,0),(3,16,267,0,0),(3,16,268,0,0),(3,16,269,0,0),(3,16,270,0,0),(3,16,271,0,0),(3,16,272,0,0),(3,16,273,0,0),(3,16,274,0,0),(3,16,275,0,0),(3,16,276,0,0),(3,16,277,0,0),(3,16,278,0,0),(3,16,279,0,0),(3,16,280,0,0),(3,16,281,0,0),(3,16,282,0,0),(3,16,283,0,0),(3,16,284,0,0),(3,16,285,0,0),(3,16,286,0,0),(3,15,287,0,0),(3,15,288,0,0),(3,15,289,0,0),(3,15,290,0,0),(3,15,291,0,0),(3,15,292,0,0),(3,15,293,0,0),(3,15,294,0,0),(3,15,295,0,0),(3,15,296,0,0),(3,18,297,0,0),(3,18,298,0,0),(3,18,299,0,0),(3,18,300,0,0),(3,18,301,0,0),(3,18,302,0,0),(3,18,303,0,0),(3,18,304,0,0),(3,18,305,0,0),(3,18,306,0,0),(3,18,307,0,0),(3,18,308,0,0),(3,18,309,0,0),(3,18,310,0,0),(3,18,311,0,0),(3,18,312,0,0),(3,18,313,0,0),(3,18,314,0,0),(3,19,315,0,0),(3,19,316,0,0),(3,19,317,0,0),(3,19,318,0,0),(3,19,319,0,0),(3,19,320,0,0),(3,19,321,0,0),(3,19,322,0,0),(3,20,323,0,0),(3,20,324,0,0),(3,20,325,0,0),(3,20,326,0,0),(3,20,327,0,0),(3,20,328,0,0),(3,20,329,0,0),(3,20,330,0,0),(3,20,331,0,0),(3,20,332,0,0),(3,20,333,0,0),(3,20,334,0,0),(3,20,335,0,0),(3,20,336,0,0),(3,20,337,0,0),(3,20,338,0,0),(3,20,339,0,0),(3,20,340,0,0),(3,20,341,0,0),(3,20,342,0,0),(3,20,343,0,0),(3,20,344,0,0),(3,20,345,0,0),(3,20,346,0,0),(3,20,347,0,0),(3,20,348,0,0),(3,20,349,0,0),(3,20,350,0,0),(3,20,351,0,0),(3,20,352,0,0),(3,20,353,0,0),(3,20,354,0,0),(3,20,355,0,0),(3,20,356,0,0),(3,20,357,0,0),(3,20,358,0,0),(3,20,359,0,0),(3,21,360,0,0),(3,21,361,0,0),(3,21,362,0,0),(3,21,363,0,0),(3,21,364,0,0),(3,21,365,0,0),(3,21,366,0,0),(3,21,367,0,0),(3,21,368,0,0),(3,21,369,0,0),(3,21,370,0,0),(3,21,371,0,0),(3,21,372,0,0),(3,21,373,0,0),(3,21,374,0,0),(3,21,375,0,0),(3,21,376,0,0),(3,21,377,0,0),(3,21,378,0,0),(3,21,379,0,0),(3,21,380,0,0),(3,21,381,0,0),(3,21,382,0,0),(3,21,383,0,0),(3,21,384,0,0),(3,21,385,0,0),(3,21,386,0,0),(3,21,387,0,0),(3,21,388,0,0),(3,21,389,0,0),(3,21,390,0,0),(3,21,391,0,0),(3,21,392,0,0),(3,21,393,0,0),(3,21,394,0,0),(3,21,395,0,0),(3,21,396,0,0),(3,21,397,0,0),(3,22,398,0,0),(3,22,399,0,0),(3,22,400,0,0),(3,22,401,0,0),(3,22,402,0,0),(3,22,403,0,0),(3,22,404,0,0),(3,22,405,0,0),(3,22,406,0,0),(3,22,407,0,0),(3,22,408,0,0),(3,22,409,0,0),(3,22,410,0,0),(3,22,411,0,0),(3,22,412,0,0),(3,22,413,0,0),(3,22,414,0,0),(3,22,415,0,0),(3,22,416,0,0),(3,22,417,0,0),(3,22,418,0,0),(3,22,419,0,0),(3,22,420,0,0),(3,22,421,0,0),(3,22,422,0,0),(3,22,423,0,0),(3,22,424,0,0),(3,22,425,0,0),(3,22,426,0,0),(3,22,427,0,0),(3,22,428,0,0),(3,22,429,0,0),(3,22,430,0,0),(3,22,431,0,0),(3,22,432,0,0),(3,22,433,0,0),(3,22,434,0,0),(3,22,435,0,0),(3,22,436,0,0),(3,22,437,0,0),(3,22,438,0,0),(3,22,439,0,0),(3,22,440,0,0),(3,22,441,0,0),(3,22,442,0,0),(3,22,443,0,0),(3,22,444,0,0),(3,23,445,0,0),(3,23,446,0,0),(3,23,447,0,0),(3,23,448,0,0),(3,23,449,0,0),(3,23,450,0,0),(3,23,451,0,0),(3,23,452,0,0),(3,23,453,0,0),(3,23,454,0,0),(3,23,455,0,0),(3,23,456,0,0),(3,23,457,0,0),(3,23,458,0,0),(3,23,459,0,0),(3,23,460,0,0),(3,23,461,0,0),(3,23,462,0,0),(3,23,463,0,0),(3,23,464,0,0),(3,23,465,0,0),(3,23,466,0,0),(3,23,467,0,0),(3,23,468,0,0),(3,23,469,0,0),(3,23,470,0,0),(3,23,471,0,0),(3,23,472,0,0),(3,23,473,0,0),(3,23,474,0,0),(3,23,475,0,0),(3,23,476,0,0),(3,23,477,0,0),(3,23,478,0,0),(3,23,479,0,0),(3,23,480,0,0),(3,23,481,0,0),(3,23,482,0,0),(3,23,483,0,0),(3,29,484,0,0),(3,29,488,0,0),(3,29,489,0,0),(3,29,491,0,0),(3,29,498,0,0),(3,29,499,0,0),(3,29,500,0,0),(3,29,501,0,0),(3,29,502,0,0),(3,29,504,0,0),(3,29,505,0,0),(3,29,506,0,0),(3,29,507,0,0),(3,29,508,0,0),(3,29,513,0,0),(3,29,514,0,0),(3,29,515,0,0),(3,29,516,0,0),(3,29,524,0,0),(3,10,529,0,0),(3,10,530,0,0),(3,10,531,0,0),(3,10,532,0,0),(3,10,533,0,0),(3,10,534,0,0),(3,32,535,0,0),(3,32,536,0,0),(3,32,537,0,0),(3,32,538,0,0),(3,32,539,0,0),(3,32,540,0,0),(3,32,541,0,0),(3,32,542,0,0),(3,32,543,0,0),(3,32,544,0,0),(3,32,545,0,0),(3,32,546,0,0),(3,32,547,0,0),(3,32,548,0,0),(3,32,549,0,0),(3,32,550,0,0),(3,32,551,0,0),(3,32,552,0,0),(3,32,553,0,0),(3,32,554,0,0),(3,32,555,0,0),(3,32,556,0,0),(3,32,557,0,0),(3,36,558,0,0),(3,36,559,0,0),(3,36,560,0,0),(3,36,561,0,0),(3,36,562,0,0),(3,36,563,0,0),(3,36,564,0,0),(3,36,565,0,0),(3,36,566,0,0),(3,36,567,0,0),(3,36,568,0,0),(3,36,569,0,0),(3,36,570,0,0),(3,36,571,0,0),(3,36,572,0,0),(3,36,573,0,0),(3,36,574,0,0),(3,36,575,0,0),(3,36,576,0,0),(3,29,577,0,0),(3,38,578,0,0),(3,38,579,0,0),(3,38,580,0,0),(3,38,581,0,0),(3,38,582,0,0),(3,38,583,0,0),(3,38,584,0,0),(3,38,585,0,0),(3,38,586,0,0),(3,38,587,0,0),(3,38,588,0,0),(3,38,589,0,0),(3,38,590,0,0),(3,38,591,0,0),(3,38,592,0,0),(3,38,593,0,0),(3,38,594,0,0),(3,38,595,0,0),(3,38,596,0,0),(3,38,597,0,0),(3,38,598,0,0),(3,38,599,0,0),(3,38,600,0,0),(3,38,601,0,0),(3,40,602,0,0),(3,40,603,0,0),(3,40,604,0,0),(3,40,605,0,0),(3,40,606,0,0),(3,40,607,0,0),(3,40,608,0,0),(3,40,609,0,0),(3,40,610,0,0),(3,40,611,0,0),(3,40,612,0,0),(3,40,613,0,0),(3,40,614,0,0),(3,40,615,0,0),(3,40,616,0,0),(3,40,617,0,0),(3,40,618,0,0),(3,40,619,0,0),(3,40,620,0,0),(3,40,621,0,0),(3,40,622,0,0),(3,40,623,0,0),(3,40,624,0,0),(3,40,625,0,0),(3,40,626,0,0),(3,40,627,0,0),(3,40,628,0,0),(3,40,629,0,0),(3,40,630,0,0),(3,40,631,0,0),(3,40,632,0,0),(3,40,633,0,0),(3,40,634,0,0),(3,40,635,0,0),(3,40,636,0,0),(3,40,637,0,0),(3,40,638,0,0),(3,40,639,0,0),(3,40,640,0,0),(3,42,641,0,0),(3,42,642,0,0),(3,42,643,0,0),(3,42,644,0,0),(3,42,645,0,0),(3,42,646,0,0),(3,42,647,0,0),(3,42,648,0,0),(3,42,649,0,0),(3,42,650,0,0),(3,42,651,0,0),(3,42,652,0,0),(3,14,653,0,0),(3,38,654,0,0),(3,43,655,0,0),(3,43,656,0,0),(3,43,657,0,0),(3,43,658,0,0),(3,43,659,0,0),(3,43,660,0,0),(3,43,661,0,0),(3,43,662,0,0),(3,43,663,0,0),(3,43,664,0,0),(3,43,665,0,0),(3,43,666,0,0),(3,43,667,0,0),(3,43,668,0,0),(3,43,669,0,0),(3,43,670,0,0),(3,43,671,0,0),(3,43,672,0,0),(3,43,673,0,0),(3,43,674,0,0),(3,43,675,0,0),(3,43,676,0,0),(3,43,677,0,0),(3,44,678,0,0),(3,44,679,0,0),(3,44,680,0,0),(3,44,681,0,0),(3,44,682,0,0),(3,44,683,0,0),(3,44,684,0,0),(3,44,685,0,0),(3,44,686,0,0),(3,44,687,0,0),(3,44,688,0,0),(3,44,689,0,0),(3,4,690,0,0),(3,4,691,0,0),(3,7,692,0,0),(3,7,693,0,0),(3,6,694,0,0),(3,6,695,0,0),(3,36,696,0,0),(3,36,697,0,0),(3,36,698,0,0),(3,36,699,0,0),(3,36,700,0,0),(3,36,701,0,0),(3,36,702,0,0),(3,36,703,0,0),(3,29,704,0,0),(3,29,705,0,0),(3,29,706,0,0),(3,29,707,0,0),(3,29,708,0,0),(3,29,709,0,0),(3,29,710,0,0),(3,29,711,0,0),(3,29,712,0,0),(3,29,713,0,0),(3,29,714,0,0),(3,29,715,0,0),(3,29,716,0,0),(3,29,717,0,0),(3,29,718,0,0),(3,29,719,0,0),(3,29,720,0,0),(3,47,721,0,0),(3,47,722,0,0),(3,47,723,0,0),(3,47,724,0,0),(3,47,725,0,0),(3,47,726,0,0),(3,47,727,0,0),(3,49,728,0,0),(3,49,729,0,0),(3,49,730,0,0),(3,49,731,0,0),(3,49,732,0,0),(3,49,733,0,0),(3,49,734,0,0),(3,49,735,0,0),(3,49,736,0,0),(3,49,737,0,0),(3,49,738,0,0),(3,49,739,0,0),(3,49,740,0,0),(3,49,741,0,0),(3,49,742,0,0),(3,49,743,0,0),(3,49,744,0,0),(3,49,745,0,0),(3,49,746,0,0),(3,49,747,0,0),(3,49,748,0,0),(3,49,749,0,0),(3,49,750,0,0),(3,49,751,0,0),(3,49,752,0,0),(3,49,753,0,0),(3,49,754,0,0),(3,49,755,0,0),(3,49,756,0,0),(3,49,757,0,0),(3,49,758,0,0),(3,49,759,0,0),(3,49,760,0,0),(3,49,761,0,0),(3,49,762,0,0),(3,49,763,0,0),(3,23,764,0,0),(3,6,765,0,0),(3,19,766,0,0),(3,14,767,0,0),(3,22,768,0,0),(3,22,769,0,0),(3,38,770,0,0),(3,51,771,0,0),(3,51,772,0,0),(3,51,773,0,0),(3,51,774,0,0),(3,51,775,0,0),(3,51,776,0,0),(3,51,777,0,0),(3,51,778,0,0),(3,51,779,0,0),(3,51,780,0,0),(3,51,781,0,0),(3,51,782,0,0),(3,51,783,0,0),(3,51,784,0,0),(3,51,785,0,0),(3,51,786,0,0),(3,51,787,0,0),(3,51,788,0,0),(3,51,789,0,0),(3,51,790,0,0),(3,51,791,0,0),(3,51,792,0,0),(3,54,793,0,0),(3,54,794,0,0),(3,54,795,0,0),(3,54,796,0,0),(3,54,797,0,0),(3,54,798,0,0),(3,54,799,0,0),(3,54,800,0,0),(3,54,801,0,0),(3,54,802,0,0),(3,54,803,0,0),(3,54,804,0,0),(3,57,805,0,0),(3,57,806,0,0),(3,57,807,0,0),(3,57,808,0,0),(3,57,809,0,0),(3,57,810,0,0),(3,57,811,0,0),(3,57,812,0,0),(3,57,813,0,0),(3,57,814,0,0),(3,57,815,0,0),(3,57,816,0,0),(3,57,817,0,0),(3,58,818,0,0),(3,58,819,0,0),(3,58,820,0,0),(3,58,821,0,0),(3,58,822,0,0),(3,58,823,0,0),(3,58,824,0,0),(3,58,825,0,0),(3,58,826,0,0),(3,58,827,0,0),(3,58,828,0,0),(3,58,829,0,0),(3,58,830,0,0),(3,58,831,0,0),(3,58,832,0,0),(3,58,833,0,0),(3,58,834,0,0),(3,58,835,0,0),(3,59,836,0,0),(3,59,837,0,0),(3,59,838,0,0),(3,59,839,0,0),(3,59,840,0,0),(3,59,841,0,0),(3,59,842,0,0),(3,59,843,0,0),(3,59,844,0,0),(3,59,845,0,0),(3,59,846,0,0),(3,59,847,0,0),(3,59,848,0,0),(3,59,849,0,0),(3,59,850,0,0),(3,59,851,0,0),(3,59,852,0,0),(3,59,853,0,0),(3,59,854,0,0),(3,59,855,0,0),(3,2,856,0,0),(3,29,857,0,0),(3,23,858,0,0),(3,23,859,0,0),(3,23,860,0,0),(3,23,861,0,0),(3,23,862,0,0),(3,23,863,0,0),(3,23,864,0,0),(3,23,865,0,0),(3,23,866,0,0),(3,22,867,0,0),(3,22,868,0,0),(3,22,869,0,0),(3,22,870,0,0),(3,22,871,0,0),(3,22,872,0,0),(3,22,873,0,0),(3,22,874,0,0),(3,22,875,0,0),(3,21,876,0,0),(3,21,877,0,0),(3,21,878,0,0),(3,21,879,0,0),(3,21,880,0,0),(3,21,881,0,0),(3,21,882,0,0),(3,21,883,0,0),(3,21,884,0,0),(3,20,885,0,0),(3,20,886,0,0),(3,20,887,0,0),(3,20,888,0,0),(3,20,889,0,0),(3,20,890,0,0),(3,20,891,0,0),(3,20,892,0,0),(3,20,893,0,0),(3,49,894,0,0),(3,49,895,0,0),(3,49,896,0,0),(3,49,897,0,0),(3,49,898,0,0),(3,49,899,0,0),(3,49,900,0,0),(3,49,901,0,0),(3,49,902,0,0),(3,40,903,0,0),(3,40,904,0,0),(3,40,905,0,0),(3,40,906,0,0),(3,40,907,0,0),(3,40,908,0,0),(3,40,909,0,0),(3,40,910,0,0),(3,40,911,0,0),(3,29,912,0,0),(3,58,913,0,0),(3,29,914,0,0),(3,29,915,0,0),(3,29,916,0,0),(3,23,917,0,0),(3,22,918,0,0),(3,21,919,0,0),(3,20,920,0,0),(3,49,921,0,0),(3,40,922,0,0),(3,29,923,0,0),(3,6,924,0,0),(3,4,925,0,0),(3,2,926,0,0),(3,29,927,0,0),(3,23,928,0,0),(3,23,929,0,0),(3,21,930,0,0),(3,21,931,0,0),(3,7,932,0,0),(3,23,933,0,0),(3,20,934,0,0),(3,21,935,0,0),(3,22,936,0,0),(3,49,937,0,0),(3,40,938,0,0),(3,29,939,0,0),(3,2,940,0,0),(3,13,941,0,0),(3,29,942,0,0),(3,29,943,0,0),(3,29,944,0,0),(3,29,945,0,0),(3,23,977,0,1),(3,20,978,0,1),(3,22,979,0,1),(3,49,980,0,1),(3,40,981,0,1),(3,2,982,0,1),(3,21,983,0,1),(3,43,984,0,1),(3,2,985,0,0),(3,4,986,0,0),(3,6,987,0,0),(3,7,988,0,0),(3,8,989,0,0),(3,9,990,0,0),(3,13,991,0,0),(3,14,992,0,0),(3,15,993,0,0),(3,16,994,0,0),(3,18,995,0,0),(3,19,996,0,0),(3,20,997,0,0),(3,21,998,0,0),(3,22,999,0,0),(3,23,1000,0,0),(3,26,1001,0,0),(3,32,1002,0,0),(3,36,1003,0,0),(3,38,1004,0,0),(3,40,1005,0,0),(3,42,1006,0,0),(3,43,1007,0,0),(3,44,1008,0,0),(3,47,1009,0,0),(3,49,1010,0,0),(3,51,1011,0,0),(3,54,1012,0,0),(3,57,1013,0,0),(3,58,1014,0,0),(3,59,1015,0,0),(3,14,1016,0,0),(3,38,1017,0,0),(3,23,1018,0,0),(3,29,1019,0,0),(3,23,1020,0,0),(3,23,1021,0,0),(3,23,1022,0,0),(3,20,1023,0,0),(3,20,1024,0,0),(3,20,1025,0,0),(3,21,1026,0,0),(3,22,1027,0,0),(3,22,1028,0,0),(3,22,1029,0,0),(3,49,1030,0,0),(3,49,1031,0,0),(3,49,1032,0,0),(3,40,1033,0,0),(3,40,1034,0,0),(3,40,1035,0,0),(3,54,1036,0,0),(3,54,1037,0,0),(3,54,1038,0,0),(3,2,1039,0,0),(3,4,1040,0,0),(3,6,1041,0,0),(3,7,1042,0,0),(3,8,1043,0,0),(3,9,1044,0,0),(3,13,1045,0,0),(3,14,1046,0,0),(3,15,1047,0,0),(3,16,1048,0,0),(3,18,1049,0,0),(3,19,1050,0,0),(3,20,1051,0,0),(3,21,1052,0,0),(3,22,1053,0,0),(3,23,1054,0,0),(3,26,1055,0,0),(3,10,1056,0,0),(3,10,1057,0,0),(3,2,1058,0,0),(3,4,1059,0,0),(3,6,1060,0,0),(3,7,1061,0,0),(3,8,1062,0,0),(3,9,1063,0,0),(3,10,1064,0,0),(3,13,1065,0,0),(3,14,1066,0,0),(3,15,1067,0,0),(3,16,1068,0,0),(3,18,1069,0,0),(3,19,1070,0,0),(3,20,1071,0,0),(3,21,1072,0,0),(3,22,1073,0,0),(3,23,1074,0,0),(3,26,1075,0,0),(3,36,1076,0,0),(3,2,1077,0,0),(3,4,1078,0,0),(3,6,1079,0,0),(3,7,1080,0,0),(3,8,1081,0,0),(3,9,1082,0,0),(3,10,1083,0,0),(3,13,1084,0,0),(3,14,1085,0,0),(3,15,1086,0,0),(3,16,1087,0,0),(3,18,1088,0,0),(3,19,1089,0,0),(3,20,1090,0,0),(3,21,1091,0,0),(3,22,1092,0,0),(3,23,1093,0,0),(3,26,1094,0,0),(3,36,1095,0,0),(3,20,1096,0,0),(3,21,1097,0,0),(3,22,1098,0,0),(3,23,1099,0,0),(3,49,1100,0,0),(3,40,1101,0,0),(3,59,1102,0,0),(3,59,1103,0,0),(3,14,1104,0,0),(3,49,1105,0,0),(3,40,1106,0,0),(3,29,1107,0,0),(3,29,1108,0,0),(3,65,1109,0,0),(3,65,1110,0,0),(3,65,1111,0,0),(3,65,1112,0,0),(3,65,1113,0,0),(3,65,1114,0,0),(3,65,1115,0,0),(3,65,1116,0,0),(3,65,1117,0,0),(3,65,1118,0,0),(3,65,1119,0,0),(3,65,1120,0,0),(3,65,1121,0,0),(3,65,1122,0,0),(3,7,1123,0,0),(3,7,1124,0,0),(3,7,1125,0,0),(3,7,1126,0,0),(3,65,1127,0,0),(3,65,1128,0,0),(3,65,1129,0,0),(3,65,1130,0,0),(3,65,1131,0,0),(3,65,1132,0,0),(3,65,1133,0,0),(3,65,1134,0,0),(3,65,1135,0,0),(3,65,1136,0,0),(3,65,1137,0,0),(3,66,1138,0,0),(3,66,1139,0,0),(3,66,1140,0,0),(3,66,1141,0,0),(3,66,1142,0,0),(3,66,1143,0,0),(3,66,1144,0,0),(3,66,1145,0,0),(3,66,1146,0,0),(3,66,1147,0,0),(3,66,1148,0,0),(3,66,1149,0,0),(3,66,1150,0,0),(3,66,1151,0,0),(3,66,1152,0,0),(3,66,1153,0,0),(3,66,1154,0,0),(3,66,1155,0,0),(3,66,1156,0,0),(3,66,1157,0,0),(3,4,1158,0,0),(3,4,1159,0,0),(3,4,1160,0,0),(3,4,1161,0,0),(3,4,1162,0,0),(3,4,1163,0,0),(3,4,1164,0,0),(3,4,1165,0,0),(3,4,1166,0,0),(3,4,1167,0,0),(3,4,1168,0,0),(3,4,1169,0,0),(3,4,1170,0,0),(3,4,1171,0,0),(3,4,1172,0,0),(3,65,1173,0,0),(3,65,1174,0,0),(3,65,1175,0,0),(3,65,1176,0,0),(3,7,1177,0,0),(3,7,1178,0,0),(3,65,1179,0,0),(3,66,1180,0,0),(3,66,1181,0,0),(3,66,1182,0,0),(3,66,1183,0,0),(3,66,1184,0,0),(3,66,1185,0,0),(3,66,1186,0,0),(3,66,1187,0,0),(3,65,1188,0,0),(3,4,1189,0,0),(3,4,1190,0,0),(3,4,1191,0,0),(3,4,1192,0,0),(3,4,1193,0,0),(3,65,1194,0,0),(3,65,1195,0,0),(3,65,1196,0,0),(3,65,1197,0,0),(3,65,1198,0,0),(3,65,1199,0,0),(3,65,1200,0,0),(3,65,1201,0,0),(3,23,1202,0,0),(3,65,1203,0,0),(4,6,1,0,0),(4,6,2,0,0),(4,6,3,0,0),(4,6,4,0,0),(4,6,5,0,0),(4,6,6,0,0),(4,6,7,0,0),(4,6,8,0,0),(4,6,9,0,0),(4,6,10,0,0),(4,6,11,0,0),(4,6,12,0,0),(4,6,13,0,0),(4,6,14,0,0),(4,6,15,0,0),(4,6,16,0,0),(4,6,17,0,0),(4,6,18,0,0),(4,6,19,0,0),(4,6,20,0,0),(4,6,21,0,0),(4,6,22,0,0),(4,6,23,0,0),(4,6,24,0,0),(4,6,25,0,0),(4,6,26,0,0),(4,6,27,0,0),(4,6,28,0,0),(4,6,29,0,0),(4,6,30,0,0),(4,6,31,0,0),(4,6,32,0,0),(4,6,33,0,0),(4,6,34,0,0),(4,6,35,0,0),(4,6,36,0,0),(4,6,37,0,0),(4,6,38,0,0),(4,6,39,0,0),(4,7,40,0,0),(4,7,41,0,0),(4,7,42,0,0),(4,7,43,0,0),(4,7,44,0,0),(4,7,45,0,0),(4,7,46,0,0),(4,7,47,0,0),(4,7,48,0,0),(4,7,49,0,0),(4,7,50,0,0),(4,7,51,0,0),(4,7,52,0,0),(4,7,53,0,0),(4,7,54,0,0),(4,7,55,0,0),(4,7,56,0,0),(4,7,57,0,0),(4,7,58,0,0),(4,7,59,0,0),(4,7,60,0,0),(4,7,61,0,0),(4,7,62,0,0),(4,7,63,0,0),(4,7,64,0,0),(4,7,65,0,0),(4,7,66,0,0),(4,7,67,0,0),(4,7,68,0,0),(4,7,69,0,0),(4,4,70,0,0),(4,4,71,0,0),(4,4,72,0,0),(4,4,73,0,0),(4,4,74,0,0),(4,4,75,0,0),(4,4,76,0,0),(4,4,77,0,0),(4,4,78,0,0),(4,4,79,0,0),(4,4,80,0,0),(4,4,81,0,0),(4,4,82,0,0),(4,4,83,0,0),(4,4,84,0,0),(4,4,85,0,0),(4,4,86,0,0),(4,4,87,0,0),(4,4,88,0,0),(4,4,89,0,0),(4,4,90,0,0),(4,4,91,0,0),(4,4,92,0,0),(4,4,93,0,0),(4,4,94,0,0),(4,4,95,0,0),(4,4,96,0,0),(4,4,97,0,0),(4,4,98,0,0),(4,4,99,0,0),(4,4,100,0,0),(4,4,101,0,0),(4,4,102,0,0),(4,4,103,0,0),(4,4,104,0,0),(4,4,105,0,0),(4,4,106,0,0),(4,4,107,0,0),(4,4,108,0,0),(4,4,109,0,0),(4,4,110,0,0),(4,4,111,0,0),(4,4,112,0,0),(4,4,113,0,0),(4,4,114,0,0),(4,2,115,0,0),(4,2,116,0,0),(4,2,117,0,0),(4,2,118,0,0),(4,2,119,0,0),(4,2,120,0,0),(4,2,121,0,0),(4,2,122,0,0),(4,2,123,0,0),(4,2,124,0,0),(4,2,125,0,0),(4,2,126,0,0),(4,2,127,0,0),(4,2,128,0,0),(4,2,129,0,0),(4,2,130,0,0),(4,26,131,0,0),(4,26,132,0,0),(4,26,133,0,0),(4,26,134,0,0),(4,26,135,0,0),(4,26,136,0,0),(4,26,137,0,0),(4,26,138,0,0),(4,26,139,0,0),(4,26,140,0,0),(4,26,141,0,0),(4,26,142,0,0),(4,26,143,0,0),(4,26,144,0,0),(4,26,145,0,0),(4,26,146,0,0),(4,26,147,0,0),(4,26,148,0,0),(4,26,149,0,0),(4,26,150,0,0),(4,26,151,0,0),(4,26,152,0,0),(4,26,153,0,0),(4,26,154,0,0),(4,26,155,0,0),(4,4,156,0,0),(4,6,157,0,0),(4,7,158,0,0),(4,26,159,0,0),(4,13,160,0,0),(4,13,161,0,0),(4,13,162,0,0),(4,13,163,0,0),(4,13,164,0,0),(4,13,165,0,0),(4,13,166,0,0),(4,13,167,0,0),(4,13,168,0,0),(4,13,169,0,0),(4,13,170,0,0),(4,13,171,0,0),(4,13,172,0,0),(4,13,173,0,0),(4,13,174,0,0),(4,13,175,0,0),(4,13,176,0,0),(4,13,177,0,0),(4,13,178,0,0),(4,14,179,0,0),(4,14,180,0,0),(4,14,181,0,0),(4,14,182,0,0),(4,14,183,0,0),(4,14,184,0,0),(4,14,185,0,0),(4,14,186,0,0),(4,14,187,0,0),(4,14,188,0,0),(4,14,189,0,0),(4,14,190,0,0),(4,14,191,0,0),(4,14,192,0,0),(4,14,193,0,0),(4,14,194,0,0),(4,14,195,0,0),(4,14,196,0,0),(4,14,197,0,0),(4,14,198,0,0),(4,14,199,0,0),(4,14,200,0,0),(4,14,201,0,0),(4,14,202,0,0),(4,14,203,0,0),(4,14,204,0,0),(4,14,205,0,0),(4,14,206,0,0),(4,14,207,0,0),(4,14,208,0,0),(4,14,209,0,0),(4,14,210,0,0),(4,14,211,0,0),(4,14,212,0,0),(4,8,213,0,0),(4,8,214,0,0),(4,8,215,0,0),(4,8,216,0,0),(4,8,217,0,0),(4,8,218,0,0),(4,8,219,0,0),(4,8,220,0,0),(4,8,221,0,0),(4,8,222,0,0),(4,8,223,0,0),(4,8,224,0,0),(4,8,225,0,0),(4,8,226,0,0),(4,8,227,0,0),(4,10,228,0,0),(4,10,229,0,0),(4,10,230,0,0),(4,10,231,0,0),(4,10,232,0,0),(4,10,233,0,0),(4,10,234,0,0),(4,10,235,0,0),(4,10,236,0,0),(4,10,237,0,0),(4,10,238,0,0),(4,10,239,0,0),(4,9,240,0,0),(4,9,241,0,0),(4,9,242,0,0),(4,9,243,0,0),(4,9,244,0,0),(4,9,245,0,0),(4,9,246,0,0),(4,9,247,0,0),(4,9,248,0,0),(4,9,249,0,0),(4,9,250,0,0),(4,9,251,0,0),(4,9,252,0,0),(4,9,253,0,0),(4,9,254,0,0),(4,9,255,0,0),(4,9,256,0,0),(4,9,257,0,0),(4,9,258,0,0),(4,9,259,0,0),(4,9,260,0,0),(4,9,261,0,0),(4,9,262,0,0),(4,9,263,0,0),(4,16,264,0,0),(4,16,265,0,0),(4,16,266,0,0),(4,16,267,0,0),(4,16,268,0,0),(4,16,269,0,0),(4,16,270,0,0),(4,16,271,0,0),(4,16,272,0,0),(4,16,273,0,0),(4,16,274,0,0),(4,16,275,0,0),(4,16,276,0,0),(4,16,277,0,0),(4,16,278,0,0),(4,16,279,0,0),(4,16,280,0,0),(4,16,281,0,0),(4,16,282,0,0),(4,16,283,0,0),(4,16,284,0,0),(4,16,285,0,0),(4,16,286,0,0),(4,15,287,0,0),(4,15,288,0,0),(4,15,289,0,0),(4,15,290,0,0),(4,15,291,0,0),(4,15,292,0,0),(4,15,293,0,0),(4,15,294,0,0),(4,15,295,0,0),(4,15,296,0,0),(4,18,297,0,0),(4,18,298,0,0),(4,18,299,0,0),(4,18,300,0,0),(4,18,301,0,0),(4,18,302,0,0),(4,18,303,0,0),(4,18,304,0,0),(4,18,305,0,0),(4,18,306,0,0),(4,18,307,0,0),(4,18,308,0,0),(4,18,309,0,0),(4,18,310,0,0),(4,18,311,0,0),(4,18,312,0,0),(4,18,313,0,0),(4,18,314,0,0),(4,19,315,0,0),(4,19,316,0,0),(4,19,317,0,0),(4,19,318,0,0),(4,19,319,0,0),(4,19,320,0,0),(4,19,321,0,0),(4,19,322,0,0),(4,20,323,0,0),(4,20,324,0,0),(4,20,325,0,0),(4,20,326,0,0),(4,20,327,0,0),(4,20,328,0,0),(4,20,329,0,0),(4,20,330,0,0),(4,20,331,0,0),(4,20,332,0,0),(4,20,333,0,0),(4,20,334,0,0),(4,20,335,0,0),(4,20,336,0,0),(4,20,337,0,0),(4,20,338,0,0),(4,20,339,0,0),(4,20,340,0,0),(4,20,341,0,0),(4,20,342,0,0),(4,20,343,0,0),(4,20,344,0,0),(4,20,345,0,0),(4,20,346,0,0),(4,20,347,0,0),(4,20,348,0,0),(4,20,349,0,0),(4,20,350,0,0),(4,20,351,0,0),(4,20,352,0,0),(4,20,353,0,0),(4,20,354,0,0),(4,20,355,0,0),(4,20,356,0,0),(4,20,357,0,0),(4,20,358,0,0),(4,20,359,0,0),(4,21,360,0,0),(4,21,361,0,0),(4,21,362,0,0),(4,21,363,0,0),(4,21,364,0,0),(4,21,365,0,0),(4,21,366,0,0),(4,21,367,0,0),(4,21,368,0,0),(4,21,369,0,0),(4,21,370,0,0),(4,21,371,0,0),(4,21,372,0,0),(4,21,373,0,0),(4,21,374,0,0),(4,21,375,0,0),(4,21,376,0,0),(4,21,377,0,0),(4,21,378,0,0),(4,21,379,0,0),(4,21,380,0,0),(4,21,381,0,0),(4,21,382,0,0),(4,21,383,0,0),(4,21,384,0,0),(4,21,385,0,0),(4,21,386,0,0),(4,21,387,0,0),(4,21,388,0,0),(4,21,389,0,0),(4,21,390,0,0),(4,21,391,0,0),(4,21,392,0,0),(4,21,393,0,0),(4,21,394,0,0),(4,21,395,0,0),(4,21,396,0,0),(4,21,397,0,0),(4,22,398,0,0),(4,22,399,0,0),(4,22,400,0,0),(4,22,401,0,0),(4,22,402,0,0),(4,22,403,0,0),(4,22,404,0,0),(4,22,405,0,0),(4,22,406,0,0),(4,22,407,0,0),(4,22,408,0,0),(4,22,409,0,0),(4,22,410,0,0),(4,22,411,0,0),(4,22,412,0,0),(4,22,413,0,0),(4,22,414,0,0),(4,22,415,0,0),(4,22,416,0,0),(4,22,417,0,0),(4,22,418,0,0),(4,22,419,0,0),(4,22,420,0,0),(4,22,421,0,0),(4,22,422,0,0),(4,22,423,0,0),(4,22,424,0,0),(4,22,425,0,0),(4,22,426,0,0),(4,22,427,0,0),(4,22,428,0,0),(4,22,429,0,0),(4,22,430,0,0),(4,22,431,0,0),(4,22,432,0,0),(4,22,433,0,0),(4,22,434,0,0),(4,22,435,0,0),(4,22,436,0,0),(4,22,437,0,0),(4,22,438,0,0),(4,22,439,0,0),(4,22,440,0,0),(4,22,441,0,0),(4,22,442,0,0),(4,22,443,0,0),(4,22,444,0,0),(4,23,445,0,0),(4,23,446,0,0),(4,23,447,0,0),(4,23,448,0,0),(4,23,449,0,0),(4,23,450,0,0),(4,23,451,0,0),(4,23,452,0,0),(4,23,453,0,0),(4,23,454,0,0),(4,23,455,0,0),(4,23,456,0,0),(4,23,457,0,0),(4,23,458,0,0),(4,23,459,0,0),(4,23,460,0,0),(4,23,461,0,0),(4,23,462,0,0),(4,23,463,0,0),(4,23,464,0,0),(4,23,465,0,0),(4,23,466,0,0),(4,23,467,0,0),(4,23,468,0,0),(4,23,469,0,0),(4,23,470,0,0),(4,23,471,0,0),(4,23,472,0,0),(4,23,473,0,0),(4,23,474,0,0),(4,23,475,0,0),(4,23,476,0,0),(4,23,477,0,0),(4,23,478,0,0),(4,23,479,0,0),(4,23,480,0,0),(4,23,481,0,0),(4,23,482,0,0),(4,23,483,0,0),(4,29,484,0,0),(4,29,488,0,0),(4,29,489,0,0),(4,29,491,0,0),(4,29,498,0,0),(4,29,499,0,0),(4,29,500,0,0),(4,29,501,0,0),(4,29,502,0,0),(4,29,504,0,0),(4,29,505,0,0),(4,29,506,0,0),(4,29,507,0,0),(4,29,508,0,0),(4,29,513,0,0),(4,29,514,0,0),(4,29,515,0,0),(4,29,516,0,0),(4,29,524,0,0),(4,10,529,0,0),(4,10,530,0,0),(4,10,531,0,0),(4,10,532,0,0),(4,10,533,0,0),(4,10,534,0,0),(4,32,535,0,0),(4,32,536,0,0),(4,32,537,0,0),(4,32,538,0,0),(4,32,539,0,0),(4,32,540,0,0),(4,32,541,0,0),(4,32,542,0,0),(4,32,543,0,0),(4,32,544,0,0),(4,32,545,0,0),(4,32,546,0,0),(4,32,547,0,0),(4,32,548,0,0),(4,32,549,0,0),(4,32,550,0,0),(4,32,551,0,0),(4,32,552,0,0),(4,32,553,0,0),(4,32,554,0,0),(4,32,555,0,0),(4,32,556,0,0),(4,32,557,0,0),(4,36,558,0,0),(4,36,559,0,0),(4,36,560,0,0),(4,36,561,0,0),(4,36,562,0,0),(4,36,563,0,0),(4,36,564,0,0),(4,36,565,0,0),(4,36,566,0,0),(4,36,567,0,0),(4,36,568,0,0),(4,36,569,0,0),(4,36,570,0,0),(4,36,571,0,0),(4,36,572,0,0),(4,36,573,0,0),(4,36,574,0,0),(4,36,575,0,0),(4,36,576,0,0),(4,29,577,0,0),(4,38,578,0,0),(4,38,579,0,0),(4,38,580,0,0),(4,38,581,0,0),(4,38,582,0,0),(4,38,583,0,0),(4,38,584,0,0),(4,38,585,0,0),(4,38,586,0,0),(4,38,587,0,0),(4,38,588,0,0),(4,38,589,0,0),(4,38,590,0,0),(4,38,591,0,0),(4,38,592,0,0),(4,38,593,0,0),(4,38,594,0,0),(4,38,595,0,0),(4,38,596,0,0),(4,38,597,0,0),(4,38,598,0,0),(4,38,599,0,0),(4,38,600,0,0),(4,38,601,0,0),(4,40,602,0,0),(4,40,603,0,0),(4,40,604,0,0),(4,40,605,0,0),(4,40,606,0,0),(4,40,607,0,0),(4,40,608,0,0),(4,40,609,0,0),(4,40,610,0,0),(4,40,611,0,0),(4,40,612,0,0),(4,40,613,0,0),(4,40,614,0,0),(4,40,615,0,0),(4,40,616,0,0),(4,40,617,0,0),(4,40,618,0,0),(4,40,619,0,0),(4,40,620,0,0),(4,40,621,0,0),(4,40,622,0,0),(4,40,623,0,0),(4,40,624,0,0),(4,40,625,0,0),(4,40,626,0,0),(4,40,627,0,0),(4,40,628,0,0),(4,40,629,0,0),(4,40,630,0,0),(4,40,631,0,0),(4,40,632,0,0),(4,40,633,0,0),(4,40,634,0,0),(4,40,635,0,0),(4,40,636,0,0),(4,40,637,0,0),(4,40,638,0,0),(4,40,639,0,0),(4,40,640,0,0),(4,42,641,0,0),(4,42,642,0,0),(4,42,643,0,0),(4,42,644,0,0),(4,42,645,0,0),(4,42,646,0,0),(4,42,647,0,0),(4,42,648,0,0),(4,42,649,0,0),(4,42,650,0,0),(4,42,651,0,0),(4,42,652,0,0),(4,14,653,0,0),(4,38,654,0,0),(4,43,655,0,0),(4,43,656,0,0),(4,43,657,0,0),(4,43,658,0,0),(4,43,659,0,0),(4,43,660,0,0),(4,43,661,0,0),(4,43,662,0,0),(4,43,663,0,0),(4,43,664,0,0),(4,43,665,0,0),(4,43,666,0,0),(4,43,667,0,0),(4,43,668,0,0),(4,43,669,0,0),(4,43,670,0,0),(4,43,671,0,0),(4,43,672,0,0),(4,43,673,0,0),(4,43,674,0,0),(4,43,675,0,0),(4,43,676,0,0),(4,43,677,0,0),(4,44,678,0,0),(4,44,679,0,0),(4,44,680,0,0),(4,44,681,0,0),(4,44,682,0,0),(4,44,683,0,0),(4,44,684,0,0),(4,44,685,0,0),(4,44,686,0,0),(4,44,687,0,0),(4,44,688,0,0),(4,44,689,0,0),(4,4,690,0,0),(4,4,691,0,0),(4,7,692,0,0),(4,7,693,0,0),(4,6,694,0,0),(4,6,695,0,0),(4,36,696,0,0),(4,36,697,0,0),(4,36,698,0,0),(4,36,699,0,0),(4,36,700,0,0),(4,36,701,0,0),(4,36,702,0,0),(4,36,703,0,0),(4,29,704,0,0),(4,29,705,0,0),(4,29,706,0,0),(4,29,707,0,0),(4,29,708,0,0),(4,29,709,0,0),(4,29,710,0,0),(4,29,711,0,0),(4,29,712,0,0),(4,29,713,0,0),(4,29,714,0,0),(4,29,715,0,0),(4,29,716,0,0),(4,29,717,0,0),(4,29,718,0,0),(4,29,719,0,0),(4,29,720,0,0),(4,47,721,0,0),(4,47,722,0,0),(4,47,723,0,0),(4,47,724,0,0),(4,47,725,0,0),(4,47,726,0,0),(4,47,727,0,0),(4,49,728,0,0),(4,49,729,0,0),(4,49,730,0,0),(4,49,731,0,0),(4,49,732,0,0),(4,49,733,0,0),(4,49,734,0,0),(4,49,735,0,0),(4,49,736,0,0),(4,49,737,0,0),(4,49,738,0,0),(4,49,739,0,0),(4,49,740,0,0),(4,49,741,0,0),(4,49,742,0,0),(4,49,743,0,0),(4,49,744,0,0),(4,49,745,0,0),(4,49,746,0,0),(4,49,747,0,0),(4,49,748,0,0),(4,49,749,0,0),(4,49,750,0,0),(4,49,751,0,0),(4,49,752,0,0),(4,49,753,0,0),(4,49,754,0,0),(4,49,755,0,0),(4,49,756,0,0),(4,49,757,0,0),(4,49,758,0,0),(4,49,759,0,0),(4,49,760,0,0),(4,49,761,0,0),(4,49,762,0,0),(4,49,763,0,0),(4,23,764,0,0),(4,6,765,0,0),(4,19,766,0,0),(4,14,767,0,0),(4,22,768,0,0),(4,22,769,0,0),(4,38,770,0,0),(4,51,771,0,0),(4,51,772,0,0),(4,51,773,0,0),(4,51,774,0,0),(4,51,775,0,0),(4,51,776,0,0),(4,51,777,0,0),(4,51,778,0,0),(4,51,779,0,0),(4,51,780,0,0),(4,51,781,0,0),(4,51,782,0,0),(4,51,783,0,0),(4,51,784,0,0),(4,51,785,0,0),(4,51,786,0,0),(4,51,787,0,0),(4,51,788,0,0),(4,51,789,0,0),(4,51,790,0,0),(4,51,791,0,0),(4,51,792,0,0),(4,54,793,0,0),(4,54,794,0,0),(4,54,795,0,0),(4,54,796,0,0),(4,54,797,0,0),(4,54,798,0,0),(4,54,799,0,0),(4,54,800,0,0),(4,54,801,0,0),(4,54,802,0,0),(4,54,803,0,0),(4,54,804,0,0),(4,57,805,0,0),(4,57,806,0,0),(4,57,807,0,0),(4,57,808,0,0),(4,57,809,0,0),(4,57,810,0,0),(4,57,811,0,0),(4,57,812,0,0),(4,57,813,0,0),(4,57,814,0,0),(4,57,815,0,0),(4,57,816,0,0),(4,57,817,0,0),(4,58,818,0,0),(4,58,819,0,0),(4,58,820,0,0),(4,58,821,0,0),(4,58,822,0,0),(4,58,823,0,0),(4,58,824,0,0),(4,58,825,0,0),(4,58,826,0,0),(4,58,827,0,0),(4,58,828,0,0),(4,58,829,0,0),(4,58,830,0,0),(4,58,831,0,0),(4,58,832,0,0),(4,58,833,0,0),(4,58,834,0,0),(4,58,835,0,0),(4,59,836,0,0),(4,59,837,0,0),(4,59,838,0,0),(4,59,839,0,0),(4,59,840,0,0),(4,59,841,0,0),(4,59,842,0,0),(4,59,843,0,0),(4,59,844,0,0),(4,59,845,0,0),(4,59,846,0,0),(4,59,847,0,0),(4,59,848,0,0),(4,59,849,0,0),(4,59,850,0,0),(4,59,851,0,0),(4,59,852,0,0),(4,59,853,0,0),(4,59,854,0,0),(4,59,855,0,0),(4,2,856,0,0),(4,29,857,0,0),(4,23,858,0,0),(4,23,859,0,0),(4,23,860,0,0),(4,23,861,0,0),(4,23,862,0,0),(4,23,863,0,0),(4,23,864,0,0),(4,23,865,0,0),(4,23,866,0,0),(4,22,867,0,0),(4,22,868,0,0),(4,22,869,0,0),(4,22,870,0,0),(4,22,871,0,0),(4,22,872,0,0),(4,22,873,0,0),(4,22,874,0,0),(4,22,875,0,0),(4,21,876,0,0),(4,21,877,0,0),(4,21,878,0,0),(4,21,879,0,0),(4,21,880,0,0),(4,21,881,0,0),(4,21,882,0,0),(4,21,883,0,0),(4,21,884,0,0),(4,20,885,0,0),(4,20,886,0,0),(4,20,887,0,0),(4,20,888,0,0),(4,20,889,0,0),(4,20,890,0,0),(4,20,891,0,0),(4,20,892,0,0),(4,20,893,0,0),(4,49,894,0,0),(4,49,895,0,0),(4,49,896,0,0),(4,49,897,0,0),(4,49,898,0,0),(4,49,899,0,0),(4,49,900,0,0),(4,49,901,0,0),(4,49,902,0,0),(4,40,903,0,0),(4,40,904,0,0),(4,40,905,0,0),(4,40,906,0,0),(4,40,907,0,0),(4,40,908,0,0),(4,40,909,0,0),(4,40,910,0,0),(4,40,911,0,0),(4,29,912,0,0),(4,58,913,0,0),(4,29,914,0,0),(4,29,915,0,0),(4,29,916,0,0),(4,23,917,0,0),(4,22,918,0,0),(4,21,919,0,0),(4,20,920,0,0),(4,49,921,0,0),(4,40,922,0,0),(4,29,923,0,0),(4,6,924,0,0),(4,4,925,0,0),(4,2,926,0,0),(4,29,927,0,0),(4,23,928,0,0),(4,23,929,0,0),(4,21,930,0,0),(4,21,931,0,0),(4,7,932,0,0),(4,23,933,0,0),(4,20,934,0,0),(4,21,935,0,0),(4,22,936,0,0),(4,49,937,0,0),(4,40,938,0,0),(4,29,939,0,0),(4,2,940,0,0),(4,13,941,0,0),(4,29,942,0,0),(4,29,943,0,0),(4,29,944,0,0),(4,29,945,0,0),(4,23,977,0,1),(4,20,978,0,1),(4,22,979,0,1),(4,49,980,0,1),(4,40,981,0,1),(4,2,982,0,1),(4,21,983,0,1),(4,43,984,0,1),(4,2,985,0,0),(4,4,986,0,0),(4,6,987,0,0),(4,7,988,0,0),(4,8,989,0,0),(4,9,990,0,0),(4,13,991,0,0),(4,14,992,0,0),(4,15,993,0,0),(4,16,994,0,0),(4,18,995,0,0),(4,19,996,0,0),(4,20,997,0,0),(4,21,998,0,0),(4,22,999,0,0),(4,23,1000,0,0),(4,26,1001,0,0),(4,32,1002,0,0),(4,36,1003,0,0),(4,38,1004,0,0),(4,40,1005,0,0),(4,42,1006,0,0),(4,43,1007,0,0),(4,44,1008,0,0),(4,47,1009,0,0),(4,49,1010,0,0),(4,51,1011,0,0),(4,54,1012,0,0),(4,57,1013,0,0),(4,58,1014,0,0),(4,59,1015,0,0),(4,14,1016,0,0),(4,38,1017,0,0),(4,23,1018,0,0),(4,29,1019,0,0),(4,23,1020,0,0),(4,23,1021,0,0),(4,23,1022,0,0),(4,20,1023,0,0),(4,20,1024,0,0),(4,20,1025,0,0),(4,21,1026,0,0),(4,22,1027,0,0),(4,22,1028,0,0),(4,22,1029,0,0),(4,49,1030,0,0),(4,49,1031,0,0),(4,49,1032,0,0),(4,40,1033,0,0),(4,40,1034,0,0),(4,40,1035,0,0),(4,54,1036,0,0),(4,54,1037,0,0),(4,54,1038,0,0),(4,2,1039,0,0),(4,4,1040,0,0),(4,6,1041,0,0),(4,7,1042,0,0),(4,8,1043,0,0),(4,9,1044,0,0),(4,13,1045,0,0),(4,14,1046,0,0),(4,15,1047,0,0),(4,16,1048,0,0),(4,18,1049,0,0),(4,19,1050,0,0),(4,20,1051,0,0),(4,21,1052,0,0),(4,22,1053,0,0),(4,23,1054,0,0),(4,26,1055,0,0),(4,10,1056,0,0),(4,10,1057,0,0),(4,2,1058,0,0),(4,4,1059,0,0),(4,6,1060,0,0),(4,7,1061,0,0),(4,8,1062,0,0),(4,9,1063,0,0),(4,10,1064,0,0),(4,13,1065,0,0),(4,14,1066,0,0),(4,15,1067,0,0),(4,16,1068,0,0),(4,18,1069,0,0),(4,19,1070,0,0),(4,20,1071,0,0),(4,21,1072,0,0),(4,22,1073,0,0),(4,23,1074,0,0),(4,26,1075,0,0),(4,36,1076,0,0),(4,2,1077,0,0),(4,4,1078,0,0),(4,6,1079,0,0),(4,7,1080,0,0),(4,8,1081,0,0),(4,9,1082,0,0),(4,10,1083,0,0),(4,13,1084,0,0),(4,14,1085,0,0),(4,15,1086,0,0),(4,16,1087,0,0),(4,18,1088,0,0),(4,19,1089,0,0),(4,20,1090,0,0),(4,21,1091,0,0),(4,22,1092,0,0),(4,23,1093,0,0),(4,26,1094,0,0),(4,36,1095,0,0),(4,20,1096,0,0),(4,21,1097,0,0),(4,22,1098,0,0),(4,23,1099,0,0),(4,49,1100,0,0),(4,40,1101,0,0),(4,59,1102,0,0),(4,59,1103,0,0),(4,14,1104,0,0),(4,49,1105,0,0),(4,40,1106,0,0),(4,29,1107,0,0),(4,29,1108,0,0),(4,65,1109,0,0),(4,65,1110,0,0),(4,65,1111,0,0),(4,65,1112,0,0),(4,65,1113,0,0),(4,65,1114,0,0),(4,65,1115,0,0),(4,65,1116,0,0),(4,65,1117,0,0),(4,65,1118,0,0),(4,65,1119,0,0),(4,65,1120,0,0),(4,65,1121,0,0),(4,65,1122,0,0),(4,7,1123,0,0),(4,7,1124,0,0),(4,7,1125,0,0),(4,7,1126,0,0),(4,65,1127,0,0),(4,65,1128,0,0),(4,65,1129,0,0),(4,65,1130,0,0),(4,65,1131,0,0),(4,65,1132,0,0),(4,65,1133,0,0),(4,65,1134,0,0),(4,65,1135,0,0),(4,65,1136,0,0),(4,65,1137,0,0),(4,66,1138,0,0),(4,66,1139,0,0),(4,66,1140,0,0),(4,66,1141,0,0),(4,66,1142,0,0),(4,66,1143,0,0),(4,66,1144,0,0),(4,66,1145,0,0),(4,66,1146,0,0),(4,66,1147,0,0),(4,66,1148,0,0),(4,66,1149,0,0),(4,66,1150,0,0),(4,66,1151,0,0),(4,66,1152,0,0),(4,66,1153,0,0),(4,66,1154,0,0),(4,66,1155,0,0),(4,66,1156,0,0),(4,66,1157,0,0),(4,4,1158,0,0),(4,4,1159,0,0),(4,4,1160,0,0),(4,4,1161,0,0),(4,4,1162,0,0),(4,4,1163,0,0),(4,4,1164,0,0),(4,4,1165,0,0),(4,4,1166,0,0),(4,4,1167,0,0),(4,4,1168,0,0),(4,4,1169,0,0),(4,4,1170,0,0),(4,4,1171,0,0),(4,4,1172,0,0),(4,65,1173,0,0),(4,65,1174,0,0),(4,65,1175,0,0),(4,65,1176,0,0),(4,7,1177,0,0),(4,7,1178,0,0),(4,65,1179,0,0),(4,66,1180,0,0),(4,66,1181,0,0),(4,66,1182,0,0),(4,66,1183,0,0),(4,66,1184,0,0),(4,66,1185,0,0),(4,66,1186,0,0),(4,66,1187,0,0),(4,65,1188,0,0),(4,4,1189,0,0),(4,4,1190,0,0),(4,4,1191,0,0),(4,4,1192,0,0),(4,4,1193,0,0),(4,65,1194,0,0),(4,65,1195,0,0),(4,65,1196,0,0),(4,65,1197,0,0),(4,65,1198,0,0),(4,65,1199,0,0),(4,65,1200,0,0),(4,65,1201,0,0),(4,23,1202,0,0),(4,65,1203,0,0);
/*!40000 ALTER TABLE `vtiger_profile2field` ENABLE KEYS */;
UNLOCK TABLES;

--
-- Table structure for table `vtiger_profile2globalpermissions`
--

DROP TABLE IF EXISTS `vtiger_profile2globalpermissions`;
/*!40101 SET @saved_cs_client     = @@character_set_client */;
/*!50503 SET character_set_client = utf8mb4 */;
CREATE TABLE `vtiger_profile2globalpermissions` (
  `profileid` int NOT NULL,
  `globalactionid` int NOT NULL,
  `globalactionpermission` int DEFAULT NULL,
  PRIMARY KEY (`profileid`,`globalactionid`),
  KEY `idx_profile2globalpermissions` (`profileid`,`globalactionid`),
  CONSTRAINT `fk_1_vtiger_profile2globalpermissions` FOREIGN KEY (`profileid`) REFERENCES `vtiger_profile` (`profileid`) ON DELETE CASCADE
) ENGINE=InnoDB DEFAULT CHARSET=utf8mb3;
/*!40101 SET character_set_client = @saved_cs_client */;

--
-- Dumping data for table `vtiger_profile2globalpermissions`
--

LOCK TABLES `vtiger_profile2globalpermissions` WRITE;
/*!40000 ALTER TABLE `vtiger_profile2globalpermissions` DISABLE KEYS */;
INSERT INTO `vtiger_profile2globalpermissions` VALUES (1,1,0),(1,2,0),(2,1,1),(2,2,1),(3,1,1),(3,2,1),(4,1,1),(4,2,1);
/*!40000 ALTER TABLE `vtiger_profile2globalpermissions` ENABLE KEYS */;
UNLOCK TABLES;

--
-- Table structure for table `vtiger_profile2standardpermissions`
--

DROP TABLE IF EXISTS `vtiger_profile2standardpermissions`;
/*!40101 SET @saved_cs_client     = @@character_set_client */;
/*!50503 SET character_set_client = utf8mb4 */;
CREATE TABLE `vtiger_profile2standardpermissions` (
  `profileid` int NOT NULL,
  `tabid` int NOT NULL,
  `operation` int NOT NULL,
  `permissions` int DEFAULT NULL,
  PRIMARY KEY (`profileid`,`tabid`,`operation`),
  KEY `profile2standardpermissions_profileid_tabid_operation_idx` (`profileid`,`tabid`,`operation`)
) ENGINE=InnoDB DEFAULT CHARSET=utf8mb3;
/*!40101 SET character_set_client = @saved_cs_client */;

--
-- Dumping data for table `vtiger_profile2standardpermissions`
--

LOCK TABLES `vtiger_profile2standardpermissions` WRITE;
/*!40000 ALTER TABLE `vtiger_profile2standardpermissions` DISABLE KEYS */;
INSERT INTO `vtiger_profile2standardpermissions` VALUES (1,2,0,0),(1,2,1,0),(1,2,2,0),(1,2,3,0),(1,2,4,0),(1,2,7,0),(1,4,0,0),(1,4,1,0),(1,4,2,0),(1,4,3,0),(1,4,4,0),(1,4,7,0),(1,6,0,0),(1,6,1,0),(1,6,2,0),(1,6,3,0),(1,6,4,0),(1,6,7,0),(1,7,0,0),(1,7,1,0),(1,7,2,0),(1,7,3,0),(1,7,4,0),(1,7,7,0),(1,8,0,0),(1,8,1,0),(1,8,2,0),(1,8,3,0),(1,8,4,0),(1,8,7,0),(1,9,0,0),(1,9,1,0),(1,9,2,0),(1,9,3,0),(1,9,4,0),(1,9,7,0),(1,13,0,0),(1,13,1,0),(1,13,2,0),(1,13,3,0),(1,13,4,0),(1,13,7,0),(1,14,0,0),(1,14,1,0),(1,14,2,0),(1,14,3,0),(1,14,4,0),(1,14,7,0),(1,15,0,0),(1,15,1,0),(1,15,2,0),(1,15,3,0),(1,15,4,0),(1,15,7,0),(1,16,0,0),(1,16,1,0),(1,16,2,0),(1,16,3,0),(1,16,4,0),(1,16,7,0),(1,18,0,0),(1,18,1,0),(1,18,2,0),(1,18,3,0),(1,18,4,0),(1,18,7,0),(1,19,0,0),(1,19,1,0),(1,19,2,0),(1,19,3,0),(1,19,4,0),(1,19,7,0),(1,20,0,0),(1,20,1,0),(1,20,2,0),(1,20,3,0),(1,20,4,0),(1,20,7,0),(1,21,0,0),(1,21,1,0),(1,21,2,0),(1,21,3,0),(1,21,4,0),(1,21,7,0),(1,22,0,0),(1,22,1,0),(1,22,2,0),(1,22,3,0),(1,22,4,0),(1,22,7,0),(1,23,0,0),(1,23,1,0),(1,23,2,0),(1,23,3,0),(1,23,4,0),(1,23,7,0),(1,25,0,1),(1,25,1,1),(1,25,2,1),(1,25,3,0),(1,25,4,0),(1,25,7,1),(1,26,0,0),(1,26,1,0),(1,26,2,0),(1,26,3,0),(1,26,4,0),(1,26,7,0),(1,32,0,0),(1,32,1,0),(1,32,2,0),(1,32,3,0),(1,32,4,0),(1,32,7,0),(1,36,0,0),(1,36,1,0),(1,36,2,0),(1,36,3,0),(1,36,4,0),(1,36,7,0),(1,38,0,0),(1,38,1,0),(1,38,2,0),(1,38,3,0),(1,38,4,0),(1,38,7,0),(1,40,0,0),(1,40,1,0),(1,40,2,0),(1,40,3,0),(1,40,4,0),(1,40,7,0),(1,42,0,0),(1,42,1,0),(1,42,2,0),(1,42,3,0),(1,42,4,0),(1,42,7,0),(1,43,0,0),(1,43,1,0),(1,43,2,0),(1,43,3,0),(1,43,4,0),(1,43,7,0),(1,44,0,0),(1,44,1,0),(1,44,2,0),(1,44,3,0),(1,44,4,0),(1,44,7,0),(1,47,0,0),(1,47,1,0),(1,47,2,0),(1,47,3,0),(1,47,4,0),(1,47,7,0),(1,48,0,0),(1,48,1,0),(1,48,2,0),(1,48,3,0),(1,48,4,0),(1,48,7,0),(1,49,0,0),(1,49,1,0),(1,49,2,0),(1,49,3,0),(1,49,4,0),(1,49,7,0),(1,51,0,0),(1,51,1,0),(1,51,2,0),(1,51,3,0),(1,51,4,0),(1,51,7,0),(1,54,0,0),(1,54,1,0),(1,54,2,0),(1,54,3,0),(1,54,4,0),(1,54,7,0),(1,57,0,0),(1,57,1,0),(1,57,2,0),(1,57,3,0),(1,57,4,0),(1,57,7,0),(1,58,0,0),(1,58,1,0),(1,58,2,0),(1,58,3,0),(1,58,4,0),(1,58,7,0),(1,59,0,0),(1,59,1,0),(1,59,2,0),(1,59,3,0),(1,59,4,0),(1,59,7,0),(1,65,0,0),(1,65,1,0),(1,65,2,0),(1,65,3,0),(1,65,4,0),(1,65,7,0),(1,66,0,0),(1,66,1,0),(1,66,2,0),(1,66,3,0),(1,66,4,0),(1,66,7,0),(2,2,0,0),(2,2,1,0),(2,2,2,0),(2,2,3,0),(2,2,4,0),(2,2,7,0),(2,4,0,0),(2,4,1,0),(2,4,2,0),(2,4,3,0),(2,4,4,0),(2,4,7,0),(2,6,0,0),(2,6,1,0),(2,6,2,0),(2,6,3,0),(2,6,4,0),(2,6,7,0),(2,7,0,0),(2,7,1,0),(2,7,2,0),(2,7,3,0),(2,7,4,0),(2,7,7,0),(2,8,0,0),(2,8,1,0),(2,8,2,0),(2,8,3,0),(2,8,4,0),(2,8,7,0),(2,9,0,0),(2,9,1,0),(2,9,2,0),(2,9,3,0),(2,9,4,0),(2,9,7,0),(2,13,0,1),(2,13,1,1),(2,13,2,1),(2,13,3,0),(2,13,4,0),(2,13,7,1),(2,14,0,0),(2,14,1,0),(2,14,2,0),(2,14,3,0),(2,14,4,0),(2,14,7,0),(2,15,0,0),(2,15,1,0),(2,15,2,0),(2,15,3,0),(2,15,4,0),(2,15,7,0),(2,16,0,0),(2,16,1,0),(2,16,2,0),(2,16,3,0),(2,16,4,0),(2,16,7,0),(2,18,0,0),(2,18,1,0),(2,18,2,0),(2,18,3,0),(2,18,4,0),(2,18,7,0),(2,19,0,0),(2,19,1,0),(2,19,2,0),(2,19,3,0),(2,19,4,0),(2,19,7,0),(2,20,0,0),(2,20,1,0),(2,20,2,0),(2,20,3,0),(2,20,4,0),(2,20,7,0),(2,21,0,0),(2,21,1,0),(2,21,2,0),(2,21,3,0),(2,21,4,0),(2,21,7,0),(2,22,0,0),(2,22,1,0),(2,22,2,0),(2,22,3,0),(2,22,4,0),(2,22,7,0),(2,23,0,0),(2,23,1,0),(2,23,2,0),(2,23,3,0),(2,23,4,0),(2,23,7,0),(2,25,0,1),(2,25,1,1),(2,25,2,1),(2,25,3,0),(2,25,4,0),(2,25,7,1),(2,26,0,0),(2,26,1,0),(2,26,2,0),(2,26,3,0),(2,26,4,0),(2,26,7,0),(2,32,0,0),(2,32,1,0),(2,32,2,0),(2,32,3,0),(2,32,4,0),(2,32,7,0),(2,36,0,0),(2,36,1,0),(2,36,2,0),(2,36,3,0),(2,36,4,0),(2,36,7,0),(2,38,0,0),(2,38,1,0),(2,38,2,0),(2,38,3,0),(2,38,4,0),(2,38,7,0),(2,40,0,0),(2,40,1,0),(2,40,2,0),(2,40,3,0),(2,40,4,0),(2,40,7,0),(2,42,0,0),(2,42,1,0),(2,42,2,0),(2,42,3,0),(2,42,4,0),(2,42,7,0),(2,43,0,0),(2,43,1,0),(2,43,2,0),(2,43,3,0),(2,43,4,0),(2,43,7,0),(2,44,0,0),(2,44,1,0),(2,44,2,0),(2,44,3,0),(2,44,4,0),(2,44,7,0),(2,47,0,0),(2,47,1,0),(2,47,2,0),(2,47,3,0),(2,47,4,0),(2,47,7,0),(2,48,0,0),(2,48,1,0),(2,48,2,0),(2,48,3,0),(2,48,4,0),(2,48,7,0),(2,49,0,0),(2,49,1,0),(2,49,2,0),(2,49,3,0),(2,49,4,0),(2,49,7,0),(2,51,0,0),(2,51,1,0),(2,51,2,0),(2,51,3,0),(2,51,4,0),(2,51,7,0),(2,54,0,0),(2,54,1,0),(2,54,2,0),(2,54,3,0),(2,54,4,0),(2,54,7,0),(2,57,0,0),(2,57,1,0),(2,57,2,0),(2,57,3,0),(2,57,4,0),(2,57,7,0),(2,58,0,0),(2,58,1,0),(2,58,2,0),(2,58,3,0),(2,58,4,0),(2,58,7,0),(2,59,0,0),(2,59,1,0),(2,59,2,0),(2,59,3,0),(2,59,4,0),(2,59,7,0),(2,65,0,0),(2,65,1,0),(2,65,2,0),(2,65,3,0),(2,65,4,0),(2,65,7,0),(2,66,0,0),(2,66,1,0),(2,66,2,0),(2,66,3,0),(2,66,4,0),(2,66,7,0),(3,2,0,1),(3,2,1,1),(3,2,2,1),(3,2,3,0),(3,2,4,0),(3,2,7,1),(3,4,0,0),(3,4,1,0),(3,4,2,0),(3,4,3,0),(3,4,4,0),(3,4,7,0),(3,6,0,0),(3,6,1,0),(3,6,2,0),(3,6,3,0),(3,6,4,0),(3,6,7,0),(3,7,0,0),(3,7,1,0),(3,7,2,0),(3,7,3,0),(3,7,4,0),(3,7,7,0),(3,8,0,0),(3,8,1,0),(3,8,2,0),(3,8,3,0),(3,8,4,0),(3,8,7,0),(3,9,0,0),(3,9,1,0),(3,9,2,0),(3,9,3,0),(3,9,4,0),(3,9,7,0),(3,13,0,0),(3,13,1,0),(3,13,2,0),(3,13,3,0),(3,13,4,0),(3,13,7,0),(3,14,0,0),(3,14,1,0),(3,14,2,0),(3,14,3,0),(3,14,4,0),(3,14,7,0),(3,15,0,0),(3,15,1,0),(3,15,2,0),(3,15,3,0),(3,15,4,0),(3,15,7,0),(3,16,0,0),(3,16,1,0),(3,16,2,0),(3,16,3,0),(3,16,4,0),(3,16,7,0),(3,18,0,0),(3,18,1,0),(3,18,2,0),(3,18,3,0),(3,18,4,0),(3,18,7,0),(3,19,0,0),(3,19,1,0),(3,19,2,0),(3,19,3,0),(3,19,4,0),(3,19,7,0),(3,20,0,0),(3,20,1,0),(3,20,2,0),(3,20,3,0),(3,20,4,0),(3,20,7,0),(3,21,0,0),(3,21,1,0),(3,21,2,0),(3,21,3,0),(3,21,4,0),(3,21,7,0),(3,22,0,0),(3,22,1,0),(3,22,2,0),(3,22,3,0),(3,22,4,0),(3,22,7,0),(3,23,0,0),(3,23,1,0),(3,23,2,0),(3,23,3,0),(3,23,4,0),(3,23,7,0),(3,25,0,1),(3,25,1,1),(3,25,2,1),(3,25,3,0),(3,25,4,0),(3,25,7,1),(3,26,0,0),(3,26,1,0),(3,26,2,0),(3,26,3,0),(3,26,4,0),(3,26,7,0),(3,32,0,0),(3,32,1,0),(3,32,2,0),(3,32,3,0),(3,32,4,0),(3,32,7,0),(3,36,0,0),(3,36,1,0),(3,36,2,0),(3,36,3,0),(3,36,4,0),(3,36,7,0),(3,38,0,0),(3,38,1,0),(3,38,2,0),(3,38,3,0),(3,38,4,0),(3,38,7,0),(3,40,0,0),(3,40,1,0),(3,40,2,0),(3,40,3,0),(3,40,4,0),(3,40,7,0),(3,42,0,0),(3,42,1,0),(3,42,2,0),(3,42,3,0),(3,42,4,0),(3,42,7,0),(3,43,0,0),(3,43,1,0),(3,43,2,0),(3,43,3,0),(3,43,4,0),(3,43,7,0),(3,44,0,0),(3,44,1,0),(3,44,2,0),(3,44,3,0),(3,44,4,0),(3,44,7,0),(3,47,0,0),(3,47,1,0),(3,47,2,0),(3,47,3,0),(3,47,4,0),(3,47,7,0),(3,48,0,0),(3,48,1,0),(3,48,2,0),(3,48,3,0),(3,48,4,0),(3,48,7,0),(3,49,0,0),(3,49,1,0),(3,49,2,0),(3,49,3,0),(3,49,4,0),(3,49,7,0),(3,51,0,0),(3,51,1,0),(3,51,2,0),(3,51,3,0),(3,51,4,0),(3,51,7,0),(3,54,0,0),(3,54,1,0),(3,54,2,0),(3,54,3,0),(3,54,4,0),(3,54,7,0),(3,57,0,0),(3,57,1,0),(3,57,2,0),(3,57,3,0),(3,57,4,0),(3,57,7,0),(3,58,0,0),(3,58,1,0),(3,58,2,0),(3,58,3,0),(3,58,4,0),(3,58,7,0),(3,59,0,0),(3,59,1,0),(3,59,2,0),(3,59,3,0),(3,59,4,0),(3,59,7,0),(3,65,0,0),(3,65,1,0),(3,65,2,0),(3,65,3,0),(3,65,4,0),(3,65,7,0),(3,66,0,0),(3,66,1,0),(3,66,2,0),(3,66,3,0),(3,66,4,0),(3,66,7,0),(4,2,0,1),(4,2,1,1),(4,2,2,1),(4,2,3,0),(4,2,4,0),(4,2,7,1),(4,4,0,1),(4,4,1,1),(4,4,2,1),(4,4,3,0),(4,4,4,0),(4,4,7,1),(4,6,0,1),(4,6,1,1),(4,6,2,1),(4,6,3,0),(4,6,4,0),(4,6,7,1),(4,7,0,1),(4,7,1,1),(4,7,2,1),(4,7,3,0),(4,7,4,0),(4,7,7,1),(4,8,0,1),(4,8,1,1),(4,8,2,1),(4,8,3,0),(4,8,4,0),(4,8,7,1),(4,9,0,1),(4,9,1,1),(4,9,2,1),(4,9,3,0),(4,9,4,0),(4,9,7,1),(4,13,0,1),(4,13,1,1),(4,13,2,1),(4,13,3,0),(4,13,4,0),(4,13,7,1),(4,14,0,1),(4,14,1,1),(4,14,2,1),(4,14,3,0),(4,14,4,0),(4,14,7,1),(4,15,0,1),(4,15,1,1),(4,15,2,1),(4,15,3,0),(4,15,4,0),(4,15,7,1),(4,16,0,1),(4,16,1,1),(4,16,2,1),(4,16,3,0),(4,16,4,0),(4,16,7,1),(4,18,0,1),(4,18,1,1),(4,18,2,1),(4,18,3,0),(4,18,4,0),(4,18,7,1),(4,19,0,1),(4,19,1,1),(4,19,2,1),(4,19,3,0),(4,19,4,0),(4,19,7,1),(4,20,0,1),(4,20,1,1),(4,20,2,1),(4,20,3,0),(4,20,4,0),(4,20,7,1),(4,21,0,1),(4,21,1,1),(4,21,2,1),(4,21,3,0),(4,21,4,0),(4,21,7,1),(4,22,0,1),(4,22,1,1),(4,22,2,1),(4,22,3,0),(4,22,4,0),(4,22,7,1),(4,23,0,1),(4,23,1,1),(4,23,2,1),(4,23,3,0),(4,23,4,0),(4,23,7,1),(4,25,0,1),(4,25,1,1),(4,25,2,1),(4,25,3,0),(4,25,4,0),(4,25,7,1),(4,26,0,1),(4,26,1,1),(4,26,2,1),(4,26,3,0),(4,26,4,0),(4,26,7,1),(4,32,0,0),(4,32,1,0),(4,32,2,0),(4,32,3,0),(4,32,4,0),(4,32,7,0),(4,36,0,0),(4,36,1,0),(4,36,2,0),(4,36,3,0),(4,36,4,0),(4,36,7,0),(4,38,0,0),(4,38,1,0),(4,38,2,0),(4,38,3,0),(4,38,4,0),(4,38,7,0),(4,40,0,0),(4,40,1,0),(4,40,2,0),(4,40,3,0),(4,40,4,0),(4,40,7,0),(4,42,0,0),(4,42,1,0),(4,42,2,0),(4,42,3,0),(4,42,4,0),(4,42,7,0),(4,43,0,0),(4,43,1,0),(4,43,2,0),(4,43,3,0),(4,43,4,0),(4,43,7,0),(4,44,0,0),(4,44,1,0),(4,44,2,0),(4,44,3,0),(4,44,4,0),(4,44,7,0),(4,47,0,0),(4,47,1,0),(4,47,2,0),(4,47,3,0),(4,47,4,0),(4,47,7,0),(4,48,0,0),(4,48,1,0),(4,48,2,0),(4,48,3,0),(4,48,4,0),(4,48,7,0),(4,49,0,0),(4,49,1,0),(4,49,2,0),(4,49,3,0),(4,49,4,0),(4,49,7,0),(4,51,0,0),(4,51,1,0),(4,51,2,0),(4,51,3,0),(4,51,4,0),(4,51,7,0),(4,54,0,0),(4,54,1,0),(4,54,2,0),(4,54,3,0),(4,54,4,0),(4,54,7,0),(4,57,0,0),(4,57,1,0),(4,57,2,0),(4,57,3,0),(4,57,4,0),(4,57,7,0),(4,58,0,0),(4,58,1,0),(4,58,2,0),(4,58,3,0),(4,58,4,0),(4,58,7,0),(4,59,0,0),(4,59,1,0),(4,59,2,0),(4,59,3,0),(4,59,4,0),(4,59,7,0),(4,65,0,0),(4,65,1,0),(4,65,2,0),(4,65,3,0),(4,65,4,0),(4,65,7,0),(4,66,0,0),(4,66,1,0),(4,66,2,0),(4,66,3,0),(4,66,4,0),(4,66,7,0);
/*!40000 ALTER TABLE `vtiger_profile2standardpermissions` ENABLE KEYS */;
UNLOCK TABLES;

--
-- Table structure for table `vtiger_profile2tab`
--

DROP TABLE IF EXISTS `vtiger_profile2tab`;
/*!40101 SET @saved_cs_client     = @@character_set_client */;
/*!50503 SET character_set_client = utf8mb4 */;
CREATE TABLE `vtiger_profile2tab` (
  `profileid` int DEFAULT NULL,
  `tabid` int DEFAULT NULL,
  `permissions` int NOT NULL DEFAULT '0',
  KEY `profile2tab_profileid_tabid_idx` (`profileid`,`tabid`)
) ENGINE=InnoDB DEFAULT CHARSET=utf8mb3;
/*!40101 SET character_set_client = @saved_cs_client */;

--
-- Dumping data for table `vtiger_profile2tab`
--

LOCK TABLES `vtiger_profile2tab` WRITE;
/*!40000 ALTER TABLE `vtiger_profile2tab` DISABLE KEYS */;
INSERT INTO `vtiger_profile2tab` VALUES (1,1,0),(1,2,0),(1,3,0),(1,4,0),(1,6,0),(1,7,0),(1,8,0),(1,9,0),(1,10,0),(1,13,0),(1,14,0),(1,15,0),(1,16,0),(1,18,0),(1,19,0),(1,20,0),(1,21,0),(1,22,0),(1,23,0),(1,24,0),(1,25,0),(1,26,0),(1,27,0),(1,30,1),(2,1,0),(2,2,0),(2,3,0),(2,4,0),(2,6,0),(2,7,0),(2,8,0),(2,9,0),(2,10,0),(2,13,0),(2,14,0),(2,15,0),(2,16,0),(2,18,0),(2,19,0),(2,20,0),(2,21,0),(2,22,0),(2,23,0),(2,24,0),(2,25,0),(2,26,0),(2,27,0),(2,30,1),(3,1,0),(3,2,0),(3,3,0),(3,4,0),(3,6,0),(3,7,0),(3,8,0),(3,9,0),(3,10,0),(3,13,0),(3,14,0),(3,15,0),(3,16,0),(3,18,0),(3,19,0),(3,20,0),(3,21,0),(3,22,0),(3,23,0),(3,24,0),(3,25,0),(3,26,0),(3,27,0),(3,30,1),(4,1,0),(4,2,0),(4,3,0),(4,4,0),(4,6,0),(4,7,0),(4,8,0),(4,9,0),(4,10,0),(4,13,0),(4,14,0),(4,15,0),(4,16,0),(4,18,0),(4,19,0),(4,20,0),(4,21,0),(4,22,0),(4,23,0),(4,24,0),(4,25,0),(4,26,0),(4,27,0),(4,30,1),(1,31,0),(2,31,0),(3,31,0),(4,31,0),(1,32,0),(2,32,0),(3,32,0),(4,32,0),(1,33,0),(2,33,0),(3,33,0),(4,33,0),(1,34,0),(2,34,0),(3,34,0),(4,34,0),(1,35,0),(2,35,0),(3,35,0),(4,35,0),(1,36,0),(2,36,0),(3,36,0),(4,36,0),(1,37,0),(2,37,0),(3,37,0),(4,37,0),(1,38,0),(2,38,0),(3,38,0),(4,38,0),(1,39,0),(2,39,0),(3,39,0),(4,39,0),(1,40,0),(2,40,0),(3,40,0),(4,40,0),(1,41,0),(2,41,0),(3,41,0),(4,41,0),(1,42,0),(2,42,0),(3,42,0),(4,42,0),(1,43,0),(2,43,0),(3,43,0),(4,43,0),(1,44,0),(2,44,0),(3,44,0),(4,44,0),(1,45,0),(2,45,0),(3,45,0),(4,45,0),(1,46,0),(2,46,0),(3,46,0),(4,46,0),(1,47,0),(2,47,0),(3,47,0),(4,47,0),(1,48,0),(2,48,0),(3,48,0),(4,48,0),(1,49,0),(2,49,0),(3,49,0),(4,49,0),(1,50,0),(2,50,0),(3,50,0),(4,50,0),(1,51,0),(2,51,0),(3,51,0),(4,51,0),(1,52,0),(2,52,0),(3,52,0),(4,52,0),(1,53,0),(2,53,0),(3,53,0),(4,53,0),(1,54,0),(2,54,0),(3,54,0),(4,54,0),(1,55,0),(2,55,0),(3,55,0),(4,55,0),(1,56,0),(2,56,0),(3,56,0),(4,56,0),(1,57,0),(2,57,0),(3,57,0),(4,57,0),(1,58,0),(2,58,0),(3,58,0),(4,58,0),(1,59,0),(2,59,0),(3,59,0),(4,59,0),(1,60,0),(2,60,0),(3,60,0),(4,60,0),(1,61,0),(2,61,0),(3,61,0),(4,61,0),(1,62,0),(2,62,0),(3,62,0),(4,62,0),(1,63,0),(2,63,0),(3,63,0),(4,63,0),(1,64,0),(2,64,0),(3,64,0),(4,64,0),(1,65,0),(2,65,0),(3,65,0),(4,65,0),(1,66,0),(2,66,0),(3,66,0),(4,66,0),(1,67,0),(2,67,0),(3,67,0),(4,67,0);
/*!40000 ALTER TABLE `vtiger_profile2tab` ENABLE KEYS */;
UNLOCK TABLES;

--
-- Table structure for table `vtiger_profile2utility`
--

DROP TABLE IF EXISTS `vtiger_profile2utility`;
/*!40101 SET @saved_cs_client     = @@character_set_client */;
/*!50503 SET character_set_client = utf8mb4 */;
CREATE TABLE `vtiger_profile2utility` (
  `profileid` int NOT NULL,
  `tabid` int NOT NULL,
  `activityid` int NOT NULL,
  `permission` int DEFAULT NULL,
  PRIMARY KEY (`profileid`,`tabid`,`activityid`),
  KEY `profile2utility_profileid_tabid_activityid_idx` (`profileid`,`tabid`,`activityid`)
) ENGINE=InnoDB DEFAULT CHARSET=utf8mb3;
/*!40101 SET character_set_client = @saved_cs_client */;

--
-- Dumping data for table `vtiger_profile2utility`
--

LOCK TABLES `vtiger_profile2utility` WRITE;
/*!40000 ALTER TABLE `vtiger_profile2utility` DISABLE KEYS */;
INSERT INTO `vtiger_profile2utility` VALUES (1,2,5,0),(1,2,6,0),(1,2,8,0),(1,2,10,0),(1,4,5,0),(1,4,6,0),(1,4,8,0),(1,4,10,0),(1,6,5,0),(1,6,6,0),(1,6,8,0),(1,6,10,0),(1,7,5,0),(1,7,6,0),(1,7,8,0),(1,7,9,0),(1,7,10,0),(1,8,6,0),(1,9,5,0),(1,9,6,0),(1,13,5,0),(1,13,6,0),(1,13,8,0),(1,13,10,0),(1,14,5,0),(1,14,6,0),(1,14,10,0),(1,18,5,0),(1,18,6,0),(1,18,10,0),(1,19,5,1),(1,19,6,1),(1,19,10,1),(1,20,5,0),(1,20,6,0),(1,21,5,0),(1,21,6,0),(1,22,5,0),(1,22,6,0),(1,23,5,0),(1,23,6,0),(1,25,6,0),(1,25,13,0),(1,32,5,0),(1,32,6,0),(1,32,10,0),(1,36,11,1),(1,36,12,1),(1,38,5,0),(1,38,6,0),(1,38,10,0),(1,40,5,0),(1,40,6,0),(1,40,10,0),(1,42,5,0),(1,42,6,0),(1,42,10,0),(1,43,5,0),(1,43,6,0),(1,43,10,0),(1,49,5,0),(1,49,6,0),(1,49,10,0),(1,57,5,1),(1,57,6,1),(1,57,10,1),(1,58,5,0),(1,58,6,0),(1,58,10,0),(1,59,5,0),(1,59,6,0),(1,59,10,0),(1,65,5,0),(1,65,6,0),(1,65,8,0),(1,66,5,0),(1,66,6,0),(1,66,8,0),(2,2,5,1),(2,2,6,1),(2,2,8,0),(2,2,10,0),(2,4,5,1),(2,4,6,1),(2,4,8,0),(2,4,10,0),(2,6,5,1),(2,6,6,1),(2,6,8,0),(2,6,10,0),(2,7,5,1),(2,7,6,1),(2,7,8,0),(2,7,9,0),(2,7,10,0),(2,8,6,1),(2,9,5,0),(2,9,6,0),(2,13,5,1),(2,13,6,1),(2,13,8,0),(2,13,10,0),(2,14,5,1),(2,14,6,1),(2,14,10,0),(2,18,5,1),(2,18,6,1),(2,18,10,0),(2,19,5,1),(2,19,6,1),(2,19,10,1),(2,20,5,0),(2,20,6,0),(2,21,5,0),(2,21,6,0),(2,22,5,0),(2,22,6,0),(2,23,5,0),(2,23,6,0),(2,25,6,0),(2,25,13,0),(2,32,5,0),(2,32,6,0),(2,32,10,0),(2,36,11,1),(2,36,12,1),(2,38,5,0),(2,38,6,0),(2,38,10,0),(2,40,5,0),(2,40,6,0),(2,40,10,0),(2,42,5,0),(2,42,6,0),(2,42,10,0),(2,43,5,0),(2,43,6,0),(2,43,10,0),(2,49,5,0),(2,49,6,0),(2,49,10,0),(2,57,5,1),(2,57,6,1),(2,57,10,1),(2,58,5,0),(2,58,6,0),(2,58,10,0),(2,59,5,0),(2,59,6,0),(2,59,10,0),(2,65,5,0),(2,65,6,0),(2,65,8,0),(2,66,5,0),(2,66,6,0),(2,66,8,0),(3,2,5,1),(3,2,6,1),(3,2,8,0),(3,2,10,0),(3,4,5,1),(3,4,6,1),(3,4,8,0),(3,4,10,0),(3,6,5,1),(3,6,6,1),(3,6,8,0),(3,6,10,0),(3,7,5,1),(3,7,6,1),(3,7,8,0),(3,7,9,0),(3,7,10,0),(3,8,6,1),(3,9,5,0),(3,9,6,0),(3,13,5,1),(3,13,6,1),(3,13,8,0),(3,13,10,0),(3,14,5,1),(3,14,6,1),(3,14,10,0),(3,18,5,1),(3,18,6,1),(3,18,10,0),(3,19,5,1),(3,19,6,1),(3,19,10,1),(3,20,5,0),(3,20,6,0),(3,21,5,0),(3,21,6,0),(3,22,5,0),(3,22,6,0),(3,23,5,0),(3,23,6,0),(3,25,6,0),(3,25,13,0),(3,32,5,0),(3,32,6,0),(3,32,10,0),(3,36,11,1),(3,36,12,1),(3,38,5,0),(3,38,6,0),(3,38,10,0),(3,40,5,0),(3,40,6,0),(3,40,10,0),(3,42,5,0),(3,42,6,0),(3,42,10,0),(3,43,5,0),(3,43,6,0),(3,43,10,0),(3,49,5,0),(3,49,6,0),(3,49,10,0),(3,57,5,1),(3,57,6,1),(3,57,10,1),(3,58,5,0),(3,58,6,0),(3,58,10,0),(3,59,5,0),(3,59,6,0),(3,59,10,0),(3,65,5,0),(3,65,6,0),(3,65,8,0),(3,66,5,0),(3,66,6,0),(3,66,8,0),(4,2,5,1),(4,2,6,1),(4,2,10,0),(4,4,5,1),(4,4,6,1),(4,4,8,1),(4,4,10,0),(4,6,5,1),(4,6,6,1),(4,6,8,1),(4,6,10,0),(4,7,5,1),(4,7,6,1),(4,7,8,1),(4,7,9,0),(4,7,10,0),(4,8,6,1),(4,9,5,0),(4,9,6,0),(4,13,5,1),(4,13,6,1),(4,13,8,1),(4,13,10,0),(4,14,5,1),(4,14,6,1),(4,14,10,0),(4,18,5,1),(4,18,6,1),(4,18,10,0),(4,19,5,1),(4,19,6,1),(4,19,10,1),(4,20,5,0),(4,20,6,0),(4,21,5,0),(4,21,6,0),(4,22,5,0),(4,22,6,0),(4,23,5,0),(4,23,6,0),(4,25,6,0),(4,25,13,0),(4,32,5,0),(4,32,6,0),(4,32,10,0),(4,36,11,1),(4,36,12,1),(4,38,5,0),(4,38,6,0),(4,38,10,0),(4,40,5,0),(4,40,6,0),(4,40,10,0),(4,42,5,0),(4,42,6,0),(4,42,10,0),(4,43,5,0),(4,43,6,0),(4,43,10,0),(4,49,5,0),(4,49,6,0),(4,49,10,0),(4,57,5,1),(4,57,6,1),(4,57,10,1),(4,58,5,0),(4,58,6,0),(4,58,10,0),(4,59,5,0),(4,59,6,0),(4,59,10,0),(4,65,5,0),(4,65,6,0),(4,65,8,0),(4,66,5,0),(4,66,6,0),(4,66,8,0);
/*!40000 ALTER TABLE `vtiger_profile2utility` ENABLE KEYS */;
UNLOCK TABLES;

--
-- Table structure for table `vtiger_profile_seq`
--

DROP TABLE IF EXISTS `vtiger_profile_seq`;
/*!40101 SET @saved_cs_client     = @@character_set_client */;
/*!50503 SET character_set_client = utf8mb4 */;
CREATE TABLE `vtiger_profile_seq` (
  `id` int NOT NULL
) ENGINE=InnoDB DEFAULT CHARSET=utf8mb3;
/*!40101 SET character_set_client = @saved_cs_client */;

--
-- Dumping data for table `vtiger_profile_seq`
--

LOCK TABLES `vtiger_profile_seq` WRITE;
/*!40000 ALTER TABLE `vtiger_profile_seq` DISABLE KEYS */;
INSERT INTO `vtiger_profile_seq` VALUES (4);
/*!40000 ALTER TABLE `vtiger_profile_seq` ENABLE KEYS */;
UNLOCK TABLES;

--
-- Table structure for table `vtiger_progress`
--

DROP TABLE IF EXISTS `vtiger_progress`;
/*!40101 SET @saved_cs_client     = @@character_set_client */;
/*!50503 SET character_set_client = utf8mb4 */;
CREATE TABLE `vtiger_progress` (
  `progressid` int NOT NULL AUTO_INCREMENT,
  `progress` varchar(200) NOT NULL,
  `presence` int NOT NULL DEFAULT '1',
  `picklist_valueid` int NOT NULL DEFAULT '0',
  `sortorderid` int DEFAULT '0',
  `color` varchar(10) DEFAULT NULL,
  PRIMARY KEY (`progressid`)
) ENGINE=InnoDB AUTO_INCREMENT=12 DEFAULT CHARSET=utf8mb3;
/*!40101 SET character_set_client = @saved_cs_client */;

--
-- Dumping data for table `vtiger_progress`
--

LOCK TABLES `vtiger_progress` WRITE;
/*!40000 ALTER TABLE `vtiger_progress` DISABLE KEYS */;
INSERT INTO `vtiger_progress` VALUES (2,'10%',1,296,2,NULL),(3,'20%',1,297,3,NULL),(4,'30%',1,298,4,NULL),(5,'40%',1,299,5,NULL),(6,'50%',1,300,6,NULL),(7,'60%',1,301,7,NULL),(8,'70%',1,302,8,NULL),(9,'80%',1,303,9,NULL),(10,'90%',1,304,10,NULL),(11,'100%',1,305,11,NULL);
/*!40000 ALTER TABLE `vtiger_progress` ENABLE KEYS */;
UNLOCK TABLES;

--
-- Table structure for table `vtiger_progress_seq`
--

DROP TABLE IF EXISTS `vtiger_progress_seq`;
/*!40101 SET @saved_cs_client     = @@character_set_client */;
/*!50503 SET character_set_client = utf8mb4 */;
CREATE TABLE `vtiger_progress_seq` (
  `id` int NOT NULL
) ENGINE=InnoDB DEFAULT CHARSET=utf8mb3;
/*!40101 SET character_set_client = @saved_cs_client */;

--
-- Dumping data for table `vtiger_progress_seq`
--

LOCK TABLES `vtiger_progress_seq` WRITE;
/*!40000 ALTER TABLE `vtiger_progress_seq` DISABLE KEYS */;
INSERT INTO `vtiger_progress_seq` VALUES (11);
/*!40000 ALTER TABLE `vtiger_progress_seq` ENABLE KEYS */;
UNLOCK TABLES;

--
-- Table structure for table `vtiger_project`
--

DROP TABLE IF EXISTS `vtiger_project`;
/*!40101 SET @saved_cs_client     = @@character_set_client */;
/*!50503 SET character_set_client = utf8mb4 */;
CREATE TABLE `vtiger_project` (
  `projectid` int NOT NULL,
  `projectname` varchar(255) DEFAULT NULL,
  `project_no` varchar(100) DEFAULT NULL,
  `startdate` date DEFAULT NULL,
  `targetenddate` date DEFAULT NULL,
  `actualenddate` date DEFAULT NULL,
  `targetbudget` varchar(255) DEFAULT NULL,
  `projecturl` varchar(255) DEFAULT NULL,
  `projectstatus` varchar(100) DEFAULT NULL,
  `projectpriority` varchar(100) DEFAULT NULL,
  `projecttype` varchar(100) DEFAULT NULL,
  `progress` varchar(100) DEFAULT NULL,
  `linktoaccountscontacts` varchar(100) DEFAULT NULL,
  `tags` varchar(1) DEFAULT NULL,
  `isconvertedfrompotential` int NOT NULL DEFAULT '0',
  `potentialid` varchar(100) DEFAULT NULL,
  PRIMARY KEY (`projectid`),
  CONSTRAINT `fk_crmid_vtiger_project` FOREIGN KEY (`projectid`) REFERENCES `vtiger_crmentity` (`crmid`) ON DELETE CASCADE
) ENGINE=InnoDB DEFAULT CHARSET=utf8mb3;
/*!40101 SET character_set_client = @saved_cs_client */;

--
-- Dumping data for table `vtiger_project`
--

LOCK TABLES `vtiger_project` WRITE;
/*!40000 ALTER TABLE `vtiger_project` DISABLE KEYS */;
/*!40000 ALTER TABLE `vtiger_project` ENABLE KEYS */;
UNLOCK TABLES;

--
-- Table structure for table `vtiger_projectcf`
--

DROP TABLE IF EXISTS `vtiger_projectcf`;
/*!40101 SET @saved_cs_client     = @@character_set_client */;
/*!50503 SET character_set_client = utf8mb4 */;
CREATE TABLE `vtiger_projectcf` (
  `projectid` int NOT NULL,
  PRIMARY KEY (`projectid`),
  CONSTRAINT `fk_projectid_vtiger_projectcf` FOREIGN KEY (`projectid`) REFERENCES `vtiger_project` (`projectid`) ON DELETE CASCADE
) ENGINE=InnoDB DEFAULT CHARSET=utf8mb3;
/*!40101 SET character_set_client = @saved_cs_client */;

--
-- Dumping data for table `vtiger_projectcf`
--

LOCK TABLES `vtiger_projectcf` WRITE;
/*!40000 ALTER TABLE `vtiger_projectcf` DISABLE KEYS */;
/*!40000 ALTER TABLE `vtiger_projectcf` ENABLE KEYS */;
UNLOCK TABLES;

--
-- Table structure for table `vtiger_projectmilestone`
--

DROP TABLE IF EXISTS `vtiger_projectmilestone`;
/*!40101 SET @saved_cs_client     = @@character_set_client */;
/*!50503 SET character_set_client = utf8mb4 */;
CREATE TABLE `vtiger_projectmilestone` (
  `projectmilestoneid` int NOT NULL,
  `projectmilestonename` varchar(255) DEFAULT NULL,
  `projectmilestone_no` varchar(100) DEFAULT NULL,
  `projectmilestonedate` varchar(255) DEFAULT NULL,
  `projectid` varchar(100) DEFAULT NULL,
  `projectmilestonetype` varchar(100) DEFAULT NULL,
  `tags` varchar(1) DEFAULT NULL,
  PRIMARY KEY (`projectmilestoneid`),
  CONSTRAINT `fk_crmid_vtiger_projectmilestone` FOREIGN KEY (`projectmilestoneid`) REFERENCES `vtiger_crmentity` (`crmid`) ON DELETE CASCADE
) ENGINE=InnoDB DEFAULT CHARSET=utf8mb3;
/*!40101 SET character_set_client = @saved_cs_client */;

--
-- Dumping data for table `vtiger_projectmilestone`
--

LOCK TABLES `vtiger_projectmilestone` WRITE;
/*!40000 ALTER TABLE `vtiger_projectmilestone` DISABLE KEYS */;
/*!40000 ALTER TABLE `vtiger_projectmilestone` ENABLE KEYS */;
UNLOCK TABLES;

--
-- Table structure for table `vtiger_projectmilestonecf`
--

DROP TABLE IF EXISTS `vtiger_projectmilestonecf`;
/*!40101 SET @saved_cs_client     = @@character_set_client */;
/*!50503 SET character_set_client = utf8mb4 */;
CREATE TABLE `vtiger_projectmilestonecf` (
  `projectmilestoneid` int NOT NULL DEFAULT '0',
  PRIMARY KEY (`projectmilestoneid`),
  CONSTRAINT `fk_projectmilestoneid_vtiger_projectmilestonecf` FOREIGN KEY (`projectmilestoneid`) REFERENCES `vtiger_projectmilestone` (`projectmilestoneid`) ON DELETE CASCADE
) ENGINE=InnoDB DEFAULT CHARSET=utf8mb3;
/*!40101 SET character_set_client = @saved_cs_client */;

--
-- Dumping data for table `vtiger_projectmilestonecf`
--

LOCK TABLES `vtiger_projectmilestonecf` WRITE;
/*!40000 ALTER TABLE `vtiger_projectmilestonecf` DISABLE KEYS */;
/*!40000 ALTER TABLE `vtiger_projectmilestonecf` ENABLE KEYS */;
UNLOCK TABLES;

--
-- Table structure for table `vtiger_projectmilestonetype`
--

DROP TABLE IF EXISTS `vtiger_projectmilestonetype`;
/*!40101 SET @saved_cs_client     = @@character_set_client */;
/*!50503 SET character_set_client = utf8mb4 */;
CREATE TABLE `vtiger_projectmilestonetype` (
  `projectmilestonetypeid` int NOT NULL AUTO_INCREMENT,
  `projectmilestonetype` varchar(200) NOT NULL,
  `presence` int NOT NULL DEFAULT '1',
  `picklist_valueid` int NOT NULL DEFAULT '0',
  `sortorderid` int DEFAULT '0',
  `color` varchar(10) DEFAULT NULL,
  PRIMARY KEY (`projectmilestonetypeid`)
) ENGINE=InnoDB AUTO_INCREMENT=5 DEFAULT CHARSET=utf8mb3;
/*!40101 SET character_set_client = @saved_cs_client */;

--
-- Dumping data for table `vtiger_projectmilestonetype`
--

LOCK TABLES `vtiger_projectmilestonetype` WRITE;
/*!40000 ALTER TABLE `vtiger_projectmilestonetype` DISABLE KEYS */;
INSERT INTO `vtiger_projectmilestonetype` VALUES (2,'administrative',1,256,2,NULL),(3,'operative',1,257,3,NULL),(4,'other',1,258,4,NULL);
/*!40000 ALTER TABLE `vtiger_projectmilestonetype` ENABLE KEYS */;
UNLOCK TABLES;

--
-- Table structure for table `vtiger_projectmilestonetype_seq`
--

DROP TABLE IF EXISTS `vtiger_projectmilestonetype_seq`;
/*!40101 SET @saved_cs_client     = @@character_set_client */;
/*!50503 SET character_set_client = utf8mb4 */;
CREATE TABLE `vtiger_projectmilestonetype_seq` (
  `id` int NOT NULL
) ENGINE=InnoDB DEFAULT CHARSET=utf8mb3;
/*!40101 SET character_set_client = @saved_cs_client */;

--
-- Dumping data for table `vtiger_projectmilestonetype_seq`
--

LOCK TABLES `vtiger_projectmilestonetype_seq` WRITE;
/*!40000 ALTER TABLE `vtiger_projectmilestonetype_seq` DISABLE KEYS */;
INSERT INTO `vtiger_projectmilestonetype_seq` VALUES (4);
/*!40000 ALTER TABLE `vtiger_projectmilestonetype_seq` ENABLE KEYS */;
UNLOCK TABLES;

--
-- Table structure for table `vtiger_projectpriority`
--

DROP TABLE IF EXISTS `vtiger_projectpriority`;
/*!40101 SET @saved_cs_client     = @@character_set_client */;
/*!50503 SET character_set_client = utf8mb4 */;
CREATE TABLE `vtiger_projectpriority` (
  `projectpriorityid` int NOT NULL AUTO_INCREMENT,
  `projectpriority` varchar(200) NOT NULL,
  `presence` int NOT NULL DEFAULT '1',
  `picklist_valueid` int NOT NULL DEFAULT '0',
  `sortorderid` int DEFAULT '0',
  `color` varchar(10) DEFAULT NULL,
  PRIMARY KEY (`projectpriorityid`)
) ENGINE=InnoDB AUTO_INCREMENT=5 DEFAULT CHARSET=utf8mb3;
/*!40101 SET character_set_client = @saved_cs_client */;

--
-- Dumping data for table `vtiger_projectpriority`
--

LOCK TABLES `vtiger_projectpriority` WRITE;
/*!40000 ALTER TABLE `vtiger_projectpriority` DISABLE KEYS */;
INSERT INTO `vtiger_projectpriority` VALUES (2,'low',1,292,2,NULL),(3,'normal',1,293,3,NULL),(4,'high',1,294,4,NULL);
/*!40000 ALTER TABLE `vtiger_projectpriority` ENABLE KEYS */;
UNLOCK TABLES;

--
-- Table structure for table `vtiger_projectpriority_seq`
--

DROP TABLE IF EXISTS `vtiger_projectpriority_seq`;
/*!40101 SET @saved_cs_client     = @@character_set_client */;
/*!50503 SET character_set_client = utf8mb4 */;
CREATE TABLE `vtiger_projectpriority_seq` (
  `id` int NOT NULL
) ENGINE=InnoDB DEFAULT CHARSET=utf8mb3;
/*!40101 SET character_set_client = @saved_cs_client */;

--
-- Dumping data for table `vtiger_projectpriority_seq`
--

LOCK TABLES `vtiger_projectpriority_seq` WRITE;
/*!40000 ALTER TABLE `vtiger_projectpriority_seq` DISABLE KEYS */;
INSERT INTO `vtiger_projectpriority_seq` VALUES (4);
/*!40000 ALTER TABLE `vtiger_projectpriority_seq` ENABLE KEYS */;
UNLOCK TABLES;

--
-- Table structure for table `vtiger_projectstatus`
--

DROP TABLE IF EXISTS `vtiger_projectstatus`;
/*!40101 SET @saved_cs_client     = @@character_set_client */;
/*!50503 SET character_set_client = utf8mb4 */;
CREATE TABLE `vtiger_projectstatus` (
  `projectstatusid` int NOT NULL AUTO_INCREMENT,
  `projectstatus` varchar(200) NOT NULL,
  `presence` int NOT NULL DEFAULT '1',
  `picklist_valueid` int NOT NULL DEFAULT '0',
  `sortorderid` int DEFAULT '0',
  `color` varchar(10) DEFAULT NULL,
  PRIMARY KEY (`projectstatusid`)
) ENGINE=InnoDB AUTO_INCREMENT=10 DEFAULT CHARSET=utf8mb3;
/*!40101 SET character_set_client = @saved_cs_client */;

--
-- Dumping data for table `vtiger_projectstatus`
--

LOCK TABLES `vtiger_projectstatus` WRITE;
/*!40000 ALTER TABLE `vtiger_projectstatus` DISABLE KEYS */;
INSERT INTO `vtiger_projectstatus` VALUES (2,'prospecting',1,279,2,NULL),(3,'initiated',1,280,3,NULL),(4,'in progress',1,281,4,NULL),(5,'waiting for feedback',1,282,5,NULL),(6,'on hold',1,283,6,NULL),(7,'completed',1,284,7,NULL),(8,'delivered',1,285,8,NULL),(9,'archived',1,286,9,NULL);
/*!40000 ALTER TABLE `vtiger_projectstatus` ENABLE KEYS */;
UNLOCK TABLES;

--
-- Table structure for table `vtiger_projectstatus_seq`
--

DROP TABLE IF EXISTS `vtiger_projectstatus_seq`;
/*!40101 SET @saved_cs_client     = @@character_set_client */;
/*!50503 SET character_set_client = utf8mb4 */;
CREATE TABLE `vtiger_projectstatus_seq` (
  `id` int NOT NULL
) ENGINE=InnoDB DEFAULT CHARSET=utf8mb3;
/*!40101 SET character_set_client = @saved_cs_client */;

--
-- Dumping data for table `vtiger_projectstatus_seq`
--

LOCK TABLES `vtiger_projectstatus_seq` WRITE;
/*!40000 ALTER TABLE `vtiger_projectstatus_seq` DISABLE KEYS */;
INSERT INTO `vtiger_projectstatus_seq` VALUES (9);
/*!40000 ALTER TABLE `vtiger_projectstatus_seq` ENABLE KEYS */;
UNLOCK TABLES;

--
-- Table structure for table `vtiger_projecttask`
--

DROP TABLE IF EXISTS `vtiger_projecttask`;
/*!40101 SET @saved_cs_client     = @@character_set_client */;
/*!50503 SET character_set_client = utf8mb4 */;
CREATE TABLE `vtiger_projecttask` (
  `projecttaskid` int NOT NULL,
  `projecttaskname` varchar(255) DEFAULT NULL,
  `projecttask_no` varchar(100) DEFAULT NULL,
  `projecttasktype` varchar(100) DEFAULT NULL,
  `projecttaskpriority` varchar(100) DEFAULT NULL,
  `projecttaskprogress` varchar(100) DEFAULT NULL,
  `projecttaskhours` varchar(255) DEFAULT NULL,
  `startdate` date DEFAULT NULL,
  `enddate` date DEFAULT NULL,
  `projectid` varchar(100) DEFAULT NULL,
  `projecttasknumber` int DEFAULT NULL,
  `tags` varchar(1) DEFAULT NULL,
  `projecttaskstatus` varchar(100) DEFAULT NULL,
  PRIMARY KEY (`projecttaskid`),
  CONSTRAINT `fk_crmid_vtiger_projecttask` FOREIGN KEY (`projecttaskid`) REFERENCES `vtiger_crmentity` (`crmid`) ON DELETE CASCADE
) ENGINE=InnoDB DEFAULT CHARSET=utf8mb3;
/*!40101 SET character_set_client = @saved_cs_client */;

--
-- Dumping data for table `vtiger_projecttask`
--

LOCK TABLES `vtiger_projecttask` WRITE;
/*!40000 ALTER TABLE `vtiger_projecttask` DISABLE KEYS */;
/*!40000 ALTER TABLE `vtiger_projecttask` ENABLE KEYS */;
UNLOCK TABLES;

--
-- Table structure for table `vtiger_projecttask_status_color`
--

DROP TABLE IF EXISTS `vtiger_projecttask_status_color`;
/*!40101 SET @saved_cs_client     = @@character_set_client */;
/*!50503 SET character_set_client = utf8mb4 */;
CREATE TABLE `vtiger_projecttask_status_color` (
  `status` varchar(255) DEFAULT NULL,
  `defaultcolor` varchar(50) DEFAULT NULL,
  `color` varchar(50) DEFAULT NULL,
  UNIQUE KEY `status` (`status`)
) ENGINE=InnoDB DEFAULT CHARSET=utf8mb3;
/*!40101 SET character_set_client = @saved_cs_client */;

--
-- Dumping data for table `vtiger_projecttask_status_color`
--

LOCK TABLES `vtiger_projecttask_status_color` WRITE;
/*!40000 ALTER TABLE `vtiger_projecttask_status_color` DISABLE KEYS */;
INSERT INTO `vtiger_projecttask_status_color` VALUES ('Open','#0099ff',NULL),('In Progress','#fdff00',NULL),('Completed','#3BBF67',NULL),('Deferred','#fbb11e',NULL),('Canceled','#660066',NULL);
/*!40000 ALTER TABLE `vtiger_projecttask_status_color` ENABLE KEYS */;
UNLOCK TABLES;

--
-- Table structure for table `vtiger_projecttaskcf`
--

DROP TABLE IF EXISTS `vtiger_projecttaskcf`;
/*!40101 SET @saved_cs_client     = @@character_set_client */;
/*!50503 SET character_set_client = utf8mb4 */;
CREATE TABLE `vtiger_projecttaskcf` (
  `projecttaskid` int NOT NULL DEFAULT '0',
  PRIMARY KEY (`projecttaskid`),
  CONSTRAINT `fk_projecttaskid_vtiger_projecttaskcf` FOREIGN KEY (`projecttaskid`) REFERENCES `vtiger_projecttask` (`projecttaskid`) ON DELETE CASCADE
) ENGINE=InnoDB DEFAULT CHARSET=utf8mb3;
/*!40101 SET character_set_client = @saved_cs_client */;

--
-- Dumping data for table `vtiger_projecttaskcf`
--

LOCK TABLES `vtiger_projecttaskcf` WRITE;
/*!40000 ALTER TABLE `vtiger_projecttaskcf` DISABLE KEYS */;
/*!40000 ALTER TABLE `vtiger_projecttaskcf` ENABLE KEYS */;
UNLOCK TABLES;

--
-- Table structure for table `vtiger_projecttaskpriority`
--

DROP TABLE IF EXISTS `vtiger_projecttaskpriority`;
/*!40101 SET @saved_cs_client     = @@character_set_client */;
/*!50503 SET character_set_client = utf8mb4 */;
CREATE TABLE `vtiger_projecttaskpriority` (
  `projecttaskpriorityid` int NOT NULL AUTO_INCREMENT,
  `projecttaskpriority` varchar(200) NOT NULL,
  `presence` int NOT NULL DEFAULT '1',
  `picklist_valueid` int NOT NULL DEFAULT '0',
  `sortorderid` int DEFAULT '0',
  `color` varchar(10) DEFAULT NULL,
  PRIMARY KEY (`projecttaskpriorityid`)
) ENGINE=InnoDB AUTO_INCREMENT=5 DEFAULT CHARSET=utf8mb3;
/*!40101 SET character_set_client = @saved_cs_client */;

--
-- Dumping data for table `vtiger_projecttaskpriority`
--

LOCK TABLES `vtiger_projecttaskpriority` WRITE;
/*!40000 ALTER TABLE `vtiger_projecttaskpriority` DISABLE KEYS */;
INSERT INTO `vtiger_projecttaskpriority` VALUES (2,'low',1,264,2,NULL),(3,'normal',1,265,3,NULL),(4,'high',1,266,4,NULL);
/*!40000 ALTER TABLE `vtiger_projecttaskpriority` ENABLE KEYS */;
UNLOCK TABLES;

--
-- Table structure for table `vtiger_projecttaskpriority_seq`
--

DROP TABLE IF EXISTS `vtiger_projecttaskpriority_seq`;
/*!40101 SET @saved_cs_client     = @@character_set_client */;
/*!50503 SET character_set_client = utf8mb4 */;
CREATE TABLE `vtiger_projecttaskpriority_seq` (
  `id` int NOT NULL
) ENGINE=InnoDB DEFAULT CHARSET=utf8mb3;
/*!40101 SET character_set_client = @saved_cs_client */;

--
-- Dumping data for table `vtiger_projecttaskpriority_seq`
--

LOCK TABLES `vtiger_projecttaskpriority_seq` WRITE;
/*!40000 ALTER TABLE `vtiger_projecttaskpriority_seq` DISABLE KEYS */;
INSERT INTO `vtiger_projecttaskpriority_seq` VALUES (4);
/*!40000 ALTER TABLE `vtiger_projecttaskpriority_seq` ENABLE KEYS */;
UNLOCK TABLES;

--
-- Table structure for table `vtiger_projecttaskprogress`
--

DROP TABLE IF EXISTS `vtiger_projecttaskprogress`;
/*!40101 SET @saved_cs_client     = @@character_set_client */;
/*!50503 SET character_set_client = utf8mb4 */;
CREATE TABLE `vtiger_projecttaskprogress` (
  `projecttaskprogressid` int NOT NULL AUTO_INCREMENT,
  `projecttaskprogress` varchar(200) NOT NULL,
  `presence` int NOT NULL DEFAULT '1',
  `picklist_valueid` int NOT NULL DEFAULT '0',
  `sortorderid` int DEFAULT '0',
  `color` varchar(10) DEFAULT NULL,
  PRIMARY KEY (`projecttaskprogressid`)
) ENGINE=InnoDB AUTO_INCREMENT=12 DEFAULT CHARSET=utf8mb3;
/*!40101 SET character_set_client = @saved_cs_client */;

--
-- Dumping data for table `vtiger_projecttaskprogress`
--

LOCK TABLES `vtiger_projecttaskprogress` WRITE;
/*!40000 ALTER TABLE `vtiger_projecttaskprogress` DISABLE KEYS */;
INSERT INTO `vtiger_projecttaskprogress` VALUES (2,'10%',1,268,2,NULL),(3,'20%',1,269,3,NULL),(4,'30%',1,270,4,NULL),(5,'40%',1,271,5,NULL),(6,'50%',1,272,6,NULL),(7,'60%',1,273,7,NULL),(8,'70%',1,274,8,NULL),(9,'80%',1,275,9,NULL),(10,'90%',1,276,10,NULL),(11,'100%',1,277,11,NULL);
/*!40000 ALTER TABLE `vtiger_projecttaskprogress` ENABLE KEYS */;
UNLOCK TABLES;

--
-- Table structure for table `vtiger_projecttaskprogress_seq`
--

DROP TABLE IF EXISTS `vtiger_projecttaskprogress_seq`;
/*!40101 SET @saved_cs_client     = @@character_set_client */;
/*!50503 SET character_set_client = utf8mb4 */;
CREATE TABLE `vtiger_projecttaskprogress_seq` (
  `id` int NOT NULL
) ENGINE=InnoDB DEFAULT CHARSET=utf8mb3;
/*!40101 SET character_set_client = @saved_cs_client */;

--
-- Dumping data for table `vtiger_projecttaskprogress_seq`
--

LOCK TABLES `vtiger_projecttaskprogress_seq` WRITE;
/*!40000 ALTER TABLE `vtiger_projecttaskprogress_seq` DISABLE KEYS */;
INSERT INTO `vtiger_projecttaskprogress_seq` VALUES (11);
/*!40000 ALTER TABLE `vtiger_projecttaskprogress_seq` ENABLE KEYS */;
UNLOCK TABLES;

--
-- Table structure for table `vtiger_projecttaskstatus`
--

DROP TABLE IF EXISTS `vtiger_projecttaskstatus`;
/*!40101 SET @saved_cs_client     = @@character_set_client */;
/*!50503 SET character_set_client = utf8mb4 */;
CREATE TABLE `vtiger_projecttaskstatus` (
  `projecttaskstatusid` int NOT NULL AUTO_INCREMENT,
  `projecttaskstatus` varchar(200) NOT NULL,
  `presence` int NOT NULL DEFAULT '1',
  `picklist_valueid` int NOT NULL DEFAULT '0',
  `sortorderid` int DEFAULT '0',
  `color` varchar(10) DEFAULT NULL,
  PRIMARY KEY (`projecttaskstatusid`)
) ENGINE=InnoDB AUTO_INCREMENT=7 DEFAULT CHARSET=utf8mb3;
/*!40101 SET character_set_client = @saved_cs_client */;

--
-- Dumping data for table `vtiger_projecttaskstatus`
--

LOCK TABLES `vtiger_projecttaskstatus` WRITE;
/*!40000 ALTER TABLE `vtiger_projecttaskstatus` DISABLE KEYS */;
INSERT INTO `vtiger_projecttaskstatus` VALUES (2,'Open',0,308,2,NULL),(3,'In Progress',0,309,3,NULL),(4,'Completed',0,310,4,NULL),(5,'Deferred',0,311,5,NULL),(6,'Canceled ',0,312,6,NULL);
/*!40000 ALTER TABLE `vtiger_projecttaskstatus` ENABLE KEYS */;
UNLOCK TABLES;

--
-- Table structure for table `vtiger_projecttaskstatus_seq`
--

DROP TABLE IF EXISTS `vtiger_projecttaskstatus_seq`;
/*!40101 SET @saved_cs_client     = @@character_set_client */;
/*!50503 SET character_set_client = utf8mb4 */;
CREATE TABLE `vtiger_projecttaskstatus_seq` (
  `id` int NOT NULL
) ENGINE=InnoDB DEFAULT CHARSET=utf8mb3;
/*!40101 SET character_set_client = @saved_cs_client */;

--
-- Dumping data for table `vtiger_projecttaskstatus_seq`
--

LOCK TABLES `vtiger_projecttaskstatus_seq` WRITE;
/*!40000 ALTER TABLE `vtiger_projecttaskstatus_seq` DISABLE KEYS */;
INSERT INTO `vtiger_projecttaskstatus_seq` VALUES (6);
/*!40000 ALTER TABLE `vtiger_projecttaskstatus_seq` ENABLE KEYS */;
UNLOCK TABLES;

--
-- Table structure for table `vtiger_projecttasktype`
--

DROP TABLE IF EXISTS `vtiger_projecttasktype`;
/*!40101 SET @saved_cs_client     = @@character_set_client */;
/*!50503 SET character_set_client = utf8mb4 */;
CREATE TABLE `vtiger_projecttasktype` (
  `projecttasktypeid` int NOT NULL AUTO_INCREMENT,
  `projecttasktype` varchar(200) NOT NULL,
  `presence` int NOT NULL DEFAULT '1',
  `picklist_valueid` int NOT NULL DEFAULT '0',
  `sortorderid` int DEFAULT '0',
  `color` varchar(10) DEFAULT NULL,
  PRIMARY KEY (`projecttasktypeid`)
) ENGINE=InnoDB AUTO_INCREMENT=5 DEFAULT CHARSET=utf8mb3;
/*!40101 SET character_set_client = @saved_cs_client */;

--
-- Dumping data for table `vtiger_projecttasktype`
--

LOCK TABLES `vtiger_projecttasktype` WRITE;
/*!40000 ALTER TABLE `vtiger_projecttasktype` DISABLE KEYS */;
INSERT INTO `vtiger_projecttasktype` VALUES (2,'administrative',1,260,2,NULL),(3,'operative',1,261,3,NULL),(4,'other',1,262,4,NULL);
/*!40000 ALTER TABLE `vtiger_projecttasktype` ENABLE KEYS */;
UNLOCK TABLES;

--
-- Table structure for table `vtiger_projecttasktype_seq`
--

DROP TABLE IF EXISTS `vtiger_projecttasktype_seq`;
/*!40101 SET @saved_cs_client     = @@character_set_client */;
/*!50503 SET character_set_client = utf8mb4 */;
CREATE TABLE `vtiger_projecttasktype_seq` (
  `id` int NOT NULL
) ENGINE=InnoDB DEFAULT CHARSET=utf8mb3;
/*!40101 SET character_set_client = @saved_cs_client */;

--
-- Dumping data for table `vtiger_projecttasktype_seq`
--

LOCK TABLES `vtiger_projecttasktype_seq` WRITE;
/*!40000 ALTER TABLE `vtiger_projecttasktype_seq` DISABLE KEYS */;
INSERT INTO `vtiger_projecttasktype_seq` VALUES (4);
/*!40000 ALTER TABLE `vtiger_projecttasktype_seq` ENABLE KEYS */;
UNLOCK TABLES;

--
-- Table structure for table `vtiger_projecttype`
--

DROP TABLE IF EXISTS `vtiger_projecttype`;
/*!40101 SET @saved_cs_client     = @@character_set_client */;
/*!50503 SET character_set_client = utf8mb4 */;
CREATE TABLE `vtiger_projecttype` (
  `projecttypeid` int NOT NULL AUTO_INCREMENT,
  `projecttype` varchar(200) NOT NULL,
  `presence` int NOT NULL DEFAULT '1',
  `picklist_valueid` int NOT NULL DEFAULT '0',
  `sortorderid` int DEFAULT '0',
  `color` varchar(10) DEFAULT NULL,
  PRIMARY KEY (`projecttypeid`)
) ENGINE=InnoDB AUTO_INCREMENT=5 DEFAULT CHARSET=utf8mb3;
/*!40101 SET character_set_client = @saved_cs_client */;

--
-- Dumping data for table `vtiger_projecttype`
--

LOCK TABLES `vtiger_projecttype` WRITE;
/*!40000 ALTER TABLE `vtiger_projecttype` DISABLE KEYS */;
INSERT INTO `vtiger_projecttype` VALUES (2,'administrative',1,288,2,NULL),(3,'operative',1,289,3,NULL),(4,'other',1,290,4,NULL);
/*!40000 ALTER TABLE `vtiger_projecttype` ENABLE KEYS */;
UNLOCK TABLES;

--
-- Table structure for table `vtiger_projecttype_seq`
--

DROP TABLE IF EXISTS `vtiger_projecttype_seq`;
/*!40101 SET @saved_cs_client     = @@character_set_client */;
/*!50503 SET character_set_client = utf8mb4 */;
CREATE TABLE `vtiger_projecttype_seq` (
  `id` int NOT NULL
) ENGINE=InnoDB DEFAULT CHARSET=utf8mb3;
/*!40101 SET character_set_client = @saved_cs_client */;

--
-- Dumping data for table `vtiger_projecttype_seq`
--

LOCK TABLES `vtiger_projecttype_seq` WRITE;
/*!40000 ALTER TABLE `vtiger_projecttype_seq` DISABLE KEYS */;
INSERT INTO `vtiger_projecttype_seq` VALUES (4);
/*!40000 ALTER TABLE `vtiger_projecttype_seq` ENABLE KEYS */;
UNLOCK TABLES;

--
-- Table structure for table `vtiger_purchaseorder`
--

DROP TABLE IF EXISTS `vtiger_purchaseorder`;
/*!40101 SET @saved_cs_client     = @@character_set_client */;
/*!50503 SET character_set_client = utf8mb4 */;
CREATE TABLE `vtiger_purchaseorder` (
  `purchaseorderid` int NOT NULL DEFAULT '0',
  `subject` varchar(100) DEFAULT NULL,
  `quoteid` int DEFAULT NULL,
  `vendorid` int DEFAULT NULL,
  `requisition_no` varchar(100) DEFAULT NULL,
  `purchaseorder_no` varchar(100) DEFAULT NULL,
  `tracking_no` varchar(100) DEFAULT NULL,
  `contactid` int DEFAULT NULL,
  `duedate` date DEFAULT NULL,
  `carrier` varchar(200) DEFAULT NULL,
  `type` varchar(100) DEFAULT NULL,
  `adjustment` decimal(25,8) DEFAULT NULL,
  `salescommission` decimal(25,3) DEFAULT NULL,
  `exciseduty` decimal(25,3) DEFAULT NULL,
  `total` decimal(25,8) DEFAULT NULL,
  `subtotal` decimal(25,8) DEFAULT NULL,
  `taxtype` varchar(25) DEFAULT NULL,
  `discount_percent` decimal(25,3) DEFAULT NULL,
  `discount_amount` decimal(25,8) DEFAULT NULL,
  `s_h_amount` decimal(25,8) DEFAULT NULL,
  `terms_conditions` text,
  `postatus` varchar(200) DEFAULT NULL,
  `currency_id` int NOT NULL DEFAULT '1',
  `conversion_rate` decimal(10,3) NOT NULL DEFAULT '1.000',
  `compound_taxes_info` text,
  `pre_tax_total` decimal(25,8) DEFAULT NULL,
  `paid` decimal(25,8) DEFAULT NULL,
  `balance` decimal(25,8) DEFAULT NULL,
  `s_h_percent` int DEFAULT NULL,
  `spcompany` varchar(200) CHARACTER SET utf8 COLLATE utf8_unicode_ci DEFAULT 'Default',
  `tags` varchar(1) DEFAULT NULL,
  `region_id` int DEFAULT NULL,
  PRIMARY KEY (`purchaseorderid`),
  KEY `purchaseorder_vendorid_idx` (`vendorid`),
  KEY `purchaseorder_quoteid_idx` (`quoteid`),
  KEY `purchaseorder_contactid_idx` (`contactid`),
  CONSTRAINT `fk_4_vtiger_purchaseorder` FOREIGN KEY (`vendorid`) REFERENCES `vtiger_vendor` (`vendorid`) ON DELETE CASCADE,
  CONSTRAINT `fk_crmid_vtiger_purchaseorder` FOREIGN KEY (`purchaseorderid`) REFERENCES `vtiger_crmentity` (`crmid`) ON DELETE CASCADE
) ENGINE=InnoDB DEFAULT CHARSET=utf8mb3;
/*!40101 SET character_set_client = @saved_cs_client */;

--
-- Dumping data for table `vtiger_purchaseorder`
--

LOCK TABLES `vtiger_purchaseorder` WRITE;
/*!40000 ALTER TABLE `vtiger_purchaseorder` DISABLE KEYS */;
/*!40000 ALTER TABLE `vtiger_purchaseorder` ENABLE KEYS */;
UNLOCK TABLES;

--
-- Table structure for table `vtiger_purchaseordercf`
--

DROP TABLE IF EXISTS `vtiger_purchaseordercf`;
/*!40101 SET @saved_cs_client     = @@character_set_client */;
/*!50503 SET character_set_client = utf8mb4 */;
CREATE TABLE `vtiger_purchaseordercf` (
  `purchaseorderid` int NOT NULL DEFAULT '0',
  PRIMARY KEY (`purchaseorderid`),
  CONSTRAINT `fk_1_vtiger_purchaseordercf` FOREIGN KEY (`purchaseorderid`) REFERENCES `vtiger_purchaseorder` (`purchaseorderid`) ON DELETE CASCADE
) ENGINE=InnoDB DEFAULT CHARSET=utf8mb3;
/*!40101 SET character_set_client = @saved_cs_client */;

--
-- Dumping data for table `vtiger_purchaseordercf`
--

LOCK TABLES `vtiger_purchaseordercf` WRITE;
/*!40000 ALTER TABLE `vtiger_purchaseordercf` DISABLE KEYS */;
/*!40000 ALTER TABLE `vtiger_purchaseordercf` ENABLE KEYS */;
UNLOCK TABLES;

--
-- Table structure for table `vtiger_quotes`
--

DROP TABLE IF EXISTS `vtiger_quotes`;
/*!40101 SET @saved_cs_client     = @@character_set_client */;
/*!50503 SET character_set_client = utf8mb4 */;
CREATE TABLE `vtiger_quotes` (
  `quoteid` int NOT NULL DEFAULT '0',
  `subject` varchar(100) DEFAULT NULL,
  `potentialid` int DEFAULT NULL,
  `quotestage` varchar(200) DEFAULT NULL,
  `validtill` date DEFAULT NULL,
  `contactid` int DEFAULT NULL,
  `quote_no` varchar(100) DEFAULT NULL,
  `subtotal` decimal(25,8) DEFAULT NULL,
  `carrier` varchar(200) DEFAULT NULL,
  `shipping` varchar(100) DEFAULT NULL,
  `inventorymanager` int DEFAULT NULL,
  `type` varchar(100) DEFAULT NULL,
  `adjustment` decimal(25,8) DEFAULT NULL,
  `total` decimal(25,8) DEFAULT NULL,
  `taxtype` varchar(25) DEFAULT NULL,
  `discount_percent` decimal(25,3) DEFAULT NULL,
  `discount_amount` decimal(25,8) DEFAULT NULL,
  `s_h_amount` decimal(25,8) DEFAULT NULL,
  `accountid` int DEFAULT NULL,
  `terms_conditions` text,
  `currency_id` int NOT NULL DEFAULT '1',
  `conversion_rate` decimal(10,3) NOT NULL DEFAULT '1.000',
  `compound_taxes_info` text,
  `pre_tax_total` decimal(25,8) DEFAULT NULL,
  `s_h_percent` int DEFAULT NULL,
  `spcompany` varchar(200) CHARACTER SET utf8 COLLATE utf8_unicode_ci DEFAULT 'Default',
  `tags` varchar(1) DEFAULT NULL,
  `region_id` int DEFAULT NULL,
  PRIMARY KEY (`quoteid`),
  KEY `quote_quotestage_idx` (`quotestage`),
  KEY `quotes_potentialid_idx` (`potentialid`),
  KEY `quotes_contactid_idx` (`contactid`),
  CONSTRAINT `fk_3_vtiger_quotes` FOREIGN KEY (`potentialid`) REFERENCES `vtiger_potential` (`potentialid`) ON DELETE CASCADE,
  CONSTRAINT `fk_crmid_vtiger_quotes` FOREIGN KEY (`quoteid`) REFERENCES `vtiger_crmentity` (`crmid`) ON DELETE CASCADE
) ENGINE=InnoDB DEFAULT CHARSET=utf8mb3;
/*!40101 SET character_set_client = @saved_cs_client */;

--
-- Dumping data for table `vtiger_quotes`
--

LOCK TABLES `vtiger_quotes` WRITE;
/*!40000 ALTER TABLE `vtiger_quotes` DISABLE KEYS */;
INSERT INTO `vtiger_quotes` VALUES (15,'Тестовое КП',NULL,'Created',NULL,NULL,'ПРЕД_1',3000.00000000,NULL,NULL,NULL,NULL,0.00000000,3000.00000000,'group_tax_inc',NULL,NULL,0.00000000,NULL,'- Счет действителен на протяжении 14 календарных дней с даты его выставления, если другое не оговорено в письменной форме. Оплата счета Покупателем означает согласие с условиями поставки.',1,1.000,'[]',3000.00000000,0,'Default','',0),(18,'Тестовое КП',NULL,'Delivered',NULL,NULL,'ПРЕД_2',25.00000000,NULL,NULL,NULL,NULL,0.00000000,25.00000000,'group_tax_inc',NULL,NULL,0.00000000,NULL,'- Счет действителен на протяжении 14 календарных дней с даты его выставления, если другое не оговорено в письменной форме. Оплата счета Покупателем означает согласие с условиями поставки.',1,1.000,'[]',25.00000000,0,'Default','',0);
/*!40000 ALTER TABLE `vtiger_quotes` ENABLE KEYS */;
UNLOCK TABLES;

--
-- Table structure for table `vtiger_quotesbillads`
--

DROP TABLE IF EXISTS `vtiger_quotesbillads`;
/*!40101 SET @saved_cs_client     = @@character_set_client */;
/*!50503 SET character_set_client = utf8mb4 */;
CREATE TABLE `vtiger_quotesbillads` (
  `quotebilladdressid` int NOT NULL DEFAULT '0',
  `bill_city` varchar(30) DEFAULT NULL,
  `bill_code` varchar(30) DEFAULT NULL,
  `bill_country` varchar(30) DEFAULT NULL,
  `bill_state` varchar(30) DEFAULT NULL,
  `bill_street` varchar(250) DEFAULT NULL,
  `bill_pobox` varchar(30) DEFAULT NULL,
  PRIMARY KEY (`quotebilladdressid`),
  CONSTRAINT `fk_1_vtiger_quotesbillads` FOREIGN KEY (`quotebilladdressid`) REFERENCES `vtiger_quotes` (`quoteid`) ON DELETE CASCADE
) ENGINE=InnoDB DEFAULT CHARSET=utf8mb3;
/*!40101 SET character_set_client = @saved_cs_client */;

--
-- Dumping data for table `vtiger_quotesbillads`
--

LOCK TABLES `vtiger_quotesbillads` WRITE;
/*!40000 ALTER TABLE `vtiger_quotesbillads` DISABLE KEYS */;
INSERT INTO `vtiger_quotesbillads` VALUES (15,'','','','','Адрес',''),(18,'','','','','Адрес 1','');
/*!40000 ALTER TABLE `vtiger_quotesbillads` ENABLE KEYS */;
UNLOCK TABLES;

--
-- Table structure for table `vtiger_quotescf`
--

DROP TABLE IF EXISTS `vtiger_quotescf`;
/*!40101 SET @saved_cs_client     = @@character_set_client */;
/*!50503 SET character_set_client = utf8mb4 */;
CREATE TABLE `vtiger_quotescf` (
  `quoteid` int NOT NULL DEFAULT '0',
  PRIMARY KEY (`quoteid`),
  CONSTRAINT `fk_1_vtiger_quotescf` FOREIGN KEY (`quoteid`) REFERENCES `vtiger_quotes` (`quoteid`) ON DELETE CASCADE
) ENGINE=InnoDB DEFAULT CHARSET=utf8mb3;
/*!40101 SET character_set_client = @saved_cs_client */;

--
-- Dumping data for table `vtiger_quotescf`
--

LOCK TABLES `vtiger_quotescf` WRITE;
/*!40000 ALTER TABLE `vtiger_quotescf` DISABLE KEYS */;
INSERT INTO `vtiger_quotescf` VALUES (15),(18);
/*!40000 ALTER TABLE `vtiger_quotescf` ENABLE KEYS */;
UNLOCK TABLES;

--
-- Table structure for table `vtiger_quotesshipads`
--

DROP TABLE IF EXISTS `vtiger_quotesshipads`;
/*!40101 SET @saved_cs_client     = @@character_set_client */;
/*!50503 SET character_set_client = utf8mb4 */;
CREATE TABLE `vtiger_quotesshipads` (
  `quoteshipaddressid` int NOT NULL DEFAULT '0',
  `ship_city` varchar(30) DEFAULT NULL,
  `ship_code` varchar(30) DEFAULT NULL,
  `ship_country` varchar(30) DEFAULT NULL,
  `ship_state` varchar(30) DEFAULT NULL,
  `ship_street` varchar(250) DEFAULT NULL,
  `ship_pobox` varchar(30) DEFAULT NULL,
  PRIMARY KEY (`quoteshipaddressid`),
  CONSTRAINT `fk_1_vtiger_quotesshipads` FOREIGN KEY (`quoteshipaddressid`) REFERENCES `vtiger_quotes` (`quoteid`) ON DELETE CASCADE
) ENGINE=InnoDB DEFAULT CHARSET=utf8mb3;
/*!40101 SET character_set_client = @saved_cs_client */;

--
-- Dumping data for table `vtiger_quotesshipads`
--

LOCK TABLES `vtiger_quotesshipads` WRITE;
/*!40000 ALTER TABLE `vtiger_quotesshipads` DISABLE KEYS */;
INSERT INTO `vtiger_quotesshipads` VALUES (15,'','','','','Адрес',''),(18,'','','','','Адрес 2','');
/*!40000 ALTER TABLE `vtiger_quotesshipads` ENABLE KEYS */;
UNLOCK TABLES;

--
-- Table structure for table `vtiger_quotestage`
--

DROP TABLE IF EXISTS `vtiger_quotestage`;
/*!40101 SET @saved_cs_client     = @@character_set_client */;
/*!50503 SET character_set_client = utf8mb4 */;
CREATE TABLE `vtiger_quotestage` (
  `quotestageid` int NOT NULL AUTO_INCREMENT,
  `quotestage` varchar(200) NOT NULL,
  `presence` int NOT NULL DEFAULT '1',
  `picklist_valueid` int NOT NULL DEFAULT '0',
  `sortorderid` int DEFAULT NULL,
  `color` varchar(10) DEFAULT NULL,
  PRIMARY KEY (`quotestageid`),
  UNIQUE KEY `quotestage_quotestage_idx` (`quotestage`)
) ENGINE=InnoDB AUTO_INCREMENT=6 DEFAULT CHARSET=utf8mb3;
/*!40101 SET character_set_client = @saved_cs_client */;

--
-- Dumping data for table `vtiger_quotestage`
--

LOCK TABLES `vtiger_quotestage` WRITE;
/*!40000 ALTER TABLE `vtiger_quotestage` DISABLE KEYS */;
INSERT INTO `vtiger_quotestage` VALUES (1,'Created',0,139,0,NULL),(2,'Delivered',0,140,1,NULL),(3,'Reviewed',0,141,2,NULL),(4,'Accepted',0,142,3,NULL),(5,'Rejected',0,143,4,NULL);
/*!40000 ALTER TABLE `vtiger_quotestage` ENABLE KEYS */;
UNLOCK TABLES;

--
-- Table structure for table `vtiger_quotestage_seq`
--

DROP TABLE IF EXISTS `vtiger_quotestage_seq`;
/*!40101 SET @saved_cs_client     = @@character_set_client */;
/*!50503 SET character_set_client = utf8mb4 */;
CREATE TABLE `vtiger_quotestage_seq` (
  `id` int NOT NULL
) ENGINE=InnoDB DEFAULT CHARSET=utf8mb3;
/*!40101 SET character_set_client = @saved_cs_client */;

--
-- Dumping data for table `vtiger_quotestage_seq`
--

LOCK TABLES `vtiger_quotestage_seq` WRITE;
/*!40000 ALTER TABLE `vtiger_quotestage_seq` DISABLE KEYS */;
INSERT INTO `vtiger_quotestage_seq` VALUES (5);
/*!40000 ALTER TABLE `vtiger_quotestage_seq` ENABLE KEYS */;
UNLOCK TABLES;

--
-- Table structure for table `vtiger_quotestagehistory`
--

DROP TABLE IF EXISTS `vtiger_quotestagehistory`;
/*!40101 SET @saved_cs_client     = @@character_set_client */;
/*!50503 SET character_set_client = utf8mb4 */;
CREATE TABLE `vtiger_quotestagehistory` (
  `historyid` int NOT NULL AUTO_INCREMENT,
  `quoteid` int NOT NULL,
  `accountname` varchar(100) DEFAULT NULL,
  `total` decimal(10,0) DEFAULT NULL,
  `quotestage` varchar(200) DEFAULT NULL,
  `lastmodified` datetime DEFAULT NULL,
  PRIMARY KEY (`historyid`),
  KEY `quotestagehistory_quoteid_idx` (`quoteid`),
  CONSTRAINT `fk_1_vtiger_quotestagehistory` FOREIGN KEY (`quoteid`) REFERENCES `vtiger_quotes` (`quoteid`) ON DELETE CASCADE
) ENGINE=InnoDB DEFAULT CHARSET=utf8mb3;
/*!40101 SET character_set_client = @saved_cs_client */;

--
-- Dumping data for table `vtiger_quotestagehistory`
--

LOCK TABLES `vtiger_quotestagehistory` WRITE;
/*!40000 ALTER TABLE `vtiger_quotestagehistory` DISABLE KEYS */;
/*!40000 ALTER TABLE `vtiger_quotestagehistory` ENABLE KEYS */;
UNLOCK TABLES;

--
-- Table structure for table `vtiger_rating`
--

DROP TABLE IF EXISTS `vtiger_rating`;
/*!40101 SET @saved_cs_client     = @@character_set_client */;
/*!50503 SET character_set_client = utf8mb4 */;
CREATE TABLE `vtiger_rating` (
  `rating_id` int NOT NULL AUTO_INCREMENT,
  `rating` varchar(200) DEFAULT NULL,
  `presence` int NOT NULL DEFAULT '1',
  `picklist_valueid` int NOT NULL DEFAULT '0',
  `sortorderid` int DEFAULT NULL,
  `color` varchar(10) DEFAULT NULL,
  PRIMARY KEY (`rating_id`)
) ENGINE=InnoDB AUTO_INCREMENT=7 DEFAULT CHARSET=utf8mb3;
/*!40101 SET character_set_client = @saved_cs_client */;

--
-- Dumping data for table `vtiger_rating`
--

LOCK TABLES `vtiger_rating` WRITE;
/*!40000 ALTER TABLE `vtiger_rating` DISABLE KEYS */;
INSERT INTO `vtiger_rating` VALUES (2,'Acquired',1,145,1,NULL),(3,'Active',1,146,2,NULL),(4,'Market Failed',1,147,3,NULL),(5,'Project Cancelled',1,148,4,NULL),(6,'Shutdown',1,149,5,NULL);
/*!40000 ALTER TABLE `vtiger_rating` ENABLE KEYS */;
UNLOCK TABLES;

--
-- Table structure for table `vtiger_rating_seq`
--

DROP TABLE IF EXISTS `vtiger_rating_seq`;
/*!40101 SET @saved_cs_client     = @@character_set_client */;
/*!50503 SET character_set_client = utf8mb4 */;
CREATE TABLE `vtiger_rating_seq` (
  `id` int NOT NULL
) ENGINE=InnoDB DEFAULT CHARSET=utf8mb3;
/*!40101 SET character_set_client = @saved_cs_client */;

--
-- Dumping data for table `vtiger_rating_seq`
--

LOCK TABLES `vtiger_rating_seq` WRITE;
/*!40000 ALTER TABLE `vtiger_rating_seq` DISABLE KEYS */;
INSERT INTO `vtiger_rating_seq` VALUES (6);
/*!40000 ALTER TABLE `vtiger_rating_seq` ENABLE KEYS */;
UNLOCK TABLES;

--
-- Table structure for table `vtiger_recurring_frequency`
--

DROP TABLE IF EXISTS `vtiger_recurring_frequency`;
/*!40101 SET @saved_cs_client     = @@character_set_client */;
/*!50503 SET character_set_client = utf8mb4 */;
CREATE TABLE `vtiger_recurring_frequency` (
  `recurring_frequency_id` int DEFAULT NULL,
  `recurring_frequency` varchar(200) DEFAULT NULL,
  `sortorderid` int DEFAULT NULL,
  `presence` int DEFAULT NULL,
  `color` varchar(10) DEFAULT NULL
) ENGINE=InnoDB DEFAULT CHARSET=utf8mb3;
/*!40101 SET character_set_client = @saved_cs_client */;

--
-- Dumping data for table `vtiger_recurring_frequency`
--

LOCK TABLES `vtiger_recurring_frequency` WRITE;
/*!40000 ALTER TABLE `vtiger_recurring_frequency` DISABLE KEYS */;
INSERT INTO `vtiger_recurring_frequency` VALUES (2,'Daily',1,1,NULL),(3,'Weekly',2,1,NULL),(4,'Monthly',3,1,NULL),(5,'Quarterly',4,1,NULL),(6,'Yearly',5,1,NULL);
/*!40000 ALTER TABLE `vtiger_recurring_frequency` ENABLE KEYS */;
UNLOCK TABLES;

--
-- Table structure for table `vtiger_recurring_frequency_seq`
--

DROP TABLE IF EXISTS `vtiger_recurring_frequency_seq`;
/*!40101 SET @saved_cs_client     = @@character_set_client */;
/*!50503 SET character_set_client = utf8mb4 */;
CREATE TABLE `vtiger_recurring_frequency_seq` (
  `id` int NOT NULL
) ENGINE=InnoDB DEFAULT CHARSET=utf8mb3;
/*!40101 SET character_set_client = @saved_cs_client */;

--
-- Dumping data for table `vtiger_recurring_frequency_seq`
--

LOCK TABLES `vtiger_recurring_frequency_seq` WRITE;
/*!40000 ALTER TABLE `vtiger_recurring_frequency_seq` DISABLE KEYS */;
INSERT INTO `vtiger_recurring_frequency_seq` VALUES (6);
/*!40000 ALTER TABLE `vtiger_recurring_frequency_seq` ENABLE KEYS */;
UNLOCK TABLES;

--
-- Table structure for table `vtiger_recurringevents`
--

DROP TABLE IF EXISTS `vtiger_recurringevents`;
/*!40101 SET @saved_cs_client     = @@character_set_client */;
/*!50503 SET character_set_client = utf8mb4 */;
CREATE TABLE `vtiger_recurringevents` (
  `recurringid` int NOT NULL AUTO_INCREMENT,
  `activityid` int NOT NULL,
  `recurringdate` date DEFAULT NULL,
  `recurringtype` varchar(30) DEFAULT NULL,
  `recurringfreq` int DEFAULT NULL,
  `recurringinfo` varchar(50) DEFAULT NULL,
  `recurringenddate` date DEFAULT NULL,
  PRIMARY KEY (`recurringid`),
  KEY `fk_1_vtiger_recurringevents` (`activityid`),
  CONSTRAINT `fk_1_vtiger_recurringevents` FOREIGN KEY (`activityid`) REFERENCES `vtiger_activity` (`activityid`) ON DELETE CASCADE
) ENGINE=InnoDB DEFAULT CHARSET=utf8mb3;
/*!40101 SET character_set_client = @saved_cs_client */;

--
-- Dumping data for table `vtiger_recurringevents`
--

LOCK TABLES `vtiger_recurringevents` WRITE;
/*!40000 ALTER TABLE `vtiger_recurringevents` DISABLE KEYS */;
/*!40000 ALTER TABLE `vtiger_recurringevents` ENABLE KEYS */;
UNLOCK TABLES;

--
-- Table structure for table `vtiger_recurringtype`
--

DROP TABLE IF EXISTS `vtiger_recurringtype`;
/*!40101 SET @saved_cs_client     = @@character_set_client */;
/*!50503 SET character_set_client = utf8mb4 */;
CREATE TABLE `vtiger_recurringtype` (
  `recurringeventid` int NOT NULL AUTO_INCREMENT,
  `recurringtype` varchar(200) NOT NULL,
  `sortorderid` int NOT NULL DEFAULT '0',
  `presence` int NOT NULL DEFAULT '1',
  `color` varchar(10) DEFAULT NULL,
  PRIMARY KEY (`recurringeventid`),
  UNIQUE KEY `recurringtype_status_idx` (`recurringtype`)
) ENGINE=InnoDB AUTO_INCREMENT=6 DEFAULT CHARSET=utf8mb3;
/*!40101 SET character_set_client = @saved_cs_client */;

--
-- Dumping data for table `vtiger_recurringtype`
--

LOCK TABLES `vtiger_recurringtype` WRITE;
/*!40000 ALTER TABLE `vtiger_recurringtype` DISABLE KEYS */;
INSERT INTO `vtiger_recurringtype` VALUES (2,'Daily',1,1,NULL),(3,'Weekly',2,1,NULL),(4,'Monthly',3,1,NULL),(5,'Yearly',4,1,NULL);
/*!40000 ALTER TABLE `vtiger_recurringtype` ENABLE KEYS */;
UNLOCK TABLES;

--
-- Table structure for table `vtiger_recurringtype_seq`
--

DROP TABLE IF EXISTS `vtiger_recurringtype_seq`;
/*!40101 SET @saved_cs_client     = @@character_set_client */;
/*!50503 SET character_set_client = utf8mb4 */;
CREATE TABLE `vtiger_recurringtype_seq` (
  `id` int NOT NULL
) ENGINE=InnoDB DEFAULT CHARSET=utf8mb3;
/*!40101 SET character_set_client = @saved_cs_client */;

--
-- Dumping data for table `vtiger_recurringtype_seq`
--

LOCK TABLES `vtiger_recurringtype_seq` WRITE;
/*!40000 ALTER TABLE `vtiger_recurringtype_seq` DISABLE KEYS */;
INSERT INTO `vtiger_recurringtype_seq` VALUES (5);
/*!40000 ALTER TABLE `vtiger_recurringtype_seq` ENABLE KEYS */;
UNLOCK TABLES;

--
-- Table structure for table `vtiger_relatedlists`
--

DROP TABLE IF EXISTS `vtiger_relatedlists`;
/*!40101 SET @saved_cs_client     = @@character_set_client */;
/*!50503 SET character_set_client = utf8mb4 */;
CREATE TABLE `vtiger_relatedlists` (
  `relation_id` int NOT NULL,
  `tabid` int DEFAULT NULL,
  `related_tabid` int DEFAULT NULL,
  `name` varchar(100) DEFAULT NULL,
  `sequence` int DEFAULT NULL,
  `label` varchar(100) DEFAULT NULL,
  `presence` int NOT NULL DEFAULT '0',
  `actions` varchar(50) NOT NULL DEFAULT '',
  `relationfieldid` int DEFAULT NULL,
  `source` varchar(25) DEFAULT NULL,
  `relationtype` varchar(10) DEFAULT NULL,
  PRIMARY KEY (`relation_id`),
  KEY `relatedlists_relation_id_idx` (`relation_id`)
) ENGINE=InnoDB DEFAULT CHARSET=utf8mb3;
/*!40101 SET character_set_client = @saved_cs_client */;

--
-- Dumping data for table `vtiger_relatedlists`
--

LOCK TABLES `vtiger_relatedlists` WRITE;
/*!40000 ALTER TABLE `vtiger_relatedlists` DISABLE KEYS */;
INSERT INTO `vtiger_relatedlists` VALUES (1,6,4,'get_contacts',2,'Contacts',0,'add',76,'','1:N'),(2,6,2,'get_opportunities',3,'Potentials',0,'add',118,'','1:N'),(3,6,20,'get_quotes',4,'Quotes',0,'add',339,'','1:N'),(4,6,22,'get_salesorder',5,'Sales Order',0,'add',418,'','1:N'),(5,6,23,'get_invoices',6,'Invoice',0,'add',461,'','1:N'),(6,6,9,'get_activities',7,'Activities',0,'add',246,'','1:N'),(7,6,10,'get_emails',8,'Emails',0,'add',NULL,'','N:N'),(8,6,9,'get_history',9,'Activity History',0,'add',246,'','1:N'),(9,6,8,'get_attachments',10,'Documents',0,'add,select',NULL,'','N:N'),(10,6,13,'get_tickets',11,'HelpDesk',0,'add',162,'','1:N'),(11,6,14,'get_products',12,'Products',0,'select',NULL,'','N:N'),(12,7,9,'get_activities',2,'Activities',0,'add',246,'','1:N'),(13,7,10,'get_emails',3,'Emails',0,'add',NULL,'','N:N'),(14,7,9,'get_history',4,'Activity History',0,'add',246,'','1:N'),(15,7,8,'get_attachments',5,'Documents',0,'add,select',NULL,'','N:N'),(16,7,14,'get_products',6,'Products',0,'select',NULL,'','N:N'),(17,7,26,'get_campaigns',7,'Campaigns',0,'select',NULL,'','N:N'),(18,4,2,'get_opportunities',2,'Potentials',0,'add',940,'','1:N'),(19,4,9,'get_activities',3,'Activities',0,'add',247,'','1:N'),(20,4,10,'get_emails',4,'Emails',0,'add',NULL,'','N:N'),(21,4,13,'get_tickets',5,'HelpDesk',0,'add',941,'','1:N'),(22,4,20,'get_quotes',6,'Quotes',0,'add',328,'','1:N'),(23,4,21,'get_purchase_orders',7,'Purchase Order',0,'add',365,'','1:N'),(24,4,22,'get_salesorder',8,'Sales Order',0,'add',404,'','1:N'),(25,4,14,'get_products',9,'Products',0,'select',NULL,'','N:N'),(26,4,9,'get_history',10,'Activity History',0,'add',247,'','1:N'),(27,4,8,'get_attachments',11,'Documents',0,'add,select',NULL,'','N:N'),(28,4,26,'get_campaigns',12,'Campaigns',0,'select',NULL,'','N:N'),(29,4,23,'get_invoices',13,'Invoice',0,'add',448,'','1:N'),(30,2,9,'get_activities',2,'Activities',0,'add',246,'','1:N'),(31,2,4,'get_contacts',3,'Contacts',0,'select',NULL,'','N:N'),(32,2,14,'get_products',4,'Products',0,'select',NULL,'','N:N'),(33,2,0,'get_stage_history',5,'Sales Stage History',0,'',NULL,'','N:N'),(34,2,8,'get_attachments',6,'Documents',0,'add,select',NULL,'','N:N'),(35,2,20,'get_Quotes',7,'Quotes',0,'add',325,'','1:N'),(36,2,22,'get_salesorder',8,'Sales Order',0,'add',400,'','1:N'),(37,2,9,'get_history',9,'Activity History',0,'',246,'','1:N'),(39,14,13,'get_tickets',1,'HelpDesk',0,'add',164,'','1:N'),(40,14,8,'get_attachments',3,'Documents',0,'add,select',NULL,'','N:N'),(41,14,20,'get_quotes',4,'Quotes',0,'add',885,'','1:N'),(42,14,21,'get_purchase_orders',5,'Purchase Order',0,'add',876,'','1:N'),(43,14,22,'get_salesorder',6,'Sales Order',0,'add',867,'','1:N'),(44,14,23,'get_invoices',7,'Invoice',0,'add',858,'','1:N'),(45,14,19,'get_product_pricebooks',8,'PriceBooks',0,'ADD,SELECT',NULL,'','N:N'),(46,14,7,'get_leads',9,'Leads',0,'select',NULL,'','N:N'),(47,14,6,'get_accounts',10,'Accounts',0,'select',NULL,'','N:N'),(48,14,4,'get_contacts',11,'Contacts',0,'select',NULL,'','N:N'),(49,14,2,'get_opportunities',12,'Potentials',0,'select',NULL,'','N:N'),(50,14,14,'get_products',13,'Product Bundles',0,'add,select',NULL,'','N:N'),(51,14,14,'get_parent_products',14,'Parent Product',0,'',NULL,'','N:N'),(52,10,4,'get_contacts',1,'Contacts',0,'select,bulkmail',NULL,'','N:N'),(53,10,0,'get_users',2,'Users',0,'',NULL,'','N:N'),(54,10,8,'get_attachments',3,'Documents',0,'add,select',NULL,'','N:N'),(55,13,9,'get_activities',2,'Activities',0,'add',246,'','1:N'),(56,13,8,'get_attachments',3,'Documents',0,'add,select',NULL,'','N:N'),(57,13,0,'get_ticket_history',4,'Ticket History',0,'',NULL,'','N:N'),(58,13,9,'get_history',5,'Activity History',0,'add',246,'','1:N'),(59,19,14,'get_pricebook_products',2,'Products',0,'select',NULL,'','N:N'),(60,18,14,'get_products',1,'Products',0,'add,select',190,'','1:N'),(61,18,21,'get_purchase_orders',2,'Purchase Order',0,'add',362,'','1:N'),(62,18,4,'get_contacts',3,'Contacts',0,'select',NULL,'','N:N'),(63,18,10,'get_emails',4,'Emails',0,'add',NULL,'','N:N'),(67,20,22,'get_salesorder',1,'Sales Order',0,'',402,'','1:N'),(68,20,9,'get_activities',2,'Activities',0,'add',246,'','1:N'),(69,20,8,'get_attachments',3,'Documents',0,'add,select',NULL,'','N:N'),(70,20,9,'get_history',4,'Activity History',0,'',246,'','1:N'),(71,20,0,'get_quotestagehistory',5,'Quote Stage History',0,'',NULL,'','N:N'),(72,21,9,'get_activities',1,'Activities',0,'add',246,'','1:N'),(73,21,8,'get_attachments',2,'Documents',0,'add,select',NULL,'','N:N'),(74,21,9,'get_history',3,'Activity History',0,'',246,'','1:N'),(75,21,0,'get_postatushistory',4,'PurchaseOrder Status History',0,'',NULL,'','N:N'),(76,22,9,'get_activities',1,'Activities',0,'add',246,'','1:N'),(77,22,8,'get_attachments',2,'Documents',0,'add,select',NULL,'','N:N'),(78,22,23,'get_invoices',3,'Invoice',0,'',446,'','1:N'),(79,22,9,'get_history',4,'Activity History',0,'',246,'','1:N'),(80,22,0,'get_sostatushistory',5,'SalesOrder Status History',0,'',NULL,'','N:N'),(81,23,9,'get_activities',1,'Activities',0,'add',246,'','1:N'),(82,23,8,'get_attachments',2,'Documents',0,'add,select',NULL,'','N:N'),(83,23,9,'get_history',3,'Activity History',0,'',246,'','1:N'),(84,23,0,'get_invoicestatushistory',4,'Invoice Status History',0,'',NULL,'','N:N'),(85,9,0,'get_users',1,'Users',0,'',NULL,'','N:N'),(86,9,4,'get_contacts',2,'Contacts',0,'',NULL,'','N:N'),(87,26,4,'get_contacts',1,'Contacts',0,'add,select',NULL,'','N:N'),(88,26,7,'get_leads',2,'Leads',0,'add,select',NULL,'','N:N'),(89,26,2,'get_opportunities',3,'Potentials',0,'add',126,'','1:N'),(90,26,9,'get_activities',4,'Activities',0,'add',246,'','1:N'),(91,6,26,'get_campaigns',14,'Campaigns',0,'select',NULL,'','N:N'),(92,26,6,'get_accounts',5,'Accounts',0,'add,select',NULL,'','N:N'),(93,15,8,'get_attachments',2,'Documents',0,'add,select',NULL,'','N:N'),(94,32,13,'get_related_list',1,'Service Requests',0,'ADD,SELECT',NULL,NULL,'N:N'),(95,32,8,'get_attachments',2,'Documents',0,'ADD,SELECT',NULL,NULL,'N:N'),(96,6,32,'get_merged_list',15,'Service Contracts',0,'ADD',540,NULL,'1:N'),(97,4,32,'get_dependents_list',14,'Service Contracts',0,'ADD',540,NULL,'1:N'),(98,13,32,'get_related_list',6,'Service Contracts',0,'ADD,SELECT',NULL,NULL,'N:N'),(101,6,36,'get_merged_list',16,'PBXManager',0,'',567,NULL,'1:N'),(102,38,13,'get_related_list',1,'HelpDesk',0,'ADD,SELECT',NULL,NULL,'N:N'),(103,38,20,'get_quotes',2,'Quotes',0,'ADD',885,NULL,'1:N'),(104,38,21,'get_purchase_orders',3,'Purchase Order',0,'ADD',876,NULL,'1:N'),(105,38,22,'get_salesorder',4,'Sales Order',0,'ADD',867,NULL,'1:N'),(106,38,23,'get_invoices',5,'Invoice',0,'ADD',858,NULL,'1:N'),(107,38,19,'get_service_pricebooks',6,'PriceBooks',0,'ADD',NULL,NULL,'N:N'),(108,38,7,'get_related_list',7,'Leads',0,'SELECT',NULL,NULL,'N:N'),(109,38,6,'get_related_list',8,'Accounts',0,'SELECT',NULL,NULL,'N:N'),(110,38,4,'get_related_list',9,'Contacts',0,'SELECT',NULL,NULL,'N:N'),(111,38,2,'get_related_list',10,'Potentials',0,'SELECT',NULL,NULL,'N:N'),(112,38,8,'get_attachments',11,'Documents',0,'ADD,SELECT',NULL,NULL,'N:N'),(113,13,38,'get_related_list',7,'Services',0,'SELECT',NULL,NULL,'N:N'),(114,7,38,'get_related_list',9,'Services',0,'SELECT',NULL,NULL,'N:N'),(115,6,38,'get_related_list',17,'Services',0,'SELECT',NULL,NULL,'N:N'),(116,4,38,'get_related_list',16,'Services',0,'SELECT',NULL,NULL,'N:N'),(117,2,38,'get_related_list',10,'Services',0,'SELECT',NULL,NULL,'N:N'),(118,19,38,'get_pricebook_services',3,'Services',0,'SELECT',NULL,NULL,'N:N'),(119,40,9,'get_activities',1,'Activities',0,'ADD',246,NULL,'1:N'),(120,40,8,'get_attachments',2,'Documents',0,'ADD,SELECT',NULL,NULL,'N:N'),(121,40,9,'get_history',3,'Activity History',0,'ADD',246,NULL,'1:N'),(123,6,40,'get_merged_list',18,'Consignment',0,'ADD',607,NULL,'1:N'),(124,43,8,'get_attachments',0,'Documents',0,'ADD,SELECT',NULL,NULL,'N:N'),(125,6,43,'get_merged_list',19,'SPPayments',0,'ADD',657,NULL,'1:N'),(126,4,43,'get_dependents_list',17,'SPPayments',0,'ADD',657,NULL,'1:N'),(127,18,43,'get_dependents_list',5,'SPPayments',0,'ADD',657,NULL,'1:N'),(128,23,43,'get_dependents_list',6,'SPPayments',0,'ADD',659,NULL,'1:N'),(129,22,43,'get_dependents_list',6,'SPPayments',0,'ADD',659,NULL,'1:N'),(130,21,43,'get_dependents_list',5,'SPPayments',0,'ADD',659,NULL,'1:N'),(131,44,6,'get_related_list',1,'Accounts',0,'',NULL,NULL,'N:N'),(132,44,4,'get_related_list',2,'Contacts',0,'',NULL,NULL,'N:N'),(133,44,7,'get_related_list',3,'Leads',0,'',NULL,NULL,'N:N'),(137,47,6,'get_related_list',1,'Accounts',0,' ',NULL,NULL,'N:N'),(138,47,4,'get_related_list',2,'Contacts',0,' ',NULL,NULL,'N:N'),(139,47,7,'get_related_list',3,'Leads',0,' ',NULL,NULL,'N:N'),(140,49,23,'get_dependents_list',1,'Invoice',0,'ADD',764,NULL,'1:N'),(141,49,9,'get_activities',2,'Activities',0,'ADD',246,NULL,'1:N'),(142,49,8,'get_attachments',3,'Documents',0,'ADD,SELECT',NULL,NULL,'N:N'),(143,49,9,'get_history',4,'Activity History',0,'ADD',246,NULL,'1:N'),(144,6,49,'get_merged_list',21,'Act',0,'ADD',732,NULL,'1:N'),(145,51,13,'get_related_list',1,'HelpDesk',0,'ADD,SELECT',NULL,NULL,'N:N'),(146,51,8,'get_attachments',11,'Documents',0,'ADD,SELECT',NULL,NULL,'N:N'),(147,6,51,'get_merged_list',22,'Assets',0,'ADD',783,NULL,'1:N'),(148,14,51,'get_dependents_list',15,'Assets',0,'ADD',772,NULL,'1:N'),(149,23,51,'get_dependents_list',7,'Assets',0,'ADD',778,NULL,'1:N'),(150,7,54,'get_comments',11,'ModComments',0,'',802,NULL,'1:N'),(151,4,54,'get_comments',19,'ModComments',0,'',802,NULL,'1:N'),(152,6,54,'get_comments',23,'ModComments',0,'',802,NULL,'1:N'),(153,2,54,'get_comments',11,'ModComments',0,'',802,NULL,'1:N'),(161,6,59,'get_merged_list',24,'Projects',0,'add',842,NULL,'1:N'),(162,4,59,'get_dependents_list',20,'Projects',0,'add',842,NULL,'1:N'),(163,13,59,'get_related_list',8,'Projects',0,'SELECT',NULL,NULL,'N:N'),(165,58,8,'get_attachments',2,'Documents',0,'ADD,SELECT',NULL,NULL,'N:N'),(166,58,54,'get_comments',3,'ModComments',0,'',802,NULL,'1:N'),(167,59,58,'get_dependents_list',2,'Project Tasks',0,'ADD',821,NULL,'1:N'),(168,59,57,'get_dependents_list',3,'Project Milestones',0,'ADD',807,NULL,'1:N'),(169,59,8,'get_attachments',4,'Documents',0,'ADD,SELECT',NULL,NULL,'N:N'),(170,59,13,'get_related_list',5,'HelpDesk',0,'ADD,SELECT',NULL,NULL,'N:N'),(171,59,0,'get_gantt_chart',6,'Charts',0,'',NULL,NULL,'N:N'),(172,59,54,'get_comments',7,'ModComments',0,'',802,NULL,'1:N'),(173,13,54,'get_comments',9,'ModComments',0,'',802,NULL,'1:N'),(174,15,54,'get_comments',3,'ModComments',0,'',802,NULL,'1:N'),(175,4,51,'get_dependents_list',21,'Assets',0,'ADD',784,NULL,'1:N'),(176,2,23,'get_dependents_list',12,'Invoice',0,'ADD',1018,NULL,'1:N'),(177,8,4,'get_related_list',1,'Contacts',0,'1',NULL,NULL,'N:N'),(178,8,6,'get_related_list',2,'Accounts',0,'1',NULL,NULL,'N:N'),(179,8,2,'get_related_list',3,'Potentials',0,'1',NULL,NULL,'N:N'),(180,8,7,'get_related_list',4,'Leads',0,'1',NULL,NULL,'N:N'),(181,8,14,'get_related_list',5,'Products',0,'1',NULL,NULL,'N:N'),(182,8,38,'get_related_list',6,'Services',0,'1',NULL,NULL,'N:N'),(183,8,59,'get_related_list',7,'Project',0,'1',NULL,NULL,'N:N'),(184,8,51,'get_related_list',8,'Assets',0,'1',NULL,NULL,'N:N'),(185,8,32,'get_related_list',9,'ServiceContracts',0,'1',NULL,NULL,'N:N'),(186,8,20,'get_related_list',10,'Quotes',0,'1',NULL,NULL,'N:N'),(187,8,23,'get_related_list',11,'Invoice',0,'1',NULL,NULL,'N:N'),(188,8,22,'get_related_list',12,'SalesOrder',0,'1',NULL,NULL,'N:N'),(189,8,21,'get_related_list',13,'PurchaseOrder',0,'1',NULL,NULL,'N:N'),(190,8,13,'get_related_list',14,'HelpDesk',0,'1',NULL,NULL,'N:N'),(191,8,15,'get_related_list',15,'Faq',0,'1',NULL,NULL,'N:N'),(192,8,49,'get_related_list',16,'Act',0,'1',NULL,NULL,'N:N'),(193,8,40,'get_related_list',17,'Consignment',0,'1',NULL,NULL,'N:N'),(194,59,10,'get_emails',8,'Emails',0,'ADD',NULL,NULL,'N:N'),(195,58,10,'get_emails',4,'Emails',0,'ADD',NULL,NULL,'N:N'),(196,59,9,'get_related_list',9,'Activities',0,'ADD',NULL,NULL,NULL),(197,59,20,'get_related_list',10,'Quotes',0,'SELECT',NULL,NULL,NULL),(198,14,21,'get_purchase_orders',16,'PurchaseOrder',0,'ADD',NULL,NULL,NULL),(199,4,47,'get_related_list',22,'SMSNotifier',0,'',NULL,NULL,NULL),(200,6,47,'get_related_list',25,'SMSNotifier',0,'',NULL,NULL,NULL),(201,7,47,'get_related_list',12,'SMSNotifier',0,'',NULL,NULL,NULL),(202,65,54,'get_comments',1,'ModComments',0,'ADD',NULL,NULL,NULL),(203,65,8,'get_attachments',2,'Documents',0,'ADD,SELECT',NULL,NULL,NULL),(204,65,9,'get_activities',3,'Activities',0,'ADD',NULL,NULL,NULL),(205,65,10,'get_emails',4,'Emails',0,'ADD',NULL,NULL,NULL),(206,2,65,'get_dependents_list',13,'Timetable',0,'ADD',1120,NULL,'1:N'),(207,20,65,'get_dependents_list',6,'Timetable',0,'ADD',1121,NULL,'1:N'),(208,22,65,'get_dependents_list',7,'Timetable',0,'ADD',1122,NULL,'1:N'),(209,66,54,'get_comments',1,'ModComments',0,'ADD',NULL,NULL,NULL),(210,66,8,'get_attachments',2,'Documents',0,'ADD,SELECT',NULL,NULL,NULL),(211,66,9,'get_activities',3,'Activities',0,'ADD',NULL,NULL,NULL),(212,66,10,'get_emails',4,'Emails',0,'ADD',NULL,NULL,NULL),(213,4,4,'get_related_list',23,'Дети',0,'ADD,SELECT',NULL,NULL,'N:N'),(215,7,65,'get_dependents_list',13,'Timetable',0,'ADD',1203,NULL,'1:N');
/*!40000 ALTER TABLE `vtiger_relatedlists` ENABLE KEYS */;
UNLOCK TABLES;

--
-- Table structure for table `vtiger_relatedlists_rb`
--

DROP TABLE IF EXISTS `vtiger_relatedlists_rb`;
/*!40101 SET @saved_cs_client     = @@character_set_client */;
/*!50503 SET character_set_client = utf8mb4 */;
CREATE TABLE `vtiger_relatedlists_rb` (
  `entityid` int DEFAULT NULL,
  `action` varchar(50) DEFAULT NULL,
  `rel_table` varchar(200) DEFAULT NULL,
  `rel_column` varchar(200) DEFAULT NULL,
  `ref_column` varchar(200) DEFAULT NULL,
  `related_crm_ids` text
) ENGINE=InnoDB DEFAULT CHARSET=utf8mb3;
/*!40101 SET character_set_client = @saved_cs_client */;

--
-- Dumping data for table `vtiger_relatedlists_rb`
--

LOCK TABLES `vtiger_relatedlists_rb` WRITE;
/*!40000 ALTER TABLE `vtiger_relatedlists_rb` DISABLE KEYS */;
INSERT INTO `vtiger_relatedlists_rb` VALUES (5,'update','vtiger_crmentity','deleted','crmid',''),(6,'update','vtiger_crmentity','deleted','crmid','');
/*!40000 ALTER TABLE `vtiger_relatedlists_rb` ENABLE KEYS */;
UNLOCK TABLES;

--
-- Table structure for table `vtiger_relatedlists_seq`
--

DROP TABLE IF EXISTS `vtiger_relatedlists_seq`;
/*!40101 SET @saved_cs_client     = @@character_set_client */;
/*!50503 SET character_set_client = utf8mb4 */;
CREATE TABLE `vtiger_relatedlists_seq` (
  `id` int NOT NULL
) ENGINE=InnoDB DEFAULT CHARSET=utf8mb3;
/*!40101 SET character_set_client = @saved_cs_client */;

--
-- Dumping data for table `vtiger_relatedlists_seq`
--

LOCK TABLES `vtiger_relatedlists_seq` WRITE;
/*!40000 ALTER TABLE `vtiger_relatedlists_seq` DISABLE KEYS */;
INSERT INTO `vtiger_relatedlists_seq` VALUES (215);
/*!40000 ALTER TABLE `vtiger_relatedlists_seq` ENABLE KEYS */;
UNLOCK TABLES;

--
-- Table structure for table `vtiger_relcriteria`
--

DROP TABLE IF EXISTS `vtiger_relcriteria`;
/*!40101 SET @saved_cs_client     = @@character_set_client */;
/*!50503 SET character_set_client = utf8mb4 */;
CREATE TABLE `vtiger_relcriteria` (
  `queryid` int NOT NULL,
  `columnindex` int NOT NULL,
  `columnname` varchar(250) DEFAULT '',
  `comparator` varchar(20) DEFAULT NULL,
  `value` varchar(512) DEFAULT NULL,
  `groupid` int DEFAULT '1',
  `column_condition` varchar(256) DEFAULT 'and',
  PRIMARY KEY (`queryid`,`columnindex`),
  KEY `relcriteria_queryid_idx` (`queryid`),
  CONSTRAINT `fk_1_vtiger_relcriteria` FOREIGN KEY (`queryid`) REFERENCES `vtiger_selectquery` (`queryid`) ON DELETE CASCADE
) ENGINE=InnoDB DEFAULT CHARSET=utf8mb3;
/*!40101 SET character_set_client = @saved_cs_client */;

--
-- Dumping data for table `vtiger_relcriteria`
--

LOCK TABLES `vtiger_relcriteria` WRITE;
/*!40000 ALTER TABLE `vtiger_relcriteria` DISABLE KEYS */;
INSERT INTO `vtiger_relcriteria` VALUES (1,0,'vtiger_contactdetails:accountid:Contacts_Account_Name:account_id:V','n','',1,'and'),(2,0,'vtiger_contactdetails:accountid:Contacts_Account_Name:account_id:V','e','',1,'and'),(3,0,'vtiger_potential:potentialname:Potentials_Potential_Name:potentialname:V','n','',1,'and'),(7,0,'vtiger_potential:sales_stage:Potentials_Sales_Stage:sales_stage:V','e','Closed Won',1,'and'),(12,0,'vtiger_troubletickets:status:HelpDesk_Status:ticketstatus:V','n','Closed',1,'and'),(15,0,'vtiger_quotes:quotestage:Quotes_Quote_Stage:quotestage:V','n','Accepted',1,'and'),(15,1,'vtiger_quotes:quotestage:Quotes_Quote_Stage:quotestage:V','n','Rejected',1,'and'),(22,0,'vtiger_email_track:access_count:Emails_Access_Count:access_count:V','n','',1,'and'),(23,0,'vtiger_email_track:access_count:Emails_Access_Count:access_count:V','n','',1,'and'),(24,0,'vtiger_email_track:access_count:Emails_Access_Count:access_count:V','n','',1,'and'),(25,0,'vtiger_email_track:access_count:Emails_Access_Count:access_count:V','n','',1,'and');
/*!40000 ALTER TABLE `vtiger_relcriteria` ENABLE KEYS */;
UNLOCK TABLES;

--
-- Table structure for table `vtiger_relcriteria_grouping`
--

DROP TABLE IF EXISTS `vtiger_relcriteria_grouping`;
/*!40101 SET @saved_cs_client     = @@character_set_client */;
/*!50503 SET character_set_client = utf8mb4 */;
CREATE TABLE `vtiger_relcriteria_grouping` (
  `groupid` int NOT NULL,
  `queryid` int NOT NULL,
  `group_condition` varchar(256) DEFAULT NULL,
  `condition_expression` text,
  PRIMARY KEY (`groupid`,`queryid`)
) ENGINE=InnoDB DEFAULT CHARSET=utf8mb3;
/*!40101 SET character_set_client = @saved_cs_client */;

--
-- Dumping data for table `vtiger_relcriteria_grouping`
--

LOCK TABLES `vtiger_relcriteria_grouping` WRITE;
/*!40000 ALTER TABLE `vtiger_relcriteria_grouping` DISABLE KEYS */;
INSERT INTO `vtiger_relcriteria_grouping` VALUES (1,1,'','0'),(1,2,'','0'),(1,3,'','0'),(1,7,'','0'),(1,12,'','0'),(1,15,'','0 and 1'),(1,22,'','0'),(1,23,'','0'),(1,24,'','0'),(1,25,'','0');
/*!40000 ALTER TABLE `vtiger_relcriteria_grouping` ENABLE KEYS */;
UNLOCK TABLES;

--
-- Table structure for table `vtiger_reminder_interval`
--

DROP TABLE IF EXISTS `vtiger_reminder_interval`;
/*!40101 SET @saved_cs_client     = @@character_set_client */;
/*!50503 SET character_set_client = utf8mb4 */;
CREATE TABLE `vtiger_reminder_interval` (
  `reminder_intervalid` int NOT NULL AUTO_INCREMENT,
  `reminder_interval` varchar(200) NOT NULL,
  `sortorderid` int NOT NULL,
  `presence` int NOT NULL,
  PRIMARY KEY (`reminder_intervalid`)
) ENGINE=InnoDB AUTO_INCREMENT=9 DEFAULT CHARSET=utf8mb3;
/*!40101 SET character_set_client = @saved_cs_client */;

--
-- Dumping data for table `vtiger_reminder_interval`
--

LOCK TABLES `vtiger_reminder_interval` WRITE;
/*!40000 ALTER TABLE `vtiger_reminder_interval` DISABLE KEYS */;
INSERT INTO `vtiger_reminder_interval` VALUES (2,'1 Minute',1,1),(3,'5 Minutes',2,1),(4,'15 Minutes',3,1),(5,'30 Minutes',4,1),(6,'45 Minutes',5,1),(7,'1 Hour',6,1),(8,'1 Day',7,1);
/*!40000 ALTER TABLE `vtiger_reminder_interval` ENABLE KEYS */;
UNLOCK TABLES;

--
-- Table structure for table `vtiger_reminder_interval_seq`
--

DROP TABLE IF EXISTS `vtiger_reminder_interval_seq`;
/*!40101 SET @saved_cs_client     = @@character_set_client */;
/*!50503 SET character_set_client = utf8mb4 */;
CREATE TABLE `vtiger_reminder_interval_seq` (
  `id` int NOT NULL
) ENGINE=InnoDB DEFAULT CHARSET=utf8mb3;
/*!40101 SET character_set_client = @saved_cs_client */;

--
-- Dumping data for table `vtiger_reminder_interval_seq`
--

LOCK TABLES `vtiger_reminder_interval_seq` WRITE;
/*!40000 ALTER TABLE `vtiger_reminder_interval_seq` DISABLE KEYS */;
INSERT INTO `vtiger_reminder_interval_seq` VALUES (8);
/*!40000 ALTER TABLE `vtiger_reminder_interval_seq` ENABLE KEYS */;
UNLOCK TABLES;

--
-- Table structure for table `vtiger_report`
--

DROP TABLE IF EXISTS `vtiger_report`;
/*!40101 SET @saved_cs_client     = @@character_set_client */;
/*!50503 SET character_set_client = utf8mb4 */;
CREATE TABLE `vtiger_report` (
  `reportid` int NOT NULL,
  `folderid` int NOT NULL,
  `reportname` varchar(100) DEFAULT '',
  `description` varchar(250) DEFAULT '',
  `reporttype` varchar(50) DEFAULT '',
  `queryid` int NOT NULL DEFAULT '0',
  `state` varchar(50) DEFAULT 'SAVED',
  `customizable` int DEFAULT '1',
  `category` int DEFAULT '1',
  `owner` int DEFAULT '1',
  `sharingtype` varchar(200) DEFAULT 'Private',
  PRIMARY KEY (`reportid`),
  KEY `report_queryid_idx` (`queryid`),
  KEY `report_folderid_idx` (`folderid`),
  CONSTRAINT `fk_2_vtiger_report` FOREIGN KEY (`queryid`) REFERENCES `vtiger_selectquery` (`queryid`) ON DELETE CASCADE
) ENGINE=InnoDB DEFAULT CHARSET=utf8mb3;
/*!40101 SET character_set_client = @saved_cs_client */;

--
-- Dumping data for table `vtiger_report`
--

LOCK TABLES `vtiger_report` WRITE;
/*!40000 ALTER TABLE `vtiger_report` DISABLE KEYS */;
INSERT INTO `vtiger_report` VALUES (1,1,'Contacts by Accounts','Contacts related to Accounts','tabular',1,'CUSTOM',1,1,1,'Public'),(2,1,'Contacts without Accounts','Contacts not related to Accounts','tabular',2,'CUSTOM',1,1,1,'Public'),(3,1,'Contacts by Potentials','Contacts related to Potentials','tabular',3,'CUSTOM',1,1,1,'Public'),(4,2,'Lead by Source','Lead by Source','summary',4,'CUSTOM',1,1,1,'Public'),(5,2,'Lead Status Report','Lead Status Report','summary',5,'CUSTOM',1,1,1,'Public'),(6,3,'Potential Pipeline','Potential Pipeline','summary',6,'CUSTOM',1,1,1,'Public'),(7,3,'Closed Potentials','Potential that have Won','tabular',7,'CUSTOM',1,1,1,'Public'),(8,4,'Last Month Activities','Last Month Activities','tabular',8,'CUSTOM',1,1,1,'Public'),(9,4,'This Month Activities','This Month Activities','tabular',9,'CUSTOM',1,1,1,'Public'),(10,5,'Tickets by Products','Tickets related to Products','tabular',10,'CUSTOM',1,1,1,'Public'),(11,5,'Tickets by Priority','Tickets by Priority','summary',11,'CUSTOM',1,1,1,'Public'),(12,5,'Open Tickets','Tickets that are Open','tabular',12,'CUSTOM',1,1,1,'Public'),(13,6,'Product Details','Product Detailed Report','tabular',13,'CUSTOM',1,1,1,'Public'),(14,6,'Products by Contacts','Products related to Contacts','tabular',14,'CUSTOM',1,1,1,'Public'),(15,7,'Open Quotes','Quotes that are Open','tabular',15,'CUSTOM',1,1,1,'Public'),(16,7,'Quotes Detailed Report','Quotes Detailed Report','tabular',16,'CUSTOM',1,1,1,'Public'),(17,8,'PurchaseOrder by Contacts','PurchaseOrder related to Contacts','tabular',17,'CUSTOM',1,1,1,'Public'),(18,8,'PurchaseOrder Detailed Report','PurchaseOrder Detailed Report','tabular',18,'CUSTOM',1,1,1,'Public'),(19,9,'Invoice Detailed Report','Invoice Detailed Report','tabular',19,'CUSTOM',1,1,1,'Public'),(20,10,'SalesOrder Detailed Report','SalesOrder Detailed Report','tabular',20,'CUSTOM',1,1,1,'Public'),(21,11,'Campaign Expectations and Actuals','Campaign Expectations and Actuals','tabular',21,'CUSTOM',1,1,1,'Public'),(22,12,'Contacts Email Report','Emails sent to Contacts','tabular',22,'CUSTOM',1,1,1,'Public'),(23,12,'Accounts Email Report','Emails sent to Organizations','tabular',23,'CUSTOM',1,1,1,'Public'),(24,12,'Leads Email Report','Emails sent to Leads','tabular',24,'CUSTOM',1,1,1,'Public'),(25,12,'Vendors Email Report','Emails sent to Vendors','tabular',25,'CUSTOM',1,1,1,'Public');
/*!40000 ALTER TABLE `vtiger_report` ENABLE KEYS */;
UNLOCK TABLES;

--
-- Table structure for table `vtiger_report_sharegroups`
--

DROP TABLE IF EXISTS `vtiger_report_sharegroups`;
/*!40101 SET @saved_cs_client     = @@character_set_client */;
/*!50503 SET character_set_client = utf8mb4 */;
CREATE TABLE `vtiger_report_sharegroups` (
  `reportid` int NOT NULL,
  `groupid` int NOT NULL,
  KEY `vtiger_report_sharegroups_ibfk_1` (`reportid`),
  KEY `vtiger_groups_groupid_ibfk_1` (`groupid`),
  CONSTRAINT `vtiger_groups_groupid_ibfk_1` FOREIGN KEY (`groupid`) REFERENCES `vtiger_groups` (`groupid`) ON DELETE CASCADE,
  CONSTRAINT `vtiger_report_reportid_ibfk_2` FOREIGN KEY (`reportid`) REFERENCES `vtiger_report` (`reportid`) ON DELETE CASCADE
) ENGINE=InnoDB DEFAULT CHARSET=utf8mb3;
/*!40101 SET character_set_client = @saved_cs_client */;

--
-- Dumping data for table `vtiger_report_sharegroups`
--

LOCK TABLES `vtiger_report_sharegroups` WRITE;
/*!40000 ALTER TABLE `vtiger_report_sharegroups` DISABLE KEYS */;
/*!40000 ALTER TABLE `vtiger_report_sharegroups` ENABLE KEYS */;
UNLOCK TABLES;

--
-- Table structure for table `vtiger_report_sharerole`
--

DROP TABLE IF EXISTS `vtiger_report_sharerole`;
/*!40101 SET @saved_cs_client     = @@character_set_client */;
/*!50503 SET character_set_client = utf8mb4 */;
CREATE TABLE `vtiger_report_sharerole` (
  `reportid` int NOT NULL,
  `roleid` varchar(255) NOT NULL,
  KEY `vtiger_report_sharerole_ibfk_1` (`reportid`),
  KEY `vtiger_role_roleid_ibfk_1` (`roleid`),
  CONSTRAINT `vtiger_report_reportid_ibfk_3` FOREIGN KEY (`reportid`) REFERENCES `vtiger_report` (`reportid`) ON DELETE CASCADE,
  CONSTRAINT `vtiger_role_roleid_ibfk_1` FOREIGN KEY (`roleid`) REFERENCES `vtiger_role` (`roleid`) ON DELETE CASCADE
) ENGINE=InnoDB DEFAULT CHARSET=utf8mb3;
/*!40101 SET character_set_client = @saved_cs_client */;

--
-- Dumping data for table `vtiger_report_sharerole`
--

LOCK TABLES `vtiger_report_sharerole` WRITE;
/*!40000 ALTER TABLE `vtiger_report_sharerole` DISABLE KEYS */;
/*!40000 ALTER TABLE `vtiger_report_sharerole` ENABLE KEYS */;
UNLOCK TABLES;

--
-- Table structure for table `vtiger_report_sharers`
--

DROP TABLE IF EXISTS `vtiger_report_sharers`;
/*!40101 SET @saved_cs_client     = @@character_set_client */;
/*!50503 SET character_set_client = utf8mb4 */;
CREATE TABLE `vtiger_report_sharers` (
  `reportid` int NOT NULL,
  `rsid` varchar(255) NOT NULL,
  KEY `vtiger_report_sharers_ibfk_1` (`reportid`),
  KEY `vtiger_rolesd_rsid_ibfk_1` (`rsid`),
  CONSTRAINT `vtiger_report_reportid_ibfk_4` FOREIGN KEY (`reportid`) REFERENCES `vtiger_report` (`reportid`) ON DELETE CASCADE,
  CONSTRAINT `vtiger_rolesd_rsid_ibfk_1` FOREIGN KEY (`rsid`) REFERENCES `vtiger_role` (`roleid`) ON DELETE CASCADE
) ENGINE=InnoDB DEFAULT CHARSET=utf8mb3;
/*!40101 SET character_set_client = @saved_cs_client */;

--
-- Dumping data for table `vtiger_report_sharers`
--

LOCK TABLES `vtiger_report_sharers` WRITE;
/*!40000 ALTER TABLE `vtiger_report_sharers` DISABLE KEYS */;
/*!40000 ALTER TABLE `vtiger_report_sharers` ENABLE KEYS */;
UNLOCK TABLES;

--
-- Table structure for table `vtiger_report_shareusers`
--

DROP TABLE IF EXISTS `vtiger_report_shareusers`;
/*!40101 SET @saved_cs_client     = @@character_set_client */;
/*!50503 SET character_set_client = utf8mb4 */;
CREATE TABLE `vtiger_report_shareusers` (
  `reportid` int NOT NULL,
  `userid` int NOT NULL,
  KEY `vtiger_report_shareusers_ibfk_1` (`reportid`),
  KEY `vtiger_users_userid_ibfk_1` (`userid`),
  CONSTRAINT `vtiger_reports_reportid_ibfk_1` FOREIGN KEY (`reportid`) REFERENCES `vtiger_report` (`reportid`) ON DELETE CASCADE,
  CONSTRAINT `vtiger_users_userid_ibfk_1` FOREIGN KEY (`userid`) REFERENCES `vtiger_users` (`id`) ON DELETE CASCADE
) ENGINE=InnoDB DEFAULT CHARSET=utf8mb3;
/*!40101 SET character_set_client = @saved_cs_client */;

--
-- Dumping data for table `vtiger_report_shareusers`
--

LOCK TABLES `vtiger_report_shareusers` WRITE;
/*!40000 ALTER TABLE `vtiger_report_shareusers` DISABLE KEYS */;
/*!40000 ALTER TABLE `vtiger_report_shareusers` ENABLE KEYS */;
UNLOCK TABLES;

--
-- Table structure for table `vtiger_reportdatefilter`
--

DROP TABLE IF EXISTS `vtiger_reportdatefilter`;
/*!40101 SET @saved_cs_client     = @@character_set_client */;
/*!50503 SET character_set_client = utf8mb4 */;
CREATE TABLE `vtiger_reportdatefilter` (
  `datefilterid` int NOT NULL,
  `datecolumnname` varchar(250) DEFAULT '',
  `datefilter` varchar(250) DEFAULT '',
  `startdate` date DEFAULT NULL,
  `enddate` date DEFAULT NULL,
  PRIMARY KEY (`datefilterid`),
  KEY `reportdatefilter_datefilterid_idx` (`datefilterid`),
  CONSTRAINT `fk_1_vtiger_reportdatefilter` FOREIGN KEY (`datefilterid`) REFERENCES `vtiger_report` (`reportid`) ON DELETE CASCADE
) ENGINE=InnoDB DEFAULT CHARSET=utf8mb3;
/*!40101 SET character_set_client = @saved_cs_client */;

--
-- Dumping data for table `vtiger_reportdatefilter`
--

LOCK TABLES `vtiger_reportdatefilter` WRITE;
/*!40000 ALTER TABLE `vtiger_reportdatefilter` DISABLE KEYS */;
INSERT INTO `vtiger_reportdatefilter` VALUES (8,'vtiger_crmentity:modifiedtime:modifiedtime:Calendar_Modified_Time','lastmonth','2005-05-01','2005-05-31'),(9,'vtiger_crmentity:modifiedtime:modifiedtime:Calendar_Modified_Time','thismonth','2005-06-01','2005-06-30');
/*!40000 ALTER TABLE `vtiger_reportdatefilter` ENABLE KEYS */;
UNLOCK TABLES;

--
-- Table structure for table `vtiger_reportfilters`
--

DROP TABLE IF EXISTS `vtiger_reportfilters`;
/*!40101 SET @saved_cs_client     = @@character_set_client */;
/*!50503 SET character_set_client = utf8mb4 */;
CREATE TABLE `vtiger_reportfilters` (
  `filterid` int NOT NULL,
  `name` varchar(200) NOT NULL
) ENGINE=InnoDB DEFAULT CHARSET=utf8mb3;
/*!40101 SET character_set_client = @saved_cs_client */;

--
-- Dumping data for table `vtiger_reportfilters`
--

LOCK TABLES `vtiger_reportfilters` WRITE;
/*!40000 ALTER TABLE `vtiger_reportfilters` DISABLE KEYS */;
INSERT INTO `vtiger_reportfilters` VALUES (1,'Private'),(2,'Public'),(3,'Shared');
/*!40000 ALTER TABLE `vtiger_reportfilters` ENABLE KEYS */;
UNLOCK TABLES;

--
-- Table structure for table `vtiger_reportfolder`
--

DROP TABLE IF EXISTS `vtiger_reportfolder`;
/*!40101 SET @saved_cs_client     = @@character_set_client */;
/*!50503 SET character_set_client = utf8mb4 */;
CREATE TABLE `vtiger_reportfolder` (
  `folderid` int NOT NULL AUTO_INCREMENT,
  `foldername` varchar(100) NOT NULL DEFAULT '',
  `description` varchar(250) DEFAULT '',
  `state` varchar(50) DEFAULT 'SAVED',
  PRIMARY KEY (`folderid`)
) ENGINE=InnoDB AUTO_INCREMENT=14 DEFAULT CHARSET=utf8mb3;
/*!40101 SET character_set_client = @saved_cs_client */;

--
-- Dumping data for table `vtiger_reportfolder`
--

LOCK TABLES `vtiger_reportfolder` WRITE;
/*!40000 ALTER TABLE `vtiger_reportfolder` DISABLE KEYS */;
INSERT INTO `vtiger_reportfolder` VALUES (1,'Отчеты по Контактам и Контрагентам','Account and Contact Reports','SAVED'),(2,'Отчеты по Обращениям','Lead Reports','SAVED'),(3,'Отчеты по Сделкам','Potential Reports','SAVED'),(4,'Отчеты по Деятельности','Activity Reports','SAVED'),(5,'Отчеты по Заявкам в Поддержку','HelpDesk Reports','SAVED'),(6,'Отчеты по Товарам','Product Reports','SAVED'),(7,'Отчеты по Предложениям','Quote Reports','SAVED'),(8,'Отчеты по Закупкам','PurchaseOrder Reports','SAVED'),(9,'Отчеты по Счетам','Invoice Reports','SAVED'),(10,'Отчеты по Заказам','SalesOrder Reports','SAVED'),(11,'Отчеты по Кампаниям','Campaign Reports','SAVED'),(12,'E-mail отчеты','Email Reports','SAVED'),(13,'Шаблоны','Report templates for modules','SAVED');
/*!40000 ALTER TABLE `vtiger_reportfolder` ENABLE KEYS */;
UNLOCK TABLES;

--
-- Table structure for table `vtiger_reportgroupbycolumn`
--

DROP TABLE IF EXISTS `vtiger_reportgroupbycolumn`;
/*!40101 SET @saved_cs_client     = @@character_set_client */;
/*!50503 SET character_set_client = utf8mb4 */;
CREATE TABLE `vtiger_reportgroupbycolumn` (
  `reportid` int DEFAULT NULL,
  `sortid` int DEFAULT NULL,
  `sortcolname` varchar(250) DEFAULT NULL,
  `dategroupbycriteria` varchar(250) DEFAULT NULL,
  KEY `fk_1_vtiger_reportgroupbycolumn` (`reportid`),
  CONSTRAINT `fk_1_vtiger_reportgroupbycolumn` FOREIGN KEY (`reportid`) REFERENCES `vtiger_report` (`reportid`) ON DELETE CASCADE
) ENGINE=InnoDB DEFAULT CHARSET=utf8mb3;
/*!40101 SET character_set_client = @saved_cs_client */;

--
-- Dumping data for table `vtiger_reportgroupbycolumn`
--

LOCK TABLES `vtiger_reportgroupbycolumn` WRITE;
/*!40000 ALTER TABLE `vtiger_reportgroupbycolumn` DISABLE KEYS */;
/*!40000 ALTER TABLE `vtiger_reportgroupbycolumn` ENABLE KEYS */;
UNLOCK TABLES;

--
-- Table structure for table `vtiger_reportmodules`
--

DROP TABLE IF EXISTS `vtiger_reportmodules`;
/*!40101 SET @saved_cs_client     = @@character_set_client */;
/*!50503 SET character_set_client = utf8mb4 */;
CREATE TABLE `vtiger_reportmodules` (
  `reportmodulesid` int NOT NULL,
  `primarymodule` varchar(100) DEFAULT NULL,
  `secondarymodules` varchar(250) DEFAULT '',
  PRIMARY KEY (`reportmodulesid`),
  CONSTRAINT `fk_1_vtiger_reportmodules` FOREIGN KEY (`reportmodulesid`) REFERENCES `vtiger_report` (`reportid`) ON DELETE CASCADE
) ENGINE=InnoDB DEFAULT CHARSET=utf8mb3;
/*!40101 SET character_set_client = @saved_cs_client */;

--
-- Dumping data for table `vtiger_reportmodules`
--

LOCK TABLES `vtiger_reportmodules` WRITE;
/*!40000 ALTER TABLE `vtiger_reportmodules` DISABLE KEYS */;
INSERT INTO `vtiger_reportmodules` VALUES (1,'Contacts','Accounts'),(2,'Contacts','Accounts'),(3,'Contacts','Potentials'),(4,'Leads',''),(5,'Leads',''),(6,'Potentials',''),(7,'Potentials',''),(8,'Calendar',''),(9,'Calendar',''),(10,'HelpDesk','Products'),(11,'HelpDesk',''),(12,'HelpDesk',''),(13,'Products',''),(14,'Products','Contacts'),(15,'Quotes',''),(16,'Quotes',''),(17,'PurchaseOrder','Contacts'),(18,'PurchaseOrder',''),(19,'Invoice',''),(20,'SalesOrder',''),(21,'Campaigns',''),(22,'Contacts','Emails'),(23,'Accounts','Emails'),(24,'Leads','Emails'),(25,'Vendors','Emails');
/*!40000 ALTER TABLE `vtiger_reportmodules` ENABLE KEYS */;
UNLOCK TABLES;

--
-- Table structure for table `vtiger_reportsharing`
--

DROP TABLE IF EXISTS `vtiger_reportsharing`;
/*!40101 SET @saved_cs_client     = @@character_set_client */;
/*!50503 SET character_set_client = utf8mb4 */;
CREATE TABLE `vtiger_reportsharing` (
  `reportid` int NOT NULL,
  `shareid` int NOT NULL,
  `setype` varchar(200) NOT NULL
) ENGINE=InnoDB DEFAULT CHARSET=utf8mb3;
/*!40101 SET character_set_client = @saved_cs_client */;

--
-- Dumping data for table `vtiger_reportsharing`
--

LOCK TABLES `vtiger_reportsharing` WRITE;
/*!40000 ALTER TABLE `vtiger_reportsharing` DISABLE KEYS */;
/*!40000 ALTER TABLE `vtiger_reportsharing` ENABLE KEYS */;
UNLOCK TABLES;

--
-- Table structure for table `vtiger_reportsortcol`
--

DROP TABLE IF EXISTS `vtiger_reportsortcol`;
/*!40101 SET @saved_cs_client     = @@character_set_client */;
/*!50503 SET character_set_client = utf8mb4 */;
CREATE TABLE `vtiger_reportsortcol` (
  `sortcolid` int NOT NULL,
  `reportid` int NOT NULL,
  `columnname` varchar(250) DEFAULT '',
  `sortorder` varchar(250) DEFAULT 'Asc',
  PRIMARY KEY (`sortcolid`,`reportid`),
  KEY `fk_1_vtiger_reportsortcol` (`reportid`),
  CONSTRAINT `fk_1_vtiger_reportsortcol` FOREIGN KEY (`reportid`) REFERENCES `vtiger_report` (`reportid`) ON DELETE CASCADE
) ENGINE=InnoDB DEFAULT CHARSET=utf8mb3;
/*!40101 SET character_set_client = @saved_cs_client */;

--
-- Dumping data for table `vtiger_reportsortcol`
--

LOCK TABLES `vtiger_reportsortcol` WRITE;
/*!40000 ALTER TABLE `vtiger_reportsortcol` DISABLE KEYS */;
INSERT INTO `vtiger_reportsortcol` VALUES (1,4,'vtiger_leaddetails:leadsource:Leads_Lead_Source:leadsource:V','Ascending'),(1,5,'vtiger_leaddetails:leadstatus:Leads_Lead_Status:leadstatus:V','Ascending'),(1,6,'vtiger_potential:sales_stage:Potentials_Sales_Stage:sales_stage:V','Ascending'),(1,11,'vtiger_troubletickets:priority:HelpDesk_Priority:ticketpriorities:V','Ascending');
/*!40000 ALTER TABLE `vtiger_reportsortcol` ENABLE KEYS */;
UNLOCK TABLES;

--
-- Table structure for table `vtiger_reportsummary`
--

DROP TABLE IF EXISTS `vtiger_reportsummary`;
/*!40101 SET @saved_cs_client     = @@character_set_client */;
/*!50503 SET character_set_client = utf8mb4 */;
CREATE TABLE `vtiger_reportsummary` (
  `reportsummaryid` int NOT NULL,
  `summarytype` int NOT NULL,
  `columnname` varchar(250) NOT NULL DEFAULT '',
  PRIMARY KEY (`reportsummaryid`,`summarytype`,`columnname`),
  KEY `reportsummary_reportsummaryid_idx` (`reportsummaryid`),
  CONSTRAINT `fk_1_vtiger_reportsummary` FOREIGN KEY (`reportsummaryid`) REFERENCES `vtiger_report` (`reportid`) ON DELETE CASCADE
) ENGINE=InnoDB DEFAULT CHARSET=utf8mb3;
/*!40101 SET character_set_client = @saved_cs_client */;

--
-- Dumping data for table `vtiger_reportsummary`
--

LOCK TABLES `vtiger_reportsummary` WRITE;
/*!40000 ALTER TABLE `vtiger_reportsummary` DISABLE KEYS */;
/*!40000 ALTER TABLE `vtiger_reportsummary` ENABLE KEYS */;
UNLOCK TABLES;

--
-- Table structure for table `vtiger_reporttype`
--

DROP TABLE IF EXISTS `vtiger_reporttype`;
/*!40101 SET @saved_cs_client     = @@character_set_client */;
/*!50503 SET character_set_client = utf8mb4 */;
CREATE TABLE `vtiger_reporttype` (
  `reportid` int NOT NULL,
  `data` text,
  PRIMARY KEY (`reportid`),
  CONSTRAINT `fk_1_vtiger_reporttype` FOREIGN KEY (`reportid`) REFERENCES `vtiger_report` (`reportid`) ON DELETE CASCADE
) ENGINE=InnoDB DEFAULT CHARSET=utf8mb3;
/*!40101 SET character_set_client = @saved_cs_client */;

--
-- Dumping data for table `vtiger_reporttype`
--

LOCK TABLES `vtiger_reporttype` WRITE;
/*!40000 ALTER TABLE `vtiger_reporttype` DISABLE KEYS */;
/*!40000 ALTER TABLE `vtiger_reporttype` ENABLE KEYS */;
UNLOCK TABLES;

--
-- Table structure for table `vtiger_role`
--

DROP TABLE IF EXISTS `vtiger_role`;
/*!40101 SET @saved_cs_client     = @@character_set_client */;
/*!50503 SET character_set_client = utf8mb4 */;
CREATE TABLE `vtiger_role` (
  `roleid` varchar(255) NOT NULL,
  `rolename` varchar(200) DEFAULT NULL,
  `parentrole` varchar(255) DEFAULT NULL,
  `depth` int DEFAULT NULL,
  `allowassignedrecordsto` int NOT NULL DEFAULT '1',
  PRIMARY KEY (`roleid`)
) ENGINE=InnoDB DEFAULT CHARSET=utf8mb3;
/*!40101 SET character_set_client = @saved_cs_client */;

--
-- Dumping data for table `vtiger_role`
--

LOCK TABLES `vtiger_role` WRITE;
/*!40000 ALTER TABLE `vtiger_role` DISABLE KEYS */;
INSERT INTO `vtiger_role` VALUES ('H1','Организация','H1',0,1),('H2','Директор','H1::H2',1,1),('H3','Заместитель директора','H1::H2::H3',2,1),('H4','Менеджер по Продажам','H1::H2::H3::H4',3,1);
/*!40000 ALTER TABLE `vtiger_role` ENABLE KEYS */;
UNLOCK TABLES;

--
-- Table structure for table `vtiger_role2picklist`
--

DROP TABLE IF EXISTS `vtiger_role2picklist`;
/*!40101 SET @saved_cs_client     = @@character_set_client */;
/*!50503 SET character_set_client = utf8mb4 */;
CREATE TABLE `vtiger_role2picklist` (
  `roleid` varchar(255) NOT NULL,
  `picklistvalueid` int NOT NULL,
  `picklistid` int NOT NULL,
  `sortid` int DEFAULT NULL,
  PRIMARY KEY (`roleid`,`picklistvalueid`,`picklistid`),
  KEY `role2picklist_roleid_picklistid_idx` (`roleid`,`picklistid`,`picklistvalueid`),
  KEY `fk_2_vtiger_role2picklist` (`picklistid`),
  CONSTRAINT `fk_1_vtiger_role2picklist` FOREIGN KEY (`roleid`) REFERENCES `vtiger_role` (`roleid`) ON DELETE CASCADE,
  CONSTRAINT `fk_2_vtiger_role2picklist` FOREIGN KEY (`picklistid`) REFERENCES `vtiger_picklist` (`picklistid`) ON DELETE CASCADE
) ENGINE=InnoDB DEFAULT CHARSET=utf8mb3;
/*!40101 SET character_set_client = @saved_cs_client */;

--
-- Dumping data for table `vtiger_role2picklist`
--

LOCK TABLES `vtiger_role2picklist` WRITE;
/*!40000 ALTER TABLE `vtiger_role2picklist` DISABLE KEYS */;
INSERT INTO `vtiger_role2picklist` VALUES ('H1',1,1,0),('H1',2,1,1),('H1',3,1,2),('H1',4,1,3),('H1',5,1,4),('H1',6,1,5),('H1',7,1,6),('H1',8,1,7),('H1',9,1,8),('H1',10,1,9),('H1',11,1,10),('H1',12,2,0),('H1',13,2,1),('H1',14,3,0),('H1',15,3,1),('H1',16,3,2),('H1',17,3,3),('H1',18,3,4),('H1',19,3,5),('H1',20,4,0),('H1',21,4,1),('H1',22,4,2),('H1',23,4,3),('H1',24,4,4),('H1',25,4,5),('H1',26,4,6),('H1',27,4,7),('H1',28,4,8),('H1',29,4,9),('H1',30,4,10),('H1',31,4,11),('H1',32,4,12),('H1',33,5,0),('H1',34,5,1),('H1',35,5,2),('H1',36,5,3),('H1',37,5,4),('H1',38,6,0),('H1',39,6,1),('H1',40,6,2),('H1',41,7,0),('H1',42,7,1),('H1',43,7,2),('H1',44,7,3),('H1',45,7,4),('H1',46,8,0),('H1',47,9,0),('H1',48,9,1),('H1',49,9,2),('H1',50,9,3),('H1',51,10,0),('H1',52,10,1),('H1',53,10,2),('H1',54,10,3),('H1',55,10,4),('H1',56,10,5),('H1',57,10,6),('H1',58,10,7),('H1',59,10,8),('H1',60,11,0),('H1',61,11,1),('H1',62,11,2),('H1',63,11,3),('H1',64,11,4),('H1',65,11,5),('H1',66,11,6),('H1',67,11,7),('H1',68,11,8),('H1',69,11,9),('H1',70,11,10),('H1',71,11,11),('H1',72,11,12),('H1',73,11,13),('H1',74,11,14),('H1',75,11,15),('H1',76,11,16),('H1',77,11,17),('H1',78,11,18),('H1',79,11,19),('H1',80,11,20),('H1',81,11,21),('H1',82,11,22),('H1',83,11,23),('H1',84,11,24),('H1',85,11,25),('H1',86,11,26),('H1',87,11,27),('H1',88,11,28),('H1',89,11,29),('H1',90,11,30),('H1',91,11,31),('H1',92,12,0),('H1',93,12,1),('H1',94,12,2),('H1',95,12,3),('H1',96,12,4),('H1',97,12,5),('H1',98,13,0),('H1',99,13,1),('H1',100,13,2),('H1',101,13,3),('H1',102,13,4),('H1',103,13,5),('H1',104,13,6),('H1',105,13,7),('H1',106,13,8),('H1',107,13,9),('H1',108,13,10),('H1',109,13,11),('H1',110,13,12),('H1',111,14,0),('H1',112,14,1),('H1',113,14,2),('H1',114,14,3),('H1',115,14,4),('H1',116,14,5),('H1',117,14,6),('H1',118,14,7),('H1',119,14,8),('H1',120,14,9),('H1',121,14,10),('H1',122,14,11),('H1',123,15,0),('H1',124,15,1),('H1',125,15,2),('H1',126,15,3),('H1',127,16,0),('H1',128,16,1),('H1',129,16,2),('H1',130,17,0),('H1',131,17,1),('H1',132,17,2),('H1',133,17,3),('H1',134,17,4),('H1',135,18,0),('H1',136,18,1),('H1',137,18,2),('H1',138,18,3),('H1',139,19,0),('H1',140,19,1),('H1',141,19,2),('H1',142,19,3),('H1',143,19,4),('H1',144,20,0),('H1',145,20,1),('H1',146,20,2),('H1',147,20,3),('H1',148,20,4),('H1',149,20,5),('H1',150,21,0),('H1',151,21,1),('H1',152,21,2),('H1',153,21,3),('H1',154,21,4),('H1',155,21,5),('H1',156,21,6),('H1',157,21,7),('H1',158,21,8),('H1',159,21,9),('H1',160,22,0),('H1',161,22,1),('H1',162,22,2),('H1',163,22,3),('H1',164,22,4),('H1',165,22,5),('H1',166,23,0),('H1',167,23,1),('H1',168,23,2),('H1',169,23,3),('H1',170,24,0),('H1',171,24,1),('H1',172,24,2),('H1',173,25,0),('H1',174,25,1),('H1',175,25,2),('H1',176,25,3),('H1',177,25,4),('H1',178,25,5),('H1',179,26,0),('H1',180,26,1),('H1',181,26,2),('H1',182,27,0),('H1',183,27,1),('H1',184,27,2),('H1',185,27,3),('H1',186,28,0),('H1',187,28,1),('H1',188,28,2),('H1',189,28,3),('H1',190,29,0),('H1',191,29,1),('H1',192,29,2),('H1',193,29,3),('H1',194,30,0),('H1',195,30,1),('H1',196,30,2),('H1',197,30,3),('H1',198,30,4),('H1',199,30,5),('H1',200,30,6),('H1',201,30,7),('H1',202,30,8),('H1',203,30,9),('H1',204,30,10),('H1',205,30,11),('H1',206,30,12),('H1',207,30,13),('H1',208,30,14),('H1',209,30,15),('H1',210,31,1),('H1',211,31,2),('H1',212,31,3),('H1',213,32,1),('H1',214,32,2),('H1',215,32,3),('H1',216,32,4),('H1',217,32,5),('H1',218,32,6),('H1',219,33,1),('H1',220,33,2),('H1',221,33,3),('H1',222,34,1),('H1',223,34,2),('H1',224,34,3),('H1',228,36,1),('H1',229,36,2),('H1',230,36,3),('H1',231,36,4),('H1',232,36,5),('H1',233,37,1),('H1',234,37,2),('H1',235,38,1),('H1',236,38,2),('H1',239,40,1),('H1',240,40,2),('H1',241,40,3),('H1',242,40,4),('H1',245,42,1),('H1',246,42,2),('H1',247,43,1),('H1',248,43,2),('H1',249,44,1),('H1',250,44,2),('H1',251,44,3),('H1',252,44,4),('H1',253,45,1),('H1',254,45,2),('H1',255,46,1),('H1',256,46,2),('H1',257,46,3),('H1',258,46,4),('H1',259,47,1),('H1',260,47,2),('H1',261,47,3),('H1',262,47,4),('H1',263,48,1),('H1',264,48,2),('H1',265,48,3),('H1',266,48,4),('H1',267,49,1),('H1',268,49,2),('H1',269,49,3),('H1',270,49,4),('H1',271,49,5),('H1',272,49,6),('H1',273,49,7),('H1',274,49,8),('H1',275,49,9),('H1',276,49,10),('H1',277,49,11),('H1',278,50,1),('H1',279,50,2),('H1',280,50,3),('H1',281,50,4),('H1',282,50,5),('H1',283,50,6),('H1',284,50,7),('H1',285,50,8),('H1',286,50,9),('H1',287,51,1),('H1',288,51,2),('H1',289,51,3),('H1',290,51,4),('H1',291,52,1),('H1',292,52,2),('H1',293,52,3),('H1',294,52,4),('H1',295,53,1),('H1',296,53,2),('H1',297,53,3),('H1',298,53,4),('H1',299,53,5),('H1',300,53,6),('H1',301,53,7),('H1',302,53,8),('H1',303,53,9),('H1',304,53,10),('H1',305,53,11),('H1',306,12,1),('H1',307,54,1),('H1',308,54,2),('H1',309,54,3),('H1',310,54,4),('H1',311,54,5),('H1',312,54,6),('H1',313,2,1),('H1',314,55,1),('H1',315,55,2),('H1',316,55,3),('H1',317,56,1),('H1',318,56,2),('H1',329,57,1),('H1',330,57,2),('H1',331,58,1),('H1',332,58,2),('H1',333,59,1),('H1',334,59,2),('H1',335,59,3),('H1',336,41,1),('H1',337,41,2),('H1',338,41,3),('H1',339,60,1),('H1',340,60,2),('H1',342,61,1),('H1',343,61,2),('H1',344,61,3),('H1',345,61,4),('H1',348,62,1),('H1',349,62,2),('H1',350,62,3),('H1',351,62,4),('H1',352,63,1),('H1',353,63,2),('H2',1,1,0),('H2',2,1,1),('H2',3,1,2),('H2',4,1,3),('H2',5,1,4),('H2',6,1,5),('H2',7,1,6),('H2',8,1,7),('H2',9,1,8),('H2',10,1,9),('H2',11,1,10),('H2',12,2,0),('H2',13,2,1),('H2',14,3,0),('H2',15,3,1),('H2',16,3,2),('H2',17,3,3),('H2',18,3,4),('H2',19,3,5),('H2',20,4,0),('H2',21,4,1),('H2',22,4,2),('H2',23,4,3),('H2',24,4,4),('H2',25,4,5),('H2',26,4,6),('H2',27,4,7),('H2',28,4,8),('H2',29,4,9),('H2',30,4,10),('H2',31,4,11),('H2',32,4,12),('H2',33,5,0),('H2',34,5,1),('H2',35,5,2),('H2',36,5,3),('H2',37,5,4),('H2',38,6,0),('H2',39,6,1),('H2',40,6,2),('H2',41,7,0),('H2',42,7,1),('H2',43,7,2),('H2',44,7,3),('H2',45,7,4),('H2',46,8,0),('H2',47,9,0),('H2',48,9,1),('H2',49,9,2),('H2',50,9,3),('H2',51,10,0),('H2',52,10,1),('H2',53,10,2),('H2',54,10,3),('H2',55,10,4),('H2',56,10,5),('H2',57,10,6),('H2',58,10,7),('H2',59,10,8),('H2',60,11,0),('H2',61,11,1),('H2',62,11,2),('H2',63,11,3),('H2',64,11,4),('H2',65,11,5),('H2',66,11,6),('H2',67,11,7),('H2',68,11,8),('H2',69,11,9),('H2',70,11,10),('H2',71,11,11),('H2',72,11,12),('H2',73,11,13),('H2',74,11,14),('H2',75,11,15),('H2',76,11,16),('H2',77,11,17),('H2',78,11,18),('H2',79,11,19),('H2',80,11,20),('H2',81,11,21),('H2',82,11,22),('H2',83,11,23),('H2',84,11,24),('H2',85,11,25),('H2',86,11,26),('H2',87,11,27),('H2',88,11,28),('H2',89,11,29),('H2',90,11,30),('H2',91,11,31),('H2',92,12,0),('H2',93,12,1),('H2',94,12,2),('H2',95,12,3),('H2',96,12,4),('H2',97,12,5),('H2',98,13,0),('H2',99,13,1),('H2',100,13,2),('H2',101,13,3),('H2',102,13,4),('H2',103,13,5),('H2',104,13,6),('H2',105,13,7),('H2',106,13,8),('H2',107,13,9),('H2',108,13,10),('H2',109,13,11),('H2',110,13,12),('H2',111,14,0),('H2',112,14,1),('H2',113,14,2),('H2',114,14,3),('H2',115,14,4),('H2',116,14,5),('H2',117,14,6),('H2',118,14,7),('H2',119,14,8),('H2',120,14,9),('H2',121,14,10),('H2',122,14,11),('H2',123,15,0),('H2',124,15,1),('H2',125,15,2),('H2',126,15,3),('H2',127,16,0),('H2',128,16,1),('H2',129,16,2),('H2',130,17,0),('H2',131,17,1),('H2',132,17,2),('H2',133,17,3),('H2',134,17,4),('H2',135,18,0),('H2',136,18,1),('H2',137,18,2),('H2',138,18,3),('H2',139,19,0),('H2',140,19,1),('H2',141,19,2),('H2',142,19,3),('H2',143,19,4),('H2',144,20,0),('H2',145,20,1),('H2',146,20,2),('H2',147,20,3),('H2',148,20,4),('H2',149,20,5),('H2',150,21,0),('H2',151,21,1),('H2',152,21,2),('H2',153,21,3),('H2',154,21,4),('H2',155,21,5),('H2',156,21,6),('H2',157,21,7),('H2',158,21,8),('H2',159,21,9),('H2',160,22,0),('H2',161,22,1),('H2',162,22,2),('H2',163,22,3),('H2',164,22,4),('H2',165,22,5),('H2',166,23,0),('H2',167,23,1),('H2',168,23,2),('H2',169,23,3),('H2',170,24,0),('H2',171,24,1),('H2',172,24,2),('H2',173,25,0),('H2',174,25,1),('H2',175,25,2),('H2',176,25,3),('H2',177,25,4),('H2',178,25,5),('H2',179,26,0),('H2',180,26,1),('H2',181,26,2),('H2',182,27,0),('H2',183,27,1),('H2',184,27,2),('H2',185,27,3),('H2',186,28,0),('H2',187,28,1),('H2',188,28,2),('H2',189,28,3),('H2',190,29,0),('H2',191,29,1),('H2',192,29,2),('H2',193,29,3),('H2',194,30,0),('H2',195,30,1),('H2',196,30,2),('H2',197,30,3),('H2',198,30,4),('H2',199,30,5),('H2',200,30,6),('H2',201,30,7),('H2',202,30,8),('H2',203,30,9),('H2',204,30,10),('H2',205,30,11),('H2',206,30,12),('H2',207,30,13),('H2',208,30,14),('H2',209,30,15),('H2',210,31,1),('H2',211,31,2),('H2',212,31,3),('H2',213,32,1),('H2',214,32,2),('H2',215,32,3),('H2',216,32,4),('H2',217,32,5),('H2',218,32,6),('H2',219,33,1),('H2',220,33,2),('H2',221,33,3),('H2',222,34,1),('H2',223,34,2),('H2',224,34,3),('H2',228,36,1),('H2',229,36,2),('H2',230,36,3),('H2',231,36,4),('H2',232,36,5),('H2',233,37,1),('H2',234,37,2),('H2',235,38,1),('H2',236,38,2),('H2',239,40,1),('H2',240,40,2),('H2',241,40,3),('H2',242,40,4),('H2',245,42,1),('H2',246,42,2),('H2',247,43,1),('H2',248,43,2),('H2',249,44,1),('H2',250,44,2),('H2',251,44,3),('H2',252,44,4),('H2',253,45,1),('H2',254,45,2),('H2',255,46,1),('H2',256,46,2),('H2',257,46,3),('H2',258,46,4),('H2',259,47,1),('H2',260,47,2),('H2',261,47,3),('H2',262,47,4),('H2',263,48,1),('H2',264,48,2),('H2',265,48,3),('H2',266,48,4),('H2',267,49,1),('H2',268,49,2),('H2',269,49,3),('H2',270,49,4),('H2',271,49,5),('H2',272,49,6),('H2',273,49,7),('H2',274,49,8),('H2',275,49,9),('H2',276,49,10),('H2',277,49,11),('H2',278,50,1),('H2',279,50,2),('H2',280,50,3),('H2',281,50,4),('H2',282,50,5),('H2',283,50,6),('H2',284,50,7),('H2',285,50,8),('H2',286,50,9),('H2',287,51,1),('H2',288,51,2),('H2',289,51,3),('H2',290,51,4),('H2',291,52,1),('H2',292,52,2),('H2',293,52,3),('H2',294,52,4),('H2',295,53,1),('H2',296,53,2),('H2',297,53,3),('H2',298,53,4),('H2',299,53,5),('H2',300,53,6),('H2',301,53,7),('H2',302,53,8),('H2',303,53,9),('H2',304,53,10),('H2',305,53,11),('H2',306,12,1),('H2',307,54,1),('H2',308,54,2),('H2',309,54,3),('H2',310,54,4),('H2',311,54,5),('H2',312,54,6),('H2',313,2,1),('H2',314,55,1),('H2',315,55,2),('H2',316,55,3),('H2',317,56,1),('H2',318,56,2),('H2',326,35,4),('H2',329,57,1),('H2',330,57,2),('H2',331,58,1),('H2',332,58,2),('H2',333,59,1),('H2',334,59,2),('H2',335,59,3),('H2',336,41,1),('H2',337,41,2),('H2',338,41,3),('H2',339,60,1),('H2',340,60,2),('H2',341,58,3),('H2',342,61,1),('H2',343,61,2),('H2',344,61,3),('H2',345,61,4),('H2',346,39,3),('H2',347,39,4),('H2',348,62,1),('H2',349,62,2),('H2',350,62,3),('H2',351,62,4),('H2',352,63,1),('H2',353,63,2),('H3',1,1,0),('H3',2,1,1),('H3',3,1,2),('H3',4,1,3),('H3',5,1,4),('H3',6,1,5),('H3',7,1,6),('H3',8,1,7),('H3',9,1,8),('H3',10,1,9),('H3',11,1,10),('H3',12,2,0),('H3',13,2,1),('H3',14,3,0),('H3',15,3,1),('H3',16,3,2),('H3',17,3,3),('H3',18,3,4),('H3',19,3,5),('H3',20,4,0),('H3',21,4,1),('H3',22,4,2),('H3',23,4,3),('H3',24,4,4),('H3',25,4,5),('H3',26,4,6),('H3',27,4,7),('H3',28,4,8),('H3',29,4,9),('H3',30,4,10),('H3',31,4,11),('H3',32,4,12),('H3',33,5,0),('H3',34,5,1),('H3',35,5,2),('H3',36,5,3),('H3',37,5,4),('H3',38,6,0),('H3',39,6,1),('H3',40,6,2),('H3',41,7,0),('H3',42,7,1),('H3',43,7,2),('H3',44,7,3),('H3',45,7,4),('H3',46,8,0),('H3',47,9,0),('H3',48,9,1),('H3',49,9,2),('H3',50,9,3),('H3',51,10,0),('H3',52,10,1),('H3',53,10,2),('H3',54,10,3),('H3',55,10,4),('H3',56,10,5),('H3',57,10,6),('H3',58,10,7),('H3',59,10,8),('H3',60,11,0),('H3',61,11,1),('H3',62,11,2),('H3',63,11,3),('H3',64,11,4),('H3',65,11,5),('H3',66,11,6),('H3',67,11,7),('H3',68,11,8),('H3',69,11,9),('H3',70,11,10),('H3',71,11,11),('H3',72,11,12),('H3',73,11,13),('H3',74,11,14),('H3',75,11,15),('H3',76,11,16),('H3',77,11,17),('H3',78,11,18),('H3',79,11,19),('H3',80,11,20),('H3',81,11,21),('H3',82,11,22),('H3',83,11,23),('H3',84,11,24),('H3',85,11,25),('H3',86,11,26),('H3',87,11,27),('H3',88,11,28),('H3',89,11,29),('H3',90,11,30),('H3',91,11,31),('H3',92,12,0),('H3',93,12,1),('H3',94,12,2),('H3',95,12,3),('H3',96,12,4),('H3',97,12,5),('H3',98,13,0),('H3',99,13,1),('H3',100,13,2),('H3',101,13,3),('H3',102,13,4),('H3',103,13,5),('H3',104,13,6),('H3',105,13,7),('H3',106,13,8),('H3',107,13,9),('H3',108,13,10),('H3',109,13,11),('H3',110,13,12),('H3',111,14,0),('H3',112,14,1),('H3',113,14,2),('H3',114,14,3),('H3',115,14,4),('H3',116,14,5),('H3',117,14,6),('H3',118,14,7),('H3',119,14,8),('H3',120,14,9),('H3',121,14,10),('H3',122,14,11),('H3',123,15,0),('H3',124,15,1),('H3',125,15,2),('H3',126,15,3),('H3',127,16,0),('H3',128,16,1),('H3',129,16,2),('H3',130,17,0),('H3',131,17,1),('H3',132,17,2),('H3',133,17,3),('H3',134,17,4),('H3',135,18,0),('H3',136,18,1),('H3',137,18,2),('H3',138,18,3),('H3',139,19,0),('H3',140,19,1),('H3',141,19,2),('H3',142,19,3),('H3',143,19,4),('H3',144,20,0),('H3',145,20,1),('H3',146,20,2),('H3',147,20,3),('H3',148,20,4),('H3',149,20,5),('H3',150,21,0),('H3',151,21,1),('H3',152,21,2),('H3',153,21,3),('H3',154,21,4),('H3',155,21,5),('H3',156,21,6),('H3',157,21,7),('H3',158,21,8),('H3',159,21,9),('H3',160,22,0),('H3',161,22,1),('H3',162,22,2),('H3',163,22,3),('H3',164,22,4),('H3',165,22,5),('H3',166,23,0),('H3',167,23,1),('H3',168,23,2),('H3',169,23,3),('H3',170,24,0),('H3',171,24,1),('H3',172,24,2),('H3',173,25,0),('H3',174,25,1),('H3',175,25,2),('H3',176,25,3),('H3',177,25,4),('H3',178,25,5),('H3',179,26,0),('H3',180,26,1),('H3',181,26,2),('H3',182,27,0),('H3',183,27,1),('H3',184,27,2),('H3',185,27,3),('H3',186,28,0),('H3',187,28,1),('H3',188,28,2),('H3',189,28,3),('H3',190,29,0),('H3',191,29,1),('H3',192,29,2),('H3',193,29,3),('H3',194,30,0),('H3',195,30,1),('H3',196,30,2),('H3',197,30,3),('H3',198,30,4),('H3',199,30,5),('H3',200,30,6),('H3',201,30,7),('H3',202,30,8),('H3',203,30,9),('H3',204,30,10),('H3',205,30,11),('H3',206,30,12),('H3',207,30,13),('H3',208,30,14),('H3',209,30,15),('H3',210,31,1),('H3',211,31,2),('H3',212,31,3),('H3',213,32,1),('H3',214,32,2),('H3',215,32,3),('H3',216,32,4),('H3',217,32,5),('H3',218,32,6),('H3',219,33,1),('H3',220,33,2),('H3',221,33,3),('H3',222,34,1),('H3',223,34,2),('H3',224,34,3),('H3',228,36,1),('H3',229,36,2),('H3',230,36,3),('H3',231,36,4),('H3',232,36,5),('H3',233,37,1),('H3',234,37,2),('H3',235,38,1),('H3',236,38,2),('H3',239,40,1),('H3',240,40,2),('H3',241,40,3),('H3',242,40,4),('H3',245,42,1),('H3',246,42,2),('H3',247,43,1),('H3',248,43,2),('H3',249,44,1),('H3',250,44,2),('H3',251,44,3),('H3',252,44,4),('H3',253,45,1),('H3',254,45,2),('H3',255,46,1),('H3',256,46,2),('H3',257,46,3),('H3',258,46,4),('H3',259,47,1),('H3',260,47,2),('H3',261,47,3),('H3',262,47,4),('H3',263,48,1),('H3',264,48,2),('H3',265,48,3),('H3',266,48,4),('H3',267,49,1),('H3',268,49,2),('H3',269,49,3),('H3',270,49,4),('H3',271,49,5),('H3',272,49,6),('H3',273,49,7),('H3',274,49,8),('H3',275,49,9),('H3',276,49,10),('H3',277,49,11),('H3',278,50,1),('H3',279,50,2),('H3',280,50,3),('H3',281,50,4),('H3',282,50,5),('H3',283,50,6),('H3',284,50,7),('H3',285,50,8),('H3',286,50,9),('H3',287,51,1),('H3',288,51,2),('H3',289,51,3),('H3',290,51,4),('H3',291,52,1),('H3',292,52,2),('H3',293,52,3),('H3',294,52,4),('H3',295,53,1),('H3',296,53,2),('H3',297,53,3),('H3',298,53,4),('H3',299,53,5),('H3',300,53,6),('H3',301,53,7),('H3',302,53,8),('H3',303,53,9),('H3',304,53,10),('H3',305,53,11),('H3',306,12,1),('H3',307,54,1),('H3',308,54,2),('H3',309,54,3),('H3',310,54,4),('H3',311,54,5),('H3',312,54,6),('H3',313,2,1),('H3',314,55,1),('H3',315,55,2),('H3',316,55,3),('H3',317,56,1),('H3',318,56,2),('H3',326,35,4),('H3',329,57,1),('H3',330,57,2),('H3',331,58,1),('H3',332,58,2),('H3',333,59,1),('H3',334,59,2),('H3',335,59,3),('H3',336,41,1),('H3',337,41,2),('H3',338,41,3),('H3',339,60,1),('H3',340,60,2),('H3',341,58,3),('H3',342,61,1),('H3',343,61,2),('H3',344,61,3),('H3',345,61,4),('H3',346,39,3),('H3',347,39,4),('H3',348,62,1),('H3',349,62,2),('H3',350,62,3),('H3',351,62,4),('H3',352,63,1),('H3',353,63,2),('H4',1,1,0),('H4',2,1,1),('H4',3,1,2),('H4',4,1,3),('H4',5,1,4),('H4',6,1,5),('H4',7,1,6),('H4',8,1,7),('H4',9,1,8),('H4',10,1,9),('H4',11,1,10),('H4',12,2,0),('H4',13,2,1),('H4',14,3,0),('H4',15,3,1),('H4',16,3,2),('H4',17,3,3),('H4',18,3,4),('H4',19,3,5),('H4',20,4,0),('H4',21,4,1),('H4',22,4,2),('H4',23,4,3),('H4',24,4,4),('H4',25,4,5),('H4',26,4,6),('H4',27,4,7),('H4',28,4,8),('H4',29,4,9),('H4',30,4,10),('H4',31,4,11),('H4',32,4,12),('H4',33,5,0),('H4',34,5,1),('H4',35,5,2),('H4',36,5,3),('H4',37,5,4),('H4',38,6,0),('H4',39,6,1),('H4',40,6,2),('H4',41,7,0),('H4',42,7,1),('H4',43,7,2),('H4',44,7,3),('H4',45,7,4),('H4',46,8,0),('H4',47,9,0),('H4',48,9,1),('H4',49,9,2),('H4',50,9,3),('H4',51,10,0),('H4',52,10,1),('H4',53,10,2),('H4',54,10,3),('H4',55,10,4),('H4',56,10,5),('H4',57,10,6),('H4',58,10,7),('H4',59,10,8),('H4',60,11,0),('H4',61,11,1),('H4',62,11,2),('H4',63,11,3),('H4',64,11,4),('H4',65,11,5),('H4',66,11,6),('H4',67,11,7),('H4',68,11,8),('H4',69,11,9),('H4',70,11,10),('H4',71,11,11),('H4',72,11,12),('H4',73,11,13),('H4',74,11,14),('H4',75,11,15),('H4',76,11,16),('H4',77,11,17),('H4',78,11,18),('H4',79,11,19),('H4',80,11,20),('H4',81,11,21),('H4',82,11,22),('H4',83,11,23),('H4',84,11,24),('H4',85,11,25),('H4',86,11,26),('H4',87,11,27),('H4',88,11,28),('H4',89,11,29),('H4',90,11,30),('H4',91,11,31),('H4',92,12,0),('H4',93,12,1),('H4',94,12,2),('H4',95,12,3),('H4',96,12,4),('H4',97,12,5),('H4',98,13,0),('H4',99,13,1),('H4',100,13,2),('H4',101,13,3),('H4',102,13,4),('H4',103,13,5),('H4',104,13,6),('H4',105,13,7),('H4',106,13,8),('H4',107,13,9),('H4',108,13,10),('H4',109,13,11),('H4',110,13,12),('H4',111,14,0),('H4',112,14,1),('H4',113,14,2),('H4',114,14,3),('H4',115,14,4),('H4',116,14,5),('H4',117,14,6),('H4',118,14,7),('H4',119,14,8),('H4',120,14,9),('H4',121,14,10),('H4',122,14,11),('H4',123,15,0),('H4',124,15,1),('H4',125,15,2),('H4',126,15,3),('H4',127,16,0),('H4',128,16,1),('H4',129,16,2),('H4',130,17,0),('H4',131,17,1),('H4',132,17,2),('H4',133,17,3),('H4',134,17,4),('H4',135,18,0),('H4',136,18,1),('H4',137,18,2),('H4',138,18,3),('H4',139,19,0),('H4',140,19,1),('H4',141,19,2),('H4',142,19,3),('H4',143,19,4),('H4',144,20,0),('H4',145,20,1),('H4',146,20,2),('H4',147,20,3),('H4',148,20,4),('H4',149,20,5),('H4',150,21,0),('H4',151,21,1),('H4',152,21,2),('H4',153,21,3),('H4',154,21,4),('H4',155,21,5),('H4',156,21,6),('H4',157,21,7),('H4',158,21,8),('H4',159,21,9),('H4',160,22,0),('H4',161,22,1),('H4',162,22,2),('H4',163,22,3),('H4',164,22,4),('H4',165,22,5),('H4',166,23,0),('H4',167,23,1),('H4',168,23,2),('H4',169,23,3),('H4',170,24,0),('H4',171,24,1),('H4',172,24,2),('H4',173,25,0),('H4',174,25,1),('H4',175,25,2),('H4',176,25,3),('H4',177,25,4),('H4',178,25,5),('H4',179,26,0),('H4',180,26,1),('H4',181,26,2),('H4',182,27,0),('H4',183,27,1),('H4',184,27,2),('H4',185,27,3),('H4',186,28,0),('H4',187,28,1),('H4',188,28,2),('H4',189,28,3),('H4',190,29,0),('H4',191,29,1),('H4',192,29,2),('H4',193,29,3),('H4',194,30,0),('H4',195,30,1),('H4',196,30,2),('H4',197,30,3),('H4',198,30,4),('H4',199,30,5),('H4',200,30,6),('H4',201,30,7),('H4',202,30,8),('H4',203,30,9),('H4',204,30,10),('H4',205,30,11),('H4',206,30,12),('H4',207,30,13),('H4',208,30,14),('H4',209,30,15),('H4',210,31,1),('H4',211,31,2),('H4',212,31,3),('H4',213,32,1),('H4',214,32,2),('H4',215,32,3),('H4',216,32,4),('H4',217,32,5),('H4',218,32,6),('H4',219,33,1),('H4',220,33,2),('H4',221,33,3),('H4',222,34,1),('H4',223,34,2),('H4',224,34,3),('H4',228,36,1),('H4',229,36,2),('H4',230,36,3),('H4',231,36,4),('H4',232,36,5),('H4',233,37,1),('H4',234,37,2),('H4',235,38,1),('H4',236,38,2),('H4',239,40,1),('H4',240,40,2),('H4',241,40,3),('H4',242,40,4),('H4',245,42,1),('H4',246,42,2),('H4',247,43,1),('H4',248,43,2),('H4',249,44,1),('H4',250,44,2),('H4',251,44,3),('H4',252,44,4),('H4',253,45,1),('H4',254,45,2),('H4',255,46,1),('H4',256,46,2),('H4',257,46,3),('H4',258,46,4),('H4',259,47,1),('H4',260,47,2),('H4',261,47,3),('H4',262,47,4),('H4',263,48,1),('H4',264,48,2),('H4',265,48,3),('H4',266,48,4),('H4',267,49,1),('H4',268,49,2),('H4',269,49,3),('H4',270,49,4),('H4',271,49,5),('H4',272,49,6),('H4',273,49,7),('H4',274,49,8),('H4',275,49,9),('H4',276,49,10),('H4',277,49,11),('H4',278,50,1),('H4',279,50,2),('H4',280,50,3),('H4',281,50,4),('H4',282,50,5),('H4',283,50,6),('H4',284,50,7),('H4',285,50,8),('H4',286,50,9),('H4',287,51,1),('H4',288,51,2),('H4',289,51,3),('H4',290,51,4),('H4',291,52,1),('H4',292,52,2),('H4',293,52,3),('H4',294,52,4),('H4',295,53,1),('H4',296,53,2),('H4',297,53,3),('H4',298,53,4),('H4',299,53,5),('H4',300,53,6),('H4',301,53,7),('H4',302,53,8),('H4',303,53,9),('H4',304,53,10),('H4',305,53,11),('H4',306,12,1),('H4',307,54,1),('H4',308,54,2),('H4',309,54,3),('H4',310,54,4),('H4',311,54,5),('H4',312,54,6),('H4',313,2,1),('H4',314,55,1),('H4',315,55,2),('H4',316,55,3),('H4',317,56,1),('H4',318,56,2),('H4',326,35,4),('H4',329,57,1),('H4',330,57,2),('H4',331,58,1),('H4',332,58,2),('H4',333,59,1),('H4',334,59,2),('H4',335,59,3),('H4',336,41,1),('H4',337,41,2),('H4',338,41,3),('H4',339,60,1),('H4',340,60,2),('H4',341,58,3),('H4',342,61,1),('H4',343,61,2),('H4',344,61,3),('H4',345,61,4),('H4',346,39,3),('H4',347,39,4),('H4',348,62,1),('H4',349,62,2),('H4',350,62,3),('H4',351,62,4),('H4',352,63,1),('H4',353,63,2);
/*!40000 ALTER TABLE `vtiger_role2picklist` ENABLE KEYS */;
UNLOCK TABLES;

--
-- Table structure for table `vtiger_role2profile`
--

DROP TABLE IF EXISTS `vtiger_role2profile`;
/*!40101 SET @saved_cs_client     = @@character_set_client */;
/*!50503 SET character_set_client = utf8mb4 */;
CREATE TABLE `vtiger_role2profile` (
  `roleid` varchar(255) NOT NULL,
  `profileid` int NOT NULL,
  PRIMARY KEY (`roleid`,`profileid`),
  KEY `role2profile_roleid_profileid_idx` (`roleid`,`profileid`)
) ENGINE=InnoDB DEFAULT CHARSET=utf8mb3;
/*!40101 SET character_set_client = @saved_cs_client */;

--
-- Dumping data for table `vtiger_role2profile`
--

LOCK TABLES `vtiger_role2profile` WRITE;
/*!40000 ALTER TABLE `vtiger_role2profile` DISABLE KEYS */;
INSERT INTO `vtiger_role2profile` VALUES ('H2',1),('H3',2),('H4',2),('H5',2);
/*!40000 ALTER TABLE `vtiger_role2profile` ENABLE KEYS */;
UNLOCK TABLES;

--
-- Table structure for table `vtiger_role_seq`
--

DROP TABLE IF EXISTS `vtiger_role_seq`;
/*!40101 SET @saved_cs_client     = @@character_set_client */;
/*!50503 SET character_set_client = utf8mb4 */;
CREATE TABLE `vtiger_role_seq` (
  `id` int NOT NULL
) ENGINE=InnoDB DEFAULT CHARSET=utf8mb3;
/*!40101 SET character_set_client = @saved_cs_client */;

--
-- Dumping data for table `vtiger_role_seq`
--

LOCK TABLES `vtiger_role_seq` WRITE;
/*!40000 ALTER TABLE `vtiger_role_seq` DISABLE KEYS */;
INSERT INTO `vtiger_role_seq` VALUES (5);
/*!40000 ALTER TABLE `vtiger_role_seq` ENABLE KEYS */;
UNLOCK TABLES;

--
-- Table structure for table `vtiger_rollupcomments_settings`
--

DROP TABLE IF EXISTS `vtiger_rollupcomments_settings`;
/*!40101 SET @saved_cs_client     = @@character_set_client */;
/*!50503 SET character_set_client = utf8mb4 */;
CREATE TABLE `vtiger_rollupcomments_settings` (
  `rollupid` int NOT NULL AUTO_INCREMENT,
  `userid` int NOT NULL,
  `tabid` int NOT NULL,
  `rollup_status` int NOT NULL DEFAULT '0',
  PRIMARY KEY (`rollupid`)
) ENGINE=InnoDB DEFAULT CHARSET=utf8mb3;
/*!40101 SET character_set_client = @saved_cs_client */;

--
-- Dumping data for table `vtiger_rollupcomments_settings`
--

LOCK TABLES `vtiger_rollupcomments_settings` WRITE;
/*!40000 ALTER TABLE `vtiger_rollupcomments_settings` DISABLE KEYS */;
/*!40000 ALTER TABLE `vtiger_rollupcomments_settings` ENABLE KEYS */;
UNLOCK TABLES;

--
-- Table structure for table `vtiger_rowheight`
--

DROP TABLE IF EXISTS `vtiger_rowheight`;
/*!40101 SET @saved_cs_client     = @@character_set_client */;
/*!50503 SET character_set_client = utf8mb4 */;
CREATE TABLE `vtiger_rowheight` (
  `rowheightid` int NOT NULL AUTO_INCREMENT,
  `rowheight` varchar(200) NOT NULL,
  `sortorderid` int DEFAULT NULL,
  `presence` int NOT NULL DEFAULT '1',
  PRIMARY KEY (`rowheightid`)
) ENGINE=InnoDB AUTO_INCREMENT=4 DEFAULT CHARSET=utf8mb3;
/*!40101 SET character_set_client = @saved_cs_client */;

--
-- Dumping data for table `vtiger_rowheight`
--

LOCK TABLES `vtiger_rowheight` WRITE;
/*!40000 ALTER TABLE `vtiger_rowheight` DISABLE KEYS */;
INSERT INTO `vtiger_rowheight` VALUES (1,'wide',0,1),(2,'medium',1,1),(3,'narrow',2,1);
/*!40000 ALTER TABLE `vtiger_rowheight` ENABLE KEYS */;
UNLOCK TABLES;

--
-- Table structure for table `vtiger_rowheight_seq`
--

DROP TABLE IF EXISTS `vtiger_rowheight_seq`;
/*!40101 SET @saved_cs_client     = @@character_set_client */;
/*!50503 SET character_set_client = utf8mb4 */;
CREATE TABLE `vtiger_rowheight_seq` (
  `id` int NOT NULL
) ENGINE=InnoDB DEFAULT CHARSET=utf8mb3;
/*!40101 SET character_set_client = @saved_cs_client */;

--
-- Dumping data for table `vtiger_rowheight_seq`
--

LOCK TABLES `vtiger_rowheight_seq` WRITE;
/*!40000 ALTER TABLE `vtiger_rowheight_seq` DISABLE KEYS */;
INSERT INTO `vtiger_rowheight_seq` VALUES (3);
/*!40000 ALTER TABLE `vtiger_rowheight_seq` ENABLE KEYS */;
UNLOCK TABLES;

--
-- Table structure for table `vtiger_rss`
--

DROP TABLE IF EXISTS `vtiger_rss`;
/*!40101 SET @saved_cs_client     = @@character_set_client */;
/*!50503 SET character_set_client = utf8mb4 */;
CREATE TABLE `vtiger_rss` (
  `rssid` int NOT NULL,
  `rssurl` varchar(200) NOT NULL DEFAULT '',
  `rsstitle` varchar(200) DEFAULT NULL,
  `rsstype` int DEFAULT '0',
  `starred` int DEFAULT '0',
  PRIMARY KEY (`rssid`)
) ENGINE=InnoDB DEFAULT CHARSET=utf8mb3;
/*!40101 SET character_set_client = @saved_cs_client */;

--
-- Dumping data for table `vtiger_rss`
--

LOCK TABLES `vtiger_rss` WRITE;
/*!40000 ALTER TABLE `vtiger_rss` DISABLE KEYS */;
/*!40000 ALTER TABLE `vtiger_rss` ENABLE KEYS */;
UNLOCK TABLES;

--
-- Table structure for table `vtiger_sales_stage`
--

DROP TABLE IF EXISTS `vtiger_sales_stage`;
/*!40101 SET @saved_cs_client     = @@character_set_client */;
/*!50503 SET character_set_client = utf8mb4 */;
CREATE TABLE `vtiger_sales_stage` (
  `sales_stage_id` int NOT NULL AUTO_INCREMENT,
  `sales_stage` varchar(200) DEFAULT NULL,
  `presence` int NOT NULL DEFAULT '1',
  `picklist_valueid` int NOT NULL DEFAULT '0',
  `sortorderid` int DEFAULT NULL,
  `color` varchar(10) DEFAULT NULL,
  PRIMARY KEY (`sales_stage_id`)
) ENGINE=InnoDB AUTO_INCREMENT=11 DEFAULT CHARSET=utf8mb3;
/*!40101 SET character_set_client = @saved_cs_client */;

--
-- Dumping data for table `vtiger_sales_stage`
--

LOCK TABLES `vtiger_sales_stage` WRITE;
/*!40000 ALTER TABLE `vtiger_sales_stage` DISABLE KEYS */;
INSERT INTO `vtiger_sales_stage` VALUES (1,'Prospecting',1,150,0,NULL),(2,'Qualification',1,151,1,NULL),(3,'Needs Analysis',1,152,2,NULL),(4,'Value Proposition',1,153,3,NULL),(5,'Id. Decision Makers',1,154,4,NULL),(6,'Perception Analysis',1,155,5,NULL),(7,'Proposal or Price Quote',1,156,6,NULL),(8,'Negotiation or Review',1,157,7,NULL),(9,'Closed Won',0,158,8,NULL),(10,'Closed Lost',0,159,9,NULL);
/*!40000 ALTER TABLE `vtiger_sales_stage` ENABLE KEYS */;
UNLOCK TABLES;

--
-- Table structure for table `vtiger_sales_stage_seq`
--

DROP TABLE IF EXISTS `vtiger_sales_stage_seq`;
/*!40101 SET @saved_cs_client     = @@character_set_client */;
/*!50503 SET character_set_client = utf8mb4 */;
CREATE TABLE `vtiger_sales_stage_seq` (
  `id` int NOT NULL
) ENGINE=InnoDB DEFAULT CHARSET=utf8mb3;
/*!40101 SET character_set_client = @saved_cs_client */;

--
-- Dumping data for table `vtiger_sales_stage_seq`
--

LOCK TABLES `vtiger_sales_stage_seq` WRITE;
/*!40000 ALTER TABLE `vtiger_sales_stage_seq` DISABLE KEYS */;
INSERT INTO `vtiger_sales_stage_seq` VALUES (10);
/*!40000 ALTER TABLE `vtiger_sales_stage_seq` ENABLE KEYS */;
UNLOCK TABLES;

--
-- Table structure for table `vtiger_salesmanactivityrel`
--

DROP TABLE IF EXISTS `vtiger_salesmanactivityrel`;
/*!40101 SET @saved_cs_client     = @@character_set_client */;
/*!50503 SET character_set_client = utf8mb4 */;
CREATE TABLE `vtiger_salesmanactivityrel` (
  `smid` int NOT NULL DEFAULT '0',
  `activityid` int NOT NULL DEFAULT '0',
  PRIMARY KEY (`smid`,`activityid`),
  KEY `salesmanactivityrel_activityid_idx` (`activityid`),
  KEY `salesmanactivityrel_smid_idx` (`smid`),
  CONSTRAINT `fk_2_vtiger_salesmanactivityrel` FOREIGN KEY (`smid`) REFERENCES `vtiger_users` (`id`) ON DELETE CASCADE
) ENGINE=InnoDB DEFAULT CHARSET=utf8mb3;
/*!40101 SET character_set_client = @saved_cs_client */;

--
-- Dumping data for table `vtiger_salesmanactivityrel`
--

LOCK TABLES `vtiger_salesmanactivityrel` WRITE;
/*!40000 ALTER TABLE `vtiger_salesmanactivityrel` DISABLE KEYS */;
/*!40000 ALTER TABLE `vtiger_salesmanactivityrel` ENABLE KEYS */;
UNLOCK TABLES;

--
-- Table structure for table `vtiger_salesmanattachmentsrel`
--

DROP TABLE IF EXISTS `vtiger_salesmanattachmentsrel`;
/*!40101 SET @saved_cs_client     = @@character_set_client */;
/*!50503 SET character_set_client = utf8mb4 */;
CREATE TABLE `vtiger_salesmanattachmentsrel` (
  `smid` int NOT NULL DEFAULT '0',
  `attachmentsid` int NOT NULL DEFAULT '0',
  PRIMARY KEY (`smid`,`attachmentsid`),
  KEY `salesmanattachmentsrel_smid_idx` (`smid`),
  KEY `salesmanattachmentsrel_attachmentsid_idx` (`attachmentsid`),
  CONSTRAINT `fk_2_vtiger_salesmanattachmentsrel` FOREIGN KEY (`attachmentsid`) REFERENCES `vtiger_attachments` (`attachmentsid`) ON DELETE CASCADE
) ENGINE=InnoDB DEFAULT CHARSET=utf8mb3;
/*!40101 SET character_set_client = @saved_cs_client */;

--
-- Dumping data for table `vtiger_salesmanattachmentsrel`
--

LOCK TABLES `vtiger_salesmanattachmentsrel` WRITE;
/*!40000 ALTER TABLE `vtiger_salesmanattachmentsrel` DISABLE KEYS */;
/*!40000 ALTER TABLE `vtiger_salesmanattachmentsrel` ENABLE KEYS */;
UNLOCK TABLES;

--
-- Table structure for table `vtiger_salesmanticketrel`
--

DROP TABLE IF EXISTS `vtiger_salesmanticketrel`;
/*!40101 SET @saved_cs_client     = @@character_set_client */;
/*!50503 SET character_set_client = utf8mb4 */;
CREATE TABLE `vtiger_salesmanticketrel` (
  `smid` int NOT NULL DEFAULT '0',
  `id` int NOT NULL DEFAULT '0',
  PRIMARY KEY (`smid`,`id`),
  KEY `salesmanticketrel_smid_idx` (`smid`),
  KEY `salesmanticketrel_id_idx` (`id`),
  CONSTRAINT `fk_2_vtiger_salesmanticketrel` FOREIGN KEY (`smid`) REFERENCES `vtiger_users` (`id`) ON DELETE CASCADE
) ENGINE=InnoDB DEFAULT CHARSET=utf8mb3;
/*!40101 SET character_set_client = @saved_cs_client */;

--
-- Dumping data for table `vtiger_salesmanticketrel`
--

LOCK TABLES `vtiger_salesmanticketrel` WRITE;
/*!40000 ALTER TABLE `vtiger_salesmanticketrel` DISABLE KEYS */;
/*!40000 ALTER TABLE `vtiger_salesmanticketrel` ENABLE KEYS */;
UNLOCK TABLES;

--
-- Table structure for table `vtiger_salesorder`
--

DROP TABLE IF EXISTS `vtiger_salesorder`;
/*!40101 SET @saved_cs_client     = @@character_set_client */;
/*!50503 SET character_set_client = utf8mb4 */;
CREATE TABLE `vtiger_salesorder` (
  `salesorderid` int NOT NULL DEFAULT '0',
  `subject` varchar(100) DEFAULT NULL,
  `potentialid` int DEFAULT NULL,
  `customerno` varchar(100) DEFAULT NULL,
  `salesorder_no` varchar(100) DEFAULT NULL,
  `quoteid` int DEFAULT NULL,
  `vendorterms` varchar(100) DEFAULT NULL,
  `contactid` int DEFAULT NULL,
  `vendorid` int DEFAULT NULL,
  `duedate` date DEFAULT NULL,
  `carrier` varchar(200) DEFAULT NULL,
  `pending` varchar(200) DEFAULT NULL,
  `type` varchar(100) DEFAULT NULL,
  `adjustment` decimal(25,8) DEFAULT NULL,
  `salescommission` decimal(25,3) DEFAULT NULL,
  `exciseduty` decimal(25,3) DEFAULT NULL,
  `total` decimal(25,8) DEFAULT NULL,
  `subtotal` decimal(25,8) DEFAULT NULL,
  `taxtype` varchar(25) DEFAULT NULL,
  `discount_percent` decimal(25,3) DEFAULT NULL,
  `discount_amount` decimal(25,8) DEFAULT NULL,
  `s_h_amount` decimal(25,8) DEFAULT NULL,
  `accountid` int DEFAULT NULL,
  `terms_conditions` text,
  `purchaseorder` varchar(200) DEFAULT NULL,
  `sostatus` varchar(200) DEFAULT NULL,
  `currency_id` int NOT NULL DEFAULT '1',
  `conversion_rate` decimal(10,3) NOT NULL DEFAULT '1.000',
  `enable_recurring` int DEFAULT '0',
  `compound_taxes_info` text,
  `one_s_id` varchar(255) DEFAULT NULL,
  `fromsite` int DEFAULT NULL,
  `pre_tax_total` decimal(25,8) DEFAULT NULL,
  `s_h_percent` int DEFAULT NULL,
  `spcompany` varchar(200) CHARACTER SET utf8 COLLATE utf8_unicode_ci DEFAULT 'Default',
  `tags` varchar(1) DEFAULT NULL,
  `region_id` int DEFAULT NULL,
  PRIMARY KEY (`salesorderid`),
  KEY `salesorder_vendorid_idx` (`vendorid`),
  KEY `salesorder_contactid_idx` (`contactid`),
  CONSTRAINT `fk_3_vtiger_salesorder` FOREIGN KEY (`vendorid`) REFERENCES `vtiger_vendor` (`vendorid`) ON DELETE CASCADE,
  CONSTRAINT `fk_crmid_vtiger_salesorder` FOREIGN KEY (`salesorderid`) REFERENCES `vtiger_crmentity` (`crmid`) ON DELETE CASCADE
) ENGINE=InnoDB DEFAULT CHARSET=utf8mb3;
/*!40101 SET character_set_client = @saved_cs_client */;

--
-- Dumping data for table `vtiger_salesorder`
--

LOCK TABLES `vtiger_salesorder` WRITE;
/*!40000 ALTER TABLE `vtiger_salesorder` DISABLE KEYS */;
/*!40000 ALTER TABLE `vtiger_salesorder` ENABLE KEYS */;
UNLOCK TABLES;

--
-- Table structure for table `vtiger_salesordercf`
--

DROP TABLE IF EXISTS `vtiger_salesordercf`;
/*!40101 SET @saved_cs_client     = @@character_set_client */;
/*!50503 SET character_set_client = utf8mb4 */;
CREATE TABLE `vtiger_salesordercf` (
  `salesorderid` int NOT NULL DEFAULT '0',
  PRIMARY KEY (`salesorderid`),
  CONSTRAINT `fk_1_vtiger_salesordercf` FOREIGN KEY (`salesorderid`) REFERENCES `vtiger_salesorder` (`salesorderid`) ON DELETE CASCADE
) ENGINE=InnoDB DEFAULT CHARSET=utf8mb3;
/*!40101 SET character_set_client = @saved_cs_client */;

--
-- Dumping data for table `vtiger_salesordercf`
--

LOCK TABLES `vtiger_salesordercf` WRITE;
/*!40000 ALTER TABLE `vtiger_salesordercf` DISABLE KEYS */;
/*!40000 ALTER TABLE `vtiger_salesordercf` ENABLE KEYS */;
UNLOCK TABLES;

--
-- Table structure for table `vtiger_salutationtype`
--

DROP TABLE IF EXISTS `vtiger_salutationtype`;
/*!40101 SET @saved_cs_client     = @@character_set_client */;
/*!50503 SET character_set_client = utf8mb4 */;
CREATE TABLE `vtiger_salutationtype` (
  `salutationid` int NOT NULL AUTO_INCREMENT,
  `salutationtype` varchar(200) NOT NULL,
  `presence` int NOT NULL DEFAULT '1',
  `picklist_valueid` int NOT NULL DEFAULT '0',
  `sortorderid` int DEFAULT NULL,
  `color` varchar(10) DEFAULT NULL,
  PRIMARY KEY (`salutationid`)
) ENGINE=InnoDB AUTO_INCREMENT=7 DEFAULT CHARSET=utf8mb3;
/*!40101 SET character_set_client = @saved_cs_client */;

--
-- Dumping data for table `vtiger_salutationtype`
--

LOCK TABLES `vtiger_salutationtype` WRITE;
/*!40000 ALTER TABLE `vtiger_salutationtype` DISABLE KEYS */;
INSERT INTO `vtiger_salutationtype` VALUES (2,'Mr.',1,161,1,NULL),(3,'Ms.',1,162,2,NULL),(4,'Mrs.',1,163,3,NULL),(5,'Dr.',1,164,4,NULL),(6,'Prof.',1,165,5,NULL);
/*!40000 ALTER TABLE `vtiger_salutationtype` ENABLE KEYS */;
UNLOCK TABLES;

--
-- Table structure for table `vtiger_salutationtype_seq`
--

DROP TABLE IF EXISTS `vtiger_salutationtype_seq`;
/*!40101 SET @saved_cs_client     = @@character_set_client */;
/*!50503 SET character_set_client = utf8mb4 */;
CREATE TABLE `vtiger_salutationtype_seq` (
  `id` int NOT NULL
) ENGINE=InnoDB DEFAULT CHARSET=utf8mb3;
/*!40101 SET character_set_client = @saved_cs_client */;

--
-- Dumping data for table `vtiger_salutationtype_seq`
--

LOCK TABLES `vtiger_salutationtype_seq` WRITE;
/*!40000 ALTER TABLE `vtiger_salutationtype_seq` DISABLE KEYS */;
INSERT INTO `vtiger_salutationtype_seq` VALUES (6);
/*!40000 ALTER TABLE `vtiger_salutationtype_seq` ENABLE KEYS */;
UNLOCK TABLES;

--
-- Table structure for table `vtiger_scheduled_reports`
--

DROP TABLE IF EXISTS `vtiger_scheduled_reports`;
/*!40101 SET @saved_cs_client     = @@character_set_client */;
/*!50503 SET character_set_client = utf8mb4 */;
CREATE TABLE `vtiger_scheduled_reports` (
  `reportid` int NOT NULL,
  `recipients` text,
  `schedule` text,
  `format` varchar(10) DEFAULT NULL,
  `next_trigger_time` timestamp NULL DEFAULT NULL,
  PRIMARY KEY (`reportid`)
) ENGINE=InnoDB DEFAULT CHARSET=utf8mb3;
/*!40101 SET character_set_client = @saved_cs_client */;

--
-- Dumping data for table `vtiger_scheduled_reports`
--

LOCK TABLES `vtiger_scheduled_reports` WRITE;
/*!40000 ALTER TABLE `vtiger_scheduled_reports` DISABLE KEYS */;
/*!40000 ALTER TABLE `vtiger_scheduled_reports` ENABLE KEYS */;
UNLOCK TABLES;

--
-- Table structure for table `vtiger_schedulereports`
--

DROP TABLE IF EXISTS `vtiger_schedulereports`;
/*!40101 SET @saved_cs_client     = @@character_set_client */;
/*!50503 SET character_set_client = utf8mb4 */;
CREATE TABLE `vtiger_schedulereports` (
  `reportid` int DEFAULT NULL,
  `scheduleid` int DEFAULT NULL,
  `recipients` text,
  `schdate` varchar(20) DEFAULT NULL,
  `schtime` time DEFAULT NULL,
  `schdayoftheweek` varchar(100) DEFAULT NULL,
  `schdayofthemonth` varchar(100) DEFAULT NULL,
  `schannualdates` varchar(500) DEFAULT NULL,
  `specificemails` varchar(500) DEFAULT NULL,
  `next_trigger_time` timestamp NULL DEFAULT CURRENT_TIMESTAMP,
  `fileformat` varchar(10) DEFAULT 'CSV'
) ENGINE=InnoDB DEFAULT CHARSET=utf8mb3;
/*!40101 SET character_set_client = @saved_cs_client */;

--
-- Dumping data for table `vtiger_schedulereports`
--

LOCK TABLES `vtiger_schedulereports` WRITE;
/*!40000 ALTER TABLE `vtiger_schedulereports` DISABLE KEYS */;
/*!40000 ALTER TABLE `vtiger_schedulereports` ENABLE KEYS */;
UNLOCK TABLES;

--
-- Table structure for table `vtiger_seactivityrel`
--

DROP TABLE IF EXISTS `vtiger_seactivityrel`;
/*!40101 SET @saved_cs_client     = @@character_set_client */;
/*!50503 SET character_set_client = utf8mb4 */;
CREATE TABLE `vtiger_seactivityrel` (
  `crmid` int NOT NULL,
  `activityid` int NOT NULL,
  PRIMARY KEY (`crmid`,`activityid`),
  KEY `seactivityrel_activityid_idx` (`activityid`),
  KEY `seactivityrel_crmid_idx` (`crmid`),
  CONSTRAINT `fk_2_vtiger_seactivityrel` FOREIGN KEY (`crmid`) REFERENCES `vtiger_crmentity` (`crmid`) ON DELETE CASCADE
) ENGINE=InnoDB DEFAULT CHARSET=utf8mb3;
/*!40101 SET character_set_client = @saved_cs_client */;

--
-- Dumping data for table `vtiger_seactivityrel`
--

LOCK TABLES `vtiger_seactivityrel` WRITE;
/*!40000 ALTER TABLE `vtiger_seactivityrel` DISABLE KEYS */;
/*!40000 ALTER TABLE `vtiger_seactivityrel` ENABLE KEYS */;
UNLOCK TABLES;

--
-- Table structure for table `vtiger_seactivityrel_seq`
--

DROP TABLE IF EXISTS `vtiger_seactivityrel_seq`;
/*!40101 SET @saved_cs_client     = @@character_set_client */;
/*!50503 SET character_set_client = utf8mb4 */;
CREATE TABLE `vtiger_seactivityrel_seq` (
  `id` int NOT NULL
) ENGINE=InnoDB DEFAULT CHARSET=utf8mb3;
/*!40101 SET character_set_client = @saved_cs_client */;

--
-- Dumping data for table `vtiger_seactivityrel_seq`
--

LOCK TABLES `vtiger_seactivityrel_seq` WRITE;
/*!40000 ALTER TABLE `vtiger_seactivityrel_seq` DISABLE KEYS */;
INSERT INTO `vtiger_seactivityrel_seq` VALUES (1);
/*!40000 ALTER TABLE `vtiger_seactivityrel_seq` ENABLE KEYS */;
UNLOCK TABLES;

--
-- Table structure for table `vtiger_seattachmentsrel`
--

DROP TABLE IF EXISTS `vtiger_seattachmentsrel`;
/*!40101 SET @saved_cs_client     = @@character_set_client */;
/*!50503 SET character_set_client = utf8mb4 */;
CREATE TABLE `vtiger_seattachmentsrel` (
  `crmid` int NOT NULL DEFAULT '0',
  `attachmentsid` int NOT NULL DEFAULT '0',
  PRIMARY KEY (`crmid`,`attachmentsid`),
  KEY `seattachmentsrel_attachmentsid_idx` (`attachmentsid`),
  KEY `seattachmentsrel_crmid_idx` (`crmid`),
  KEY `seattachmentsrel_attachmentsid_crmid_idx` (`attachmentsid`,`crmid`),
  CONSTRAINT `fk_2_vtiger_seattachmentsrel` FOREIGN KEY (`crmid`) REFERENCES `vtiger_crmentity` (`crmid`) ON DELETE CASCADE
) ENGINE=InnoDB DEFAULT CHARSET=utf8mb3;
/*!40101 SET character_set_client = @saved_cs_client */;

--
-- Dumping data for table `vtiger_seattachmentsrel`
--

LOCK TABLES `vtiger_seattachmentsrel` WRITE;
/*!40000 ALTER TABLE `vtiger_seattachmentsrel` DISABLE KEYS */;
/*!40000 ALTER TABLE `vtiger_seattachmentsrel` ENABLE KEYS */;
UNLOCK TABLES;

--
-- Table structure for table `vtiger_selectcolumn`
--

DROP TABLE IF EXISTS `vtiger_selectcolumn`;
/*!40101 SET @saved_cs_client     = @@character_set_client */;
/*!50503 SET character_set_client = utf8mb4 */;
CREATE TABLE `vtiger_selectcolumn` (
  `queryid` int NOT NULL,
  `columnindex` int NOT NULL DEFAULT '0',
  `columnname` varchar(250) DEFAULT '',
  PRIMARY KEY (`queryid`,`columnindex`),
  KEY `selectcolumn_queryid_idx` (`queryid`),
  CONSTRAINT `fk_1_vtiger_selectcolumn` FOREIGN KEY (`queryid`) REFERENCES `vtiger_selectquery` (`queryid`) ON DELETE CASCADE
) ENGINE=InnoDB DEFAULT CHARSET=utf8mb3;
/*!40101 SET character_set_client = @saved_cs_client */;

--
-- Dumping data for table `vtiger_selectcolumn`
--

LOCK TABLES `vtiger_selectcolumn` WRITE;
/*!40000 ALTER TABLE `vtiger_selectcolumn` DISABLE KEYS */;
INSERT INTO `vtiger_selectcolumn` VALUES (1,0,'vtiger_contactdetails:firstname:Contacts_First_Name:firstname:V'),(1,1,'vtiger_contactdetails:lastname:Contacts_Last_Name:lastname:V'),(1,2,'vtiger_contactsubdetails:leadsource:Contacts_Lead_Source:leadsource:V'),(1,3,'vtiger_contactdetails:accountid:Contacts_Account_Name:account_id:V'),(1,4,'vtiger_account:industry:Accounts_industry:industry:V'),(1,5,'vtiger_contactdetails:email:Contacts_Email:email:E'),(2,0,'vtiger_contactdetails:firstname:Contacts_First_Name:firstname:V'),(2,1,'vtiger_contactdetails:lastname:Contacts_Last_Name:lastname:V'),(2,2,'vtiger_contactsubdetails:leadsource:Contacts_Lead_Source:leadsource:V'),(2,3,'vtiger_contactdetails:accountid:Contacts_Account_Name:account_id:V'),(2,4,'vtiger_account:industry:Accounts_industry:industry:V'),(2,5,'vtiger_contactdetails:email:Contacts_Email:email:E'),(3,0,'vtiger_contactdetails:firstname:Contacts_First_Name:firstname:V'),(3,1,'vtiger_contactdetails:lastname:Contacts_Last_Name:lastname:V'),(3,2,'vtiger_contactdetails:accountid:Contacts_Account_Name:account_id:V'),(3,3,'vtiger_contactdetails:email:Contacts_Email:email:E'),(3,4,'vtiger_potential:potentialname:Potentials_Potential_Name:potentialname:V'),(3,5,'vtiger_potential:sales_stage:Potentials_Sales_Stage:sales_stage:V'),(4,0,'vtiger_leaddetails:firstname:Leads_First_Name:firstname:V'),(4,1,'vtiger_leaddetails:lastname:Leads_Last_Name:lastname:V'),(4,2,'vtiger_leaddetails:company:Leads_Company:company:V'),(4,3,'vtiger_leaddetails:email:Leads_Email:email:E'),(4,4,'vtiger_leaddetails:leadsource:Leads_Lead_Source:leadsource:V'),(5,0,'vtiger_leaddetails:firstname:Leads_First_Name:firstname:V'),(5,1,'vtiger_leaddetails:lastname:Leads_Last_Name:lastname:V'),(5,2,'vtiger_leaddetails:company:Leads_Company:company:V'),(5,3,'vtiger_leaddetails:email:Leads_Email:email:E'),(5,4,'vtiger_leaddetails:leadsource:Leads_Lead_Source:leadsource:V'),(5,5,'vtiger_leaddetails:leadstatus:Leads_Lead_Status:leadstatus:V'),(6,0,'vtiger_potential:potentialname:Potentials_Potential_Name:potentialname:V'),(6,1,'vtiger_potential:amount:Potentials_Amount:amount:N'),(6,2,'vtiger_potential:potentialtype:Potentials_Type:opportunity_type:V'),(6,3,'vtiger_potential:leadsource:Potentials_Lead_Source:leadsource:V'),(6,4,'vtiger_potential:sales_stage:Potentials_Sales_Stage:sales_stage:V'),(7,0,'vtiger_potential:potentialname:Potentials_Potential_Name:potentialname:V'),(7,1,'vtiger_potential:amount:Potentials_Amount:amount:N'),(7,2,'vtiger_potential:potentialtype:Potentials_Type:opportunity_type:V'),(7,3,'vtiger_potential:leadsource:Potentials_Lead_Source:leadsource:V'),(7,4,'vtiger_potential:sales_stage:Potentials_Sales_Stage:sales_stage:V'),(8,0,'vtiger_activity:subject:Calendar_Subject:subject:V'),(8,1,'vtiger_contactdetailsCalendar:lastname:Calendar_Contact_Name:contact_id:I'),(8,2,'vtiger_activity:status:Calendar_Status:taskstatus:V'),(8,3,'vtiger_activity:priority:Calendar_Priority:taskpriority:V'),(8,4,'vtiger_usersCalendar:user_name:Calendar_Assigned_To:assigned_user_id:V'),(9,0,'vtiger_activity:subject:Calendar_Subject:subject:V'),(9,1,'vtiger_contactdetailsCalendar:lastname:Calendar_Contact_Name:contact_id:I'),(9,2,'vtiger_activity:status:Calendar_Status:taskstatus:V'),(9,3,'vtiger_activity:priority:Calendar_Priority:taskpriority:V'),(9,4,'vtiger_usersCalendar:user_name:Calendar_Assigned_To:assigned_user_id:V'),(10,0,'vtiger_troubletickets:title:HelpDesk_Title:ticket_title:V'),(10,1,'vtiger_troubletickets:status:HelpDesk_Status:ticketstatus:V'),(10,2,'vtiger_products:productname:Products_Product_Name:productname:V'),(10,3,'vtiger_products:discontinued:Products_Product_Active:discontinued:V'),(10,4,'vtiger_products:productcategory:Products_Product_Category:productcategory:V'),(10,5,'vtiger_products:manufacturer:Products_Manufacturer:manufacturer:V'),(11,0,'vtiger_troubletickets:title:HelpDesk_Title:ticket_title:V'),(11,1,'vtiger_troubletickets:priority:HelpDesk_Priority:ticketpriorities:V'),(11,2,'vtiger_troubletickets:severity:HelpDesk_Severity:ticketseverities:V'),(11,3,'vtiger_troubletickets:status:HelpDesk_Status:ticketstatus:V'),(11,4,'vtiger_troubletickets:category:HelpDesk_Category:ticketcategories:V'),(11,5,'vtiger_usersHelpDesk:user_name:HelpDesk_Assigned_To:assigned_user_id:V'),(12,0,'vtiger_troubletickets:title:HelpDesk_Title:ticket_title:V'),(12,1,'vtiger_troubletickets:priority:HelpDesk_Priority:ticketpriorities:V'),(12,2,'vtiger_troubletickets:severity:HelpDesk_Severity:ticketseverities:V'),(12,3,'vtiger_troubletickets:status:HelpDesk_Status:ticketstatus:V'),(12,4,'vtiger_troubletickets:category:HelpDesk_Category:ticketcategories:V'),(12,5,'vtiger_usersHelpDesk:user_name:HelpDesk_Assigned_To:assigned_user_id:V'),(13,0,'vtiger_products:productname:Products_Product_Name:productname:V'),(13,1,'vtiger_products:productcode:Products_Product_Code:productcode:V'),(13,2,'vtiger_products:discontinued:Products_Product_Active:discontinued:V'),(13,3,'vtiger_products:productcategory:Products_Product_Category:productcategory:V'),(13,4,'vtiger_products:website:Products_Website:website:V'),(13,5,'vtiger_vendorRelProducts:vendorname:Products_Vendor_Name:vendor_id:I'),(13,6,'vtiger_products:mfr_part_no:Products_Mfr_PartNo:mfr_part_no:V'),(14,0,'vtiger_products:productname:Products_Product_Name:productname:V'),(14,1,'vtiger_products:manufacturer:Products_Manufacturer:manufacturer:V'),(14,2,'vtiger_products:productcategory:Products_Product_Category:productcategory:V'),(14,3,'vtiger_contactdetails:firstname:Contacts_First_Name:firstname:V'),(14,4,'vtiger_contactdetails:lastname:Contacts_Last_Name:lastname:V'),(14,5,'vtiger_contactsubdetails:leadsource:Contacts_Lead_Source:leadsource:V'),(15,0,'vtiger_quotes:subject:Quotes_Subject:subject:V'),(15,1,'vtiger_potentialRelQuotes:potentialname:Quotes_Potential_Name:potential_id:I'),(15,2,'vtiger_quotes:quotestage:Quotes_Quote_Stage:quotestage:V'),(15,3,'vtiger_quotes:contactid:Quotes_Contact_Name:contact_id:V'),(15,4,'vtiger_usersRel1:user_name:Quotes_Inventory_Manager:assigned_user_id1:I'),(15,5,'vtiger_accountQuotes:accountname:Quotes_Account_Name:account_id:I'),(16,0,'vtiger_quotes:subject:Quotes_Subject:subject:V'),(16,1,'vtiger_potentialRelQuotes:potentialname:Quotes_Potential_Name:potential_id:I'),(16,2,'vtiger_quotes:quotestage:Quotes_Quote_Stage:quotestage:V'),(16,3,'vtiger_quotes:contactid:Quotes_Contact_Name:contact_id:V'),(16,4,'vtiger_usersRel1:user_name:Quotes_Inventory_Manager:assigned_user_id1:I'),(16,5,'vtiger_accountQuotes:accountname:Quotes_Account_Name:account_id:I'),(16,6,'vtiger_quotes:carrier:Quotes_Carrier:carrier:V'),(16,7,'vtiger_quotes:shipping:Quotes_Shipping:shipping:V'),(17,0,'vtiger_purchaseorder:subject:PurchaseOrder_Subject:subject:V'),(17,1,'vtiger_vendorRelPurchaseOrder:vendorname:PurchaseOrder_Vendor_Name:vendor_id:I'),(17,2,'vtiger_purchaseorder:tracking_no:PurchaseOrder_Tracking_Number:tracking_no:V'),(17,3,'vtiger_contactdetails:firstname:Contacts_First_Name:firstname:V'),(17,4,'vtiger_contactdetails:lastname:Contacts_Last_Name:lastname:V'),(17,5,'vtiger_contactsubdetails:leadsource:Contacts_Lead_Source:leadsource:V'),(17,6,'vtiger_contactdetails:email:Contacts_Email:email:E'),(18,0,'vtiger_purchaseorder:subject:PurchaseOrder_Subject:subject:V'),(18,1,'vtiger_vendorRelPurchaseOrder:vendorname:PurchaseOrder_Vendor_Name:vendor_id:I'),(18,2,'vtiger_purchaseorder:requisition_no:PurchaseOrder_Requisition_No:requisition_no:V'),(18,3,'vtiger_purchaseorder:tracking_no:PurchaseOrder_Tracking_Number:tracking_no:V'),(18,4,'vtiger_contactdetailsPurchaseOrder:lastname:PurchaseOrder_Contact_Name:contact_id:I'),(18,5,'vtiger_purchaseorder:carrier:PurchaseOrder_Carrier:carrier:V'),(18,6,'vtiger_purchaseorder:salescommission:PurchaseOrder_Sales_Commission:salescommission:N'),(18,7,'vtiger_purchaseorder:exciseduty:PurchaseOrder_Excise_Duty:exciseduty:N'),(18,8,'vtiger_usersPurchaseOrder:user_name:PurchaseOrder_Assigned_To:assigned_user_id:V'),(19,0,'vtiger_invoice:subject:Invoice_Subject:subject:V'),(19,1,'vtiger_invoice:salesorderid:Invoice_Sales_Order:salesorder_id:I'),(19,2,'vtiger_invoice:customerno:Invoice_Customer_No:customerno:V'),(19,3,'vtiger_invoice:exciseduty:Invoice_Excise_Duty:exciseduty:N'),(19,4,'vtiger_invoice:salescommission:Invoice_Sales_Commission:salescommission:N'),(19,5,'vtiger_accountInvoice:accountname:Invoice_Account_Name:account_id:I'),(20,0,'vtiger_salesorder:subject:SalesOrder_Subject:subject:V'),(20,1,'vtiger_quotesSalesOrder:subject:SalesOrder_Quote_Name:quote_id:I'),(20,2,'vtiger_contactdetailsSalesOrder:lastname:SalesOrder_Contact_Name:contact_id:I'),(20,3,'vtiger_salesorder:duedate:SalesOrder_Due_Date:duedate:D'),(20,4,'vtiger_salesorder:carrier:SalesOrder_Carrier:carrier:V'),(20,5,'vtiger_salesorder:sostatus:SalesOrder_Status:sostatus:V'),(20,6,'vtiger_accountSalesOrder:accountname:SalesOrder_Account_Name:account_id:I'),(20,7,'vtiger_salesorder:salescommission:SalesOrder_Sales_Commission:salescommission:N'),(20,8,'vtiger_salesorder:exciseduty:SalesOrder_Excise_Duty:exciseduty:N'),(20,9,'vtiger_usersSalesOrder:user_name:SalesOrder_Assigned_To:assigned_user_id:V'),(21,0,'vtiger_campaign:campaignname:Campaigns_Campaign_Name:campaignname:V'),(21,1,'vtiger_campaign:campaigntype:Campaigns_Campaign_Type:campaigntype:V'),(21,2,'vtiger_campaign:targetaudience:Campaigns_Target_Audience:targetaudience:V'),(21,3,'vtiger_campaign:budgetcost:Campaigns_Budget_Cost:budgetcost:I'),(21,4,'vtiger_campaign:actualcost:Campaigns_Actual_Cost:actualcost:I'),(21,5,'vtiger_campaign:expectedrevenue:Campaigns_Expected_Revenue:expectedrevenue:I'),(21,6,'vtiger_campaign:expectedsalescount:Campaigns_Expected_Sales_Count:expectedsalescount:N'),(21,7,'vtiger_campaign:actualsalescount:Campaigns_Actual_Sales_Count:actualsalescount:N'),(21,8,'vtiger_usersCampaigns:user_name:Campaigns_Assigned_To:assigned_user_id:V'),(22,0,'vtiger_contactdetails:lastname:Contacts_Last_Name:lastname:V'),(22,1,'vtiger_contactdetails:email:Contacts_Email:email:E'),(22,2,'vtiger_activity:subject:Emails_Subject:subject:V'),(22,3,'vtiger_email_track:access_count:Emails_Access_Count:access_count:V'),(23,0,'vtiger_account:accountname:Accounts_Account_Name:accountname:V'),(23,1,'vtiger_account:phone:Accounts_Phone:phone:V'),(23,2,'vtiger_account:email1:Accounts_Email:email1:E'),(23,3,'vtiger_activity:subject:Emails_Subject:subject:V'),(23,4,'vtiger_email_track:access_count:Emails_Access_Count:access_count:V'),(24,0,'vtiger_leaddetails:lastname:Leads_Last_Name:lastname:V'),(24,1,'vtiger_leaddetails:company:Leads_Company:company:V'),(24,2,'vtiger_leaddetails:email:Leads_Email:email:E'),(24,3,'vtiger_activity:subject:Emails_Subject:subject:V'),(24,4,'vtiger_email_track:access_count:Emails_Access_Count:access_count:V'),(25,0,'vtiger_vendor:vendorname:Vendors_Vendor_Name:vendorname:V'),(25,1,'vtiger_vendor:glacct:Vendors_GL_Account:glacct:V'),(25,2,'vtiger_vendor:email:Vendors_Email:email:E'),(25,3,'vtiger_activity:subject:Emails_Subject:subject:V'),(25,4,'vtiger_email_track:access_count:Emails_Access_Count:access_count:V');
/*!40000 ALTER TABLE `vtiger_selectcolumn` ENABLE KEYS */;
UNLOCK TABLES;

--
-- Table structure for table `vtiger_selectquery`
--

DROP TABLE IF EXISTS `vtiger_selectquery`;
/*!40101 SET @saved_cs_client     = @@character_set_client */;
/*!50503 SET character_set_client = utf8mb4 */;
CREATE TABLE `vtiger_selectquery` (
  `queryid` int NOT NULL,
  `startindex` int DEFAULT '0',
  `numofobjects` int DEFAULT '0',
  PRIMARY KEY (`queryid`),
  KEY `selectquery_queryid_idx` (`queryid`)
) ENGINE=InnoDB DEFAULT CHARSET=utf8mb3;
/*!40101 SET character_set_client = @saved_cs_client */;

--
-- Dumping data for table `vtiger_selectquery`
--

LOCK TABLES `vtiger_selectquery` WRITE;
/*!40000 ALTER TABLE `vtiger_selectquery` DISABLE KEYS */;
INSERT INTO `vtiger_selectquery` VALUES (1,0,0),(2,0,0),(3,0,0),(4,0,0),(5,0,0),(6,0,0),(7,0,0),(8,0,0),(9,0,0),(10,0,0),(11,0,0),(12,0,0),(13,0,0),(14,0,0),(15,0,0),(16,0,0),(17,0,0),(18,0,0),(19,0,0),(20,0,0),(21,0,0),(22,0,0),(23,0,0),(24,0,0),(25,0,0);
/*!40000 ALTER TABLE `vtiger_selectquery` ENABLE KEYS */;
UNLOCK TABLES;

--
-- Table structure for table `vtiger_selectquery_seq`
--

DROP TABLE IF EXISTS `vtiger_selectquery_seq`;
/*!40101 SET @saved_cs_client     = @@character_set_client */;
/*!50503 SET character_set_client = utf8mb4 */;
CREATE TABLE `vtiger_selectquery_seq` (
  `id` int NOT NULL
) ENGINE=InnoDB DEFAULT CHARSET=utf8mb3;
/*!40101 SET character_set_client = @saved_cs_client */;

--
-- Dumping data for table `vtiger_selectquery_seq`
--

LOCK TABLES `vtiger_selectquery_seq` WRITE;
/*!40000 ALTER TABLE `vtiger_selectquery_seq` DISABLE KEYS */;
INSERT INTO `vtiger_selectquery_seq` VALUES (25);
/*!40000 ALTER TABLE `vtiger_selectquery_seq` ENABLE KEYS */;
UNLOCK TABLES;

--
-- Table structure for table `vtiger_senotesrel`
--

DROP TABLE IF EXISTS `vtiger_senotesrel`;
/*!40101 SET @saved_cs_client     = @@character_set_client */;
/*!50503 SET character_set_client = utf8mb4 */;
CREATE TABLE `vtiger_senotesrel` (
  `crmid` int NOT NULL DEFAULT '0',
  `notesid` int NOT NULL DEFAULT '0',
  PRIMARY KEY (`crmid`,`notesid`),
  KEY `senotesrel_notesid_idx` (`notesid`),
  KEY `senotesrel_crmid_idx` (`crmid`),
  CONSTRAINT `fk1_crmid` FOREIGN KEY (`crmid`) REFERENCES `vtiger_crmentity` (`crmid`) ON DELETE CASCADE,
  CONSTRAINT `fk_2_vtiger_senotesrel` FOREIGN KEY (`notesid`) REFERENCES `vtiger_notes` (`notesid`) ON DELETE CASCADE
) ENGINE=InnoDB DEFAULT CHARSET=utf8mb3;
/*!40101 SET character_set_client = @saved_cs_client */;

--
-- Dumping data for table `vtiger_senotesrel`
--

LOCK TABLES `vtiger_senotesrel` WRITE;
/*!40000 ALTER TABLE `vtiger_senotesrel` DISABLE KEYS */;
/*!40000 ALTER TABLE `vtiger_senotesrel` ENABLE KEYS */;
UNLOCK TABLES;

--
-- Table structure for table `vtiger_seproductsrel`
--

DROP TABLE IF EXISTS `vtiger_seproductsrel`;
/*!40101 SET @saved_cs_client     = @@character_set_client */;
/*!50503 SET character_set_client = utf8mb4 */;
CREATE TABLE `vtiger_seproductsrel` (
  `crmid` int NOT NULL DEFAULT '0',
  `productid` int NOT NULL DEFAULT '0',
  `setype` varchar(30) NOT NULL,
  `quantity` int DEFAULT '1',
  PRIMARY KEY (`crmid`,`productid`),
  KEY `seproductsrel_productid_idx` (`productid`),
  KEY `seproductrel_crmid_idx` (`crmid`),
  CONSTRAINT `fk_2_vtiger_seproductsrel` FOREIGN KEY (`productid`) REFERENCES `vtiger_products` (`productid`) ON DELETE CASCADE
) ENGINE=InnoDB DEFAULT CHARSET=utf8mb3;
/*!40101 SET character_set_client = @saved_cs_client */;

--
-- Dumping data for table `vtiger_seproductsrel`
--

LOCK TABLES `vtiger_seproductsrel` WRITE;
/*!40000 ALTER TABLE `vtiger_seproductsrel` DISABLE KEYS */;
/*!40000 ALTER TABLE `vtiger_seproductsrel` ENABLE KEYS */;
UNLOCK TABLES;

--
-- Table structure for table `vtiger_service`
--

DROP TABLE IF EXISTS `vtiger_service`;
/*!40101 SET @saved_cs_client     = @@character_set_client */;
/*!50503 SET character_set_client = utf8mb4 */;
CREATE TABLE `vtiger_service` (
  `serviceid` int NOT NULL,
  `service_no` varchar(100) NOT NULL,
  `servicename` varchar(50) NOT NULL,
  `servicecategory` varchar(200) DEFAULT NULL,
  `qty_per_unit` decimal(11,2) DEFAULT '0.00',
  `unit_price` decimal(25,8) DEFAULT NULL,
  `sales_start_date` date DEFAULT NULL,
  `sales_end_date` date DEFAULT NULL,
  `start_date` date DEFAULT NULL,
  `expiry_date` date DEFAULT NULL,
  `discontinued` int NOT NULL DEFAULT '0',
  `service_usageunit` varchar(200) DEFAULT NULL,
  `website` varchar(100) DEFAULT NULL,
  `taxclass` varchar(200) DEFAULT NULL,
  `currency_id` int NOT NULL DEFAULT '1',
  `commissionrate` decimal(7,3) DEFAULT NULL,
  `unit_code` varchar(100) DEFAULT NULL,
  `one_s_id` varchar(255) DEFAULT NULL,
  `purchase_cost` decimal(27,8) DEFAULT NULL,
  `tags` varchar(1) DEFAULT NULL,
  PRIMARY KEY (`serviceid`),
  CONSTRAINT `fk_1_vtiger_service` FOREIGN KEY (`serviceid`) REFERENCES `vtiger_crmentity` (`crmid`) ON DELETE CASCADE
) ENGINE=InnoDB DEFAULT CHARSET=utf8mb3;
/*!40101 SET character_set_client = @saved_cs_client */;

--
-- Dumping data for table `vtiger_service`
--

LOCK TABLES `vtiger_service` WRITE;
/*!40000 ALTER TABLE `vtiger_service` DISABLE KEYS */;
INSERT INTO `vtiger_service` VALUES (13,'СЕР_1','test',NULL,0.00,0.00000000,NULL,NULL,NULL,NULL,1,'',NULL,'',1,0.000,'',NULL,0.00000000,''),(14,'СЕР_2','Сопровождение 1 ребенка',NULL,0.00,25.00000000,NULL,NULL,NULL,NULL,1,'Минуты',NULL,'',1,0.000,'',NULL,0.00000000,'');
/*!40000 ALTER TABLE `vtiger_service` ENABLE KEYS */;
UNLOCK TABLES;

--
-- Table structure for table `vtiger_service_usageunit`
--

DROP TABLE IF EXISTS `vtiger_service_usageunit`;
/*!40101 SET @saved_cs_client     = @@character_set_client */;
/*!50503 SET character_set_client = utf8mb4 */;
CREATE TABLE `vtiger_service_usageunit` (
  `service_usageunitid` int NOT NULL AUTO_INCREMENT,
  `service_usageunit` varchar(200) NOT NULL,
  `presence` int NOT NULL DEFAULT '1',
  `picklist_valueid` int NOT NULL DEFAULT '0',
  `sortorderid` int DEFAULT '0',
  `color` varchar(10) DEFAULT NULL,
  PRIMARY KEY (`service_usageunitid`)
) ENGINE=InnoDB AUTO_INCREMENT=5 DEFAULT CHARSET=utf8mb3;
/*!40101 SET character_set_client = @saved_cs_client */;

--
-- Dumping data for table `vtiger_service_usageunit`
--

LOCK TABLES `vtiger_service_usageunit` WRITE;
/*!40000 ALTER TABLE `vtiger_service_usageunit` DISABLE KEYS */;
INSERT INTO `vtiger_service_usageunit` VALUES (4,'Минуты',1,326,4,'#ffffff');
/*!40000 ALTER TABLE `vtiger_service_usageunit` ENABLE KEYS */;
UNLOCK TABLES;

--
-- Table structure for table `vtiger_service_usageunit_seq`
--

DROP TABLE IF EXISTS `vtiger_service_usageunit_seq`;
/*!40101 SET @saved_cs_client     = @@character_set_client */;
/*!50503 SET character_set_client = utf8mb4 */;
CREATE TABLE `vtiger_service_usageunit_seq` (
  `id` int NOT NULL
) ENGINE=InnoDB DEFAULT CHARSET=utf8mb3;
/*!40101 SET character_set_client = @saved_cs_client */;

--
-- Dumping data for table `vtiger_service_usageunit_seq`
--

LOCK TABLES `vtiger_service_usageunit_seq` WRITE;
/*!40000 ALTER TABLE `vtiger_service_usageunit_seq` DISABLE KEYS */;
INSERT INTO `vtiger_service_usageunit_seq` VALUES (4);
/*!40000 ALTER TABLE `vtiger_service_usageunit_seq` ENABLE KEYS */;
UNLOCK TABLES;

--
-- Table structure for table `vtiger_servicecategory`
--

DROP TABLE IF EXISTS `vtiger_servicecategory`;
/*!40101 SET @saved_cs_client     = @@character_set_client */;
/*!50503 SET character_set_client = utf8mb4 */;
CREATE TABLE `vtiger_servicecategory` (
  `servicecategoryid` int NOT NULL AUTO_INCREMENT,
  `servicecategory` varchar(200) NOT NULL,
  `presence` int NOT NULL DEFAULT '1',
  `picklist_valueid` int NOT NULL DEFAULT '0',
  `sortorderid` int DEFAULT '0',
  `color` varchar(10) DEFAULT NULL,
  PRIMARY KEY (`servicecategoryid`)
) ENGINE=InnoDB AUTO_INCREMENT=6 DEFAULT CHARSET=utf8mb3;
/*!40101 SET character_set_client = @saved_cs_client */;

--
-- Dumping data for table `vtiger_servicecategory`
--

LOCK TABLES `vtiger_servicecategory` WRITE;
/*!40000 ALTER TABLE `vtiger_servicecategory` DISABLE KEYS */;
INSERT INTO `vtiger_servicecategory` VALUES (1,'Support',1,228,1,NULL),(2,'Installation',1,229,2,NULL),(3,'Migration',1,230,3,NULL),(4,'Customization',1,231,4,NULL),(5,'Training',1,232,5,NULL);
/*!40000 ALTER TABLE `vtiger_servicecategory` ENABLE KEYS */;
UNLOCK TABLES;

--
-- Table structure for table `vtiger_servicecategory_seq`
--

DROP TABLE IF EXISTS `vtiger_servicecategory_seq`;
/*!40101 SET @saved_cs_client     = @@character_set_client */;
/*!50503 SET character_set_client = utf8mb4 */;
CREATE TABLE `vtiger_servicecategory_seq` (
  `id` int NOT NULL
) ENGINE=InnoDB DEFAULT CHARSET=utf8mb3;
/*!40101 SET character_set_client = @saved_cs_client */;

--
-- Dumping data for table `vtiger_servicecategory_seq`
--

LOCK TABLES `vtiger_servicecategory_seq` WRITE;
/*!40000 ALTER TABLE `vtiger_servicecategory_seq` DISABLE KEYS */;
INSERT INTO `vtiger_servicecategory_seq` VALUES (5);
/*!40000 ALTER TABLE `vtiger_servicecategory_seq` ENABLE KEYS */;
UNLOCK TABLES;

--
-- Table structure for table `vtiger_servicecf`
--

DROP TABLE IF EXISTS `vtiger_servicecf`;
/*!40101 SET @saved_cs_client     = @@character_set_client */;
/*!50503 SET character_set_client = utf8mb4 */;
CREATE TABLE `vtiger_servicecf` (
  `serviceid` int NOT NULL DEFAULT '0',
  PRIMARY KEY (`serviceid`),
  CONSTRAINT `fk_serviceid_vtiger_servicecf` FOREIGN KEY (`serviceid`) REFERENCES `vtiger_service` (`serviceid`) ON DELETE CASCADE
) ENGINE=InnoDB DEFAULT CHARSET=utf8mb3;
/*!40101 SET character_set_client = @saved_cs_client */;

--
-- Dumping data for table `vtiger_servicecf`
--

LOCK TABLES `vtiger_servicecf` WRITE;
/*!40000 ALTER TABLE `vtiger_servicecf` DISABLE KEYS */;
INSERT INTO `vtiger_servicecf` VALUES (13),(14);
/*!40000 ALTER TABLE `vtiger_servicecf` ENABLE KEYS */;
UNLOCK TABLES;

--
-- Table structure for table `vtiger_servicecontracts`
--

DROP TABLE IF EXISTS `vtiger_servicecontracts`;
/*!40101 SET @saved_cs_client     = @@character_set_client */;
/*!50503 SET character_set_client = utf8mb4 */;
CREATE TABLE `vtiger_servicecontracts` (
  `servicecontractsid` int DEFAULT NULL,
  `start_date` date DEFAULT NULL,
  `end_date` date DEFAULT NULL,
  `sc_related_to` int DEFAULT NULL,
  `tracking_unit` varchar(100) DEFAULT NULL,
  `total_units` decimal(5,2) DEFAULT NULL,
  `used_units` decimal(5,2) DEFAULT NULL,
  `subject` varchar(100) DEFAULT NULL,
  `due_date` date DEFAULT NULL,
  `planned_duration` varchar(256) DEFAULT NULL,
  `actual_duration` varchar(256) DEFAULT NULL,
  `contract_status` varchar(200) DEFAULT NULL,
  `priority` varchar(200) DEFAULT NULL,
  `contract_type` varchar(200) DEFAULT NULL,
  `progress` decimal(5,2) DEFAULT NULL,
  `contract_no` varchar(100) DEFAULT NULL,
  `tags` varchar(1) DEFAULT NULL,
  KEY `fk_crmid_vtiger_servicecontracts` (`servicecontractsid`),
  CONSTRAINT `fk_crmid_vtiger_servicecontracts` FOREIGN KEY (`servicecontractsid`) REFERENCES `vtiger_crmentity` (`crmid`) ON DELETE CASCADE
) ENGINE=InnoDB DEFAULT CHARSET=utf8mb3;
/*!40101 SET character_set_client = @saved_cs_client */;

--
-- Dumping data for table `vtiger_servicecontracts`
--

LOCK TABLES `vtiger_servicecontracts` WRITE;
/*!40000 ALTER TABLE `vtiger_servicecontracts` DISABLE KEYS */;
/*!40000 ALTER TABLE `vtiger_servicecontracts` ENABLE KEYS */;
UNLOCK TABLES;

--
-- Table structure for table `vtiger_servicecontractscf`
--

DROP TABLE IF EXISTS `vtiger_servicecontractscf`;
/*!40101 SET @saved_cs_client     = @@character_set_client */;
/*!50503 SET character_set_client = utf8mb4 */;
CREATE TABLE `vtiger_servicecontractscf` (
  `servicecontractsid` int NOT NULL,
  PRIMARY KEY (`servicecontractsid`),
  CONSTRAINT `fk_servicecontractsid_vtiger_servicecontractscf` FOREIGN KEY (`servicecontractsid`) REFERENCES `vtiger_servicecontracts` (`servicecontractsid`) ON DELETE CASCADE
) ENGINE=InnoDB DEFAULT CHARSET=utf8mb3;
/*!40101 SET character_set_client = @saved_cs_client */;

--
-- Dumping data for table `vtiger_servicecontractscf`
--

LOCK TABLES `vtiger_servicecontractscf` WRITE;
/*!40000 ALTER TABLE `vtiger_servicecontractscf` DISABLE KEYS */;
/*!40000 ALTER TABLE `vtiger_servicecontractscf` ENABLE KEYS */;
UNLOCK TABLES;

--
-- Table structure for table `vtiger_seticketsrel`
--

DROP TABLE IF EXISTS `vtiger_seticketsrel`;
/*!40101 SET @saved_cs_client     = @@character_set_client */;
/*!50503 SET character_set_client = utf8mb4 */;
CREATE TABLE `vtiger_seticketsrel` (
  `crmid` int NOT NULL DEFAULT '0',
  `ticketid` int NOT NULL DEFAULT '0',
  PRIMARY KEY (`crmid`,`ticketid`),
  KEY `seticketsrel_crmid_idx` (`crmid`),
  KEY `seticketsrel_ticketid_idx` (`ticketid`),
  CONSTRAINT `fk_2_vtiger_seticketsrel` FOREIGN KEY (`ticketid`) REFERENCES `vtiger_troubletickets` (`ticketid`) ON DELETE CASCADE
) ENGINE=InnoDB DEFAULT CHARSET=utf8mb3;
/*!40101 SET character_set_client = @saved_cs_client */;

--
-- Dumping data for table `vtiger_seticketsrel`
--

LOCK TABLES `vtiger_seticketsrel` WRITE;
/*!40000 ALTER TABLE `vtiger_seticketsrel` DISABLE KEYS */;
/*!40000 ALTER TABLE `vtiger_seticketsrel` ENABLE KEYS */;
UNLOCK TABLES;

--
-- Table structure for table `vtiger_settings_blocks`
--

DROP TABLE IF EXISTS `vtiger_settings_blocks`;
/*!40101 SET @saved_cs_client     = @@character_set_client */;
/*!50503 SET character_set_client = utf8mb4 */;
CREATE TABLE `vtiger_settings_blocks` (
  `blockid` int NOT NULL,
  `label` varchar(250) DEFAULT NULL,
  `sequence` int DEFAULT NULL,
  PRIMARY KEY (`blockid`)
) ENGINE=InnoDB DEFAULT CHARSET=utf8mb3;
/*!40101 SET character_set_client = @saved_cs_client */;

--
-- Dumping data for table `vtiger_settings_blocks`
--

LOCK TABLES `vtiger_settings_blocks` WRITE;
/*!40000 ALTER TABLE `vtiger_settings_blocks` DISABLE KEYS */;
INSERT INTO `vtiger_settings_blocks` VALUES (1,'LBL_USER_MANAGEMENT',1),(4,'LBL_OTHER_SETTINGS',10),(5,'LBL_MODULE_MANAGER',2),(6,'LBL_INTEGRATION',8),(7,'LBL_AUTOMATION',3),(8,'LBL_CONFIGURATION',4),(9,'LBL_MARKETING_SALES',5),(10,'LBL_INVENTORY',6),(11,'LBL_MY_PREFERENCES',7),(12,'LBL_EXTENSIONS',9);
/*!40000 ALTER TABLE `vtiger_settings_blocks` ENABLE KEYS */;
UNLOCK TABLES;

--
-- Table structure for table `vtiger_settings_blocks_seq`
--

DROP TABLE IF EXISTS `vtiger_settings_blocks_seq`;
/*!40101 SET @saved_cs_client     = @@character_set_client */;
/*!50503 SET character_set_client = utf8mb4 */;
CREATE TABLE `vtiger_settings_blocks_seq` (
  `id` int NOT NULL
) ENGINE=InnoDB DEFAULT CHARSET=utf8mb3;
/*!40101 SET character_set_client = @saved_cs_client */;

--
-- Dumping data for table `vtiger_settings_blocks_seq`
--

LOCK TABLES `vtiger_settings_blocks_seq` WRITE;
/*!40000 ALTER TABLE `vtiger_settings_blocks_seq` DISABLE KEYS */;
INSERT INTO `vtiger_settings_blocks_seq` VALUES (12);
/*!40000 ALTER TABLE `vtiger_settings_blocks_seq` ENABLE KEYS */;
UNLOCK TABLES;

--
-- Table structure for table `vtiger_settings_field`
--

DROP TABLE IF EXISTS `vtiger_settings_field`;
/*!40101 SET @saved_cs_client     = @@character_set_client */;
/*!50503 SET character_set_client = utf8mb4 */;
CREATE TABLE `vtiger_settings_field` (
  `fieldid` int NOT NULL,
  `blockid` int DEFAULT NULL,
  `name` varchar(250) DEFAULT NULL,
  `iconpath` varchar(300) DEFAULT NULL,
  `description` text,
  `linkto` text,
  `sequence` int DEFAULT NULL,
  `active` int DEFAULT '0',
  `pinned` int DEFAULT '0',
  PRIMARY KEY (`fieldid`),
  KEY `fk_1_vtiger_settings_field` (`blockid`),
  CONSTRAINT `fk_1_vtiger_settings_field` FOREIGN KEY (`blockid`) REFERENCES `vtiger_settings_blocks` (`blockid`) ON DELETE CASCADE
) ENGINE=InnoDB DEFAULT CHARSET=utf8mb3;
/*!40101 SET character_set_client = @saved_cs_client */;

--
-- Dumping data for table `vtiger_settings_field`
--

LOCK TABLES `vtiger_settings_field` WRITE;
/*!40000 ALTER TABLE `vtiger_settings_field` DISABLE KEYS */;
INSERT INTO `vtiger_settings_field` VALUES (1,1,'LBL_USERS','ico-users.gif','LBL_USER_DESCRIPTION','index.php?module=Users&parent=Settings&view=List',1,0,1),(2,1,'LBL_ROLES','ico-roles.gif','LBL_ROLE_DESCRIPTION','index.php?module=Roles&parent=Settings&view=Index',2,0,0),(3,1,'LBL_PROFILES','ico-profile.gif','LBL_PROFILE_DESCRIPTION','index.php?module=Profiles&parent=Settings&view=List',3,0,0),(4,1,'USERGROUPLIST','ico-groups.gif','LBL_GROUP_DESCRIPTION','index.php?module=Groups&parent=Settings&view=List',5,0,0),(5,1,'LBL_SHARING_ACCESS','shareaccess.gif','LBL_SHARING_ACCESS_DESCRIPTION','index.php?module=SharingAccess&parent=Settings&view=Index',4,0,0),(7,1,'LBL_LOGIN_HISTORY_DETAILS','set-IcoLoginHistory.gif','LBL_LOGIN_HISTORY_DESCRIPTION','index.php?module=LoginHistory&parent=Settings&view=List',6,0,0),(8,5,'VTLIB_LBL_MODULE_MANAGER','vtlib_modmng.gif','VTLIB_LBL_MODULE_MANAGER_DESCRIPTION','index.php?module=ModuleManager&parent=Settings&view=List',1,0,1),(9,8,'LBL_PICKLIST_EDITOR','picklist.gif','LBL_PICKLIST_DESCRIPTION','index.php?parent=Settings&module=Picklist&view=Index',6,0,1),(10,8,'LBL_PICKLIST_DEPENDENCY','picklistdependency.gif','LBL_PICKLIST_DEPENDENCY_DESCRIPTION','index.php?parent=Settings&module=PickListDependency&view=List',7,0,0),(11,8,'LBL_MENU_EDITOR','menueditor.png','LBL_MENU_DESC','index.php?module=MenuEditor&parent=Settings&view=Index',8,0,0),(14,8,'LBL_COMPANY_DETAILS','company.gif','LBL_COMPANY_DESCRIPTION','index.php?parent=Settings&module=Vtiger&view=CompanyDetails',1,0,0),(15,8,'LBL_MAIL_SERVER_SETTINGS','ogmailserver.gif','LBL_MAIL_SERVER_DESCRIPTION','index.php?parent=Settings&module=Vtiger&view=OutgoingServerDetail',4,0,0),(16,8,'LBL_CURRENCY_SETTINGS','currency.gif','LBL_CURRENCY_DESCRIPTION','index.php?parent=Settings&module=Currency&view=List',3,0,0),(17,10,'LBL_TAX_SETTINGS','taxConfiguration.gif','LBL_TAX_DESCRIPTION','index.php?module=Vtiger&parent=Settings&view=TaxIndex',1,0,0),(18,4,'LBL_SYSTEM_INFO','system.gif','LBL_SYSTEM_DESCRIPTION','index.php?module=Settings&submodule=Server&view=ProxyConfig',6,1,0),(20,4,'LBL_DEFAULT_MODULE_VIEW','set-IcoTwoTabConfig.gif','LBL_DEFAULT_MODULE_VIEW_DESC','index.php?module=Settings&action=DefModuleView&parenttab=Settings',2,0,0),(21,10,'INVENTORYTERMSANDCONDITIONS','terms.gif','LBL_INV_TANDC_DESCRIPTION','index.php?parent=Settings&module=Vtiger&view=TermsAndConditionsEdit',2,0,0),(22,5,'LBL_CUSTOMIZE_MODENT_NUMBER','settingsInvNumber.gif','LBL_CUSTOMIZE_MODENT_NUMBER_DESCRIPTION','index.php?module=Vtiger&parent=Settings&view=CustomRecordNumbering',4,0,0),(23,4,'LBL_MAIL_SCANNER','mailScanner.gif','LBL_MAIL_SCANNER_DESCRIPTION','index.php?parent=Settings&module=MailConverter&view=List',5,0,0),(24,7,'LBL_LIST_WORKFLOWS','settingsWorkflow.png','LBL_LIST_WORKFLOWS_DESCRIPTION','index.php?module=Workflows&parent=Settings&view=List',3,0,1),(25,8,'Configuration Editor','migrate.gif','LBL_CONFIG_EDITOR_DESCRIPTION','index.php?module=Vtiger&parent=Settings&view=ConfigEditorDetail',5,0,0),(26,7,'Scheduler','Cron.png','Allows you to Configure Cron Task','index.php?module=CronTasks&parent=Settings&view=List',2,0,0),(28,4,'ModTracker','set-IcoLoginHistory.gif','LBL_MODTRACKER_DESCRIPTION','index.php?module=ModTracker&action=BasicSettings&parenttab=Settings&formodule=ModTracker',9,0,0),(30,4,'DynamicBlocks','',NULL,'index.php?module=SPDynamicBlocks&parent=Settings&view=List',10,0,0),(31,6,'LBL_SOCIALCONNECTOR_SETTINGS','','LBL_SOCIALCONNECTOR_SETTINGS','index.php?module=SPSocialConnector&view=Index&parent=Settings',3,0,0),(32,6,'VoipIntegration','',NULL,'index.php?module=SPVoipIntegration&parent=Settings&view=Index',4,0,0),(33,4,'Search','','LBL_SEARCH_SETUP_DESCRIPTION','index.php?module=Search&parent=Settings&view=Index',11,0,0),(34,6,'LBL_CML_SETTINGS','cml_settings.png','LBL_CML_SETTINGS_DESCRIPTION','index.php?module=SPCMLConnector&view=Index&parent=Settings',5,0,0),(35,6,'LBL_TIPS',NULL,NULL,'index.php?module=SPTips&view=Index&parent=Settings',6,0,0),(36,7,'Webforms','modules/Webforms/img/Webform.png','LBL_WEBFORMS_DESCRIPTION','index.php?module=Webforms&parent=Settings&view=List',1,0,0),(37,8,'LBL_CUSTOMER_PORTAL','portal_icon.png','PORTAL_EXTENSION_DESCRIPTION','index.php?module=CustomerPortal&parent=Settings&view=Index',2,0,0),(38,5,'LBL_EDIT_FIELDS','','LBL_LAYOUT_EDITOR_DESCRIPTION','index.php?module=LayoutEditor&parent=Settings&view=Index',2,0,0),(39,9,'LBL_LEAD_MAPPING','NULL','NULL','index.php?parent=Settings&module=Leads&view=MappingDetail',1,0,1),(40,9,'LBL_OPPORTUNITY_MAPPING','NULL','NULL','index.php?parent=Settings&module=Potentials&view=MappingDetail',2,0,1),(41,11,'My Preferences','NULL','NULL','index.php?module=Users&view=PreferenceDetail&parent=Settings&record=1',1,0,1),(42,11,'Calendar Settings','NULL','NULL','index.php?module=Users&parent=Settings&view=Calendar&record=1',2,0,1),(43,11,'LBL_MY_TAGS','NULL','NULL','index.php?module=Tags&parent=Settings&view=List&record=1',3,0,1),(44,12,'LBL_EXTENSION_STORE','NULL','NULL','index.php?module=ExtensionStore&parent=Settings&view=ExtensionStore',1,0,1),(45,12,'LBL_GOOGLE','NULL','NULL','index.php?module=Contacts&parent=Settings&view=Extension&extensionModule=Google&extensionView=Index&mode=settings',2,1,1),(46,4,'Custom Module Builder',NULL,'Settings area for Module - Link Creator','index.php?module=ModuleLinkCreator&view=List',12,0,0),(47,4,'Related Blocks & Lists',NULL,'Settings area for Related Blocks & Lists','index.php?module=RelatedBlocksLists&parent=Settings&view=Settings',47,0,0),(48,4,'Conditional Layouts',NULL,'Settings area for Conditional Layouts','index.php?module=ControlLayoutFields&parent=Settings&view=ListAll&mode=listAll',48,0,0);
/*!40000 ALTER TABLE `vtiger_settings_field` ENABLE KEYS */;
UNLOCK TABLES;

--
-- Table structure for table `vtiger_settings_field_seq`
--

DROP TABLE IF EXISTS `vtiger_settings_field_seq`;
/*!40101 SET @saved_cs_client     = @@character_set_client */;
/*!50503 SET character_set_client = utf8mb4 */;
CREATE TABLE `vtiger_settings_field_seq` (
  `id` int NOT NULL
) ENGINE=InnoDB DEFAULT CHARSET=utf8mb3;
/*!40101 SET character_set_client = @saved_cs_client */;

--
-- Dumping data for table `vtiger_settings_field_seq`
--

LOCK TABLES `vtiger_settings_field_seq` WRITE;
/*!40000 ALTER TABLE `vtiger_settings_field_seq` DISABLE KEYS */;
INSERT INTO `vtiger_settings_field_seq` VALUES (48);
/*!40000 ALTER TABLE `vtiger_settings_field_seq` ENABLE KEYS */;
UNLOCK TABLES;

--
-- Table structure for table `vtiger_sharedcalendar`
--

DROP TABLE IF EXISTS `vtiger_sharedcalendar`;
/*!40101 SET @saved_cs_client     = @@character_set_client */;
/*!50503 SET character_set_client = utf8mb4 */;
CREATE TABLE `vtiger_sharedcalendar` (
  `userid` int NOT NULL,
  `sharedid` int NOT NULL,
  PRIMARY KEY (`userid`,`sharedid`)
) ENGINE=InnoDB DEFAULT CHARSET=utf8mb3;
/*!40101 SET character_set_client = @saved_cs_client */;

--
-- Dumping data for table `vtiger_sharedcalendar`
--

LOCK TABLES `vtiger_sharedcalendar` WRITE;
/*!40000 ALTER TABLE `vtiger_sharedcalendar` DISABLE KEYS */;
/*!40000 ALTER TABLE `vtiger_sharedcalendar` ENABLE KEYS */;
UNLOCK TABLES;

--
-- Table structure for table `vtiger_shareduserinfo`
--

DROP TABLE IF EXISTS `vtiger_shareduserinfo`;
/*!40101 SET @saved_cs_client     = @@character_set_client */;
/*!50503 SET character_set_client = utf8mb4 */;
CREATE TABLE `vtiger_shareduserinfo` (
  `userid` int NOT NULL DEFAULT '0',
  `shareduserid` int NOT NULL DEFAULT '0',
  `color` varchar(50) DEFAULT NULL,
  `visible` int DEFAULT '1'
) ENGINE=InnoDB DEFAULT CHARSET=utf8mb3;
/*!40101 SET character_set_client = @saved_cs_client */;

--
-- Dumping data for table `vtiger_shareduserinfo`
--

LOCK TABLES `vtiger_shareduserinfo` WRITE;
/*!40000 ALTER TABLE `vtiger_shareduserinfo` DISABLE KEYS */;
/*!40000 ALTER TABLE `vtiger_shareduserinfo` ENABLE KEYS */;
UNLOCK TABLES;

--
-- Table structure for table `vtiger_shippingtaxinfo`
--

DROP TABLE IF EXISTS `vtiger_shippingtaxinfo`;
/*!40101 SET @saved_cs_client     = @@character_set_client */;
/*!50503 SET character_set_client = utf8mb4 */;
CREATE TABLE `vtiger_shippingtaxinfo` (
  `taxid` int NOT NULL,
  `taxname` varchar(50) DEFAULT NULL,
  `taxlabel` varchar(50) DEFAULT NULL,
  `percentage` decimal(7,3) DEFAULT NULL,
  `deleted` int DEFAULT NULL,
  `method` varchar(10) DEFAULT NULL,
  `type` varchar(10) DEFAULT NULL,
  `compoundon` varchar(400) DEFAULT NULL,
  `regions` text,
  PRIMARY KEY (`taxid`),
  KEY `shippingtaxinfo_taxname_idx` (`taxname`)
) ENGINE=InnoDB DEFAULT CHARSET=utf8mb3;
/*!40101 SET character_set_client = @saved_cs_client */;

--
-- Dumping data for table `vtiger_shippingtaxinfo`
--

LOCK TABLES `vtiger_shippingtaxinfo` WRITE;
/*!40000 ALTER TABLE `vtiger_shippingtaxinfo` DISABLE KEYS */;
INSERT INTO `vtiger_shippingtaxinfo` VALUES (1,'shtax1','НДС',18.000,0,'Simple','Fixed','[]','[]');
/*!40000 ALTER TABLE `vtiger_shippingtaxinfo` ENABLE KEYS */;
UNLOCK TABLES;

--
-- Table structure for table `vtiger_shippingtaxinfo_seq`
--

DROP TABLE IF EXISTS `vtiger_shippingtaxinfo_seq`;
/*!40101 SET @saved_cs_client     = @@character_set_client */;
/*!50503 SET character_set_client = utf8mb4 */;
CREATE TABLE `vtiger_shippingtaxinfo_seq` (
  `id` int NOT NULL
) ENGINE=InnoDB DEFAULT CHARSET=utf8mb3;
/*!40101 SET character_set_client = @saved_cs_client */;

--
-- Dumping data for table `vtiger_shippingtaxinfo_seq`
--

LOCK TABLES `vtiger_shippingtaxinfo_seq` WRITE;
/*!40000 ALTER TABLE `vtiger_shippingtaxinfo_seq` DISABLE KEYS */;
INSERT INTO `vtiger_shippingtaxinfo_seq` VALUES (3);
/*!40000 ALTER TABLE `vtiger_shippingtaxinfo_seq` ENABLE KEYS */;
UNLOCK TABLES;

--
-- Table structure for table `vtiger_shorturls`
--

DROP TABLE IF EXISTS `vtiger_shorturls`;
/*!40101 SET @saved_cs_client     = @@character_set_client */;
/*!50503 SET character_set_client = utf8mb4 */;
CREATE TABLE `vtiger_shorturls` (
  `id` int NOT NULL AUTO_INCREMENT,
  `uid` varchar(50) DEFAULT NULL,
  `handler_path` varchar(400) DEFAULT NULL,
  `handler_class` varchar(100) DEFAULT NULL,
  `handler_function` varchar(100) DEFAULT NULL,
  `handler_data` varchar(255) DEFAULT NULL,
  `onetime` int DEFAULT NULL,
  PRIMARY KEY (`id`),
  KEY `uid` (`uid`)
) ENGINE=InnoDB DEFAULT CHARSET=utf8mb3;
/*!40101 SET character_set_client = @saved_cs_client */;

--
-- Dumping data for table `vtiger_shorturls`
--

LOCK TABLES `vtiger_shorturls` WRITE;
/*!40000 ALTER TABLE `vtiger_shorturls` DISABLE KEYS */;
/*!40000 ALTER TABLE `vtiger_shorturls` ENABLE KEYS */;
UNLOCK TABLES;

--
-- Table structure for table `vtiger_smsnotifier`
--

DROP TABLE IF EXISTS `vtiger_smsnotifier`;
/*!40101 SET @saved_cs_client     = @@character_set_client */;
/*!50503 SET character_set_client = utf8mb4 */;
CREATE TABLE `vtiger_smsnotifier` (
  `smsnotifierid` int NOT NULL,
  `message` text,
  `status` varchar(100) DEFAULT NULL,
  PRIMARY KEY (`smsnotifierid`),
  CONSTRAINT `fk_crmid_vtiger_smsnotifier` FOREIGN KEY (`smsnotifierid`) REFERENCES `vtiger_crmentity` (`crmid`) ON DELETE CASCADE
) ENGINE=InnoDB DEFAULT CHARSET=utf8mb3;
/*!40101 SET character_set_client = @saved_cs_client */;

--
-- Dumping data for table `vtiger_smsnotifier`
--

LOCK TABLES `vtiger_smsnotifier` WRITE;
/*!40000 ALTER TABLE `vtiger_smsnotifier` DISABLE KEYS */;
/*!40000 ALTER TABLE `vtiger_smsnotifier` ENABLE KEYS */;
UNLOCK TABLES;

--
-- Table structure for table `vtiger_smsnotifier_servers`
--

DROP TABLE IF EXISTS `vtiger_smsnotifier_servers`;
/*!40101 SET @saved_cs_client     = @@character_set_client */;
/*!50503 SET character_set_client = utf8mb4 */;
CREATE TABLE `vtiger_smsnotifier_servers` (
  `id` int NOT NULL AUTO_INCREMENT,
  `password` varchar(255) DEFAULT NULL,
  `isactive` int DEFAULT NULL,
  `providertype` varchar(50) DEFAULT NULL,
  `username` varchar(255) DEFAULT NULL,
  `parameters` text,
  PRIMARY KEY (`id`)
) ENGINE=InnoDB DEFAULT CHARSET=utf8mb3;
/*!40101 SET character_set_client = @saved_cs_client */;

--
-- Dumping data for table `vtiger_smsnotifier_servers`
--

LOCK TABLES `vtiger_smsnotifier_servers` WRITE;
/*!40000 ALTER TABLE `vtiger_smsnotifier_servers` DISABLE KEYS */;
/*!40000 ALTER TABLE `vtiger_smsnotifier_servers` ENABLE KEYS */;
UNLOCK TABLES;

--
-- Table structure for table `vtiger_smsnotifier_status`
--

DROP TABLE IF EXISTS `vtiger_smsnotifier_status`;
/*!40101 SET @saved_cs_client     = @@character_set_client */;
/*!50503 SET character_set_client = utf8mb4 */;
CREATE TABLE `vtiger_smsnotifier_status` (
  `smsnotifierid` int DEFAULT NULL,
  `tonumber` varchar(20) DEFAULT NULL,
  `status` varchar(10) DEFAULT NULL,
  `smsmessageid` varchar(50) DEFAULT NULL,
  `needlookup` int DEFAULT '1',
  `statusid` int NOT NULL AUTO_INCREMENT,
  `statusmessage` varchar(100) DEFAULT NULL,
  PRIMARY KEY (`statusid`)
) ENGINE=InnoDB DEFAULT CHARSET=utf8mb3;
/*!40101 SET character_set_client = @saved_cs_client */;

--
-- Dumping data for table `vtiger_smsnotifier_status`
--

LOCK TABLES `vtiger_smsnotifier_status` WRITE;
/*!40000 ALTER TABLE `vtiger_smsnotifier_status` DISABLE KEYS */;
/*!40000 ALTER TABLE `vtiger_smsnotifier_status` ENABLE KEYS */;
UNLOCK TABLES;

--
-- Table structure for table `vtiger_smsnotifiercf`
--

DROP TABLE IF EXISTS `vtiger_smsnotifiercf`;
/*!40101 SET @saved_cs_client     = @@character_set_client */;
/*!50503 SET character_set_client = utf8mb4 */;
CREATE TABLE `vtiger_smsnotifiercf` (
  `smsnotifierid` int NOT NULL,
  PRIMARY KEY (`smsnotifierid`),
  CONSTRAINT `fk_smsnotifierid_vtiger_smsnotifiercf` FOREIGN KEY (`smsnotifierid`) REFERENCES `vtiger_smsnotifier` (`smsnotifierid`) ON DELETE CASCADE
) ENGINE=InnoDB DEFAULT CHARSET=utf8mb3;
/*!40101 SET character_set_client = @saved_cs_client */;

--
-- Dumping data for table `vtiger_smsnotifiercf`
--

LOCK TABLES `vtiger_smsnotifiercf` WRITE;
/*!40000 ALTER TABLE `vtiger_smsnotifiercf` DISABLE KEYS */;
/*!40000 ALTER TABLE `vtiger_smsnotifiercf` ENABLE KEYS */;
UNLOCK TABLES;

--
-- Table structure for table `vtiger_soapservice`
--

DROP TABLE IF EXISTS `vtiger_soapservice`;
/*!40101 SET @saved_cs_client     = @@character_set_client */;
/*!50503 SET character_set_client = utf8mb4 */;
CREATE TABLE `vtiger_soapservice` (
  `id` int DEFAULT NULL,
  `type` varchar(25) DEFAULT NULL,
  `sessionid` varchar(100) DEFAULT NULL
) ENGINE=InnoDB DEFAULT CHARSET=utf8mb3;
/*!40101 SET character_set_client = @saved_cs_client */;

--
-- Dumping data for table `vtiger_soapservice`
--

LOCK TABLES `vtiger_soapservice` WRITE;
/*!40000 ALTER TABLE `vtiger_soapservice` DISABLE KEYS */;
/*!40000 ALTER TABLE `vtiger_soapservice` ENABLE KEYS */;
UNLOCK TABLES;

--
-- Table structure for table `vtiger_sobillads`
--

DROP TABLE IF EXISTS `vtiger_sobillads`;
/*!40101 SET @saved_cs_client     = @@character_set_client */;
/*!50503 SET character_set_client = utf8mb4 */;
CREATE TABLE `vtiger_sobillads` (
  `sobilladdressid` int NOT NULL DEFAULT '0',
  `bill_city` varchar(30) DEFAULT NULL,
  `bill_code` varchar(30) DEFAULT NULL,
  `bill_country` varchar(30) DEFAULT NULL,
  `bill_state` varchar(30) DEFAULT NULL,
  `bill_street` varchar(250) DEFAULT NULL,
  `bill_pobox` varchar(30) DEFAULT NULL,
  PRIMARY KEY (`sobilladdressid`),
  CONSTRAINT `fk_1_vtiger_sobillads` FOREIGN KEY (`sobilladdressid`) REFERENCES `vtiger_salesorder` (`salesorderid`) ON DELETE CASCADE
) ENGINE=InnoDB DEFAULT CHARSET=utf8mb3;
/*!40101 SET character_set_client = @saved_cs_client */;

--
-- Dumping data for table `vtiger_sobillads`
--

LOCK TABLES `vtiger_sobillads` WRITE;
/*!40000 ALTER TABLE `vtiger_sobillads` DISABLE KEYS */;
/*!40000 ALTER TABLE `vtiger_sobillads` ENABLE KEYS */;
UNLOCK TABLES;

--
-- Table structure for table `vtiger_soshipads`
--

DROP TABLE IF EXISTS `vtiger_soshipads`;
/*!40101 SET @saved_cs_client     = @@character_set_client */;
/*!50503 SET character_set_client = utf8mb4 */;
CREATE TABLE `vtiger_soshipads` (
  `soshipaddressid` int NOT NULL DEFAULT '0',
  `ship_city` varchar(30) DEFAULT NULL,
  `ship_code` varchar(30) DEFAULT NULL,
  `ship_country` varchar(30) DEFAULT NULL,
  `ship_state` varchar(30) DEFAULT NULL,
  `ship_street` varchar(250) DEFAULT NULL,
  `ship_pobox` varchar(30) DEFAULT NULL,
  PRIMARY KEY (`soshipaddressid`),
  CONSTRAINT `fk_1_vtiger_soshipads` FOREIGN KEY (`soshipaddressid`) REFERENCES `vtiger_salesorder` (`salesorderid`) ON DELETE CASCADE
) ENGINE=InnoDB DEFAULT CHARSET=utf8mb3;
/*!40101 SET character_set_client = @saved_cs_client */;

--
-- Dumping data for table `vtiger_soshipads`
--

LOCK TABLES `vtiger_soshipads` WRITE;
/*!40000 ALTER TABLE `vtiger_soshipads` DISABLE KEYS */;
/*!40000 ALTER TABLE `vtiger_soshipads` ENABLE KEYS */;
UNLOCK TABLES;

--
-- Table structure for table `vtiger_sostatus`
--

DROP TABLE IF EXISTS `vtiger_sostatus`;
/*!40101 SET @saved_cs_client     = @@character_set_client */;
/*!50503 SET character_set_client = utf8mb4 */;
CREATE TABLE `vtiger_sostatus` (
  `sostatusid` int NOT NULL AUTO_INCREMENT,
  `sostatus` varchar(200) NOT NULL,
  `presence` int NOT NULL DEFAULT '1',
  `picklist_valueid` int NOT NULL DEFAULT '0',
  `sortorderid` int DEFAULT NULL,
  `color` varchar(10) DEFAULT NULL,
  PRIMARY KEY (`sostatusid`),
  UNIQUE KEY `sostatus_sostatus_idx` (`sostatus`)
) ENGINE=InnoDB AUTO_INCREMENT=5 DEFAULT CHARSET=utf8mb3;
/*!40101 SET character_set_client = @saved_cs_client */;

--
-- Dumping data for table `vtiger_sostatus`
--

LOCK TABLES `vtiger_sostatus` WRITE;
/*!40000 ALTER TABLE `vtiger_sostatus` DISABLE KEYS */;
INSERT INTO `vtiger_sostatus` VALUES (1,'Created',0,166,0,NULL),(2,'Approved',0,167,1,NULL),(3,'Delivered',0,168,2,NULL),(4,'Cancelled',0,169,3,NULL);
/*!40000 ALTER TABLE `vtiger_sostatus` ENABLE KEYS */;
UNLOCK TABLES;

--
-- Table structure for table `vtiger_sostatus_seq`
--

DROP TABLE IF EXISTS `vtiger_sostatus_seq`;
/*!40101 SET @saved_cs_client     = @@character_set_client */;
/*!50503 SET character_set_client = utf8mb4 */;
CREATE TABLE `vtiger_sostatus_seq` (
  `id` int NOT NULL
) ENGINE=InnoDB DEFAULT CHARSET=utf8mb3;
/*!40101 SET character_set_client = @saved_cs_client */;

--
-- Dumping data for table `vtiger_sostatus_seq`
--

LOCK TABLES `vtiger_sostatus_seq` WRITE;
/*!40000 ALTER TABLE `vtiger_sostatus_seq` DISABLE KEYS */;
INSERT INTO `vtiger_sostatus_seq` VALUES (4);
/*!40000 ALTER TABLE `vtiger_sostatus_seq` ENABLE KEYS */;
UNLOCK TABLES;

--
-- Table structure for table `vtiger_sostatushistory`
--

DROP TABLE IF EXISTS `vtiger_sostatushistory`;
/*!40101 SET @saved_cs_client     = @@character_set_client */;
/*!50503 SET character_set_client = utf8mb4 */;
CREATE TABLE `vtiger_sostatushistory` (
  `historyid` int NOT NULL AUTO_INCREMENT,
  `salesorderid` int NOT NULL,
  `accountname` varchar(100) DEFAULT NULL,
  `total` decimal(10,0) DEFAULT NULL,
  `sostatus` varchar(200) DEFAULT NULL,
  `lastmodified` datetime DEFAULT NULL,
  PRIMARY KEY (`historyid`),
  KEY `sostatushistory_salesorderid_idx` (`salesorderid`),
  CONSTRAINT `fk_1_vtiger_sostatushistory` FOREIGN KEY (`salesorderid`) REFERENCES `vtiger_salesorder` (`salesorderid`) ON DELETE CASCADE
) ENGINE=InnoDB DEFAULT CHARSET=utf8mb3;
/*!40101 SET character_set_client = @saved_cs_client */;

--
-- Dumping data for table `vtiger_sostatushistory`
--

LOCK TABLES `vtiger_sostatushistory` WRITE;
/*!40000 ALTER TABLE `vtiger_sostatushistory` DISABLE KEYS */;
/*!40000 ALTER TABLE `vtiger_sostatushistory` ENABLE KEYS */;
UNLOCK TABLES;

--
-- Table structure for table `vtiger_sp_act`
--

DROP TABLE IF EXISTS `vtiger_sp_act`;
/*!40101 SET @saved_cs_client     = @@character_set_client */;
/*!50503 SET character_set_client = utf8mb4 */;
CREATE TABLE `vtiger_sp_act` (
  `actid` int NOT NULL DEFAULT '0',
  `salesorderid` int DEFAULT NULL,
  `contactid` int DEFAULT NULL,
  `actdate` date DEFAULT NULL,
  `adjustment` decimal(25,8) DEFAULT NULL,
  `subtotal` decimal(25,8) DEFAULT NULL,
  `total` decimal(25,8) DEFAULT NULL,
  `taxtype` varchar(25) DEFAULT NULL,
  `discount_percent` decimal(25,8) DEFAULT NULL,
  `discount_amount` decimal(25,8) DEFAULT NULL,
  `s_h_amount` decimal(25,8) DEFAULT NULL,
  `shipping` varchar(100) DEFAULT NULL,
  `accountid` int DEFAULT NULL,
  `sp_actstatus` varchar(200) DEFAULT NULL,
  `act_no` varchar(100) DEFAULT NULL,
  `currency_id` int NOT NULL DEFAULT '1',
  `conversion_rate` decimal(10,3) NOT NULL DEFAULT '1.000',
  `spcompany` varchar(200) CHARACTER SET utf8 COLLATE utf8_unicode_ci DEFAULT 'Default',
  `pre_tax_total` decimal(25,8) DEFAULT NULL,
  `s_h_percent` int DEFAULT NULL,
  `compound_taxes_info` text,
  `region_id` int DEFAULT NULL,
  `tags` varchar(1) DEFAULT NULL,
  `subject` varchar(255) DEFAULT NULL,
  PRIMARY KEY (`actid`),
  CONSTRAINT `fk_crmid_vtiger_sp_act` FOREIGN KEY (`actid`) REFERENCES `vtiger_crmentity` (`crmid`) ON DELETE CASCADE
) ENGINE=InnoDB DEFAULT CHARSET=utf8mb3;
/*!40101 SET character_set_client = @saved_cs_client */;

--
-- Dumping data for table `vtiger_sp_act`
--

LOCK TABLES `vtiger_sp_act` WRITE;
/*!40000 ALTER TABLE `vtiger_sp_act` DISABLE KEYS */;
/*!40000 ALTER TABLE `vtiger_sp_act` ENABLE KEYS */;
UNLOCK TABLES;

--
-- Table structure for table `vtiger_sp_actbillads`
--

DROP TABLE IF EXISTS `vtiger_sp_actbillads`;
/*!40101 SET @saved_cs_client     = @@character_set_client */;
/*!50503 SET character_set_client = utf8mb4 */;
CREATE TABLE `vtiger_sp_actbillads` (
  `actbilladdressid` int NOT NULL DEFAULT '0',
  `bill_city` varchar(30) DEFAULT NULL,
  `bill_code` varchar(30) DEFAULT NULL,
  `bill_country` varchar(30) DEFAULT NULL,
  `bill_state` varchar(30) DEFAULT NULL,
  `bill_street` varchar(250) DEFAULT NULL,
  `bill_pobox` varchar(30) DEFAULT NULL,
  PRIMARY KEY (`actbilladdressid`),
  CONSTRAINT `fk_1_vtiger_sp_actbillads` FOREIGN KEY (`actbilladdressid`) REFERENCES `vtiger_sp_act` (`actid`) ON DELETE CASCADE
) ENGINE=InnoDB DEFAULT CHARSET=utf8mb3;
/*!40101 SET character_set_client = @saved_cs_client */;

--
-- Dumping data for table `vtiger_sp_actbillads`
--

LOCK TABLES `vtiger_sp_actbillads` WRITE;
/*!40000 ALTER TABLE `vtiger_sp_actbillads` DISABLE KEYS */;
/*!40000 ALTER TABLE `vtiger_sp_actbillads` ENABLE KEYS */;
UNLOCK TABLES;

--
-- Table structure for table `vtiger_sp_actcf`
--

DROP TABLE IF EXISTS `vtiger_sp_actcf`;
/*!40101 SET @saved_cs_client     = @@character_set_client */;
/*!50503 SET character_set_client = utf8mb4 */;
CREATE TABLE `vtiger_sp_actcf` (
  `actid` int NOT NULL DEFAULT '0',
  PRIMARY KEY (`actid`),
  CONSTRAINT `fk_1_vtiger_sp_actcf` FOREIGN KEY (`actid`) REFERENCES `vtiger_sp_act` (`actid`) ON DELETE CASCADE
) ENGINE=InnoDB DEFAULT CHARSET=utf8mb3;
/*!40101 SET character_set_client = @saved_cs_client */;

--
-- Dumping data for table `vtiger_sp_actcf`
--

LOCK TABLES `vtiger_sp_actcf` WRITE;
/*!40000 ALTER TABLE `vtiger_sp_actcf` DISABLE KEYS */;
/*!40000 ALTER TABLE `vtiger_sp_actcf` ENABLE KEYS */;
UNLOCK TABLES;

--
-- Table structure for table `vtiger_sp_actshipads`
--

DROP TABLE IF EXISTS `vtiger_sp_actshipads`;
/*!40101 SET @saved_cs_client     = @@character_set_client */;
/*!50503 SET character_set_client = utf8mb4 */;
CREATE TABLE `vtiger_sp_actshipads` (
  `actshipaddressid` int NOT NULL DEFAULT '0',
  `ship_city` varchar(30) DEFAULT NULL,
  `ship_code` varchar(30) DEFAULT NULL,
  `ship_country` varchar(30) DEFAULT NULL,
  `ship_state` varchar(30) DEFAULT NULL,
  `ship_street` varchar(250) DEFAULT NULL,
  `ship_pobox` varchar(30) DEFAULT NULL,
  PRIMARY KEY (`actshipaddressid`),
  CONSTRAINT `fk_1_vtiger_sp_actshipads` FOREIGN KEY (`actshipaddressid`) REFERENCES `vtiger_sp_act` (`actid`) ON DELETE CASCADE
) ENGINE=InnoDB DEFAULT CHARSET=utf8mb3;
/*!40101 SET character_set_client = @saved_cs_client */;

--
-- Dumping data for table `vtiger_sp_actshipads`
--

LOCK TABLES `vtiger_sp_actshipads` WRITE;
/*!40000 ALTER TABLE `vtiger_sp_actshipads` DISABLE KEYS */;
/*!40000 ALTER TABLE `vtiger_sp_actshipads` ENABLE KEYS */;
UNLOCK TABLES;

--
-- Table structure for table `vtiger_sp_actstatus`
--

DROP TABLE IF EXISTS `vtiger_sp_actstatus`;
/*!40101 SET @saved_cs_client     = @@character_set_client */;
/*!50503 SET character_set_client = utf8mb4 */;
CREATE TABLE `vtiger_sp_actstatus` (
  `sp_actstatusid` int NOT NULL AUTO_INCREMENT,
  `sp_actstatus` varchar(200) NOT NULL,
  `presence` int NOT NULL DEFAULT '1',
  `picklist_valueid` int NOT NULL DEFAULT '0',
  `sortorderid` int DEFAULT '0',
  `color` varchar(10) DEFAULT NULL,
  PRIMARY KEY (`sp_actstatusid`)
) ENGINE=InnoDB AUTO_INCREMENT=5 DEFAULT CHARSET=utf8mb3;
/*!40101 SET character_set_client = @saved_cs_client */;

--
-- Dumping data for table `vtiger_sp_actstatus`
--

LOCK TABLES `vtiger_sp_actstatus` WRITE;
/*!40000 ALTER TABLE `vtiger_sp_actstatus` DISABLE KEYS */;
INSERT INTO `vtiger_sp_actstatus` VALUES (1,'Created',1,249,1,NULL),(2,'Sent',1,250,2,NULL),(3,'Done',1,251,3,NULL),(4,'Received',1,252,4,NULL);
/*!40000 ALTER TABLE `vtiger_sp_actstatus` ENABLE KEYS */;
UNLOCK TABLES;

--
-- Table structure for table `vtiger_sp_actstatus_seq`
--

DROP TABLE IF EXISTS `vtiger_sp_actstatus_seq`;
/*!40101 SET @saved_cs_client     = @@character_set_client */;
/*!50503 SET character_set_client = utf8mb4 */;
CREATE TABLE `vtiger_sp_actstatus_seq` (
  `id` int NOT NULL
) ENGINE=InnoDB DEFAULT CHARSET=utf8mb3;
/*!40101 SET character_set_client = @saved_cs_client */;

--
-- Dumping data for table `vtiger_sp_actstatus_seq`
--

LOCK TABLES `vtiger_sp_actstatus_seq` WRITE;
/*!40000 ALTER TABLE `vtiger_sp_actstatus_seq` DISABLE KEYS */;
INSERT INTO `vtiger_sp_actstatus_seq` VALUES (4);
/*!40000 ALTER TABLE `vtiger_sp_actstatus_seq` ENABLE KEYS */;
UNLOCK TABLES;

--
-- Table structure for table `vtiger_sp_actstatushistory`
--

DROP TABLE IF EXISTS `vtiger_sp_actstatushistory`;
/*!40101 SET @saved_cs_client     = @@character_set_client */;
/*!50503 SET character_set_client = utf8mb4 */;
CREATE TABLE `vtiger_sp_actstatushistory` (
  `historyid` int NOT NULL AUTO_INCREMENT,
  `actid` int NOT NULL,
  `accountname` varchar(100) DEFAULT NULL,
  `total` decimal(10,0) DEFAULT NULL,
  `sp_actstatus` varchar(200) DEFAULT NULL,
  `lastmodified` datetime DEFAULT NULL,
  PRIMARY KEY (`historyid`),
  KEY `sp_actstatushistory_actid_idx` (`actid`),
  CONSTRAINT `fk_1_vtiger_sp_actstatushistory` FOREIGN KEY (`actid`) REFERENCES `vtiger_sp_act` (`actid`) ON DELETE CASCADE
) ENGINE=InnoDB DEFAULT CHARSET=utf8mb3;
/*!40101 SET character_set_client = @saved_cs_client */;

--
-- Dumping data for table `vtiger_sp_actstatushistory`
--

LOCK TABLES `vtiger_sp_actstatushistory` WRITE;
/*!40000 ALTER TABLE `vtiger_sp_actstatushistory` DISABLE KEYS */;
/*!40000 ALTER TABLE `vtiger_sp_actstatushistory` ENABLE KEYS */;
UNLOCK TABLES;

--
-- Table structure for table `vtiger_sp_blocks_configuration`
--

DROP TABLE IF EXISTS `vtiger_sp_blocks_configuration`;
/*!40101 SET @saved_cs_client     = @@character_set_client */;
/*!50503 SET character_set_client = utf8mb4 */;
CREATE TABLE `vtiger_sp_blocks_configuration` (
  `sp_blocks_configuration_id` int DEFAULT NULL,
  `module_name` varchar(255) DEFAULT NULL,
  `field_name` varchar(255) DEFAULT NULL
) ENGINE=InnoDB DEFAULT CHARSET=utf8mb3;
/*!40101 SET character_set_client = @saved_cs_client */;

--
-- Dumping data for table `vtiger_sp_blocks_configuration`
--

LOCK TABLES `vtiger_sp_blocks_configuration` WRITE;
/*!40000 ALTER TABLE `vtiger_sp_blocks_configuration` DISABLE KEYS */;
INSERT INTO `vtiger_sp_blocks_configuration` VALUES (1,'Contacts','type'),(2,'Contacts','type');
/*!40000 ALTER TABLE `vtiger_sp_blocks_configuration` ENABLE KEYS */;
UNLOCK TABLES;

--
-- Table structure for table `vtiger_sp_blocks_configuration2blocks`
--

DROP TABLE IF EXISTS `vtiger_sp_blocks_configuration2blocks`;
/*!40101 SET @saved_cs_client     = @@character_set_client */;
/*!50503 SET character_set_client = utf8mb4 */;
CREATE TABLE `vtiger_sp_blocks_configuration2blocks` (
  `sp_blocks_configuration_id` int DEFAULT NULL,
  `block_name` varchar(255) DEFAULT NULL
) ENGINE=InnoDB DEFAULT CHARSET=utf8mb3;
/*!40101 SET character_set_client = @saved_cs_client */;

--
-- Dumping data for table `vtiger_sp_blocks_configuration2blocks`
--

LOCK TABLES `vtiger_sp_blocks_configuration2blocks` WRITE;
/*!40000 ALTER TABLE `vtiger_sp_blocks_configuration2blocks` DISABLE KEYS */;
INSERT INTO `vtiger_sp_blocks_configuration2blocks` VALUES (1,'Адрес регистрации'),(1,'Адрес проживания'),(2,'LBL_CUSTOMER_PORTAL_INFORMATION');
/*!40000 ALTER TABLE `vtiger_sp_blocks_configuration2blocks` ENABLE KEYS */;
UNLOCK TABLES;

--
-- Table structure for table `vtiger_sp_blocks_configuration2values`
--

DROP TABLE IF EXISTS `vtiger_sp_blocks_configuration2values`;
/*!40101 SET @saved_cs_client     = @@character_set_client */;
/*!50503 SET character_set_client = utf8mb4 */;
CREATE TABLE `vtiger_sp_blocks_configuration2values` (
  `sp_blocks_configuration_id` int DEFAULT NULL,
  `field_value` varchar(255) DEFAULT NULL
) ENGINE=InnoDB DEFAULT CHARSET=utf8mb3;
/*!40101 SET character_set_client = @saved_cs_client */;

--
-- Dumping data for table `vtiger_sp_blocks_configuration2values`
--

LOCK TABLES `vtiger_sp_blocks_configuration2values` WRITE;
/*!40000 ALTER TABLE `vtiger_sp_blocks_configuration2values` DISABLE KEYS */;
INSERT INTO `vtiger_sp_blocks_configuration2values` VALUES (1,'Client'),(1,'Child'),(2,'Child');
/*!40000 ALTER TABLE `vtiger_sp_blocks_configuration2values` ENABLE KEYS */;
UNLOCK TABLES;

--
-- Table structure for table `vtiger_sp_blocks_configuration_seq`
--

DROP TABLE IF EXISTS `vtiger_sp_blocks_configuration_seq`;
/*!40101 SET @saved_cs_client     = @@character_set_client */;
/*!50503 SET character_set_client = utf8mb4 */;
CREATE TABLE `vtiger_sp_blocks_configuration_seq` (
  `id` int DEFAULT NULL
) ENGINE=InnoDB DEFAULT CHARSET=utf8mb3;
/*!40101 SET character_set_client = @saved_cs_client */;

--
-- Dumping data for table `vtiger_sp_blocks_configuration_seq`
--

LOCK TABLES `vtiger_sp_blocks_configuration_seq` WRITE;
/*!40000 ALTER TABLE `vtiger_sp_blocks_configuration_seq` DISABLE KEYS */;
INSERT INTO `vtiger_sp_blocks_configuration_seq` VALUES (2);
/*!40000 ALTER TABLE `vtiger_sp_blocks_configuration_seq` ENABLE KEYS */;
UNLOCK TABLES;

--
-- Table structure for table `vtiger_sp_consignment`
--

DROP TABLE IF EXISTS `vtiger_sp_consignment`;
/*!40101 SET @saved_cs_client     = @@character_set_client */;
/*!50503 SET character_set_client = utf8mb4 */;
CREATE TABLE `vtiger_sp_consignment` (
  `consignmentid` int NOT NULL DEFAULT '0',
  `salesorderid` int DEFAULT NULL,
  `invoiceid` int DEFAULT NULL,
  `contactid` int DEFAULT NULL,
  `consignmentdate` date DEFAULT NULL,
  `adjustment` decimal(25,8) DEFAULT NULL,
  `subtotal` decimal(25,8) DEFAULT NULL,
  `total` decimal(25,8) DEFAULT NULL,
  `taxtype` varchar(25) DEFAULT NULL,
  `discount_percent` decimal(25,8) DEFAULT NULL,
  `discount_amount` decimal(25,8) DEFAULT NULL,
  `s_h_amount` decimal(25,8) DEFAULT NULL,
  `shipping` varchar(100) DEFAULT NULL,
  `accountid` int DEFAULT NULL,
  `sp_consignmentstatus` varchar(200) DEFAULT NULL,
  `consignment_no` varchar(100) DEFAULT NULL,
  `currency_id` int NOT NULL DEFAULT '1',
  `conversion_rate` decimal(10,3) NOT NULL DEFAULT '1.000',
  `has_goods_consignment` varchar(3) DEFAULT '0',
  `goods_consignment_no` int DEFAULT NULL,
  `spcompany` varchar(200) CHARACTER SET utf8 COLLATE utf8_unicode_ci DEFAULT 'Default',
  `pre_tax_total` decimal(25,8) DEFAULT NULL,
  `s_h_percent` int DEFAULT NULL,
  `compound_taxes_info` text,
  `region_id` int DEFAULT NULL,
  `tags` varchar(1) DEFAULT NULL,
  `subject` varchar(255) DEFAULT NULL,
  PRIMARY KEY (`consignmentid`),
  CONSTRAINT `fk_crmid_vtiger_sp_consignment` FOREIGN KEY (`consignmentid`) REFERENCES `vtiger_crmentity` (`crmid`) ON DELETE CASCADE
) ENGINE=InnoDB DEFAULT CHARSET=utf8mb3;
/*!40101 SET character_set_client = @saved_cs_client */;

--
-- Dumping data for table `vtiger_sp_consignment`
--

LOCK TABLES `vtiger_sp_consignment` WRITE;
/*!40000 ALTER TABLE `vtiger_sp_consignment` DISABLE KEYS */;
/*!40000 ALTER TABLE `vtiger_sp_consignment` ENABLE KEYS */;
UNLOCK TABLES;

--
-- Table structure for table `vtiger_sp_consignmentbillads`
--

DROP TABLE IF EXISTS `vtiger_sp_consignmentbillads`;
/*!40101 SET @saved_cs_client     = @@character_set_client */;
/*!50503 SET character_set_client = utf8mb4 */;
CREATE TABLE `vtiger_sp_consignmentbillads` (
  `consignmentbilladdressid` int NOT NULL DEFAULT '0',
  `bill_city` varchar(30) DEFAULT NULL,
  `bill_code` varchar(30) DEFAULT NULL,
  `bill_country` varchar(30) DEFAULT NULL,
  `bill_state` varchar(30) DEFAULT NULL,
  `bill_street` varchar(250) DEFAULT NULL,
  `bill_pobox` varchar(30) DEFAULT NULL,
  PRIMARY KEY (`consignmentbilladdressid`),
  CONSTRAINT `fk_1_vtiger_sp_consignmentbillads` FOREIGN KEY (`consignmentbilladdressid`) REFERENCES `vtiger_sp_consignment` (`consignmentid`) ON DELETE CASCADE
) ENGINE=InnoDB DEFAULT CHARSET=utf8mb3;
/*!40101 SET character_set_client = @saved_cs_client */;

--
-- Dumping data for table `vtiger_sp_consignmentbillads`
--

LOCK TABLES `vtiger_sp_consignmentbillads` WRITE;
/*!40000 ALTER TABLE `vtiger_sp_consignmentbillads` DISABLE KEYS */;
/*!40000 ALTER TABLE `vtiger_sp_consignmentbillads` ENABLE KEYS */;
UNLOCK TABLES;

--
-- Table structure for table `vtiger_sp_consignmentcf`
--

DROP TABLE IF EXISTS `vtiger_sp_consignmentcf`;
/*!40101 SET @saved_cs_client     = @@character_set_client */;
/*!50503 SET character_set_client = utf8mb4 */;
CREATE TABLE `vtiger_sp_consignmentcf` (
  `consignmentid` int NOT NULL DEFAULT '0',
  PRIMARY KEY (`consignmentid`),
  CONSTRAINT `fk_1_vtiger_sp_consignmentcf` FOREIGN KEY (`consignmentid`) REFERENCES `vtiger_sp_consignment` (`consignmentid`) ON DELETE CASCADE
) ENGINE=InnoDB DEFAULT CHARSET=utf8mb3;
/*!40101 SET character_set_client = @saved_cs_client */;

--
-- Dumping data for table `vtiger_sp_consignmentcf`
--

LOCK TABLES `vtiger_sp_consignmentcf` WRITE;
/*!40000 ALTER TABLE `vtiger_sp_consignmentcf` DISABLE KEYS */;
/*!40000 ALTER TABLE `vtiger_sp_consignmentcf` ENABLE KEYS */;
UNLOCK TABLES;

--
-- Table structure for table `vtiger_sp_consignmentshipads`
--

DROP TABLE IF EXISTS `vtiger_sp_consignmentshipads`;
/*!40101 SET @saved_cs_client     = @@character_set_client */;
/*!50503 SET character_set_client = utf8mb4 */;
CREATE TABLE `vtiger_sp_consignmentshipads` (
  `consignmentshipaddressid` int NOT NULL DEFAULT '0',
  `ship_city` varchar(30) DEFAULT NULL,
  `ship_code` varchar(30) DEFAULT NULL,
  `ship_country` varchar(30) DEFAULT NULL,
  `ship_state` varchar(30) DEFAULT NULL,
  `ship_street` varchar(250) DEFAULT NULL,
  `ship_pobox` varchar(30) DEFAULT NULL,
  PRIMARY KEY (`consignmentshipaddressid`),
  CONSTRAINT `fk_1_vtiger_sp_consignmentshipads` FOREIGN KEY (`consignmentshipaddressid`) REFERENCES `vtiger_sp_consignment` (`consignmentid`) ON DELETE CASCADE
) ENGINE=InnoDB DEFAULT CHARSET=utf8mb3;
/*!40101 SET character_set_client = @saved_cs_client */;

--
-- Dumping data for table `vtiger_sp_consignmentshipads`
--

LOCK TABLES `vtiger_sp_consignmentshipads` WRITE;
/*!40000 ALTER TABLE `vtiger_sp_consignmentshipads` DISABLE KEYS */;
/*!40000 ALTER TABLE `vtiger_sp_consignmentshipads` ENABLE KEYS */;
UNLOCK TABLES;

--
-- Table structure for table `vtiger_sp_consignmentstatus`
--

DROP TABLE IF EXISTS `vtiger_sp_consignmentstatus`;
/*!40101 SET @saved_cs_client     = @@character_set_client */;
/*!50503 SET character_set_client = utf8mb4 */;
CREATE TABLE `vtiger_sp_consignmentstatus` (
  `sp_consignmentstatusid` int NOT NULL AUTO_INCREMENT,
  `sp_consignmentstatus` varchar(200) NOT NULL,
  `presence` int NOT NULL DEFAULT '1',
  `picklist_valueid` int NOT NULL DEFAULT '0',
  `sortorderid` int DEFAULT '0',
  `color` varchar(10) DEFAULT NULL,
  PRIMARY KEY (`sp_consignmentstatusid`)
) ENGINE=InnoDB AUTO_INCREMENT=3 DEFAULT CHARSET=utf8mb3;
/*!40101 SET character_set_client = @saved_cs_client */;

--
-- Dumping data for table `vtiger_sp_consignmentstatus`
--

LOCK TABLES `vtiger_sp_consignmentstatus` WRITE;
/*!40000 ALTER TABLE `vtiger_sp_consignmentstatus` DISABLE KEYS */;
INSERT INTO `vtiger_sp_consignmentstatus` VALUES (1,'Created',1,233,1,NULL),(2,'Sent',1,234,2,NULL);
/*!40000 ALTER TABLE `vtiger_sp_consignmentstatus` ENABLE KEYS */;
UNLOCK TABLES;

--
-- Table structure for table `vtiger_sp_consignmentstatus_seq`
--

DROP TABLE IF EXISTS `vtiger_sp_consignmentstatus_seq`;
/*!40101 SET @saved_cs_client     = @@character_set_client */;
/*!50503 SET character_set_client = utf8mb4 */;
CREATE TABLE `vtiger_sp_consignmentstatus_seq` (
  `id` int NOT NULL
) ENGINE=InnoDB DEFAULT CHARSET=utf8mb3;
/*!40101 SET character_set_client = @saved_cs_client */;

--
-- Dumping data for table `vtiger_sp_consignmentstatus_seq`
--

LOCK TABLES `vtiger_sp_consignmentstatus_seq` WRITE;
/*!40000 ALTER TABLE `vtiger_sp_consignmentstatus_seq` DISABLE KEYS */;
INSERT INTO `vtiger_sp_consignmentstatus_seq` VALUES (2);
/*!40000 ALTER TABLE `vtiger_sp_consignmentstatus_seq` ENABLE KEYS */;
UNLOCK TABLES;

--
-- Table structure for table `vtiger_sp_consignmentstatushistory`
--

DROP TABLE IF EXISTS `vtiger_sp_consignmentstatushistory`;
/*!40101 SET @saved_cs_client     = @@character_set_client */;
/*!50503 SET character_set_client = utf8mb4 */;
CREATE TABLE `vtiger_sp_consignmentstatushistory` (
  `historyid` int NOT NULL AUTO_INCREMENT,
  `consignmentid` int NOT NULL,
  `accountname` varchar(100) DEFAULT NULL,
  `total` decimal(10,0) DEFAULT NULL,
  `sp_consignmentstatus` varchar(200) DEFAULT NULL,
  `lastmodified` datetime DEFAULT NULL,
  PRIMARY KEY (`historyid`),
  KEY `sp_consignmentstatushistory_consignmentid_idx` (`consignmentid`),
  CONSTRAINT `fk_1_vtiger_sp_consignmentstatushistory` FOREIGN KEY (`consignmentid`) REFERENCES `vtiger_sp_consignment` (`consignmentid`) ON DELETE CASCADE
) ENGINE=InnoDB DEFAULT CHARSET=utf8mb3;
/*!40101 SET character_set_client = @saved_cs_client */;

--
-- Dumping data for table `vtiger_sp_consignmentstatushistory`
--

LOCK TABLES `vtiger_sp_consignmentstatushistory` WRITE;
/*!40000 ALTER TABLE `vtiger_sp_consignmentstatushistory` DISABLE KEYS */;
/*!40000 ALTER TABLE `vtiger_sp_consignmentstatushistory` ENABLE KEYS */;
UNLOCK TABLES;

--
-- Table structure for table `vtiger_sp_socialconnector`
--

DROP TABLE IF EXISTS `vtiger_sp_socialconnector`;
/*!40101 SET @saved_cs_client     = @@character_set_client */;
/*!50503 SET character_set_client = utf8mb4 */;
CREATE TABLE `vtiger_sp_socialconnector` (
  `socialconnectorid` int DEFAULT '0',
  `message` text,
  `type` varchar(255) DEFAULT NULL,
  `vk_status` varchar(255) DEFAULT NULL,
  `tw_status` varchar(255) DEFAULT NULL,
  `vk_message_id` varchar(255) DEFAULT NULL,
  `tw_message_id` varchar(255) DEFAULT NULL,
  `message_datetime` datetime NOT NULL,
  `tags` varchar(1) DEFAULT NULL,
  KEY `fk_crmid_vtiger_sp_socialconnector` (`socialconnectorid`),
  CONSTRAINT `fk_crmid_vtiger_sp_socialconnector` FOREIGN KEY (`socialconnectorid`) REFERENCES `vtiger_crmentity` (`crmid`) ON DELETE CASCADE
) ENGINE=InnoDB DEFAULT CHARSET=utf8mb3;
/*!40101 SET character_set_client = @saved_cs_client */;

--
-- Dumping data for table `vtiger_sp_socialconnector`
--

LOCK TABLES `vtiger_sp_socialconnector` WRITE;
/*!40000 ALTER TABLE `vtiger_sp_socialconnector` DISABLE KEYS */;
/*!40000 ALTER TABLE `vtiger_sp_socialconnector` ENABLE KEYS */;
UNLOCK TABLES;

--
-- Table structure for table `vtiger_sp_socialconnector_providers`
--

DROP TABLE IF EXISTS `vtiger_sp_socialconnector_providers`;
/*!40101 SET @saved_cs_client     = @@character_set_client */;
/*!50503 SET character_set_client = utf8mb4 */;
CREATE TABLE `vtiger_sp_socialconnector_providers` (
  `id` int NOT NULL,
  `provider_name` varchar(45) NOT NULL,
  `provider_domen` varchar(45) DEFAULT NULL,
  PRIMARY KEY (`id`)
) ENGINE=InnoDB DEFAULT CHARSET=utf8mb3;
/*!40101 SET character_set_client = @saved_cs_client */;

--
-- Dumping data for table `vtiger_sp_socialconnector_providers`
--

LOCK TABLES `vtiger_sp_socialconnector_providers` WRITE;
/*!40000 ALTER TABLE `vtiger_sp_socialconnector_providers` DISABLE KEYS */;
INSERT INTO `vtiger_sp_socialconnector_providers` VALUES (1,'Vkontakte','vk.com'),(2,'Twitter','twitter.com');
/*!40000 ALTER TABLE `vtiger_sp_socialconnector_providers` ENABLE KEYS */;
UNLOCK TABLES;

--
-- Table structure for table `vtiger_sp_socialconnector_settings`
--

DROP TABLE IF EXISTS `vtiger_sp_socialconnector_settings`;
/*!40101 SET @saved_cs_client     = @@character_set_client */;
/*!50503 SET character_set_client = utf8mb4 */;
CREATE TABLE `vtiger_sp_socialconnector_settings` (
  `key` varchar(255) DEFAULT NULL,
  `value` varchar(255) DEFAULT NULL
) ENGINE=InnoDB DEFAULT CHARSET=utf8mb3;
/*!40101 SET character_set_client = @saved_cs_client */;

--
-- Dumping data for table `vtiger_sp_socialconnector_settings`
--

LOCK TABLES `vtiger_sp_socialconnector_settings` WRITE;
/*!40000 ALTER TABLE `vtiger_sp_socialconnector_settings` DISABLE KEYS */;
INSERT INTO `vtiger_sp_socialconnector_settings` VALUES ('vk_app_id',''),('vk_app_secret',''),('vk_access_token',''),('tw_app_key',''),('tw_app_secret','');
/*!40000 ALTER TABLE `vtiger_sp_socialconnector_settings` ENABLE KEYS */;
UNLOCK TABLES;

--
-- Table structure for table `vtiger_sp_socialconnectorcf`
--

DROP TABLE IF EXISTS `vtiger_sp_socialconnectorcf`;
/*!40101 SET @saved_cs_client     = @@character_set_client */;
/*!50503 SET character_set_client = utf8mb4 */;
CREATE TABLE `vtiger_sp_socialconnectorcf` (
  `socialconnectorid` int NOT NULL,
  PRIMARY KEY (`socialconnectorid`),
  CONSTRAINT `fk_socialconnectorid_vtiger_sp_socialconnectorcf` FOREIGN KEY (`socialconnectorid`) REFERENCES `vtiger_sp_socialconnector` (`socialconnectorid`) ON DELETE CASCADE
) ENGINE=InnoDB DEFAULT CHARSET=utf8mb3;
/*!40101 SET character_set_client = @saved_cs_client */;

--
-- Dumping data for table `vtiger_sp_socialconnectorcf`
--

LOCK TABLES `vtiger_sp_socialconnectorcf` WRITE;
/*!40000 ALTER TABLE `vtiger_sp_socialconnectorcf` DISABLE KEYS */;
/*!40000 ALTER TABLE `vtiger_sp_socialconnectorcf` ENABLE KEYS */;
UNLOCK TABLES;

--
-- Table structure for table `vtiger_sp_voip_default_provider`
--

DROP TABLE IF EXISTS `vtiger_sp_voip_default_provider`;
/*!40101 SET @saved_cs_client     = @@character_set_client */;
/*!50503 SET character_set_client = utf8mb4 */;
CREATE TABLE `vtiger_sp_voip_default_provider` (
  `default_provider` varchar(255) DEFAULT NULL
) ENGINE=InnoDB DEFAULT CHARSET=utf8mb3;
/*!40101 SET character_set_client = @saved_cs_client */;

--
-- Dumping data for table `vtiger_sp_voip_default_provider`
--

LOCK TABLES `vtiger_sp_voip_default_provider` WRITE;
/*!40000 ALTER TABLE `vtiger_sp_voip_default_provider` DISABLE KEYS */;
INSERT INTO `vtiger_sp_voip_default_provider` VALUES ('zadarma');
/*!40000 ALTER TABLE `vtiger_sp_voip_default_provider` ENABLE KEYS */;
UNLOCK TABLES;

--
-- Table structure for table `vtiger_sp_voipintegration_options`
--

DROP TABLE IF EXISTS `vtiger_sp_voipintegration_options`;
/*!40101 SET @saved_cs_client     = @@character_set_client */;
/*!50503 SET character_set_client = utf8mb4 */;
CREATE TABLE `vtiger_sp_voipintegration_options` (
  `name` varchar(255) NOT NULL,
  `value` varchar(255) DEFAULT NULL,
  UNIQUE KEY `name` (`name`)
) ENGINE=InnoDB DEFAULT CHARSET=utf8mb3;
/*!40101 SET character_set_client = @saved_cs_client */;

--
-- Dumping data for table `vtiger_sp_voipintegration_options`
--

LOCK TABLES `vtiger_sp_voipintegration_options` WRITE;
/*!40000 ALTER TABLE `vtiger_sp_voipintegration_options` DISABLE KEYS */;
INSERT INTO `vtiger_sp_voipintegration_options` VALUES ('use_click_to_call','0');
/*!40000 ALTER TABLE `vtiger_sp_voipintegration_options` ENABLE KEYS */;
UNLOCK TABLES;

--
-- Table structure for table `vtiger_sp_voipintegration_settings`
--

DROP TABLE IF EXISTS `vtiger_sp_voipintegration_settings`;
/*!40101 SET @saved_cs_client     = @@character_set_client */;
/*!50503 SET character_set_client = utf8mb4 */;
CREATE TABLE `vtiger_sp_voipintegration_settings` (
  `id` int DEFAULT NULL,
  `provider_name` varchar(255) DEFAULT NULL,
  `field_name` varchar(255) DEFAULT NULL,
  `field_label` varchar(255) DEFAULT NULL,
  `field_value` varchar(255) DEFAULT NULL,
  UNIQUE KEY `field_name` (`field_name`)
) ENGINE=InnoDB DEFAULT CHARSET=utf8mb3;
/*!40101 SET character_set_client = @saved_cs_client */;

--
-- Dumping data for table `vtiger_sp_voipintegration_settings`
--

LOCK TABLES `vtiger_sp_voipintegration_settings` WRITE;
/*!40000 ALTER TABLE `vtiger_sp_voipintegration_settings` DISABLE KEYS */;
INSERT INTO `vtiger_sp_voipintegration_settings` VALUES (1,'zadarma','zadarma_secret','Zadarma secret',''),(2,'zadarma','zadarma_key','Zadarma key',''),(3,'gravitel','gravitel_url','Gravitel API url',''),(4,'gravitel','gravitel_key','Gravitel key',''),(5,'gravitel','crm_key','Gravitel CRM key',''),(6,'zadarma','zadarma_ip','Zadarma IP','185.45.152.42'),(7,'zebra','zebra_login','ZebraTelecom login',''),(8,'zebra','zebra_password','ZebraTelecom Password',''),(9,'zebra','zebra_realm','ZebraTelecom Realm',''),(10,'megafon','megafon_url','Megafon API url',''),(11,'megafon','megafon_key','Megafon key',''),(12,'megafon','megafon_crm_key','Megafon CRM key',''),(13,'mango','mango_secret','Key for sign',''),(14,'mango','mango_key','CRM id',''),(16,'mango','mango_url','Mango API url','https://app.mango-office.ru/vpbx'),(17,'uiscom','uiscom_access_token','UIScom access token',''),(18,'uiscom','uiscom_api_url','UIScom API URL','https://callapi.uiscom.ru/v4.0'),(20,'telphin','telphin_app_id','Telphin app id',''),(21,'telphin','telphin_app_secret','Telphin app secret',''),(22,'telphin','telphin_api_url','Telphin API url','https://apiproxy.telphin.ru/'),(23,'yandex','yandex_api_key','Yandex api key',''),(24,'yandex','yandex_default_outgoing','Yandex default outgoing number',''),(25,'yandex','yandex_api_url','Yandex API URL','https://api.yandex.mightycall.ru/'),(26,'domru','domru_url','Dom.Ru API url',''),(27,'domru','domru_key','Dom.Ru key',''),(28,'domru','domru_crm_key','Dom.Ru CRM key',''),(29,'westcall_spb','westcall_spb_url','WestCall SPB API url',''),(30,'westcall_spb','westcall_spb_key','WestCall SPB key',''),(31,'westcall_spb','westcall_spb_crm_key','WestCall SPB CRM key',''),(32,'mcn','mcn_crm_token','MCN crm token',''),(33,'mcn','mcn_api_url','MCN API url','https://api.mcn.ru/v2/rest/'),(34,'mcn','mcn_api_token','MCN api token',''),(35,'mcn','mcn_account_id','MCN accound id',''),(36,'mcn','mcn_pbx_id','MCN PBX id',''),(37,'rostelecom','rostelecom_identification_key','Rostelecom Identification Key',''),(38,'rostelecom','rostelecom_sign_key','Rostelecom Signature Key',''),(39,'rostelecom','rostelecom_default_outgoing','Rostelecom default outgoing number',''),(40,'rostelecom','rostelecom_api_url','Rostelecom API URL','https://api.cloudpbx.rt.ru/'),(41,'sipuni','sipuni_url','Sipuni API url','https://sipuni.com/api/'),(42,'sipuni','sipuni_id','Sipuni user',''),(43,'sipuni','sipuni_key','Sipuni key',''),(45,'zebra','zebra_api_url','Zebra API URL',' http://api.zebratelecom.ru/v1/kazoos/');
/*!40000 ALTER TABLE `vtiger_sp_voipintegration_settings` ENABLE KEYS */;
UNLOCK TABLES;

--
-- Table structure for table `vtiger_spcompany`
--

DROP TABLE IF EXISTS `vtiger_spcompany`;
/*!40101 SET @saved_cs_client     = @@character_set_client */;
/*!50503 SET character_set_client = utf8mb4 */;
CREATE TABLE `vtiger_spcompany` (
  `spcompanyid` int NOT NULL AUTO_INCREMENT,
  `spcompany` varchar(200) CHARACTER SET utf8 COLLATE utf8_unicode_ci NOT NULL,
  `presence` int NOT NULL DEFAULT '1',
  `picklist_valueid` int NOT NULL DEFAULT '0',
  `sortorderid` int DEFAULT NULL,
  `color` varchar(10) CHARACTER SET utf8 COLLATE utf8_unicode_ci DEFAULT NULL,
  PRIMARY KEY (`spcompanyid`),
  UNIQUE KEY `sp_spcompany_idx` (`spcompany`)
) ENGINE=InnoDB AUTO_INCREMENT=14 DEFAULT CHARSET=utf8mb3 COLLATE=utf8_unicode_ci;
/*!40101 SET character_set_client = @saved_cs_client */;

--
-- Dumping data for table `vtiger_spcompany`
--

LOCK TABLES `vtiger_spcompany` WRITE;
/*!40000 ALTER TABLE `vtiger_spcompany` DISABLE KEYS */;
INSERT INTO `vtiger_spcompany` VALUES (1,'Default',1,321,1,NULL);
/*!40000 ALTER TABLE `vtiger_spcompany` ENABLE KEYS */;
UNLOCK TABLES;

--
-- Table structure for table `vtiger_spcompany_seq`
--

DROP TABLE IF EXISTS `vtiger_spcompany_seq`;
/*!40101 SET @saved_cs_client     = @@character_set_client */;
/*!50503 SET character_set_client = utf8mb4 */;
CREATE TABLE `vtiger_spcompany_seq` (
  `id` int NOT NULL
) ENGINE=MyISAM DEFAULT CHARSET=utf8mb3;
/*!40101 SET character_set_client = @saved_cs_client */;

--
-- Dumping data for table `vtiger_spcompany_seq`
--

LOCK TABLES `vtiger_spcompany_seq` WRITE;
/*!40000 ALTER TABLE `vtiger_spcompany_seq` DISABLE KEYS */;
INSERT INTO `vtiger_spcompany_seq` VALUES (1);
/*!40000 ALTER TABLE `vtiger_spcompany_seq` ENABLE KEYS */;
UNLOCK TABLES;

--
-- Table structure for table `vtiger_spstatus`
--

DROP TABLE IF EXISTS `vtiger_spstatus`;
/*!40101 SET @saved_cs_client     = @@character_set_client */;
/*!50503 SET character_set_client = utf8mb4 */;
CREATE TABLE `vtiger_spstatus` (
  `spstatusid` int NOT NULL AUTO_INCREMENT,
  `spstatus` varchar(200) NOT NULL,
  `presence` int NOT NULL DEFAULT '1',
  `picklist_valueid` int NOT NULL DEFAULT '0',
  `sortorderid` int DEFAULT '0',
  `color` varchar(10) DEFAULT NULL,
  PRIMARY KEY (`spstatusid`)
) ENGINE=InnoDB AUTO_INCREMENT=5 DEFAULT CHARSET=utf8mb3;
/*!40101 SET character_set_client = @saved_cs_client */;

--
-- Dumping data for table `vtiger_spstatus`
--

LOCK TABLES `vtiger_spstatus` WRITE;
/*!40000 ALTER TABLE `vtiger_spstatus` DISABLE KEYS */;
INSERT INTO `vtiger_spstatus` VALUES (1,'Executed',1,239,1,NULL),(2,'Scheduled',1,240,2,NULL),(3,'Canceled',1,241,3,NULL),(4,'Delayed',1,242,4,NULL);
/*!40000 ALTER TABLE `vtiger_spstatus` ENABLE KEYS */;
UNLOCK TABLES;

--
-- Table structure for table `vtiger_spstatus_seq`
--

DROP TABLE IF EXISTS `vtiger_spstatus_seq`;
/*!40101 SET @saved_cs_client     = @@character_set_client */;
/*!50503 SET character_set_client = utf8mb4 */;
CREATE TABLE `vtiger_spstatus_seq` (
  `id` int NOT NULL
) ENGINE=InnoDB DEFAULT CHARSET=utf8mb3;
/*!40101 SET character_set_client = @saved_cs_client */;

--
-- Dumping data for table `vtiger_spstatus_seq`
--

LOCK TABLES `vtiger_spstatus_seq` WRITE;
/*!40000 ALTER TABLE `vtiger_spstatus_seq` DISABLE KEYS */;
INSERT INTO `vtiger_spstatus_seq` VALUES (4);
/*!40000 ALTER TABLE `vtiger_spstatus_seq` ENABLE KEYS */;
UNLOCK TABLES;

--
-- Table structure for table `vtiger_sqltimelog`
--

DROP TABLE IF EXISTS `vtiger_sqltimelog`;
/*!40101 SET @saved_cs_client     = @@character_set_client */;
/*!50503 SET character_set_client = utf8mb4 */;
CREATE TABLE `vtiger_sqltimelog` (
  `id` int DEFAULT NULL,
  `type` varchar(10) DEFAULT NULL,
  `data` text,
  `started` decimal(20,6) DEFAULT NULL,
  `ended` decimal(20,6) DEFAULT NULL,
  `loggedon` datetime DEFAULT NULL
) ENGINE=InnoDB DEFAULT CHARSET=utf8mb3;
/*!40101 SET character_set_client = @saved_cs_client */;

--
-- Dumping data for table `vtiger_sqltimelog`
--

LOCK TABLES `vtiger_sqltimelog` WRITE;
/*!40000 ALTER TABLE `vtiger_sqltimelog` DISABLE KEYS */;
/*!40000 ALTER TABLE `vtiger_sqltimelog` ENABLE KEYS */;
UNLOCK TABLES;

--
-- Table structure for table `vtiger_start_hour`
--

DROP TABLE IF EXISTS `vtiger_start_hour`;
/*!40101 SET @saved_cs_client     = @@character_set_client */;
/*!50503 SET character_set_client = utf8mb4 */;
CREATE TABLE `vtiger_start_hour` (
  `start_hourid` int NOT NULL AUTO_INCREMENT,
  `start_hour` varchar(200) NOT NULL,
  `sortorderid` int DEFAULT NULL,
  `presence` int NOT NULL DEFAULT '1',
  PRIMARY KEY (`start_hourid`)
) ENGINE=InnoDB AUTO_INCREMENT=25 DEFAULT CHARSET=utf8mb3;
/*!40101 SET character_set_client = @saved_cs_client */;

--
-- Dumping data for table `vtiger_start_hour`
--

LOCK TABLES `vtiger_start_hour` WRITE;
/*!40000 ALTER TABLE `vtiger_start_hour` DISABLE KEYS */;
INSERT INTO `vtiger_start_hour` VALUES (1,'00:00',0,1),(2,'01:00',1,1),(3,'02:00',2,1),(4,'03:00',3,1),(5,'04:00',4,1),(6,'05:00',5,1),(7,'06:00',6,1),(8,'07:00',7,1),(9,'08:00',8,1),(10,'09:00',9,1),(11,'10:00',10,1),(12,'11:00',11,1),(13,'12:00',12,1),(14,'13:00',13,1),(15,'14:00',14,1),(16,'15:00',15,1),(17,'16:00',16,1),(18,'17:00',17,1),(19,'18:00',18,1),(20,'19:00',19,1),(21,'20:00',20,1),(22,'21:00',21,1),(23,'22:00',22,1),(24,'23:00',23,1);
/*!40000 ALTER TABLE `vtiger_start_hour` ENABLE KEYS */;
UNLOCK TABLES;

--
-- Table structure for table `vtiger_start_hour_seq`
--

DROP TABLE IF EXISTS `vtiger_start_hour_seq`;
/*!40101 SET @saved_cs_client     = @@character_set_client */;
/*!50503 SET character_set_client = utf8mb4 */;
CREATE TABLE `vtiger_start_hour_seq` (
  `id` int NOT NULL
) ENGINE=InnoDB DEFAULT CHARSET=utf8mb3;
/*!40101 SET character_set_client = @saved_cs_client */;

--
-- Dumping data for table `vtiger_start_hour_seq`
--

LOCK TABLES `vtiger_start_hour_seq` WRITE;
/*!40000 ALTER TABLE `vtiger_start_hour_seq` DISABLE KEYS */;
INSERT INTO `vtiger_start_hour_seq` VALUES (24);
/*!40000 ALTER TABLE `vtiger_start_hour_seq` ENABLE KEYS */;
UNLOCK TABLES;

--
-- Table structure for table `vtiger_status`
--

DROP TABLE IF EXISTS `vtiger_status`;
/*!40101 SET @saved_cs_client     = @@character_set_client */;
/*!50503 SET character_set_client = utf8mb4 */;
CREATE TABLE `vtiger_status` (
  `statusid` int NOT NULL AUTO_INCREMENT,
  `status` varchar(200) NOT NULL,
  `presence` int NOT NULL DEFAULT '1',
  `picklist_valueid` int NOT NULL DEFAULT '0',
  PRIMARY KEY (`statusid`)
) ENGINE=InnoDB AUTO_INCREMENT=3 DEFAULT CHARSET=utf8mb3;
/*!40101 SET character_set_client = @saved_cs_client */;

--
-- Dumping data for table `vtiger_status`
--

LOCK TABLES `vtiger_status` WRITE;
/*!40000 ALTER TABLE `vtiger_status` DISABLE KEYS */;
INSERT INTO `vtiger_status` VALUES (1,'Active',0,1),(2,'Inactive',1,1);
/*!40000 ALTER TABLE `vtiger_status` ENABLE KEYS */;
UNLOCK TABLES;

--
-- Table structure for table `vtiger_status_seq`
--

DROP TABLE IF EXISTS `vtiger_status_seq`;
/*!40101 SET @saved_cs_client     = @@character_set_client */;
/*!50503 SET character_set_client = utf8mb4 */;
CREATE TABLE `vtiger_status_seq` (
  `id` int NOT NULL
) ENGINE=InnoDB DEFAULT CHARSET=utf8mb3;
/*!40101 SET character_set_client = @saved_cs_client */;

--
-- Dumping data for table `vtiger_status_seq`
--

LOCK TABLES `vtiger_status_seq` WRITE;
/*!40000 ALTER TABLE `vtiger_status_seq` DISABLE KEYS */;
INSERT INTO `vtiger_status_seq` VALUES (8);
/*!40000 ALTER TABLE `vtiger_status_seq` ENABLE KEYS */;
UNLOCK TABLES;

--
-- Table structure for table `vtiger_systems`
--

DROP TABLE IF EXISTS `vtiger_systems`;
/*!40101 SET @saved_cs_client     = @@character_set_client */;
/*!50503 SET character_set_client = utf8mb4 */;
CREATE TABLE `vtiger_systems` (
  `id` int NOT NULL,
  `server` varchar(100) DEFAULT NULL,
  `server_port` int DEFAULT NULL,
  `server_username` varchar(100) DEFAULT NULL,
  `server_password` varchar(255) DEFAULT NULL,
  `server_type` varchar(20) DEFAULT NULL,
  `smtp_auth` varchar(5) DEFAULT NULL,
  `server_path` varchar(256) DEFAULT NULL,
  `from_email_field` varchar(50) DEFAULT NULL,
  `server_tls` varchar(20) DEFAULT NULL,
  `from_name` varchar(200) DEFAULT NULL,
  `use_sendmail` varchar(5) DEFAULT NULL,
  `use_mail_account` varchar(5) DEFAULT NULL,
  PRIMARY KEY (`id`)
) ENGINE=InnoDB DEFAULT CHARSET=utf8mb3;
/*!40101 SET character_set_client = @saved_cs_client */;

--
-- Dumping data for table `vtiger_systems`
--

LOCK TABLES `vtiger_systems` WRITE;
/*!40000 ALTER TABLE `vtiger_systems` DISABLE KEYS */;
INSERT INTO `vtiger_systems` VALUES (1,'smtp.yandex.ru',465,'kindergo.driveclub','$ve$z87Ozs_Ozs_Pzs_Ozs_Pz8_Oz8_Pzs_Oz87Ozs_Pzs_Pzs7Pz8_Ozs_Oz8_Pzs_Pz8_Ozs7Pz8_Pzs7Pz87Ozw..','email','true',NULL,'kindergo.driveclub@yandex.ru','ssl','',NULL,NULL);
/*!40000 ALTER TABLE `vtiger_systems` ENABLE KEYS */;
UNLOCK TABLES;

--
-- Table structure for table `vtiger_systems_seq`
--

DROP TABLE IF EXISTS `vtiger_systems_seq`;
/*!40101 SET @saved_cs_client     = @@character_set_client */;
/*!50503 SET character_set_client = utf8mb4 */;
CREATE TABLE `vtiger_systems_seq` (
  `id` int NOT NULL
) ENGINE=InnoDB DEFAULT CHARSET=utf8mb3;
/*!40101 SET character_set_client = @saved_cs_client */;

--
-- Dumping data for table `vtiger_systems_seq`
--

LOCK TABLES `vtiger_systems_seq` WRITE;
/*!40000 ALTER TABLE `vtiger_systems_seq` DISABLE KEYS */;
INSERT INTO `vtiger_systems_seq` VALUES (1);
/*!40000 ALTER TABLE `vtiger_systems_seq` ENABLE KEYS */;
UNLOCK TABLES;

--
-- Table structure for table `vtiger_tab`
--

DROP TABLE IF EXISTS `vtiger_tab`;
/*!40101 SET @saved_cs_client     = @@character_set_client */;
/*!50503 SET character_set_client = utf8mb4 */;
CREATE TABLE `vtiger_tab` (
  `tabid` int NOT NULL DEFAULT '0',
  `name` varchar(25) NOT NULL,
  `presence` int NOT NULL DEFAULT '1',
  `tabsequence` int DEFAULT NULL,
  `tablabel` varchar(100) DEFAULT NULL,
  `modifiedby` int DEFAULT NULL,
  `modifiedtime` int DEFAULT NULL,
  `customized` int DEFAULT NULL,
  `ownedby` int DEFAULT NULL,
  `isentitytype` int NOT NULL DEFAULT '1',
  `trial` int NOT NULL DEFAULT '0',
  `version` varchar(10) DEFAULT NULL,
  `parent` varchar(30) DEFAULT NULL,
  `source` varchar(255) DEFAULT 'custom',
  `issyncable` tinyint(1) DEFAULT '0',
  `allowduplicates` tinyint(1) DEFAULT '1',
  `sync_action_for_duplicates` int DEFAULT '1',
  PRIMARY KEY (`tabid`),
  UNIQUE KEY `tab_name_idx` (`name`),
  KEY `tab_modifiedby_idx` (`modifiedby`),
  KEY `tab_tabid_idx` (`tabid`)
) ENGINE=InnoDB DEFAULT CHARSET=utf8mb3;
/*!40101 SET character_set_client = @saved_cs_client */;

--
-- Dumping data for table `vtiger_tab`
--

LOCK TABLES `vtiger_tab` WRITE;
/*!40000 ALTER TABLE `vtiger_tab` DISABLE KEYS */;
INSERT INTO `vtiger_tab` VALUES (1,'Dashboard',0,12,'Dashboards',NULL,NULL,0,1,0,0,NULL,'Analytics',NULL,1,1,1),(2,'Potentials',0,7,'Potentials',NULL,NULL,0,0,1,0,NULL,'Sales',NULL,1,1,1),(3,'Home',0,1,'Home',NULL,NULL,0,1,0,0,NULL,NULL,NULL,1,1,1),(4,'Contacts',0,6,'Contacts',NULL,NULL,0,0,1,0,NULL,'Sales',NULL,1,1,1),(6,'Accounts',0,5,'Accounts',NULL,NULL,0,0,1,0,NULL,'Sales',NULL,1,0,1),(7,'Leads',0,4,'Leads',NULL,NULL,0,0,1,0,NULL,'Sales',NULL,1,1,1),(8,'Documents',0,9,'Documents',NULL,NULL,0,0,1,0,NULL,'Tools',NULL,1,1,1),(9,'Calendar',0,3,'Calendar',NULL,NULL,0,0,1,0,NULL,'Tools',NULL,1,1,1),(10,'Emails',0,10,'Emails',NULL,NULL,0,1,1,0,NULL,'Tools',NULL,1,1,1),(13,'HelpDesk',0,11,'HelpDesk',NULL,NULL,0,0,1,0,NULL,'Support',NULL,1,1,1),(14,'Products',1,8,'Products',NULL,NULL,0,0,1,0,NULL,'Inventory',NULL,1,1,1),(15,'Faq',1,-1,'Faq',NULL,NULL,0,1,1,0,NULL,'Support',NULL,1,1,1),(16,'Events',2,-1,'Events',NULL,NULL,0,0,1,0,NULL,NULL,NULL,1,1,1),(18,'Vendors',1,-1,'Vendors',NULL,NULL,0,0,1,0,NULL,'Inventory',NULL,1,1,1),(19,'PriceBooks',1,-1,'PriceBooks',NULL,NULL,0,1,1,0,NULL,'Inventory',NULL,1,1,1),(20,'Quotes',0,-1,'Quotes',NULL,NULL,0,0,1,0,NULL,'Sales',NULL,1,1,1),(21,'PurchaseOrder',1,-1,'PurchaseOrder',NULL,NULL,0,0,1,0,NULL,'Inventory',NULL,1,1,1),(22,'SalesOrder',0,-1,'SalesOrder',NULL,NULL,0,0,1,0,NULL,'Sales',NULL,1,1,1),(23,'Invoice',0,-1,'Invoice',NULL,NULL,0,0,1,0,NULL,'Sales',NULL,1,1,1),(24,'Rss',1,-1,'Rss',NULL,NULL,0,1,0,0,NULL,'Tools',NULL,1,1,1),(25,'Reports',0,-1,'Reports',NULL,NULL,0,1,0,0,NULL,'Analytics',NULL,1,1,1),(26,'Campaigns',1,-1,'Campaigns',NULL,NULL,0,0,1,0,NULL,'Marketing',NULL,1,1,1),(27,'Portal',1,-1,'Portal',NULL,NULL,0,1,0,0,NULL,'Tools',NULL,1,1,1),(28,'Webmails',0,-1,'Webmails',NULL,NULL,0,1,1,0,NULL,NULL,NULL,1,1,1),(29,'Users',0,-1,'Users',NULL,NULL,0,1,0,0,NULL,NULL,NULL,1,1,1),(30,'SPPDFTemplates',1,-1,'PDF Templates',NULL,NULL,0,1,0,0,'','Tools',NULL,1,1,1),(31,'MailManager',0,-1,'MailManager',NULL,NULL,1,0,0,0,'1.9','Tools',NULL,1,1,1),(32,'ServiceContracts',1,-1,'Service Contracts',NULL,NULL,0,0,1,0,'2.4','Support',NULL,1,1,1),(33,'Import',0,-1,'Import',NULL,NULL,1,0,0,0,'1.7','',NULL,1,1,1),(34,'WSAPP',0,-1,'WSAPP',NULL,NULL,1,0,0,0,'3.4.4','',NULL,1,1,1),(35,'ModTracker',0,-1,'ModTracker',NULL,NULL,0,0,0,0,'1.2','',NULL,1,1,1),(36,'PBXManager',1,-1,'PBXManager',NULL,NULL,1,0,1,0,'2.2','Tools',NULL,1,1,1),(37,'Mobile',0,-1,'Mobile',NULL,NULL,1,0,0,0,'2.0','',NULL,1,1,1),(38,'Services',0,-1,'Services',NULL,NULL,0,0,1,0,'2.6','Inventory',NULL,1,1,1),(39,'SPDynamicBlocks',0,-1,'SPDynamicBlocks',NULL,NULL,1,0,0,0,'0','',NULL,1,1,1),(40,'Consignment',1,-1,'Consignment',NULL,NULL,0,0,1,0,'1.6','Sales',NULL,1,1,1),(41,'RecycleBin',0,-1,'Recycle Bin',NULL,NULL,0,0,0,0,'1.5','Tools',NULL,1,1,1),(42,'SPUnits',1,-1,'SPUnits',NULL,NULL,0,0,1,0,'1.1','Inventory',NULL,1,1,1),(43,'SPPayments',0,-1,'SPPayments',NULL,NULL,0,0,1,0,'1.2','Sales',NULL,1,1,1),(44,'SPSocialConnector',1,-1,'SPSocialConnector',NULL,NULL,1,0,1,0,'1.1','Tools',NULL,1,1,1),(45,'SPKladr',1,-1,'SPKladr',NULL,NULL,1,0,0,0,'1.0','',NULL,1,1,1),(46,'SPVoipIntegration',1,-1,'SPVoipIntegration',NULL,NULL,1,0,0,0,'1.1.0','',NULL,1,1,1),(47,'SMSNotifier',1,-1,'SMSNotifier',NULL,NULL,0,0,1,0,'2.1','Sales',NULL,1,1,1),(48,'Search',0,-1,'Global Search',NULL,NULL,0,0,0,0,'3.10','',NULL,1,1,1),(49,'Act',0,-1,'Act',NULL,NULL,0,0,1,0,'1.6','Sales',NULL,1,1,1),(50,'SPCMLConnector',1,-1,'SPCMLConnector',NULL,NULL,1,0,0,0,'1.0','',NULL,1,1,1),(51,'Assets',1,-1,'Assets',NULL,NULL,0,0,1,0,'2.0','Inventory',NULL,1,1,1),(52,'EmailTemplates',0,-1,'Email Templates',NULL,NULL,1,0,0,0,'1.0','Tools',NULL,1,1,1),(53,'SPTips',1,-1,'SPTips',NULL,NULL,1,0,0,0,'1.2.0','',NULL,1,1,1),(54,'ModComments',0,-1,'Comments',NULL,NULL,0,0,1,0,'2.1','',NULL,1,1,1),(55,'Webforms',0,-1,'Webforms',NULL,NULL,0,0,0,0,'1.6','',NULL,1,1,1),(56,'Google',1,-1,'Google',NULL,NULL,0,0,0,0,'1.5.1','',NULL,1,1,1),(57,'ProjectMilestone',1,-1,'ProjectMilestone',NULL,NULL,0,0,1,0,'3.0','Support',NULL,1,1,1),(58,'ProjectTask',1,-1,'ProjectTask',NULL,NULL,0,0,1,0,'3.1','Support',NULL,1,1,1),(59,'Project',1,-1,'Project',NULL,NULL,0,0,1,0,'3.3','Support',NULL,1,1,1),(60,'CustomerPortal',0,-1,'CustomerPortal',NULL,NULL,0,0,0,0,'1.4','',NULL,1,1,1),(61,'ExtensionStore',0,-1,'Extension Store',NULL,NULL,1,0,0,0,'1.2',NULL,NULL,1,1,1),(62,'PDFMaker',0,-1,'PDF Maker',NULL,NULL,1,0,0,0,'700.9.4','Tools','custom',0,1,1),(63,'ModuleLinkCreator',0,-1,'Custom Module Builder',NULL,NULL,1,0,0,0,'0.1','','custom',0,1,1),(64,'RelatedBlocksLists',0,-1,'Related Blocks Lists',NULL,NULL,1,0,0,0,'1.1.0','','custom',0,1,1),(65,'Timetable',0,-1,'Timetable',NULL,NULL,1,0,1,0,'0','SALES','custom',0,1,1),(66,'Trips',0,-1,'Trips',NULL,NULL,1,0,1,0,'0','SALES','custom',0,1,1),(67,'ControlLayoutFields',0,-1,'ControlLayoutFields',NULL,NULL,1,0,0,0,'2.0.0','','custom',0,1,1);
/*!40000 ALTER TABLE `vtiger_tab` ENABLE KEYS */;
UNLOCK TABLES;

--
-- Table structure for table `vtiger_tab_info`
--

DROP TABLE IF EXISTS `vtiger_tab_info`;
/*!40101 SET @saved_cs_client     = @@character_set_client */;
/*!50503 SET character_set_client = utf8mb4 */;
CREATE TABLE `vtiger_tab_info` (
  `tabid` int DEFAULT NULL,
  `prefname` varchar(256) DEFAULT NULL,
  `prefvalue` varchar(256) DEFAULT NULL,
  KEY `fk_1_vtiger_tab_info` (`tabid`),
  CONSTRAINT `fk_1_vtiger_tab_info` FOREIGN KEY (`tabid`) REFERENCES `vtiger_tab` (`tabid`) ON DELETE CASCADE ON UPDATE CASCADE
) ENGINE=InnoDB DEFAULT CHARSET=utf8mb3;
/*!40101 SET character_set_client = @saved_cs_client */;

--
-- Dumping data for table `vtiger_tab_info`
--

LOCK TABLES `vtiger_tab_info` WRITE;
/*!40000 ALTER TABLE `vtiger_tab_info` DISABLE KEYS */;
INSERT INTO `vtiger_tab_info` VALUES (31,'vtiger_min_version','6.0.0RC'),(32,'vtiger_min_version','6.0.0rc'),(33,'vtiger_min_version','6.0.0rc'),(33,'vtiger_max_version','7.*'),(34,'vtiger_min_version','6.0.0rc'),(35,'vtiger_min_version','6.0.0rc'),(36,'vtiger_min_version','6.0.0'),(36,'vtiger_max_version','7.*'),(37,'vtiger_min_version','6.0.0rc'),(38,'vtiger_min_version','6.0.0rc'),(38,'vtiger_max_version','7.*'),(39,'vtiger_min_version','7.0.0'),(39,'vtiger_max_version','7.*'),(40,'vtiger_min_version','6.0.0'),(40,'vtiger_max_version','6.*'),(41,'vtiger_min_version','6.0.0rc'),(41,'vtiger_max_version','7.*'),(42,'vtiger_min_version','6.0.0'),(42,'vtiger_max_version','6.*'),(43,'vtiger_min_version','6.0.0'),(43,'vtiger_max_version','6.*'),(44,'vtiger_min_version','6.0.0'),(44,'vtiger_max_version','6.*'),(45,'vtiger_min_version','6.1'),(45,'vtiger_max_version','6.*'),(46,'vtiger_min_version','7.0.0'),(46,'vtiger_max_version','7.*'),(47,'vtiger_min_version','6.0.0'),(47,'vtiger_max_version','7.*'),(48,'vtiger_min_version','6.0.0'),(48,'vtiger_max_version','6.*'),(49,'vtiger_min_version','6.0.0'),(49,'vtiger_max_version','6.*'),(50,'vtiger_min_version','6.0.0rc'),(50,'vtiger_max_version','6.*'),(51,'vtiger_min_version','6.0.0rc'),(51,'vtiger_max_version','7.*'),(52,'vtiger_min_version','6.0.0rc'),(52,'vtiger_max_version','7.*'),(53,'vtiger_min_version','7.0'),(53,'vtiger_max_version','7.*'),(54,'vtiger_min_version','6.0.0rc'),(54,'vtiger_max_version','7.*'),(55,'vtiger_min_version','6.0.0rc'),(55,'vtiger_max_version','7.*'),(56,'vtiger_min_version','6.0.0rc'),(56,'vtiger_max_version','7.*'),(57,'vtiger_min_version','6.0.0rc'),(57,'vtiger_max_version','7.*'),(58,'vtiger_min_version','6.0.0rc'),(59,'vtiger_min_version','6.0.0rc'),(60,'vtiger_min_version','6.0.0rc'),(60,'vtiger_max_version','7.*'),(61,'vtiger_min_version','6.0.0'),(61,'vtiger_max_version','6.*'),(62,'vtiger_min_version','7.0.0'),(62,'vtiger_max_version','7.*'),(63,'vtiger_min_version','7.0.0'),(63,'vtiger_max_version','7.*'),(64,'vtiger_min_version','6.0.0'),(64,'vtiger_max_version','7.*'),(67,'vtiger_min_version','7.0.0'),(67,'vtiger_max_version','7.*');
/*!40000 ALTER TABLE `vtiger_tab_info` ENABLE KEYS */;
UNLOCK TABLES;

--
-- Table structure for table `vtiger_taskpriority`
--

DROP TABLE IF EXISTS `vtiger_taskpriority`;
/*!40101 SET @saved_cs_client     = @@character_set_client */;
/*!50503 SET character_set_client = utf8mb4 */;
CREATE TABLE `vtiger_taskpriority` (
  `taskpriorityid` int NOT NULL AUTO_INCREMENT,
  `taskpriority` varchar(200) DEFAULT NULL,
  `presence` int NOT NULL DEFAULT '1',
  `picklist_valueid` int NOT NULL DEFAULT '0',
  `sortorderid` int DEFAULT NULL,
  `color` varchar(10) DEFAULT NULL,
  PRIMARY KEY (`taskpriorityid`)
) ENGINE=InnoDB AUTO_INCREMENT=4 DEFAULT CHARSET=utf8mb3;
/*!40101 SET character_set_client = @saved_cs_client */;

--
-- Dumping data for table `vtiger_taskpriority`
--

LOCK TABLES `vtiger_taskpriority` WRITE;
/*!40000 ALTER TABLE `vtiger_taskpriority` DISABLE KEYS */;
INSERT INTO `vtiger_taskpriority` VALUES (1,'High',1,170,0,NULL),(2,'Medium',1,171,1,NULL),(3,'Low',1,172,2,NULL);
/*!40000 ALTER TABLE `vtiger_taskpriority` ENABLE KEYS */;
UNLOCK TABLES;

--
-- Table structure for table `vtiger_taskpriority_seq`
--

DROP TABLE IF EXISTS `vtiger_taskpriority_seq`;
/*!40101 SET @saved_cs_client     = @@character_set_client */;
/*!50503 SET character_set_client = utf8mb4 */;
CREATE TABLE `vtiger_taskpriority_seq` (
  `id` int NOT NULL
) ENGINE=InnoDB DEFAULT CHARSET=utf8mb3;
/*!40101 SET character_set_client = @saved_cs_client */;

--
-- Dumping data for table `vtiger_taskpriority_seq`
--

LOCK TABLES `vtiger_taskpriority_seq` WRITE;
/*!40000 ALTER TABLE `vtiger_taskpriority_seq` DISABLE KEYS */;
INSERT INTO `vtiger_taskpriority_seq` VALUES (3);
/*!40000 ALTER TABLE `vtiger_taskpriority_seq` ENABLE KEYS */;
UNLOCK TABLES;

--
-- Table structure for table `vtiger_taskstatus`
--

DROP TABLE IF EXISTS `vtiger_taskstatus`;
/*!40101 SET @saved_cs_client     = @@character_set_client */;
/*!50503 SET character_set_client = utf8mb4 */;
CREATE TABLE `vtiger_taskstatus` (
  `taskstatusid` int NOT NULL AUTO_INCREMENT,
  `taskstatus` varchar(200) DEFAULT NULL,
  `presence` int NOT NULL DEFAULT '1',
  `picklist_valueid` int NOT NULL DEFAULT '0',
  `sortorderid` int DEFAULT NULL,
  `color` varchar(10) DEFAULT NULL,
  PRIMARY KEY (`taskstatusid`)
) ENGINE=InnoDB AUTO_INCREMENT=7 DEFAULT CHARSET=utf8mb3;
/*!40101 SET character_set_client = @saved_cs_client */;

--
-- Dumping data for table `vtiger_taskstatus`
--

LOCK TABLES `vtiger_taskstatus` WRITE;
/*!40000 ALTER TABLE `vtiger_taskstatus` DISABLE KEYS */;
INSERT INTO `vtiger_taskstatus` VALUES (1,'Not Started',0,173,0,NULL),(2,'In Progress',0,174,1,NULL),(3,'Completed',0,175,2,NULL),(4,'Pending Input',0,176,3,NULL),(5,'Deferred',0,177,4,NULL),(6,'Planned',0,178,5,NULL);
/*!40000 ALTER TABLE `vtiger_taskstatus` ENABLE KEYS */;
UNLOCK TABLES;

--
-- Table structure for table `vtiger_taskstatus_seq`
--

DROP TABLE IF EXISTS `vtiger_taskstatus_seq`;
/*!40101 SET @saved_cs_client     = @@character_set_client */;
/*!50503 SET character_set_client = utf8mb4 */;
CREATE TABLE `vtiger_taskstatus_seq` (
  `id` int NOT NULL
) ENGINE=InnoDB DEFAULT CHARSET=utf8mb3;
/*!40101 SET character_set_client = @saved_cs_client */;

--
-- Dumping data for table `vtiger_taskstatus_seq`
--

LOCK TABLES `vtiger_taskstatus_seq` WRITE;
/*!40000 ALTER TABLE `vtiger_taskstatus_seq` DISABLE KEYS */;
INSERT INTO `vtiger_taskstatus_seq` VALUES (6);
/*!40000 ALTER TABLE `vtiger_taskstatus_seq` ENABLE KEYS */;
UNLOCK TABLES;

--
-- Table structure for table `vtiger_taxclass`
--

DROP TABLE IF EXISTS `vtiger_taxclass`;
/*!40101 SET @saved_cs_client     = @@character_set_client */;
/*!50503 SET character_set_client = utf8mb4 */;
CREATE TABLE `vtiger_taxclass` (
  `taxclassid` int NOT NULL AUTO_INCREMENT,
  `taxclass` varchar(200) NOT NULL,
  `sortorderid` int NOT NULL DEFAULT '0',
  `presence` int NOT NULL DEFAULT '1',
  PRIMARY KEY (`taxclassid`),
  UNIQUE KEY `taxclass_carrier_idx` (`taxclass`)
) ENGINE=InnoDB AUTO_INCREMENT=3 DEFAULT CHARSET=utf8mb3;
/*!40101 SET character_set_client = @saved_cs_client */;

--
-- Dumping data for table `vtiger_taxclass`
--

LOCK TABLES `vtiger_taxclass` WRITE;
/*!40000 ALTER TABLE `vtiger_taxclass` DISABLE KEYS */;
INSERT INTO `vtiger_taxclass` VALUES (1,'SalesTax',0,1),(2,'Vat',1,1);
/*!40000 ALTER TABLE `vtiger_taxclass` ENABLE KEYS */;
UNLOCK TABLES;

--
-- Table structure for table `vtiger_taxclass_seq`
--

DROP TABLE IF EXISTS `vtiger_taxclass_seq`;
/*!40101 SET @saved_cs_client     = @@character_set_client */;
/*!50503 SET character_set_client = utf8mb4 */;
CREATE TABLE `vtiger_taxclass_seq` (
  `id` int NOT NULL
) ENGINE=InnoDB DEFAULT CHARSET=utf8mb3;
/*!40101 SET character_set_client = @saved_cs_client */;

--
-- Dumping data for table `vtiger_taxclass_seq`
--

LOCK TABLES `vtiger_taxclass_seq` WRITE;
/*!40000 ALTER TABLE `vtiger_taxclass_seq` DISABLE KEYS */;
INSERT INTO `vtiger_taxclass_seq` VALUES (2);
/*!40000 ALTER TABLE `vtiger_taxclass_seq` ENABLE KEYS */;
UNLOCK TABLES;

--
-- Table structure for table `vtiger_taxregions`
--

DROP TABLE IF EXISTS `vtiger_taxregions`;
/*!40101 SET @saved_cs_client     = @@character_set_client */;
/*!50503 SET character_set_client = utf8mb4 */;
CREATE TABLE `vtiger_taxregions` (
  `regionid` int NOT NULL AUTO_INCREMENT,
  `name` varchar(100) NOT NULL,
  PRIMARY KEY (`regionid`)
) ENGINE=InnoDB DEFAULT CHARSET=utf8mb3;
/*!40101 SET character_set_client = @saved_cs_client */;

--
-- Dumping data for table `vtiger_taxregions`
--

LOCK TABLES `vtiger_taxregions` WRITE;
/*!40000 ALTER TABLE `vtiger_taxregions` DISABLE KEYS */;
/*!40000 ALTER TABLE `vtiger_taxregions` ENABLE KEYS */;
UNLOCK TABLES;

--
-- Table structure for table `vtiger_ticketcategories`
--

DROP TABLE IF EXISTS `vtiger_ticketcategories`;
/*!40101 SET @saved_cs_client     = @@character_set_client */;
/*!50503 SET character_set_client = utf8mb4 */;
CREATE TABLE `vtiger_ticketcategories` (
  `ticketcategories_id` int NOT NULL AUTO_INCREMENT,
  `ticketcategories` varchar(200) DEFAULT NULL,
  `presence` int NOT NULL DEFAULT '0',
  `picklist_valueid` int NOT NULL DEFAULT '0',
  `sortorderid` int DEFAULT NULL,
  `color` varchar(10) DEFAULT NULL,
  PRIMARY KEY (`ticketcategories_id`)
) ENGINE=InnoDB AUTO_INCREMENT=4 DEFAULT CHARSET=utf8mb3;
/*!40101 SET character_set_client = @saved_cs_client */;

--
-- Dumping data for table `vtiger_ticketcategories`
--

LOCK TABLES `vtiger_ticketcategories` WRITE;
/*!40000 ALTER TABLE `vtiger_ticketcategories` DISABLE KEYS */;
INSERT INTO `vtiger_ticketcategories` VALUES (1,'Big Problem',1,179,0,NULL),(2,'Small Problem',1,180,1,NULL),(3,'Other Problem',1,181,2,NULL);
/*!40000 ALTER TABLE `vtiger_ticketcategories` ENABLE KEYS */;
UNLOCK TABLES;

--
-- Table structure for table `vtiger_ticketcategories_seq`
--

DROP TABLE IF EXISTS `vtiger_ticketcategories_seq`;
/*!40101 SET @saved_cs_client     = @@character_set_client */;
/*!50503 SET character_set_client = utf8mb4 */;
CREATE TABLE `vtiger_ticketcategories_seq` (
  `id` int NOT NULL
) ENGINE=InnoDB DEFAULT CHARSET=utf8mb3;
/*!40101 SET character_set_client = @saved_cs_client */;

--
-- Dumping data for table `vtiger_ticketcategories_seq`
--

LOCK TABLES `vtiger_ticketcategories_seq` WRITE;
/*!40000 ALTER TABLE `vtiger_ticketcategories_seq` DISABLE KEYS */;
INSERT INTO `vtiger_ticketcategories_seq` VALUES (3);
/*!40000 ALTER TABLE `vtiger_ticketcategories_seq` ENABLE KEYS */;
UNLOCK TABLES;

--
-- Table structure for table `vtiger_ticketcf`
--

DROP TABLE IF EXISTS `vtiger_ticketcf`;
/*!40101 SET @saved_cs_client     = @@character_set_client */;
/*!50503 SET character_set_client = utf8mb4 */;
CREATE TABLE `vtiger_ticketcf` (
  `ticketid` int NOT NULL DEFAULT '0',
  `from_portal` varchar(3) DEFAULT NULL,
  PRIMARY KEY (`ticketid`),
  CONSTRAINT `fk_1_vtiger_ticketcf` FOREIGN KEY (`ticketid`) REFERENCES `vtiger_troubletickets` (`ticketid`) ON DELETE CASCADE
) ENGINE=InnoDB DEFAULT CHARSET=utf8mb3;
/*!40101 SET character_set_client = @saved_cs_client */;

--
-- Dumping data for table `vtiger_ticketcf`
--

LOCK TABLES `vtiger_ticketcf` WRITE;
/*!40000 ALTER TABLE `vtiger_ticketcf` DISABLE KEYS */;
/*!40000 ALTER TABLE `vtiger_ticketcf` ENABLE KEYS */;
UNLOCK TABLES;

--
-- Table structure for table `vtiger_ticketcomments`
--

DROP TABLE IF EXISTS `vtiger_ticketcomments`;
/*!40101 SET @saved_cs_client     = @@character_set_client */;
/*!50503 SET character_set_client = utf8mb4 */;
CREATE TABLE `vtiger_ticketcomments` (
  `commentid` int NOT NULL AUTO_INCREMENT,
  `ticketid` int DEFAULT NULL,
  `comments` text,
  `ownerid` int NOT NULL DEFAULT '0',
  `ownertype` varchar(10) DEFAULT NULL,
  `createdtime` datetime NOT NULL,
  PRIMARY KEY (`commentid`),
  KEY `ticketcomments_ticketid_idx` (`ticketid`),
  CONSTRAINT `fk_1_vtiger_ticketcomments` FOREIGN KEY (`ticketid`) REFERENCES `vtiger_troubletickets` (`ticketid`) ON DELETE CASCADE
) ENGINE=InnoDB DEFAULT CHARSET=utf8mb3;
/*!40101 SET character_set_client = @saved_cs_client */;

--
-- Dumping data for table `vtiger_ticketcomments`
--

LOCK TABLES `vtiger_ticketcomments` WRITE;
/*!40000 ALTER TABLE `vtiger_ticketcomments` DISABLE KEYS */;
/*!40000 ALTER TABLE `vtiger_ticketcomments` ENABLE KEYS */;
UNLOCK TABLES;

--
-- Table structure for table `vtiger_ticketpriorities`
--

DROP TABLE IF EXISTS `vtiger_ticketpriorities`;
/*!40101 SET @saved_cs_client     = @@character_set_client */;
/*!50503 SET character_set_client = utf8mb4 */;
CREATE TABLE `vtiger_ticketpriorities` (
  `ticketpriorities_id` int NOT NULL AUTO_INCREMENT,
  `ticketpriorities` varchar(200) DEFAULT NULL,
  `presence` int NOT NULL DEFAULT '0',
  `picklist_valueid` int NOT NULL DEFAULT '0',
  `sortorderid` int DEFAULT NULL,
  `color` varchar(10) DEFAULT NULL,
  PRIMARY KEY (`ticketpriorities_id`)
) ENGINE=InnoDB AUTO_INCREMENT=5 DEFAULT CHARSET=utf8mb3;
/*!40101 SET character_set_client = @saved_cs_client */;

--
-- Dumping data for table `vtiger_ticketpriorities`
--

LOCK TABLES `vtiger_ticketpriorities` WRITE;
/*!40000 ALTER TABLE `vtiger_ticketpriorities` DISABLE KEYS */;
INSERT INTO `vtiger_ticketpriorities` VALUES (1,'Low',1,182,0,NULL),(2,'Normal',1,183,1,NULL),(3,'High',1,184,2,NULL),(4,'Urgent',1,185,3,NULL);
/*!40000 ALTER TABLE `vtiger_ticketpriorities` ENABLE KEYS */;
UNLOCK TABLES;

--
-- Table structure for table `vtiger_ticketpriorities_seq`
--

DROP TABLE IF EXISTS `vtiger_ticketpriorities_seq`;
/*!40101 SET @saved_cs_client     = @@character_set_client */;
/*!50503 SET character_set_client = utf8mb4 */;
CREATE TABLE `vtiger_ticketpriorities_seq` (
  `id` int NOT NULL
) ENGINE=InnoDB DEFAULT CHARSET=utf8mb3;
/*!40101 SET character_set_client = @saved_cs_client */;

--
-- Dumping data for table `vtiger_ticketpriorities_seq`
--

LOCK TABLES `vtiger_ticketpriorities_seq` WRITE;
/*!40000 ALTER TABLE `vtiger_ticketpriorities_seq` DISABLE KEYS */;
INSERT INTO `vtiger_ticketpriorities_seq` VALUES (4);
/*!40000 ALTER TABLE `vtiger_ticketpriorities_seq` ENABLE KEYS */;
UNLOCK TABLES;

--
-- Table structure for table `vtiger_ticketseverities`
--

DROP TABLE IF EXISTS `vtiger_ticketseverities`;
/*!40101 SET @saved_cs_client     = @@character_set_client */;
/*!50503 SET character_set_client = utf8mb4 */;
CREATE TABLE `vtiger_ticketseverities` (
  `ticketseverities_id` int NOT NULL AUTO_INCREMENT,
  `ticketseverities` varchar(200) DEFAULT NULL,
  `presence` int NOT NULL DEFAULT '0',
  `picklist_valueid` int NOT NULL DEFAULT '0',
  `sortorderid` int DEFAULT NULL,
  `color` varchar(10) DEFAULT NULL,
  PRIMARY KEY (`ticketseverities_id`)
) ENGINE=InnoDB AUTO_INCREMENT=5 DEFAULT CHARSET=utf8mb3;
/*!40101 SET character_set_client = @saved_cs_client */;

--
-- Dumping data for table `vtiger_ticketseverities`
--

LOCK TABLES `vtiger_ticketseverities` WRITE;
/*!40000 ALTER TABLE `vtiger_ticketseverities` DISABLE KEYS */;
INSERT INTO `vtiger_ticketseverities` VALUES (1,'Minor',1,186,0,NULL),(2,'Major',1,187,1,NULL),(3,'Feature',1,188,2,NULL),(4,'Critical',1,189,3,NULL);
/*!40000 ALTER TABLE `vtiger_ticketseverities` ENABLE KEYS */;
UNLOCK TABLES;

--
-- Table structure for table `vtiger_ticketseverities_seq`
--

DROP TABLE IF EXISTS `vtiger_ticketseverities_seq`;
/*!40101 SET @saved_cs_client     = @@character_set_client */;
/*!50503 SET character_set_client = utf8mb4 */;
CREATE TABLE `vtiger_ticketseverities_seq` (
  `id` int NOT NULL
) ENGINE=InnoDB DEFAULT CHARSET=utf8mb3;
/*!40101 SET character_set_client = @saved_cs_client */;

--
-- Dumping data for table `vtiger_ticketseverities_seq`
--

LOCK TABLES `vtiger_ticketseverities_seq` WRITE;
/*!40000 ALTER TABLE `vtiger_ticketseverities_seq` DISABLE KEYS */;
INSERT INTO `vtiger_ticketseverities_seq` VALUES (4);
/*!40000 ALTER TABLE `vtiger_ticketseverities_seq` ENABLE KEYS */;
UNLOCK TABLES;

--
-- Table structure for table `vtiger_ticketstatus`
--

DROP TABLE IF EXISTS `vtiger_ticketstatus`;
/*!40101 SET @saved_cs_client     = @@character_set_client */;
/*!50503 SET character_set_client = utf8mb4 */;
CREATE TABLE `vtiger_ticketstatus` (
  `ticketstatus_id` int NOT NULL AUTO_INCREMENT,
  `ticketstatus` varchar(200) DEFAULT NULL,
  `presence` int NOT NULL DEFAULT '0',
  `picklist_valueid` int NOT NULL DEFAULT '0',
  `sortorderid` int DEFAULT NULL,
  `color` varchar(10) DEFAULT NULL,
  PRIMARY KEY (`ticketstatus_id`)
) ENGINE=InnoDB AUTO_INCREMENT=5 DEFAULT CHARSET=utf8mb3;
/*!40101 SET character_set_client = @saved_cs_client */;

--
-- Dumping data for table `vtiger_ticketstatus`
--

LOCK TABLES `vtiger_ticketstatus` WRITE;
/*!40000 ALTER TABLE `vtiger_ticketstatus` DISABLE KEYS */;
INSERT INTO `vtiger_ticketstatus` VALUES (1,'Open',0,190,0,NULL),(2,'In Progress',0,191,1,NULL),(3,'Wait For Response',0,192,2,NULL),(4,'Closed',0,193,3,NULL);
/*!40000 ALTER TABLE `vtiger_ticketstatus` ENABLE KEYS */;
UNLOCK TABLES;

--
-- Table structure for table `vtiger_ticketstatus_seq`
--

DROP TABLE IF EXISTS `vtiger_ticketstatus_seq`;
/*!40101 SET @saved_cs_client     = @@character_set_client */;
/*!50503 SET character_set_client = utf8mb4 */;
CREATE TABLE `vtiger_ticketstatus_seq` (
  `id` int NOT NULL
) ENGINE=InnoDB DEFAULT CHARSET=utf8mb3;
/*!40101 SET character_set_client = @saved_cs_client */;

--
-- Dumping data for table `vtiger_ticketstatus_seq`
--

LOCK TABLES `vtiger_ticketstatus_seq` WRITE;
/*!40000 ALTER TABLE `vtiger_ticketstatus_seq` DISABLE KEYS */;
INSERT INTO `vtiger_ticketstatus_seq` VALUES (4);
/*!40000 ALTER TABLE `vtiger_ticketstatus_seq` ENABLE KEYS */;
UNLOCK TABLES;

--
-- Table structure for table `vtiger_time_zone`
--

DROP TABLE IF EXISTS `vtiger_time_zone`;
/*!40101 SET @saved_cs_client     = @@character_set_client */;
/*!50503 SET character_set_client = utf8mb4 */;
CREATE TABLE `vtiger_time_zone` (
  `time_zoneid` int NOT NULL AUTO_INCREMENT,
  `time_zone` varchar(200) NOT NULL,
  `sortorderid` int NOT NULL DEFAULT '0',
  `presence` int NOT NULL DEFAULT '1',
  PRIMARY KEY (`time_zoneid`)
) ENGINE=InnoDB AUTO_INCREMENT=98 DEFAULT CHARSET=utf8mb3;
/*!40101 SET character_set_client = @saved_cs_client */;

--
-- Dumping data for table `vtiger_time_zone`
--

LOCK TABLES `vtiger_time_zone` WRITE;
/*!40000 ALTER TABLE `vtiger_time_zone` DISABLE KEYS */;
INSERT INTO `vtiger_time_zone` VALUES (1,'Pacific/Midway',0,1),(2,'Pacific/Samoa',1,1),(3,'Pacific/Honolulu',2,1),(4,'America/Anchorage',3,1),(5,'America/Los_Angeles',5,1),(6,'America/Tijuana',4,1),(7,'America/Denver',9,1),(8,'America/Chihuahua',6,1),(9,'America/Mazatlan',8,1),(10,'America/Phoenix',7,1),(11,'America/Regina',12,1),(12,'America/Tegucigalpa',11,1),(13,'America/Chicago',10,1),(14,'America/Mexico_City',14,1),(15,'America/Monterrey',13,1),(16,'America/New_York',16,1),(17,'America/Bogota',19,1),(18,'America/Lima',17,1),(19,'America/Rio_Branco',15,1),(20,'America/Indiana/Indianapolis',18,1),(21,'America/Caracas',20,1),(22,'America/Halifax',25,1),(23,'America/Manaus',22,1),(24,'America/Santiago',21,1),(25,'America/La_Paz',23,1),(26,'America/Cuiaba',24,1),(27,'America/Asuncion',26,1),(28,'America/St_Johns',27,1),(29,'America/Argentina/Buenos_Aires',30,1),(30,'America/Sao_Paulo',31,1),(31,'America/Godthab',29,1),(32,'America/Montevideo',28,1),(33,'Atlantic/South_Georgia',32,1),(34,'Atlantic/Azores',33,1),(35,'Atlantic/Cape_Verde',34,1),(36,'Europe/London',37,1),(37,'UTC',35,1),(38,'Africa/Monrovia',38,1),(39,'Africa/Casablanca',36,1),(40,'Europe/Belgrade',40,1),(41,'Europe/Sarajevo',43,1),(42,'Europe/Brussels',41,1),(43,'Africa/Algiers',42,1),(44,'Europe/Amsterdam',39,1),(45,'Europe/Minsk',49,1),(46,'Africa/Cairo',48,1),(47,'Europe/Helsinki',53,1),(48,'Europe/Athens',45,1),(49,'Europe/Istanbul',51,1),(50,'Asia/Jerusalem',47,1),(51,'Asia/Amman',50,1),(52,'Asia/Beirut',44,1),(53,'Africa/Windhoek',46,1),(54,'Africa/Harare',52,1),(55,'Asia/Kuwait',56,1),(56,'Asia/Baghdad',54,1),(57,'Africa/Nairobi',55,1),(58,'Asia/Tehran',58,1),(59,'Asia/Tbilisi',62,1),(60,'Europe/Moscow',57,1),(61,'Asia/Muscat',61,1),(62,'Asia/Baku',59,1),(63,'Asia/Yerevan',60,1),(64,'Asia/Karachi',64,1),(65,'Asia/Tashkent',65,1),(66,'Asia/Kolkata',66,1),(67,'Asia/Colombo',67,1),(68,'Asia/Katmandu',68,1),(69,'Asia/Dhaka',70,1),(70,'Asia/Almaty',69,1),(71,'Asia/Yekaterinburg',63,1),(72,'Asia/Rangoon',72,1),(73,'Asia/Novosibirsk',71,1),(74,'Asia/Bangkok',74,1),(75,'Asia/Brunei',77,1),(76,'Asia/Krasnoyarsk',73,1),(77,'Asia/Ulaanbaatar',80,1),(78,'Asia/Kuala_Lumpur',79,1),(79,'Asia/Taipei',78,1),(80,'Australia/Perth',75,1),(81,'Asia/Irkutsk',76,1),(82,'Asia/Seoul',81,1),(83,'Asia/Tokyo',82,1),(84,'Australia/Darwin',85,1),(85,'Australia/Adelaide',84,1),(86,'Australia/Canberra',87,1),(87,'Australia/Brisbane',86,1),(88,'Australia/Hobart',88,1),(89,'Asia/Vladivostok',89,1),(90,'Pacific/Guam',92,1),(91,'Asia/Yakutsk',83,1),(92,'Pacific/Fiji',95,1),(93,'Asia/Kamchatka',90,1),(94,'Pacific/Auckland',94,1),(95,'Asia/Magadan',91,1),(96,'Pacific/Tongatapu',96,1),(97,'Etc/GMT-11',93,1);
/*!40000 ALTER TABLE `vtiger_time_zone` ENABLE KEYS */;
UNLOCK TABLES;

--
-- Table structure for table `vtiger_time_zone_seq`
--

DROP TABLE IF EXISTS `vtiger_time_zone_seq`;
/*!40101 SET @saved_cs_client     = @@character_set_client */;
/*!50503 SET character_set_client = utf8mb4 */;
CREATE TABLE `vtiger_time_zone_seq` (
  `id` int NOT NULL
) ENGINE=InnoDB DEFAULT CHARSET=utf8mb3;
/*!40101 SET character_set_client = @saved_cs_client */;

--
-- Dumping data for table `vtiger_time_zone_seq`
--

LOCK TABLES `vtiger_time_zone_seq` WRITE;
/*!40000 ALTER TABLE `vtiger_time_zone_seq` DISABLE KEYS */;
INSERT INTO `vtiger_time_zone_seq` VALUES (96);
/*!40000 ALTER TABLE `vtiger_time_zone_seq` ENABLE KEYS */;
UNLOCK TABLES;

--
-- Table structure for table `vtiger_timetable`
--

DROP TABLE IF EXISTS `vtiger_timetable`;
/*!40101 SET @saved_cs_client     = @@character_set_client */;
/*!50503 SET character_set_client = utf8mb4 */;
CREATE TABLE `vtiger_timetable` (
  `timetableid` int NOT NULL,
  `name` varchar(255) DEFAULT NULL,
  `timetableno` varchar(100) DEFAULT NULL,
  `tags` varchar(1) DEFAULT NULL,
  `cf_potentials_id` int DEFAULT NULL,
  `cf_quotes_id` int DEFAULT NULL,
  `cf_salesorder_id` int DEFAULT NULL,
  `childrens` int DEFAULT NULL,
  `date` varchar(255) DEFAULT NULL,
  `duration` int DEFAULT NULL,
  `from_coordinates` varchar(255) DEFAULT NULL,
  `scheduled_wait` int DEFAULT NULL,
  `status` varchar(255) DEFAULT NULL,
  `time` varchar(255) DEFAULT NULL,
  `trips` int DEFAULT NULL,
  `where_coordinates` varchar(255) DEFAULT NULL,
  `distance` int DEFAULT NULL,
  `cf_nrl_contacts759_id` int DEFAULT NULL,
  `cf_nrl_contacts296_id` int DEFAULT NULL,
  `cf_nrl_contacts85_id` int DEFAULT NULL,
  `cf_nrl_contacts705_id` int DEFAULT NULL,
  `where_address` varchar(255) DEFAULT NULL,
  `timetable_status` varchar(255) DEFAULT NULL,
  `scheduled_wait_from` int DEFAULT NULL,
  `scheduled_wait_where` int DEFAULT NULL,
  `childrens_age` varchar(255) DEFAULT NULL,
  `parking_info` varchar(250) DEFAULT NULL,
  `payment_mark` varchar(3) DEFAULT NULL,
  `bill_paid` varchar(3) DEFAULT NULL,
  `cf_nrl_invoice390_id` int DEFAULT NULL,
  `cf_nrl_contacts580_id` int DEFAULT NULL,
  `cf_leads_id` int DEFAULT NULL,
  PRIMARY KEY (`timetableid`),
  KEY `cf_potentials_id_index` (`cf_potentials_id`) USING BTREE,
  KEY `cf_quotes_id_index` (`cf_quotes_id`) USING BTREE,
  KEY `cf_salesorder_id_index` (`cf_salesorder_id`) USING BTREE,
  KEY `cf_nrl_contacts759_id_index` (`cf_nrl_contacts759_id`) USING BTREE,
  KEY `cf_nrl_contacts296_id_index` (`cf_nrl_contacts296_id`) USING BTREE,
  KEY `cf_nrl_contacts85_id_index` (`cf_nrl_contacts85_id`) USING BTREE,
  KEY `cf_nrl_contacts705_id_index` (`cf_nrl_contacts705_id`) USING BTREE,
  KEY `cf_nrl_invoice390_id_index` (`cf_nrl_invoice390_id`) USING BTREE,
  KEY `cf_nrl_contacts580_id_index` (`cf_nrl_contacts580_id`) USING BTREE,
  KEY `cf_leads_id_index` (`cf_leads_id`) USING BTREE
) ENGINE=InnoDB DEFAULT CHARSET=utf8mb3;
/*!40101 SET character_set_client = @saved_cs_client */;

--
-- Dumping data for table `vtiger_timetable`
--

LOCK TABLES `vtiger_timetable` WRITE;
/*!40000 ALTER TABLE `vtiger_timetable` DISABLE KEYS */;
INSERT INTO `vtiger_timetable` VALUES (17,'Адрес 1','TI1','',0,0,0,0,'',0,'',0,'','',0,'',0,0,0,0,0,'Адрес 2',NULL,NULL,NULL,NULL,NULL,NULL,NULL,NULL,NULL,NULL);
/*!40000 ALTER TABLE `vtiger_timetable` ENABLE KEYS */;
UNLOCK TABLES;

--
-- Table structure for table `vtiger_timetable_status`
--

DROP TABLE IF EXISTS `vtiger_timetable_status`;
/*!40101 SET @saved_cs_client     = @@character_set_client */;
/*!50503 SET character_set_client = utf8mb4 */;
CREATE TABLE `vtiger_timetable_status` (
  `timetable_statusid` int NOT NULL AUTO_INCREMENT,
  `timetable_status` varchar(200) NOT NULL,
  `presence` int NOT NULL DEFAULT '1',
  `picklist_valueid` int NOT NULL DEFAULT '0',
  `sortorderid` int DEFAULT '0',
  `color` varchar(10) DEFAULT NULL,
  PRIMARY KEY (`timetable_statusid`)
) ENGINE=InnoDB AUTO_INCREMENT=5 DEFAULT CHARSET=utf8mb3;
/*!40101 SET character_set_client = @saved_cs_client */;

--
-- Dumping data for table `vtiger_timetable_status`
--

LOCK TABLES `vtiger_timetable_status` WRITE;
/*!40000 ALTER TABLE `vtiger_timetable_status` DISABLE KEYS */;
INSERT INTO `vtiger_timetable_status` VALUES (1,'Pending',1,348,1,NULL),(2,'Performed',1,349,2,NULL),(3,'Completed',1,350,3,NULL),(4,'Canceled',1,351,4,NULL);
/*!40000 ALTER TABLE `vtiger_timetable_status` ENABLE KEYS */;
UNLOCK TABLES;

--
-- Table structure for table `vtiger_timetable_status_seq`
--

DROP TABLE IF EXISTS `vtiger_timetable_status_seq`;
/*!40101 SET @saved_cs_client     = @@character_set_client */;
/*!50503 SET character_set_client = utf8mb4 */;
CREATE TABLE `vtiger_timetable_status_seq` (
  `id` int NOT NULL
) ENGINE=InnoDB DEFAULT CHARSET=utf8mb3;
/*!40101 SET character_set_client = @saved_cs_client */;

--
-- Dumping data for table `vtiger_timetable_status_seq`
--

LOCK TABLES `vtiger_timetable_status_seq` WRITE;
/*!40000 ALTER TABLE `vtiger_timetable_status_seq` DISABLE KEYS */;
INSERT INTO `vtiger_timetable_status_seq` VALUES (4);
/*!40000 ALTER TABLE `vtiger_timetable_status_seq` ENABLE KEYS */;
UNLOCK TABLES;

--
-- Table structure for table `vtiger_timetablecf`
--

DROP TABLE IF EXISTS `vtiger_timetablecf`;
/*!40101 SET @saved_cs_client     = @@character_set_client */;
/*!50503 SET character_set_client = utf8mb4 */;
CREATE TABLE `vtiger_timetablecf` (
  `timetableid` int NOT NULL,
  PRIMARY KEY (`timetableid`)
) ENGINE=InnoDB DEFAULT CHARSET=utf8mb3;
/*!40101 SET character_set_client = @saved_cs_client */;

--
-- Dumping data for table `vtiger_timetablecf`
--

LOCK TABLES `vtiger_timetablecf` WRITE;
/*!40000 ALTER TABLE `vtiger_timetablecf` DISABLE KEYS */;
INSERT INTO `vtiger_timetablecf` VALUES (17);
/*!40000 ALTER TABLE `vtiger_timetablecf` ENABLE KEYS */;
UNLOCK TABLES;

--
-- Table structure for table `vtiger_tmp_read_group_rel_sharing_per`
--

DROP TABLE IF EXISTS `vtiger_tmp_read_group_rel_sharing_per`;
/*!40101 SET @saved_cs_client     = @@character_set_client */;
/*!50503 SET character_set_client = utf8mb4 */;
CREATE TABLE `vtiger_tmp_read_group_rel_sharing_per` (
  `userid` int NOT NULL,
  `tabid` int NOT NULL,
  `relatedtabid` int NOT NULL,
  `sharedgroupid` int NOT NULL,
  PRIMARY KEY (`userid`,`tabid`,`relatedtabid`,`sharedgroupid`),
  KEY `tmp_read_group_rel_sharing_per_userid_sharedgroupid_tabid` (`userid`,`sharedgroupid`,`tabid`),
  CONSTRAINT `fk_4_vtiger_tmp_read_group_rel_sharing_per` FOREIGN KEY (`userid`) REFERENCES `vtiger_users` (`id`) ON DELETE CASCADE
) ENGINE=InnoDB DEFAULT CHARSET=utf8mb3;
/*!40101 SET character_set_client = @saved_cs_client */;

--
-- Dumping data for table `vtiger_tmp_read_group_rel_sharing_per`
--

LOCK TABLES `vtiger_tmp_read_group_rel_sharing_per` WRITE;
/*!40000 ALTER TABLE `vtiger_tmp_read_group_rel_sharing_per` DISABLE KEYS */;
/*!40000 ALTER TABLE `vtiger_tmp_read_group_rel_sharing_per` ENABLE KEYS */;
UNLOCK TABLES;

--
-- Table structure for table `vtiger_tmp_read_group_sharing_per`
--

DROP TABLE IF EXISTS `vtiger_tmp_read_group_sharing_per`;
/*!40101 SET @saved_cs_client     = @@character_set_client */;
/*!50503 SET character_set_client = utf8mb4 */;
CREATE TABLE `vtiger_tmp_read_group_sharing_per` (
  `userid` int NOT NULL,
  `tabid` int NOT NULL,
  `sharedgroupid` int NOT NULL,
  PRIMARY KEY (`userid`,`tabid`,`sharedgroupid`),
  KEY `tmp_read_group_sharing_per_userid_sharedgroupid_idx` (`userid`,`sharedgroupid`),
  CONSTRAINT `fk_3_vtiger_tmp_read_group_sharing_per` FOREIGN KEY (`userid`) REFERENCES `vtiger_users` (`id`) ON DELETE CASCADE
) ENGINE=InnoDB DEFAULT CHARSET=utf8mb3;
/*!40101 SET character_set_client = @saved_cs_client */;

--
-- Dumping data for table `vtiger_tmp_read_group_sharing_per`
--

LOCK TABLES `vtiger_tmp_read_group_sharing_per` WRITE;
/*!40000 ALTER TABLE `vtiger_tmp_read_group_sharing_per` DISABLE KEYS */;
/*!40000 ALTER TABLE `vtiger_tmp_read_group_sharing_per` ENABLE KEYS */;
UNLOCK TABLES;

--
-- Table structure for table `vtiger_tmp_read_user_rel_sharing_per`
--

DROP TABLE IF EXISTS `vtiger_tmp_read_user_rel_sharing_per`;
/*!40101 SET @saved_cs_client     = @@character_set_client */;
/*!50503 SET character_set_client = utf8mb4 */;
CREATE TABLE `vtiger_tmp_read_user_rel_sharing_per` (
  `userid` int NOT NULL,
  `tabid` int NOT NULL,
  `relatedtabid` int NOT NULL,
  `shareduserid` int NOT NULL,
  PRIMARY KEY (`userid`,`tabid`,`relatedtabid`,`shareduserid`),
  KEY `tmp_read_user_rel_sharing_per_userid_shared_reltabid_idx` (`userid`,`shareduserid`,`relatedtabid`),
  CONSTRAINT `fk_4_vtiger_tmp_read_user_rel_sharing_per` FOREIGN KEY (`userid`) REFERENCES `vtiger_users` (`id`) ON DELETE CASCADE
) ENGINE=InnoDB DEFAULT CHARSET=utf8mb3;
/*!40101 SET character_set_client = @saved_cs_client */;

--
-- Dumping data for table `vtiger_tmp_read_user_rel_sharing_per`
--

LOCK TABLES `vtiger_tmp_read_user_rel_sharing_per` WRITE;
/*!40000 ALTER TABLE `vtiger_tmp_read_user_rel_sharing_per` DISABLE KEYS */;
/*!40000 ALTER TABLE `vtiger_tmp_read_user_rel_sharing_per` ENABLE KEYS */;
UNLOCK TABLES;

--
-- Table structure for table `vtiger_tmp_read_user_sharing_per`
--

DROP TABLE IF EXISTS `vtiger_tmp_read_user_sharing_per`;
/*!40101 SET @saved_cs_client     = @@character_set_client */;
/*!50503 SET character_set_client = utf8mb4 */;
CREATE TABLE `vtiger_tmp_read_user_sharing_per` (
  `userid` int NOT NULL,
  `tabid` int NOT NULL,
  `shareduserid` int NOT NULL,
  PRIMARY KEY (`userid`,`tabid`,`shareduserid`),
  KEY `tmp_read_user_sharing_per_userid_shareduserid_idx` (`userid`,`shareduserid`),
  CONSTRAINT `fk_3_vtiger_tmp_read_user_sharing_per` FOREIGN KEY (`userid`) REFERENCES `vtiger_users` (`id`) ON DELETE CASCADE
) ENGINE=InnoDB DEFAULT CHARSET=utf8mb3;
/*!40101 SET character_set_client = @saved_cs_client */;

--
-- Dumping data for table `vtiger_tmp_read_user_sharing_per`
--

LOCK TABLES `vtiger_tmp_read_user_sharing_per` WRITE;
/*!40000 ALTER TABLE `vtiger_tmp_read_user_sharing_per` DISABLE KEYS */;
/*!40000 ALTER TABLE `vtiger_tmp_read_user_sharing_per` ENABLE KEYS */;
UNLOCK TABLES;

--
-- Table structure for table `vtiger_tmp_write_group_rel_sharing_per`
--

DROP TABLE IF EXISTS `vtiger_tmp_write_group_rel_sharing_per`;
/*!40101 SET @saved_cs_client     = @@character_set_client */;
/*!50503 SET character_set_client = utf8mb4 */;
CREATE TABLE `vtiger_tmp_write_group_rel_sharing_per` (
  `userid` int NOT NULL,
  `tabid` int NOT NULL,
  `relatedtabid` int NOT NULL,
  `sharedgroupid` int NOT NULL,
  PRIMARY KEY (`userid`,`tabid`,`relatedtabid`,`sharedgroupid`),
  KEY `tmp_write_group_rel_sharing_per_userid_sharedgroupid_tabid_idx` (`userid`,`sharedgroupid`,`tabid`),
  CONSTRAINT `fk_4_vtiger_tmp_write_group_rel_sharing_per` FOREIGN KEY (`userid`) REFERENCES `vtiger_users` (`id`) ON DELETE CASCADE
) ENGINE=InnoDB DEFAULT CHARSET=utf8mb3;
/*!40101 SET character_set_client = @saved_cs_client */;

--
-- Dumping data for table `vtiger_tmp_write_group_rel_sharing_per`
--

LOCK TABLES `vtiger_tmp_write_group_rel_sharing_per` WRITE;
/*!40000 ALTER TABLE `vtiger_tmp_write_group_rel_sharing_per` DISABLE KEYS */;
/*!40000 ALTER TABLE `vtiger_tmp_write_group_rel_sharing_per` ENABLE KEYS */;
UNLOCK TABLES;

--
-- Table structure for table `vtiger_tmp_write_group_sharing_per`
--

DROP TABLE IF EXISTS `vtiger_tmp_write_group_sharing_per`;
/*!40101 SET @saved_cs_client     = @@character_set_client */;
/*!50503 SET character_set_client = utf8mb4 */;
CREATE TABLE `vtiger_tmp_write_group_sharing_per` (
  `userid` int NOT NULL,
  `tabid` int NOT NULL,
  `sharedgroupid` int NOT NULL,
  PRIMARY KEY (`userid`,`tabid`,`sharedgroupid`),
  KEY `tmp_write_group_sharing_per_UK1` (`userid`,`sharedgroupid`),
  CONSTRAINT `fk_3_vtiger_tmp_write_group_sharing_per` FOREIGN KEY (`userid`) REFERENCES `vtiger_users` (`id`) ON DELETE CASCADE
) ENGINE=InnoDB DEFAULT CHARSET=utf8mb3;
/*!40101 SET character_set_client = @saved_cs_client */;

--
-- Dumping data for table `vtiger_tmp_write_group_sharing_per`
--

LOCK TABLES `vtiger_tmp_write_group_sharing_per` WRITE;
/*!40000 ALTER TABLE `vtiger_tmp_write_group_sharing_per` DISABLE KEYS */;
/*!40000 ALTER TABLE `vtiger_tmp_write_group_sharing_per` ENABLE KEYS */;
UNLOCK TABLES;

--
-- Table structure for table `vtiger_tmp_write_user_rel_sharing_per`
--

DROP TABLE IF EXISTS `vtiger_tmp_write_user_rel_sharing_per`;
/*!40101 SET @saved_cs_client     = @@character_set_client */;
/*!50503 SET character_set_client = utf8mb4 */;
CREATE TABLE `vtiger_tmp_write_user_rel_sharing_per` (
  `userid` int NOT NULL,
  `tabid` int NOT NULL,
  `relatedtabid` int NOT NULL,
  `shareduserid` int NOT NULL,
  PRIMARY KEY (`userid`,`tabid`,`relatedtabid`,`shareduserid`),
  KEY `tmp_write_user_rel_sharing_per_userid_sharduserid_tabid_idx` (`userid`,`shareduserid`,`tabid`),
  CONSTRAINT `fk_4_vtiger_tmp_write_user_rel_sharing_per` FOREIGN KEY (`userid`) REFERENCES `vtiger_users` (`id`) ON DELETE CASCADE
) ENGINE=InnoDB DEFAULT CHARSET=utf8mb3;
/*!40101 SET character_set_client = @saved_cs_client */;

--
-- Dumping data for table `vtiger_tmp_write_user_rel_sharing_per`
--

LOCK TABLES `vtiger_tmp_write_user_rel_sharing_per` WRITE;
/*!40000 ALTER TABLE `vtiger_tmp_write_user_rel_sharing_per` DISABLE KEYS */;
/*!40000 ALTER TABLE `vtiger_tmp_write_user_rel_sharing_per` ENABLE KEYS */;
UNLOCK TABLES;

--
-- Table structure for table `vtiger_tmp_write_user_sharing_per`
--

DROP TABLE IF EXISTS `vtiger_tmp_write_user_sharing_per`;
/*!40101 SET @saved_cs_client     = @@character_set_client */;
/*!50503 SET character_set_client = utf8mb4 */;
CREATE TABLE `vtiger_tmp_write_user_sharing_per` (
  `userid` int NOT NULL,
  `tabid` int NOT NULL,
  `shareduserid` int NOT NULL,
  PRIMARY KEY (`userid`,`tabid`,`shareduserid`),
  KEY `tmp_write_user_sharing_per_userid_shareduserid_idx` (`userid`,`shareduserid`),
  CONSTRAINT `fk_3_vtiger_tmp_write_user_sharing_per` FOREIGN KEY (`userid`) REFERENCES `vtiger_users` (`id`) ON DELETE CASCADE
) ENGINE=InnoDB DEFAULT CHARSET=utf8mb3;
/*!40101 SET character_set_client = @saved_cs_client */;

--
-- Dumping data for table `vtiger_tmp_write_user_sharing_per`
--

LOCK TABLES `vtiger_tmp_write_user_sharing_per` WRITE;
/*!40000 ALTER TABLE `vtiger_tmp_write_user_sharing_per` DISABLE KEYS */;
/*!40000 ALTER TABLE `vtiger_tmp_write_user_sharing_per` ENABLE KEYS */;
UNLOCK TABLES;

--
-- Table structure for table `vtiger_tracker`
--

DROP TABLE IF EXISTS `vtiger_tracker`;
/*!40101 SET @saved_cs_client     = @@character_set_client */;
/*!50503 SET character_set_client = utf8mb4 */;
CREATE TABLE `vtiger_tracker` (
  `id` int NOT NULL AUTO_INCREMENT,
  `user_id` varchar(36) DEFAULT NULL,
  `module_name` varchar(25) DEFAULT NULL,
  `item_id` varchar(36) DEFAULT NULL,
  `item_summary` varchar(255) DEFAULT NULL,
  PRIMARY KEY (`id`)
) ENGINE=InnoDB DEFAULT CHARSET=utf8mb3;
/*!40101 SET character_set_client = @saved_cs_client */;

--
-- Dumping data for table `vtiger_tracker`
--

LOCK TABLES `vtiger_tracker` WRITE;
/*!40000 ALTER TABLE `vtiger_tracker` DISABLE KEYS */;
/*!40000 ALTER TABLE `vtiger_tracker` ENABLE KEYS */;
UNLOCK TABLES;

--
-- Table structure for table `vtiger_tracking_unit`
--

DROP TABLE IF EXISTS `vtiger_tracking_unit`;
/*!40101 SET @saved_cs_client     = @@character_set_client */;
/*!50503 SET character_set_client = utf8mb4 */;
CREATE TABLE `vtiger_tracking_unit` (
  `tracking_unitid` int NOT NULL AUTO_INCREMENT,
  `tracking_unit` varchar(200) NOT NULL,
  `presence` int NOT NULL DEFAULT '1',
  `picklist_valueid` int NOT NULL DEFAULT '0',
  `sortorderid` int DEFAULT '0',
  `color` varchar(10) DEFAULT NULL,
  PRIMARY KEY (`tracking_unitid`)
) ENGINE=InnoDB AUTO_INCREMENT=4 DEFAULT CHARSET=utf8mb3;
/*!40101 SET character_set_client = @saved_cs_client */;

--
-- Dumping data for table `vtiger_tracking_unit`
--

LOCK TABLES `vtiger_tracking_unit` WRITE;
/*!40000 ALTER TABLE `vtiger_tracking_unit` DISABLE KEYS */;
INSERT INTO `vtiger_tracking_unit` VALUES (1,'Hours',1,210,1,NULL),(2,'Days',1,211,2,NULL),(3,'Incidents',1,212,3,NULL);
/*!40000 ALTER TABLE `vtiger_tracking_unit` ENABLE KEYS */;
UNLOCK TABLES;

--
-- Table structure for table `vtiger_tracking_unit_seq`
--

DROP TABLE IF EXISTS `vtiger_tracking_unit_seq`;
/*!40101 SET @saved_cs_client     = @@character_set_client */;
/*!50503 SET character_set_client = utf8mb4 */;
CREATE TABLE `vtiger_tracking_unit_seq` (
  `id` int NOT NULL
) ENGINE=InnoDB DEFAULT CHARSET=utf8mb3;
/*!40101 SET character_set_client = @saved_cs_client */;

--
-- Dumping data for table `vtiger_tracking_unit_seq`
--

LOCK TABLES `vtiger_tracking_unit_seq` WRITE;
/*!40000 ALTER TABLE `vtiger_tracking_unit_seq` DISABLE KEYS */;
INSERT INTO `vtiger_tracking_unit_seq` VALUES (3);
/*!40000 ALTER TABLE `vtiger_tracking_unit_seq` ENABLE KEYS */;
UNLOCK TABLES;

--
-- Table structure for table `vtiger_trips`
--

DROP TABLE IF EXISTS `vtiger_trips`;
/*!40101 SET @saved_cs_client     = @@character_set_client */;
/*!50503 SET character_set_client = utf8mb4 */;
CREATE TABLE `vtiger_trips` (
  `tripsid` int NOT NULL,
  `name` varchar(255) DEFAULT NULL,
  `tripsno` varchar(100) DEFAULT NULL,
  `tags` varchar(1) DEFAULT NULL,
  `childrens` int DEFAULT NULL,
  `date` varchar(255) DEFAULT NULL,
  `distance` int DEFAULT NULL,
  `duration` int DEFAULT NULL,
  `not_scheduled_wait` int DEFAULT NULL,
  `scheduled_wait` int DEFAULT NULL,
  `status` varchar(255) DEFAULT NULL,
  `time` varchar(255) DEFAULT NULL,
  `where_address` varchar(255) DEFAULT NULL,
  `cf_nrl_contacts59_id` int DEFAULT NULL,
  `cf_nrl_contacts351_id` int DEFAULT NULL,
  `cf_nrl_contacts774_id` int DEFAULT NULL,
  `cf_nrl_contacts94_id` int DEFAULT NULL,
  `cf_nrl_contacts616_id` int DEFAULT NULL,
  `cf_nrl_timetable926_id` int DEFAULT NULL,
  `trips_status` varchar(255) DEFAULT NULL,
  PRIMARY KEY (`tripsid`),
  KEY `cf_nrl_contacts59_id_index` (`cf_nrl_contacts59_id`) USING BTREE,
  KEY `cf_nrl_contacts351_id_index` (`cf_nrl_contacts351_id`) USING BTREE,
  KEY `cf_nrl_contacts774_id_index` (`cf_nrl_contacts774_id`) USING BTREE,
  KEY `cf_nrl_contacts94_id_index` (`cf_nrl_contacts94_id`) USING BTREE,
  KEY `cf_nrl_contacts616_id_index` (`cf_nrl_contacts616_id`) USING BTREE,
  KEY `cf_nrl_timetable926_id_index` (`cf_nrl_timetable926_id`) USING BTREE
) ENGINE=InnoDB DEFAULT CHARSET=utf8mb3;
/*!40101 SET character_set_client = @saved_cs_client */;

--
-- Dumping data for table `vtiger_trips`
--

LOCK TABLES `vtiger_trips` WRITE;
/*!40000 ALTER TABLE `vtiger_trips` DISABLE KEYS */;
INSERT INTO `vtiger_trips` VALUES (19,'Адрес 1','TR1','',0,'Адрес 2',0,0,0,0,'','','',NULL,NULL,NULL,NULL,NULL,NULL,NULL);
/*!40000 ALTER TABLE `vtiger_trips` ENABLE KEYS */;
UNLOCK TABLES;

--
-- Table structure for table `vtiger_trips_status`
--

DROP TABLE IF EXISTS `vtiger_trips_status`;
/*!40101 SET @saved_cs_client     = @@character_set_client */;
/*!50503 SET character_set_client = utf8mb4 */;
CREATE TABLE `vtiger_trips_status` (
  `trips_statusid` int NOT NULL AUTO_INCREMENT,
  `trips_status` varchar(200) NOT NULL,
  `presence` int NOT NULL DEFAULT '1',
  `picklist_valueid` int NOT NULL DEFAULT '0',
  `sortorderid` int DEFAULT '0',
  `color` varchar(10) DEFAULT NULL,
  PRIMARY KEY (`trips_statusid`)
) ENGINE=InnoDB AUTO_INCREMENT=5 DEFAULT CHARSET=utf8mb3;
/*!40101 SET character_set_client = @saved_cs_client */;

--
-- Dumping data for table `vtiger_trips_status`
--

LOCK TABLES `vtiger_trips_status` WRITE;
/*!40000 ALTER TABLE `vtiger_trips_status` DISABLE KEYS */;
INSERT INTO `vtiger_trips_status` VALUES (1,'Appointed',1,342,1,NULL),(2,'Performed',1,343,2,NULL),(3,'Completed',1,344,3,NULL),(4,'Canceled',1,345,4,NULL);
/*!40000 ALTER TABLE `vtiger_trips_status` ENABLE KEYS */;
UNLOCK TABLES;

--
-- Table structure for table `vtiger_trips_status_seq`
--

DROP TABLE IF EXISTS `vtiger_trips_status_seq`;
/*!40101 SET @saved_cs_client     = @@character_set_client */;
/*!50503 SET character_set_client = utf8mb4 */;
CREATE TABLE `vtiger_trips_status_seq` (
  `id` int NOT NULL
) ENGINE=InnoDB DEFAULT CHARSET=utf8mb3;
/*!40101 SET character_set_client = @saved_cs_client */;

--
-- Dumping data for table `vtiger_trips_status_seq`
--

LOCK TABLES `vtiger_trips_status_seq` WRITE;
/*!40000 ALTER TABLE `vtiger_trips_status_seq` DISABLE KEYS */;
INSERT INTO `vtiger_trips_status_seq` VALUES (4);
/*!40000 ALTER TABLE `vtiger_trips_status_seq` ENABLE KEYS */;
UNLOCK TABLES;

--
-- Table structure for table `vtiger_tripscf`
--

DROP TABLE IF EXISTS `vtiger_tripscf`;
/*!40101 SET @saved_cs_client     = @@character_set_client */;
/*!50503 SET character_set_client = utf8mb4 */;
CREATE TABLE `vtiger_tripscf` (
  `tripsid` int NOT NULL,
  PRIMARY KEY (`tripsid`)
) ENGINE=InnoDB DEFAULT CHARSET=utf8mb3;
/*!40101 SET character_set_client = @saved_cs_client */;

--
-- Dumping data for table `vtiger_tripscf`
--

LOCK TABLES `vtiger_tripscf` WRITE;
/*!40000 ALTER TABLE `vtiger_tripscf` DISABLE KEYS */;
INSERT INTO `vtiger_tripscf` VALUES (19);
/*!40000 ALTER TABLE `vtiger_tripscf` ENABLE KEYS */;
UNLOCK TABLES;

--
-- Table structure for table `vtiger_troubletickets`
--

DROP TABLE IF EXISTS `vtiger_troubletickets`;
/*!40101 SET @saved_cs_client     = @@character_set_client */;
/*!50503 SET character_set_client = utf8mb4 */;
CREATE TABLE `vtiger_troubletickets` (
  `ticketid` int NOT NULL,
  `ticket_no` varchar(100) NOT NULL,
  `groupname` varchar(100) DEFAULT NULL,
  `parent_id` varchar(100) DEFAULT NULL,
  `product_id` varchar(100) DEFAULT NULL,
  `priority` varchar(200) DEFAULT NULL,
  `severity` varchar(200) DEFAULT NULL,
  `status` varchar(200) DEFAULT NULL,
  `category` varchar(200) DEFAULT NULL,
  `title` varchar(255) NOT NULL,
  `solution` text,
  `update_log` text,
  `version_id` int DEFAULT NULL,
  `hours` decimal(25,8) DEFAULT NULL,
  `days` decimal(25,8) DEFAULT NULL,
  `contact_id` int DEFAULT NULL,
  `tags` varchar(1) DEFAULT NULL,
  PRIMARY KEY (`ticketid`),
  KEY `troubletickets_ticketid_idx` (`ticketid`),
  KEY `troubletickets_status_idx` (`status`),
  CONSTRAINT `fk_1_vtiger_troubletickets` FOREIGN KEY (`ticketid`) REFERENCES `vtiger_crmentity` (`crmid`) ON DELETE CASCADE
) ENGINE=InnoDB DEFAULT CHARSET=utf8mb3;
/*!40101 SET character_set_client = @saved_cs_client */;

--
-- Dumping data for table `vtiger_troubletickets`
--

LOCK TABLES `vtiger_troubletickets` WRITE;
/*!40000 ALTER TABLE `vtiger_troubletickets` DISABLE KEYS */;
/*!40000 ALTER TABLE `vtiger_troubletickets` ENABLE KEYS */;
UNLOCK TABLES;

--
-- Table structure for table `vtiger_tw_status`
--

DROP TABLE IF EXISTS `vtiger_tw_status`;
/*!40101 SET @saved_cs_client     = @@character_set_client */;
/*!50503 SET character_set_client = utf8mb4 */;
CREATE TABLE `vtiger_tw_status` (
  `tw_statusid` int NOT NULL AUTO_INCREMENT,
  `tw_status` varchar(200) NOT NULL,
  `presence` int NOT NULL DEFAULT '1',
  `picklist_valueid` int NOT NULL DEFAULT '0',
  `sortorderid` int DEFAULT '0',
  `color` varchar(10) DEFAULT NULL,
  PRIMARY KEY (`tw_statusid`)
) ENGINE=InnoDB AUTO_INCREMENT=3 DEFAULT CHARSET=utf8mb3;
/*!40101 SET character_set_client = @saved_cs_client */;

--
-- Dumping data for table `vtiger_tw_status`
--

LOCK TABLES `vtiger_tw_status` WRITE;
/*!40000 ALTER TABLE `vtiger_tw_status` DISABLE KEYS */;
INSERT INTO `vtiger_tw_status` VALUES (1,'Sent',1,247,1,NULL),(2,'Not sent',1,248,2,NULL);
/*!40000 ALTER TABLE `vtiger_tw_status` ENABLE KEYS */;
UNLOCK TABLES;

--
-- Table structure for table `vtiger_tw_status_seq`
--

DROP TABLE IF EXISTS `vtiger_tw_status_seq`;
/*!40101 SET @saved_cs_client     = @@character_set_client */;
/*!50503 SET character_set_client = utf8mb4 */;
CREATE TABLE `vtiger_tw_status_seq` (
  `id` int NOT NULL
) ENGINE=InnoDB DEFAULT CHARSET=utf8mb3;
/*!40101 SET character_set_client = @saved_cs_client */;

--
-- Dumping data for table `vtiger_tw_status_seq`
--

LOCK TABLES `vtiger_tw_status_seq` WRITE;
/*!40000 ALTER TABLE `vtiger_tw_status_seq` DISABLE KEYS */;
INSERT INTO `vtiger_tw_status_seq` VALUES (2);
/*!40000 ALTER TABLE `vtiger_tw_status_seq` ENABLE KEYS */;
UNLOCK TABLES;

--
-- Table structure for table `vtiger_type`
--

DROP TABLE IF EXISTS `vtiger_type`;
/*!40101 SET @saved_cs_client     = @@character_set_client */;
/*!50503 SET character_set_client = utf8mb4 */;
CREATE TABLE `vtiger_type` (
  `typeid` int NOT NULL AUTO_INCREMENT,
  `type` varchar(200) NOT NULL,
  `presence` int NOT NULL DEFAULT '1',
  `picklist_valueid` int NOT NULL DEFAULT '0',
  `sortorderid` int DEFAULT '0',
  `color` varchar(10) DEFAULT NULL,
  PRIMARY KEY (`typeid`)
) ENGINE=InnoDB AUTO_INCREMENT=6 DEFAULT CHARSET=utf8mb3;
/*!40101 SET character_set_client = @saved_cs_client */;

--
-- Dumping data for table `vtiger_type`
--

LOCK TABLES `vtiger_type` WRITE;
/*!40000 ALTER TABLE `vtiger_type` DISABLE KEYS */;
INSERT INTO `vtiger_type` VALUES (3,'Client',1,336,1,NULL),(4,'Attendant',1,337,2,NULL),(5,'Child',1,338,3,NULL);
/*!40000 ALTER TABLE `vtiger_type` ENABLE KEYS */;
UNLOCK TABLES;

--
-- Table structure for table `vtiger_type_payment`
--

DROP TABLE IF EXISTS `vtiger_type_payment`;
/*!40101 SET @saved_cs_client     = @@character_set_client */;
/*!50503 SET character_set_client = utf8mb4 */;
CREATE TABLE `vtiger_type_payment` (
  `type_paymentid` int NOT NULL AUTO_INCREMENT,
  `type_payment` varchar(200) NOT NULL,
  `presence` int NOT NULL DEFAULT '1',
  `picklist_valueid` int NOT NULL DEFAULT '0',
  `sortorderid` int DEFAULT '0',
  `color` varchar(10) DEFAULT NULL,
  PRIMARY KEY (`type_paymentid`)
) ENGINE=InnoDB AUTO_INCREMENT=5 DEFAULT CHARSET=utf8mb3;
/*!40101 SET character_set_client = @saved_cs_client */;

--
-- Dumping data for table `vtiger_type_payment`
--

LOCK TABLES `vtiger_type_payment` WRITE;
/*!40000 ALTER TABLE `vtiger_type_payment` DISABLE KEYS */;
INSERT INTO `vtiger_type_payment` VALUES (3,'Online payment',1,346,3,'#ffffff'),(4,'Bank payment',1,347,4,'#ffffff');
/*!40000 ALTER TABLE `vtiger_type_payment` ENABLE KEYS */;
UNLOCK TABLES;

--
-- Table structure for table `vtiger_type_payment_seq`
--

DROP TABLE IF EXISTS `vtiger_type_payment_seq`;
/*!40101 SET @saved_cs_client     = @@character_set_client */;
/*!50503 SET character_set_client = utf8mb4 */;
CREATE TABLE `vtiger_type_payment_seq` (
  `id` int NOT NULL
) ENGINE=InnoDB DEFAULT CHARSET=utf8mb3;
/*!40101 SET character_set_client = @saved_cs_client */;

--
-- Dumping data for table `vtiger_type_payment_seq`
--

LOCK TABLES `vtiger_type_payment_seq` WRITE;
/*!40000 ALTER TABLE `vtiger_type_payment_seq` DISABLE KEYS */;
INSERT INTO `vtiger_type_payment_seq` VALUES (4);
/*!40000 ALTER TABLE `vtiger_type_payment_seq` ENABLE KEYS */;
UNLOCK TABLES;

--
-- Table structure for table `vtiger_type_seq`
--

DROP TABLE IF EXISTS `vtiger_type_seq`;
/*!40101 SET @saved_cs_client     = @@character_set_client */;
/*!50503 SET character_set_client = utf8mb4 */;
CREATE TABLE `vtiger_type_seq` (
  `id` int NOT NULL
) ENGINE=InnoDB DEFAULT CHARSET=utf8mb3;
/*!40101 SET character_set_client = @saved_cs_client */;

--
-- Dumping data for table `vtiger_type_seq`
--

LOCK TABLES `vtiger_type_seq` WRITE;
/*!40000 ALTER TABLE `vtiger_type_seq` DISABLE KEYS */;
INSERT INTO `vtiger_type_seq` VALUES (5);
/*!40000 ALTER TABLE `vtiger_type_seq` ENABLE KEYS */;
UNLOCK TABLES;

--
-- Table structure for table `vtiger_usageunit`
--

DROP TABLE IF EXISTS `vtiger_usageunit`;
/*!40101 SET @saved_cs_client     = @@character_set_client */;
/*!50503 SET character_set_client = utf8mb4 */;
CREATE TABLE `vtiger_usageunit` (
  `usageunitid` int NOT NULL AUTO_INCREMENT,
  `usageunit` varchar(200) NOT NULL,
  `presence` int NOT NULL DEFAULT '1',
  `picklist_valueid` int NOT NULL DEFAULT '0',
  `sortorderid` int DEFAULT NULL,
  `color` varchar(10) DEFAULT NULL,
  PRIMARY KEY (`usageunitid`),
  UNIQUE KEY `usageunit_usageunit_idx` (`usageunit`)
) ENGINE=InnoDB AUTO_INCREMENT=17 DEFAULT CHARSET=utf8mb3;
/*!40101 SET character_set_client = @saved_cs_client */;

--
-- Dumping data for table `vtiger_usageunit`
--

LOCK TABLES `vtiger_usageunit` WRITE;
/*!40000 ALTER TABLE `vtiger_usageunit` DISABLE KEYS */;
INSERT INTO `vtiger_usageunit` VALUES (1,'Box',1,194,0,NULL),(2,'Carton',1,195,1,NULL),(3,'Dozen',1,196,2,NULL),(4,'Each',1,197,3,NULL),(5,'Hours',1,198,4,NULL),(6,'Impressions',1,199,5,NULL),(7,'Lb',1,200,6,NULL),(8,'M',1,201,7,NULL),(9,'Pack',1,202,8,NULL),(10,'Pages',1,203,9,NULL),(11,'Pieces',1,204,10,NULL),(12,'Quantity',1,205,11,NULL),(13,'Reams',1,206,12,NULL),(14,'Sheet',1,207,13,NULL),(15,'Spiral Binder',1,208,14,NULL),(16,'Sq Ft',1,209,15,NULL);
/*!40000 ALTER TABLE `vtiger_usageunit` ENABLE KEYS */;
UNLOCK TABLES;

--
-- Table structure for table `vtiger_usageunit_seq`
--

DROP TABLE IF EXISTS `vtiger_usageunit_seq`;
/*!40101 SET @saved_cs_client     = @@character_set_client */;
/*!50503 SET character_set_client = utf8mb4 */;
CREATE TABLE `vtiger_usageunit_seq` (
  `id` int NOT NULL
) ENGINE=InnoDB DEFAULT CHARSET=utf8mb3;
/*!40101 SET character_set_client = @saved_cs_client */;

--
-- Dumping data for table `vtiger_usageunit_seq`
--

LOCK TABLES `vtiger_usageunit_seq` WRITE;
/*!40000 ALTER TABLE `vtiger_usageunit_seq` DISABLE KEYS */;
INSERT INTO `vtiger_usageunit_seq` VALUES (16);
/*!40000 ALTER TABLE `vtiger_usageunit_seq` ENABLE KEYS */;
UNLOCK TABLES;

--
-- Table structure for table `vtiger_user2mergefields`
--

DROP TABLE IF EXISTS `vtiger_user2mergefields`;
/*!40101 SET @saved_cs_client     = @@character_set_client */;
/*!50503 SET character_set_client = utf8mb4 */;
CREATE TABLE `vtiger_user2mergefields` (
  `userid` int DEFAULT NULL,
  `tabid` int DEFAULT NULL,
  `fieldid` int DEFAULT NULL,
  `visible` int DEFAULT NULL,
  KEY `userid_tabid_idx` (`userid`,`tabid`)
) ENGINE=InnoDB DEFAULT CHARSET=utf8mb3;
/*!40101 SET character_set_client = @saved_cs_client */;

--
-- Dumping data for table `vtiger_user2mergefields`
--

LOCK TABLES `vtiger_user2mergefields` WRITE;
/*!40000 ALTER TABLE `vtiger_user2mergefields` DISABLE KEYS */;
/*!40000 ALTER TABLE `vtiger_user2mergefields` ENABLE KEYS */;
UNLOCK TABLES;

--
-- Table structure for table `vtiger_user2role`
--

DROP TABLE IF EXISTS `vtiger_user2role`;
/*!40101 SET @saved_cs_client     = @@character_set_client */;
/*!50503 SET character_set_client = utf8mb4 */;
CREATE TABLE `vtiger_user2role` (
  `userid` int NOT NULL,
  `roleid` varchar(255) NOT NULL,
  PRIMARY KEY (`userid`),
  KEY `user2role_roleid_idx` (`roleid`),
  CONSTRAINT `fk_2_vtiger_user2role` FOREIGN KEY (`userid`) REFERENCES `vtiger_users` (`id`) ON DELETE CASCADE
) ENGINE=InnoDB DEFAULT CHARSET=utf8mb3;
/*!40101 SET character_set_client = @saved_cs_client */;

--
-- Dumping data for table `vtiger_user2role`
--

LOCK TABLES `vtiger_user2role` WRITE;
/*!40000 ALTER TABLE `vtiger_user2role` DISABLE KEYS */;
INSERT INTO `vtiger_user2role` VALUES (1,'H2');
/*!40000 ALTER TABLE `vtiger_user2role` ENABLE KEYS */;
UNLOCK TABLES;

--
-- Table structure for table `vtiger_user_module_preferences`
--

DROP TABLE IF EXISTS `vtiger_user_module_preferences`;
/*!40101 SET @saved_cs_client     = @@character_set_client */;
/*!50503 SET character_set_client = utf8mb4 */;
CREATE TABLE `vtiger_user_module_preferences` (
  `userid` int NOT NULL,
  `tabid` int NOT NULL,
  `default_cvid` int NOT NULL,
  PRIMARY KEY (`userid`,`tabid`),
  KEY `fk_2_vtiger_user_module_preferences` (`tabid`),
  CONSTRAINT `fk_2_vtiger_user_module_preferences` FOREIGN KEY (`tabid`) REFERENCES `vtiger_tab` (`tabid`) ON DELETE CASCADE ON UPDATE CASCADE
) ENGINE=InnoDB DEFAULT CHARSET=utf8mb3;
/*!40101 SET character_set_client = @saved_cs_client */;

--
-- Dumping data for table `vtiger_user_module_preferences`
--

LOCK TABLES `vtiger_user_module_preferences` WRITE;
/*!40000 ALTER TABLE `vtiger_user_module_preferences` DISABLE KEYS */;
/*!40000 ALTER TABLE `vtiger_user_module_preferences` ENABLE KEYS */;
UNLOCK TABLES;

--
-- Table structure for table `vtiger_users`
--

DROP TABLE IF EXISTS `vtiger_users`;
/*!40101 SET @saved_cs_client     = @@character_set_client */;
/*!50503 SET character_set_client = utf8mb4 */;
CREATE TABLE `vtiger_users` (
  `id` int NOT NULL AUTO_INCREMENT,
  `user_name` varchar(255) DEFAULT NULL,
  `user_password` varchar(200) DEFAULT NULL,
  `cal_color` varchar(25) DEFAULT '#E6FAD8',
  `first_name` varchar(30) DEFAULT NULL,
  `last_name` varchar(30) DEFAULT NULL,
  `reports_to_id` varchar(36) DEFAULT NULL,
  `is_admin` varchar(3) DEFAULT '0',
  `currency_id` int NOT NULL DEFAULT '1',
  `description` text,
  `date_entered` timestamp NOT NULL,
  `date_modified` datetime DEFAULT NULL,
  `modified_user_id` varchar(36) DEFAULT NULL,
  `title` varchar(50) DEFAULT NULL,
  `department` varchar(50) DEFAULT NULL,
  `phone_home` varchar(50) DEFAULT NULL,
  `phone_mobile` varchar(50) DEFAULT NULL,
  `phone_work` varchar(50) DEFAULT NULL,
  `phone_other` varchar(50) DEFAULT NULL,
  `phone_fax` varchar(50) DEFAULT NULL,
  `email1` varchar(100) DEFAULT NULL,
  `email2` varchar(100) DEFAULT NULL,
  `secondaryemail` varchar(100) DEFAULT NULL,
  `status` varchar(25) DEFAULT NULL,
  `signature` text,
  `address_street` varchar(150) DEFAULT NULL,
  `address_city` varchar(100) DEFAULT NULL,
  `address_state` varchar(100) DEFAULT NULL,
  `address_country` varchar(25) DEFAULT NULL,
  `address_postalcode` varchar(9) DEFAULT NULL,
  `user_preferences` text,
  `tz` varchar(30) DEFAULT NULL,
  `holidays` varchar(60) DEFAULT NULL,
  `namedays` varchar(60) DEFAULT NULL,
  `workdays` varchar(30) DEFAULT NULL,
  `weekstart` int DEFAULT NULL,
  `date_format` varchar(200) DEFAULT NULL,
  `hour_format` varchar(30) DEFAULT 'am/pm',
  `start_hour` varchar(30) DEFAULT '10:00',
  `end_hour` varchar(30) DEFAULT '23:00',
  `is_owner` varchar(100) DEFAULT '0',
  `activity_view` varchar(200) DEFAULT 'Today',
  `lead_view` varchar(200) DEFAULT 'Today',
  `imagename` varchar(250) DEFAULT NULL,
  `deleted` int NOT NULL DEFAULT '0',
  `confirm_password` varchar(300) DEFAULT NULL,
  `internal_mailer` varchar(3) NOT NULL DEFAULT '1',
  `reminder_interval` varchar(100) DEFAULT NULL,
  `reminder_next_time` varchar(100) DEFAULT NULL,
  `crypt_type` varchar(20) NOT NULL DEFAULT 'MD5',
  `accesskey` varchar(36) DEFAULT NULL,
  `theme` varchar(100) DEFAULT NULL,
  `language` varchar(36) DEFAULT NULL,
  `time_zone` varchar(200) DEFAULT NULL,
  `currency_grouping_pattern` varchar(100) DEFAULT NULL,
  `currency_decimal_separator` varchar(2) DEFAULT NULL,
  `currency_grouping_separator` varchar(2) DEFAULT NULL,
  `currency_symbol_placement` varchar(20) DEFAULT NULL,
  `phone_crm_extension` varchar(100) DEFAULT NULL,
  `sp_gravitel_id` varchar(255) DEFAULT NULL,
  `sp_megafon_id` varchar(255) DEFAULT NULL,
  `sp_zebra_login` varchar(255) DEFAULT NULL,
  `sp_uiscom_id` varchar(255) DEFAULT NULL,
  `sp_uiscom_extension` varchar(255) DEFAULT NULL,
  `sp_telphin_extension` varchar(255) DEFAULT NULL,
  `sp_zadarma_extension` varchar(255) DEFAULT NULL,
  `sp_yandex_extension` varchar(255) DEFAULT NULL,
  `sp_yandex_outgoing_number` varchar(255) DEFAULT NULL,
  `sp_domru_id` varchar(255) DEFAULT NULL,
  `sp_westcall_spb_id` varchar(255) DEFAULT NULL,
  `sp_mcn_extension` varchar(255) DEFAULT NULL,
  `sp_rostelecom_extension` varchar(255) DEFAULT NULL,
  `sp_rostelecom_extension_internal` varchar(255) DEFAULT NULL,
  `sp_rostelecom_extension_sipiru` varchar(255) DEFAULT NULL,
  `sp_sipuni_extension` varchar(255) DEFAULT NULL,
  `sp_mango_extension` varchar(255) DEFAULT NULL,
  `no_of_currency_decimals` varchar(2) DEFAULT NULL,
  `truncate_trailing_zeros` varchar(3) DEFAULT NULL,
  `dayoftheweek` varchar(100) DEFAULT NULL,
  `callduration` varchar(100) DEFAULT NULL,
  `othereventduration` varchar(100) DEFAULT NULL,
  `calendarsharedtype` varchar(100) DEFAULT NULL,
  `default_record_view` varchar(10) DEFAULT NULL,
  `leftpanelhide` varchar(3) DEFAULT NULL,
  `rowheight` varchar(10) DEFAULT NULL,
  `defaulteventstatus` varchar(50) DEFAULT NULL,
  `defaultactivitytype` varchar(50) DEFAULT NULL,
  `hidecompletedevents` int DEFAULT NULL,
  `defaultcalendarview` varchar(100) DEFAULT NULL,
  `user_default_module` varchar(50) DEFAULT NULL,
  PRIMARY KEY (`id`),
  KEY `user_user_name_idx` (`user_name`),
  KEY `user_user_password_idx` (`user_password`)
) ENGINE=InnoDB AUTO_INCREMENT=2 DEFAULT CHARSET=utf8mb3;
/*!40101 SET character_set_client = @saved_cs_client */;

--
-- Dumping data for table `vtiger_users`
--

LOCK TABLES `vtiger_users` WRITE;
/*!40000 ALTER TABLE `vtiger_users` DISABLE KEYS */;
INSERT INTO `vtiger_users` VALUES (1,'admin','$2y$10$eA/zLvSf1rtHs2.txa3L1.HojD7e0u9I3o/g47Mj.heJpy..R/4/e','#E6FAD8','','Администратор','','on',1,'','0000-00-00 00:00:00',NULL,NULL,'','','','','','','','erickorolev@gmail.com','','','Active','','','','','','',NULL,NULL,NULL,NULL,NULL,NULL,'dd-mm-yyyy','24','00:00','23:00','1','This Week','Today','',0,'$2y$10$DCOOq6A8X3YUgwR44SXvBecBjCLfURV2GkPryPAAbyLr2CLWYiZqS','1','1 Minute',NULL,'PHASH','MbRwkQ9BYM9le29X','alphagrey','ru_ru','Europe/Moscow','123456789',',','\'','1.0$','','','','','','','','','','','','','','','','','','','2','1','Monday','5','5','public','Detail','0','','Planned','Call',0,'MyCalendar',NULL);
/*!40000 ALTER TABLE `vtiger_users` ENABLE KEYS */;
UNLOCK TABLES;

--
-- Table structure for table `vtiger_users2group`
--

DROP TABLE IF EXISTS `vtiger_users2group`;
/*!40101 SET @saved_cs_client     = @@character_set_client */;
/*!50503 SET character_set_client = utf8mb4 */;
CREATE TABLE `vtiger_users2group` (
  `groupid` int NOT NULL,
  `userid` int NOT NULL,
  PRIMARY KEY (`groupid`,`userid`),
  KEY `users2group_groupname_uerid_idx` (`groupid`,`userid`),
  KEY `fk_2_vtiger_users2group` (`userid`),
  CONSTRAINT `fk_2_vtiger_users2group` FOREIGN KEY (`userid`) REFERENCES `vtiger_users` (`id`) ON DELETE CASCADE
) ENGINE=InnoDB DEFAULT CHARSET=utf8mb3;
/*!40101 SET character_set_client = @saved_cs_client */;

--
-- Dumping data for table `vtiger_users2group`
--

LOCK TABLES `vtiger_users2group` WRITE;
/*!40000 ALTER TABLE `vtiger_users2group` DISABLE KEYS */;
INSERT INTO `vtiger_users2group` VALUES (3,1);
/*!40000 ALTER TABLE `vtiger_users2group` ENABLE KEYS */;
UNLOCK TABLES;

--
-- Table structure for table `vtiger_users_last_import`
--

DROP TABLE IF EXISTS `vtiger_users_last_import`;
/*!40101 SET @saved_cs_client     = @@character_set_client */;
/*!50503 SET character_set_client = utf8mb4 */;
CREATE TABLE `vtiger_users_last_import` (
  `id` int NOT NULL AUTO_INCREMENT,
  `assigned_user_id` varchar(36) DEFAULT NULL,
  `bean_type` varchar(36) DEFAULT NULL,
  `bean_id` varchar(36) DEFAULT NULL,
  `deleted` int NOT NULL DEFAULT '0',
  PRIMARY KEY (`id`),
  KEY `idx_user_id` (`assigned_user_id`)
) ENGINE=InnoDB DEFAULT CHARSET=utf8mb3;
/*!40101 SET character_set_client = @saved_cs_client */;

--
-- Dumping data for table `vtiger_users_last_import`
--

LOCK TABLES `vtiger_users_last_import` WRITE;
/*!40000 ALTER TABLE `vtiger_users_last_import` DISABLE KEYS */;
/*!40000 ALTER TABLE `vtiger_users_last_import` ENABLE KEYS */;
UNLOCK TABLES;

--
-- Table structure for table `vtiger_users_seq`
--

DROP TABLE IF EXISTS `vtiger_users_seq`;
/*!40101 SET @saved_cs_client     = @@character_set_client */;
/*!50503 SET character_set_client = utf8mb4 */;
CREATE TABLE `vtiger_users_seq` (
  `id` int NOT NULL
) ENGINE=InnoDB DEFAULT CHARSET=utf8mb3;
/*!40101 SET character_set_client = @saved_cs_client */;

--
-- Dumping data for table `vtiger_users_seq`
--

LOCK TABLES `vtiger_users_seq` WRITE;
/*!40000 ALTER TABLE `vtiger_users_seq` DISABLE KEYS */;
INSERT INTO `vtiger_users_seq` VALUES (4);
/*!40000 ALTER TABLE `vtiger_users_seq` ENABLE KEYS */;
UNLOCK TABLES;

--
-- Table structure for table `vtiger_vendor`
--

DROP TABLE IF EXISTS `vtiger_vendor`;
/*!40101 SET @saved_cs_client     = @@character_set_client */;
/*!50503 SET character_set_client = utf8mb4 */;
CREATE TABLE `vtiger_vendor` (
  `vendorid` int NOT NULL DEFAULT '0',
  `vendor_no` varchar(100) NOT NULL,
  `vendorname` varchar(100) DEFAULT NULL,
  `phone` varchar(100) DEFAULT NULL,
  `email` varchar(100) DEFAULT NULL,
  `website` varchar(100) DEFAULT NULL,
  `glacct` varchar(200) DEFAULT NULL,
  `category` varchar(50) DEFAULT NULL,
  `street` text,
  `city` varchar(30) DEFAULT NULL,
  `state` varchar(30) DEFAULT NULL,
  `pobox` varchar(30) DEFAULT NULL,
  `postalcode` varchar(100) DEFAULT NULL,
  `country` varchar(100) DEFAULT NULL,
  `description` text,
  `tags` varchar(1) DEFAULT NULL,
  PRIMARY KEY (`vendorid`),
  CONSTRAINT `fk_1_vtiger_vendor` FOREIGN KEY (`vendorid`) REFERENCES `vtiger_crmentity` (`crmid`) ON DELETE CASCADE
) ENGINE=InnoDB DEFAULT CHARSET=utf8mb3;
/*!40101 SET character_set_client = @saved_cs_client */;

--
-- Dumping data for table `vtiger_vendor`
--

LOCK TABLES `vtiger_vendor` WRITE;
/*!40000 ALTER TABLE `vtiger_vendor` DISABLE KEYS */;
/*!40000 ALTER TABLE `vtiger_vendor` ENABLE KEYS */;
UNLOCK TABLES;

--
-- Table structure for table `vtiger_vendorcf`
--

DROP TABLE IF EXISTS `vtiger_vendorcf`;
/*!40101 SET @saved_cs_client     = @@character_set_client */;
/*!50503 SET character_set_client = utf8mb4 */;
CREATE TABLE `vtiger_vendorcf` (
  `vendorid` int NOT NULL DEFAULT '0',
  PRIMARY KEY (`vendorid`),
  CONSTRAINT `fk_1_vtiger_vendorcf` FOREIGN KEY (`vendorid`) REFERENCES `vtiger_vendor` (`vendorid`) ON DELETE CASCADE
) ENGINE=InnoDB DEFAULT CHARSET=utf8mb3;
/*!40101 SET character_set_client = @saved_cs_client */;

--
-- Dumping data for table `vtiger_vendorcf`
--

LOCK TABLES `vtiger_vendorcf` WRITE;
/*!40000 ALTER TABLE `vtiger_vendorcf` DISABLE KEYS */;
/*!40000 ALTER TABLE `vtiger_vendorcf` ENABLE KEYS */;
UNLOCK TABLES;

--
-- Table structure for table `vtiger_vendorcontactrel`
--

DROP TABLE IF EXISTS `vtiger_vendorcontactrel`;
/*!40101 SET @saved_cs_client     = @@character_set_client */;
/*!50503 SET character_set_client = utf8mb4 */;
CREATE TABLE `vtiger_vendorcontactrel` (
  `vendorid` int NOT NULL DEFAULT '0',
  `contactid` int NOT NULL DEFAULT '0',
  PRIMARY KEY (`vendorid`,`contactid`),
  KEY `vendorcontactrel_vendorid_idx` (`vendorid`),
  KEY `vendorcontactrel_contact_idx` (`contactid`),
  CONSTRAINT `fk_2_vtiger_vendorcontactrel` FOREIGN KEY (`vendorid`) REFERENCES `vtiger_vendor` (`vendorid`) ON DELETE CASCADE
) ENGINE=InnoDB DEFAULT CHARSET=utf8mb3;
/*!40101 SET character_set_client = @saved_cs_client */;

--
-- Dumping data for table `vtiger_vendorcontactrel`
--

LOCK TABLES `vtiger_vendorcontactrel` WRITE;
/*!40000 ALTER TABLE `vtiger_vendorcontactrel` DISABLE KEYS */;
/*!40000 ALTER TABLE `vtiger_vendorcontactrel` ENABLE KEYS */;
UNLOCK TABLES;

--
-- Table structure for table `vtiger_version`
--

DROP TABLE IF EXISTS `vtiger_version`;
/*!40101 SET @saved_cs_client     = @@character_set_client */;
/*!50503 SET character_set_client = utf8mb4 */;
CREATE TABLE `vtiger_version` (
  `id` int NOT NULL AUTO_INCREMENT,
  `old_version` varchar(30) DEFAULT NULL,
  `current_version` varchar(30) DEFAULT NULL,
  PRIMARY KEY (`id`)
) ENGINE=InnoDB AUTO_INCREMENT=2 DEFAULT CHARSET=utf8mb3;
/*!40101 SET character_set_client = @saved_cs_client */;

--
-- Dumping data for table `vtiger_version`
--

LOCK TABLES `vtiger_version` WRITE;
/*!40000 ALTER TABLE `vtiger_version` DISABLE KEYS */;
INSERT INTO `vtiger_version` VALUES (1,'7.2.0-202008','7.2.0-202008');
/*!40000 ALTER TABLE `vtiger_version` ENABLE KEYS */;
UNLOCK TABLES;

--
-- Table structure for table `vtiger_version_seq`
--

DROP TABLE IF EXISTS `vtiger_version_seq`;
/*!40101 SET @saved_cs_client     = @@character_set_client */;
/*!50503 SET character_set_client = utf8mb4 */;
CREATE TABLE `vtiger_version_seq` (
  `id` int NOT NULL
) ENGINE=InnoDB DEFAULT CHARSET=utf8mb3;
/*!40101 SET character_set_client = @saved_cs_client */;

--
-- Dumping data for table `vtiger_version_seq`
--

LOCK TABLES `vtiger_version_seq` WRITE;
/*!40000 ALTER TABLE `vtiger_version_seq` DISABLE KEYS */;
INSERT INTO `vtiger_version_seq` VALUES (1);
/*!40000 ALTER TABLE `vtiger_version_seq` ENABLE KEYS */;
UNLOCK TABLES;

--
-- Table structure for table `vtiger_visibility`
--

DROP TABLE IF EXISTS `vtiger_visibility`;
/*!40101 SET @saved_cs_client     = @@character_set_client */;
/*!50503 SET character_set_client = utf8mb4 */;
CREATE TABLE `vtiger_visibility` (
  `visibilityid` int NOT NULL AUTO_INCREMENT,
  `visibility` varchar(200) NOT NULL,
  `sortorderid` int NOT NULL DEFAULT '0',
  `presence` int NOT NULL DEFAULT '1',
  `color` varchar(10) DEFAULT NULL,
  PRIMARY KEY (`visibilityid`),
  UNIQUE KEY `visibility_visibility_idx` (`visibility`)
) ENGINE=InnoDB AUTO_INCREMENT=3 DEFAULT CHARSET=utf8mb3;
/*!40101 SET character_set_client = @saved_cs_client */;

--
-- Dumping data for table `vtiger_visibility`
--

LOCK TABLES `vtiger_visibility` WRITE;
/*!40000 ALTER TABLE `vtiger_visibility` DISABLE KEYS */;
INSERT INTO `vtiger_visibility` VALUES (1,'Private',0,1,NULL),(2,'Public',1,1,NULL);
/*!40000 ALTER TABLE `vtiger_visibility` ENABLE KEYS */;
UNLOCK TABLES;

--
-- Table structure for table `vtiger_visibility_seq`
--

DROP TABLE IF EXISTS `vtiger_visibility_seq`;
/*!40101 SET @saved_cs_client     = @@character_set_client */;
/*!50503 SET character_set_client = utf8mb4 */;
CREATE TABLE `vtiger_visibility_seq` (
  `id` int NOT NULL
) ENGINE=InnoDB DEFAULT CHARSET=utf8mb3;
/*!40101 SET character_set_client = @saved_cs_client */;

--
-- Dumping data for table `vtiger_visibility_seq`
--

LOCK TABLES `vtiger_visibility_seq` WRITE;
/*!40000 ALTER TABLE `vtiger_visibility_seq` DISABLE KEYS */;
INSERT INTO `vtiger_visibility_seq` VALUES (2);
/*!40000 ALTER TABLE `vtiger_visibility_seq` ENABLE KEYS */;
UNLOCK TABLES;

--
-- Table structure for table `vtiger_vk_status`
--

DROP TABLE IF EXISTS `vtiger_vk_status`;
/*!40101 SET @saved_cs_client     = @@character_set_client */;
/*!50503 SET character_set_client = utf8mb4 */;
CREATE TABLE `vtiger_vk_status` (
  `vk_statusid` int NOT NULL AUTO_INCREMENT,
  `vk_status` varchar(200) NOT NULL,
  `presence` int NOT NULL DEFAULT '1',
  `picklist_valueid` int NOT NULL DEFAULT '0',
  `sortorderid` int DEFAULT '0',
  `color` varchar(10) DEFAULT NULL,
  PRIMARY KEY (`vk_statusid`)
) ENGINE=InnoDB AUTO_INCREMENT=3 DEFAULT CHARSET=utf8mb3;
/*!40101 SET character_set_client = @saved_cs_client */;

--
-- Dumping data for table `vtiger_vk_status`
--

LOCK TABLES `vtiger_vk_status` WRITE;
/*!40000 ALTER TABLE `vtiger_vk_status` DISABLE KEYS */;
INSERT INTO `vtiger_vk_status` VALUES (1,'Sent',1,245,1,NULL),(2,'Not sent',1,246,2,NULL);
/*!40000 ALTER TABLE `vtiger_vk_status` ENABLE KEYS */;
UNLOCK TABLES;

--
-- Table structure for table `vtiger_vk_status_seq`
--

DROP TABLE IF EXISTS `vtiger_vk_status_seq`;
/*!40101 SET @saved_cs_client     = @@character_set_client */;
/*!50503 SET character_set_client = utf8mb4 */;
CREATE TABLE `vtiger_vk_status_seq` (
  `id` int NOT NULL
) ENGINE=InnoDB DEFAULT CHARSET=utf8mb3;
/*!40101 SET character_set_client = @saved_cs_client */;

--
-- Dumping data for table `vtiger_vk_status_seq`
--

LOCK TABLES `vtiger_vk_status_seq` WRITE;
/*!40000 ALTER TABLE `vtiger_vk_status_seq` DISABLE KEYS */;
INSERT INTO `vtiger_vk_status_seq` VALUES (2);
/*!40000 ALTER TABLE `vtiger_vk_status_seq` ENABLE KEYS */;
UNLOCK TABLES;

--
-- Table structure for table `vtiger_webform_file_fields`
--

DROP TABLE IF EXISTS `vtiger_webform_file_fields`;
/*!40101 SET @saved_cs_client     = @@character_set_client */;
/*!50503 SET character_set_client = utf8mb4 */;
CREATE TABLE `vtiger_webform_file_fields` (
  `id` int NOT NULL AUTO_INCREMENT,
  `webformid` int NOT NULL,
  `fieldname` varchar(100) NOT NULL,
  `fieldlabel` varchar(100) NOT NULL,
  `required` int NOT NULL DEFAULT '0',
  PRIMARY KEY (`id`),
  KEY `fk_vtiger_webforms` (`webformid`),
  CONSTRAINT `fk_vtiger_webforms` FOREIGN KEY (`webformid`) REFERENCES `vtiger_webforms` (`id`) ON DELETE CASCADE
) ENGINE=InnoDB DEFAULT CHARSET=utf8mb3;
/*!40101 SET character_set_client = @saved_cs_client */;

--
-- Dumping data for table `vtiger_webform_file_fields`
--

LOCK TABLES `vtiger_webform_file_fields` WRITE;
/*!40000 ALTER TABLE `vtiger_webform_file_fields` DISABLE KEYS */;
/*!40000 ALTER TABLE `vtiger_webform_file_fields` ENABLE KEYS */;
UNLOCK TABLES;

--
-- Table structure for table `vtiger_webforms`
--

DROP TABLE IF EXISTS `vtiger_webforms`;
/*!40101 SET @saved_cs_client     = @@character_set_client */;
/*!50503 SET character_set_client = utf8mb4 */;
CREATE TABLE `vtiger_webforms` (
  `id` int NOT NULL AUTO_INCREMENT,
  `name` varchar(100) CHARACTER SET utf8 COLLATE utf8_general_ci NOT NULL,
  `publicid` varchar(100) CHARACTER SET utf8 COLLATE utf8_general_ci NOT NULL,
  `enabled` int NOT NULL DEFAULT '1',
  `targetmodule` varchar(50) CHARACTER SET utf8 COLLATE utf8_general_ci NOT NULL,
  `description` text CHARACTER SET utf8 COLLATE utf8_general_ci,
  `ownerid` int NOT NULL,
  `returnurl` varchar(250) CHARACTER SET utf8 COLLATE utf8_general_ci DEFAULT NULL,
  `captcha` int NOT NULL DEFAULT '0',
  `roundrobin` int NOT NULL DEFAULT '0',
  `roundrobin_userid` varchar(256) CHARACTER SET utf8 COLLATE utf8_general_ci DEFAULT NULL,
  `roundrobin_logic` int NOT NULL DEFAULT '0',
  PRIMARY KEY (`id`),
  UNIQUE KEY `webformname` (`name`),
  UNIQUE KEY `publicid` (`id`),
  KEY `webforms_webforms_id_idx` (`id`)
) ENGINE=InnoDB DEFAULT CHARSET=utf8mb3 COLLATE=utf8_unicode_ci;
/*!40101 SET character_set_client = @saved_cs_client */;

--
-- Dumping data for table `vtiger_webforms`
--

LOCK TABLES `vtiger_webforms` WRITE;
/*!40000 ALTER TABLE `vtiger_webforms` DISABLE KEYS */;
/*!40000 ALTER TABLE `vtiger_webforms` ENABLE KEYS */;
UNLOCK TABLES;

--
-- Table structure for table `vtiger_webforms_field`
--

DROP TABLE IF EXISTS `vtiger_webforms_field`;
/*!40101 SET @saved_cs_client     = @@character_set_client */;
/*!50503 SET character_set_client = utf8mb4 */;
CREATE TABLE `vtiger_webforms_field` (
  `id` int NOT NULL AUTO_INCREMENT,
  `webformid` int NOT NULL,
  `fieldname` varchar(50) CHARACTER SET utf8 COLLATE utf8_general_ci NOT NULL,
  `neutralizedfield` varchar(50) CHARACTER SET utf8 COLLATE utf8_general_ci NOT NULL,
  `defaultvalue` text CHARACTER SET utf8 COLLATE utf8_unicode_ci,
  `required` int NOT NULL DEFAULT '0',
  `sequence` int DEFAULT NULL,
  `hidden` int DEFAULT NULL,
  PRIMARY KEY (`id`),
  KEY `webforms_webforms_field_idx` (`id`),
  KEY `fk_1_vtiger_webforms_field` (`webformid`),
  KEY `fk_2_vtiger_webforms_field` (`fieldname`),
  CONSTRAINT `fk_1_vtiger_webforms_field` FOREIGN KEY (`webformid`) REFERENCES `vtiger_webforms` (`id`) ON DELETE CASCADE,
  CONSTRAINT `fk_2_vtiger_webforms_field` FOREIGN KEY (`fieldname`) REFERENCES `vtiger_field` (`fieldname`) ON DELETE CASCADE
) ENGINE=InnoDB DEFAULT CHARSET=utf8mb3 COLLATE=utf8_unicode_ci;
/*!40101 SET character_set_client = @saved_cs_client */;

--
-- Dumping data for table `vtiger_webforms_field`
--

LOCK TABLES `vtiger_webforms_field` WRITE;
/*!40000 ALTER TABLE `vtiger_webforms_field` DISABLE KEYS */;
/*!40000 ALTER TABLE `vtiger_webforms_field` ENABLE KEYS */;
UNLOCK TABLES;

--
-- Table structure for table `vtiger_wordtemplates`
--

DROP TABLE IF EXISTS `vtiger_wordtemplates`;
/*!40101 SET @saved_cs_client     = @@character_set_client */;
/*!50503 SET character_set_client = utf8mb4 */;
CREATE TABLE `vtiger_wordtemplates` (
  `templateid` int NOT NULL,
  `filename` varchar(100) NOT NULL,
  `module` varchar(30) NOT NULL,
  `date_entered` timestamp NOT NULL,
  `parent_type` varchar(50) NOT NULL,
  `data` longblob,
  `description` text,
  `filesize` varchar(50) NOT NULL,
  `filetype` varchar(20) NOT NULL,
  `deleted` int NOT NULL DEFAULT '0',
  PRIMARY KEY (`templateid`)
) ENGINE=InnoDB DEFAULT CHARSET=utf8mb3;
/*!40101 SET character_set_client = @saved_cs_client */;

--
-- Dumping data for table `vtiger_wordtemplates`
--

LOCK TABLES `vtiger_wordtemplates` WRITE;
/*!40000 ALTER TABLE `vtiger_wordtemplates` DISABLE KEYS */;
/*!40000 ALTER TABLE `vtiger_wordtemplates` ENABLE KEYS */;
UNLOCK TABLES;

--
-- Table structure for table `vtiger_ws_entity`
--

DROP TABLE IF EXISTS `vtiger_ws_entity`;
/*!40101 SET @saved_cs_client     = @@character_set_client */;
/*!50503 SET character_set_client = utf8mb4 */;
CREATE TABLE `vtiger_ws_entity` (
  `id` int NOT NULL AUTO_INCREMENT,
  `name` varchar(25) NOT NULL,
  `handler_path` varchar(255) NOT NULL,
  `handler_class` varchar(64) NOT NULL,
  `ismodule` int NOT NULL,
  PRIMARY KEY (`id`)
) ENGINE=InnoDB AUTO_INCREMENT=45 DEFAULT CHARSET=utf8mb3;
/*!40101 SET character_set_client = @saved_cs_client */;

--
-- Dumping data for table `vtiger_ws_entity`
--

LOCK TABLES `vtiger_ws_entity` WRITE;
/*!40000 ALTER TABLE `vtiger_ws_entity` DISABLE KEYS */;
INSERT INTO `vtiger_ws_entity` VALUES (1,'Campaigns','include/Webservices/VtigerModuleOperation.php','VtigerModuleOperation',1),(2,'Invoice','include/Webservices/LineItem/VtigerInventoryOperation.php','VtigerInventoryOperation',1),(3,'SalesOrder','include/Webservices/LineItem/VtigerInventoryOperation.php','VtigerInventoryOperation',1),(4,'PurchaseOrder','include/Webservices/LineItem/VtigerInventoryOperation.php','VtigerInventoryOperation',1),(5,'Quotes','include/Webservices/LineItem/VtigerInventoryOperation.php','VtigerInventoryOperation',1),(6,'Faq','include/Webservices/VtigerModuleOperation.php','VtigerModuleOperation',1),(7,'Vendors','include/Webservices/VtigerModuleOperation.php','VtigerModuleOperation',1),(8,'PriceBooks','include/Webservices/VtigerModuleOperation.php','VtigerModuleOperation',1),(9,'Calendar','include/Webservices/VtigerModuleOperation.php','VtigerModuleOperation',1),(10,'Leads','include/Webservices/VtigerModuleOperation.php','VtigerModuleOperation',1),(11,'Accounts','include/Webservices/VtigerModuleOperation.php','VtigerModuleOperation',1),(12,'Contacts','include/Webservices/VtigerModuleOperation.php','VtigerModuleOperation',1),(13,'Potentials','include/Webservices/VtigerModuleOperation.php','VtigerModuleOperation',1),(14,'Products','include/Webservices/VtigerProductOperation.php','VtigerProductOperation',1),(15,'Documents','include/Webservices/VtigerModuleOperation.php','VtigerModuleOperation',1),(16,'Emails','include/Webservices/VtigerModuleOperation.php','VtigerModuleOperation',1),(17,'HelpDesk','include/Webservices/VtigerModuleOperation.php','VtigerModuleOperation',1),(18,'Events','include/Webservices/VtigerModuleOperation.php','VtigerModuleOperation',1),(19,'Users','include/Webservices/VtigerModuleOperation.php','VtigerModuleOperation',1),(20,'Groups','include/Webservices/VtigerActorOperation.php','VtigerActorOperation',0),(21,'Currency','include/Webservices/VtigerActorOperation.php','VtigerActorOperation',0),(22,'DocumentFolders','include/Webservices/VtigerActorOperation.php','VtigerActorOperation',0),(23,'CompanyDetails','include/Webservices/VtigerCompanyDetails.php','VtigerCompanyDetails',0),(24,'ServiceContracts','include/Webservices/VtigerModuleOperation.php','VtigerModuleOperation',1),(25,'PBXManager','include/Webservices/VtigerModuleOperation.php','VtigerModuleOperation',1),(26,'Services','include/Webservices/VtigerProductOperation.php','VtigerProductOperation',1),(27,'Consignment','include/Webservices/LineItem/VtigerInventoryOperation.php','VtigerInventoryOperation',1),(28,'SPUnits','include/Webservices/VtigerModuleOperation.php','VtigerModuleOperation',1),(29,'SPPayments','include/Webservices/VtigerModuleOperation.php','VtigerModuleOperation',1),(30,'SPSocialConnector','include/Webservices/VtigerModuleOperation.php','VtigerModuleOperation',1),(31,'SMSNotifier','include/Webservices/VtigerModuleOperation.php','VtigerModuleOperation',1),(32,'Search','include/Webservices/VtigerModuleOperation.php','VtigerModuleOperation',1),(33,'Act','include/Webservices/LineItem/VtigerInventoryOperation.php','VtigerInventoryOperation',1),(34,'Assets','include/Webservices/VtigerModuleOperation.php','VtigerModuleOperation',1),(35,'ModComments','include/Webservices/VtigerModuleOperation.php','VtigerModuleOperation',1),(36,'ProjectMilestone','include/Webservices/VtigerModuleOperation.php','VtigerModuleOperation',1),(37,'ProjectTask','include/Webservices/VtigerModuleOperation.php','VtigerModuleOperation',1),(38,'Project','include/Webservices/VtigerModuleOperation.php','VtigerModuleOperation',1),(39,'LineItem','include/Webservices/LineItem/VtigerLineItemOperation.php','VtigerLineItemOperation',0),(40,'Tax','include/Webservices/LineItem/VtigerTaxOperation.php','VtigerTaxOperation',0),(41,'ProductTaxes','include/Webservices/LineItem/VtigerProductTaxesOperation.php','VtigerProductTaxesOperation',0),(42,'ModuleLinkCreator','include/Webservices/VtigerModuleOperation.php','VtigerModuleOperation',1),(43,'Timetable','include/Webservices/VtigerModuleOperation.php','VtigerModuleOperation',1),(44,'Trips','include/Webservices/VtigerModuleOperation.php','VtigerModuleOperation',1);
/*!40000 ALTER TABLE `vtiger_ws_entity` ENABLE KEYS */;
UNLOCK TABLES;

--
-- Table structure for table `vtiger_ws_entity_fieldtype`
--

DROP TABLE IF EXISTS `vtiger_ws_entity_fieldtype`;
/*!40101 SET @saved_cs_client     = @@character_set_client */;
/*!50503 SET character_set_client = utf8mb4 */;
CREATE TABLE `vtiger_ws_entity_fieldtype` (
  `fieldtypeid` int NOT NULL AUTO_INCREMENT,
  `table_name` varchar(50) NOT NULL,
  `field_name` varchar(50) NOT NULL,
  `fieldtype` varchar(200) NOT NULL,
  PRIMARY KEY (`fieldtypeid`),
  UNIQUE KEY `vtiger_idx_1_tablename_fieldname` (`table_name`,`field_name`)
) ENGINE=InnoDB AUTO_INCREMENT=11 DEFAULT CHARSET=utf8mb3;
/*!40101 SET character_set_client = @saved_cs_client */;

--
-- Dumping data for table `vtiger_ws_entity_fieldtype`
--

LOCK TABLES `vtiger_ws_entity_fieldtype` WRITE;
/*!40000 ALTER TABLE `vtiger_ws_entity_fieldtype` DISABLE KEYS */;
INSERT INTO `vtiger_ws_entity_fieldtype` VALUES (1,'vtiger_attachmentsfolder','createdby','reference'),(2,'vtiger_organizationdetails','logoname','file'),(3,'vtiger_organizationdetails','phone','phone'),(4,'vtiger_organizationdetails','fax','phone'),(5,'vtiger_organizationdetails','website','url'),(6,'vtiger_inventoryproductrel','productid','reference'),(7,'vtiger_inventoryproductrel','id','reference'),(8,'vtiger_inventoryproductrel','incrementondel','autogenerated'),(9,'vtiger_producttaxrel','productid','reference'),(10,'vtiger_producttaxrel','taxid','reference');
/*!40000 ALTER TABLE `vtiger_ws_entity_fieldtype` ENABLE KEYS */;
UNLOCK TABLES;

--
-- Table structure for table `vtiger_ws_entity_fieldtype_seq`
--

DROP TABLE IF EXISTS `vtiger_ws_entity_fieldtype_seq`;
/*!40101 SET @saved_cs_client     = @@character_set_client */;
/*!50503 SET character_set_client = utf8mb4 */;
CREATE TABLE `vtiger_ws_entity_fieldtype_seq` (
  `id` int NOT NULL
) ENGINE=InnoDB DEFAULT CHARSET=utf8mb3;
/*!40101 SET character_set_client = @saved_cs_client */;

--
-- Dumping data for table `vtiger_ws_entity_fieldtype_seq`
--

LOCK TABLES `vtiger_ws_entity_fieldtype_seq` WRITE;
/*!40000 ALTER TABLE `vtiger_ws_entity_fieldtype_seq` DISABLE KEYS */;
INSERT INTO `vtiger_ws_entity_fieldtype_seq` VALUES (10);
/*!40000 ALTER TABLE `vtiger_ws_entity_fieldtype_seq` ENABLE KEYS */;
UNLOCK TABLES;

--
-- Table structure for table `vtiger_ws_entity_name`
--

DROP TABLE IF EXISTS `vtiger_ws_entity_name`;
/*!40101 SET @saved_cs_client     = @@character_set_client */;
/*!50503 SET character_set_client = utf8mb4 */;
CREATE TABLE `vtiger_ws_entity_name` (
  `entity_id` int NOT NULL,
  `name_fields` varchar(50) NOT NULL,
  `index_field` varchar(50) NOT NULL,
  `table_name` varchar(50) NOT NULL,
  PRIMARY KEY (`entity_id`)
) ENGINE=InnoDB DEFAULT CHARSET=utf8mb3;
/*!40101 SET character_set_client = @saved_cs_client */;

--
-- Dumping data for table `vtiger_ws_entity_name`
--

LOCK TABLES `vtiger_ws_entity_name` WRITE;
/*!40000 ALTER TABLE `vtiger_ws_entity_name` DISABLE KEYS */;
INSERT INTO `vtiger_ws_entity_name` VALUES (20,'groupname','groupid','vtiger_groups'),(21,'currency_name','id','vtiger_currency_info'),(22,'foldername','folderid','vtiger_attachmentsfolder'),(23,'organizationname','groupid','vtiger_organizationdetails'),(40,'taxlabel','taxid','vtiger_inventorytaxinfo');
/*!40000 ALTER TABLE `vtiger_ws_entity_name` ENABLE KEYS */;
UNLOCK TABLES;

--
-- Table structure for table `vtiger_ws_entity_referencetype`
--

DROP TABLE IF EXISTS `vtiger_ws_entity_referencetype`;
/*!40101 SET @saved_cs_client     = @@character_set_client */;
/*!50503 SET character_set_client = utf8mb4 */;
CREATE TABLE `vtiger_ws_entity_referencetype` (
  `fieldtypeid` int NOT NULL,
  `type` varchar(25) NOT NULL,
  PRIMARY KEY (`fieldtypeid`,`type`),
  CONSTRAINT `vtiger_fk_1_actors_referencetype` FOREIGN KEY (`fieldtypeid`) REFERENCES `vtiger_ws_entity_fieldtype` (`fieldtypeid`) ON DELETE CASCADE
) ENGINE=InnoDB DEFAULT CHARSET=utf8mb3;
/*!40101 SET character_set_client = @saved_cs_client */;

--
-- Dumping data for table `vtiger_ws_entity_referencetype`
--

LOCK TABLES `vtiger_ws_entity_referencetype` WRITE;
/*!40000 ALTER TABLE `vtiger_ws_entity_referencetype` DISABLE KEYS */;
INSERT INTO `vtiger_ws_entity_referencetype` VALUES (5,'Users'),(6,'Products'),(7,'Act'),(7,'Consignment'),(7,'Invoice'),(7,'PurchaseOrder'),(7,'Quotes'),(7,'SalesOrder'),(9,'Products'),(10,'Tax');
/*!40000 ALTER TABLE `vtiger_ws_entity_referencetype` ENABLE KEYS */;
UNLOCK TABLES;

--
-- Table structure for table `vtiger_ws_entity_seq`
--

DROP TABLE IF EXISTS `vtiger_ws_entity_seq`;
/*!40101 SET @saved_cs_client     = @@character_set_client */;
/*!50503 SET character_set_client = utf8mb4 */;
CREATE TABLE `vtiger_ws_entity_seq` (
  `id` int NOT NULL
) ENGINE=InnoDB DEFAULT CHARSET=utf8mb3;
/*!40101 SET character_set_client = @saved_cs_client */;

--
-- Dumping data for table `vtiger_ws_entity_seq`
--

LOCK TABLES `vtiger_ws_entity_seq` WRITE;
/*!40000 ALTER TABLE `vtiger_ws_entity_seq` DISABLE KEYS */;
INSERT INTO `vtiger_ws_entity_seq` VALUES (44);
/*!40000 ALTER TABLE `vtiger_ws_entity_seq` ENABLE KEYS */;
UNLOCK TABLES;

--
-- Table structure for table `vtiger_ws_entity_tables`
--

DROP TABLE IF EXISTS `vtiger_ws_entity_tables`;
/*!40101 SET @saved_cs_client     = @@character_set_client */;
/*!50503 SET character_set_client = utf8mb4 */;
CREATE TABLE `vtiger_ws_entity_tables` (
  `webservice_entity_id` int NOT NULL,
  `table_name` varchar(50) NOT NULL,
  PRIMARY KEY (`webservice_entity_id`,`table_name`),
  CONSTRAINT `fk_1_vtiger_ws_actor_tables` FOREIGN KEY (`webservice_entity_id`) REFERENCES `vtiger_ws_entity` (`id`) ON DELETE CASCADE
) ENGINE=InnoDB DEFAULT CHARSET=utf8mb3;
/*!40101 SET character_set_client = @saved_cs_client */;

--
-- Dumping data for table `vtiger_ws_entity_tables`
--

LOCK TABLES `vtiger_ws_entity_tables` WRITE;
/*!40000 ALTER TABLE `vtiger_ws_entity_tables` DISABLE KEYS */;
INSERT INTO `vtiger_ws_entity_tables` VALUES (20,'vtiger_groups'),(21,'vtiger_currency_info'),(22,'vtiger_attachmentsfolder'),(23,'vtiger_organizationdetails'),(39,'vtiger_inventoryproductrel'),(40,'vtiger_inventorytaxinfo'),(41,'vtiger_producttaxrel');
/*!40000 ALTER TABLE `vtiger_ws_entity_tables` ENABLE KEYS */;
UNLOCK TABLES;

--
-- Table structure for table `vtiger_ws_fieldinfo`
--

DROP TABLE IF EXISTS `vtiger_ws_fieldinfo`;
/*!40101 SET @saved_cs_client     = @@character_set_client */;
/*!50503 SET character_set_client = utf8mb4 */;
CREATE TABLE `vtiger_ws_fieldinfo` (
  `id` varchar(64) NOT NULL,
  `property_name` varchar(32) DEFAULT NULL,
  `property_value` varchar(64) DEFAULT NULL,
  PRIMARY KEY (`id`)
) ENGINE=InnoDB DEFAULT CHARSET=utf8mb3;
/*!40101 SET character_set_client = @saved_cs_client */;

--
-- Dumping data for table `vtiger_ws_fieldinfo`
--

LOCK TABLES `vtiger_ws_fieldinfo` WRITE;
/*!40000 ALTER TABLE `vtiger_ws_fieldinfo` DISABLE KEYS */;
INSERT INTO `vtiger_ws_fieldinfo` VALUES ('vtiger_organizationdetails.organization_id','upload.path','1');
/*!40000 ALTER TABLE `vtiger_ws_fieldinfo` ENABLE KEYS */;
UNLOCK TABLES;

--
-- Table structure for table `vtiger_ws_fieldtype`
--

DROP TABLE IF EXISTS `vtiger_ws_fieldtype`;
/*!40101 SET @saved_cs_client     = @@character_set_client */;
/*!50503 SET character_set_client = utf8mb4 */;
CREATE TABLE `vtiger_ws_fieldtype` (
  `fieldtypeid` int NOT NULL AUTO_INCREMENT,
  `uitype` varchar(30) NOT NULL,
  `fieldtype` varchar(200) NOT NULL,
  PRIMARY KEY (`fieldtypeid`),
  UNIQUE KEY `uitype_idx` (`uitype`)
) ENGINE=InnoDB AUTO_INCREMENT=41 DEFAULT CHARSET=utf8mb3;
/*!40101 SET character_set_client = @saved_cs_client */;

--
-- Dumping data for table `vtiger_ws_fieldtype`
--

LOCK TABLES `vtiger_ws_fieldtype` WRITE;
/*!40000 ALTER TABLE `vtiger_ws_fieldtype` DISABLE KEYS */;
INSERT INTO `vtiger_ws_fieldtype` VALUES (1,'15','picklist'),(2,'16','picklist'),(3,'19','text'),(4,'20','text'),(5,'21','text'),(6,'24','text'),(7,'3','autogenerated'),(8,'11','phone'),(9,'33','multipicklist'),(10,'17','url'),(11,'85','skype'),(12,'56','boolean'),(13,'156','boolean'),(14,'53','owner'),(15,'61','file'),(16,'28','file'),(17,'13','email'),(18,'71','currency'),(19,'72','currency'),(20,'50','reference'),(21,'51','reference'),(22,'57','reference'),(23,'58','reference'),(24,'73','reference'),(25,'75','reference'),(26,'76','reference'),(27,'78','reference'),(28,'80','reference'),(29,'81','reference'),(30,'101','reference'),(31,'52','reference'),(32,'357','reference'),(33,'59','reference'),(34,'66','reference'),(35,'77','reference'),(36,'68','reference'),(37,'117','reference'),(38,'26','reference'),(39,'10','reference'),(40,'98','reference');
/*!40000 ALTER TABLE `vtiger_ws_fieldtype` ENABLE KEYS */;
UNLOCK TABLES;

--
-- Table structure for table `vtiger_ws_operation`
--

DROP TABLE IF EXISTS `vtiger_ws_operation`;
/*!40101 SET @saved_cs_client     = @@character_set_client */;
/*!50503 SET character_set_client = utf8mb4 */;
CREATE TABLE `vtiger_ws_operation` (
  `operationid` int NOT NULL AUTO_INCREMENT,
  `name` varchar(128) NOT NULL,
  `handler_path` varchar(255) NOT NULL,
  `handler_method` varchar(64) NOT NULL,
  `type` varchar(8) NOT NULL,
  `prelogin` int NOT NULL,
  PRIMARY KEY (`operationid`)
) ENGINE=InnoDB AUTO_INCREMENT=38 DEFAULT CHARSET=utf8mb3;
/*!40101 SET character_set_client = @saved_cs_client */;

--
-- Dumping data for table `vtiger_ws_operation`
--

LOCK TABLES `vtiger_ws_operation` WRITE;
/*!40000 ALTER TABLE `vtiger_ws_operation` DISABLE KEYS */;
INSERT INTO `vtiger_ws_operation` VALUES (1,'login','include/Webservices/Login.php','vtws_login','POST',1),(2,'retrieve','include/Webservices/Retrieve.php','vtws_retrieve','GET',0),(3,'create','include/Webservices/Create.php','vtws_create','POST',0),(4,'update','include/Webservices/Update.php','vtws_update','POST',0),(5,'delete','include/Webservices/Delete.php','vtws_delete','POST',0),(6,'sync','include/Webservices/GetUpdates.php','vtws_sync','GET',0),(7,'query','include/Webservices/Query.php','vtws_query','GET',0),(8,'logout','include/Webservices/Logout.php','vtws_logout','POST',0),(9,'listtypes','include/Webservices/ModuleTypes.php','vtws_listtypes','GET',0),(10,'getchallenge','include/Webservices/AuthToken.php','vtws_getchallenge','GET',1),(11,'describe','include/Webservices/DescribeObject.php','vtws_describe','GET',0),(12,'extendsession','include/Webservices/ExtendSession.php','vtws_extendSession','POST',1),(13,'convertlead','include/Webservices/ConvertLead.php','vtws_convertlead','POST',0),(14,'revise','include/Webservices/Revise.php','vtws_revise','POST',0),(15,'changePassword','include/Webservices/ChangePassword.php','vtws_changePassword','POST',0),(16,'deleteUser','include/Webservices/DeleteUser.php','vtws_deleteUser','POST',0),(17,'wsapp_register','modules/WSAPP/api/ws/Register.php','wsapp_register','POST',0),(18,'wsapp_deregister','modules/WSAPP/api/ws/DeRegister.php','wsapp_deregister','POST',0),(19,'wsapp_get','modules/WSAPP/api/ws/Get.php','wsapp_get','POST',0),(20,'wsapp_put','modules/WSAPP/api/ws/Put.php','wsapp_put','POST',0),(21,'wsapp_map','modules/WSAPP/api/ws/Map.php','wsapp_map','POST',0),(22,'mobile.fetchallalerts','modules/Mobile/api/wsapi.php','mobile_ws_fetchAllAlerts','POST',0),(23,'mobile.alertdetailswithmessage','modules/Mobile/api/wsapi.php','mobile_ws_alertDetailsWithMessage','POST',0),(24,'mobile.fetchmodulefilters','modules/Mobile/api/wsapi.php','mobile_ws_fetchModuleFilters','POST',0),(25,'mobile.fetchrecord','modules/Mobile/api/wsapi.php','mobile_ws_fetchRecord','POST',0),(26,'mobile.fetchrecordwithgrouping','modules/Mobile/api/wsapi.php','mobile_ws_fetchRecordWithGrouping','POST',0),(27,'mobile.filterdetailswithcount','modules/Mobile/api/wsapi.php','mobile_ws_filterDetailsWithCount','POST',0),(28,'mobile.listmodulerecords','modules/Mobile/api/wsapi.php','mobile_ws_listModuleRecords','POST',0),(29,'mobile.saverecord','modules/Mobile/api/wsapi.php','mobile_ws_saveRecord','POST',0),(30,'mobile.syncModuleRecords','modules/Mobile/api/wsapi.php','mobile_ws_syncModuleRecords','POST',0),(31,'mobile.query','modules/Mobile/api/wsapi.php','mobile_ws_query','POST',0),(32,'mobile.querywithgrouping','modules/Mobile/api/wsapi.php','mobile_ws_queryWithGrouping','POST',0),(33,'retrieve_inventory','include/Webservices/LineItem/RetrieveInventory.php','vtws_retrieve_inventory','GET',0),(34,'relatedtypes','include/Webservices/RelatedTypes.php','vtws_relatedtypes','GET',0),(35,'retrieve_related','include/Webservices/RetrieveRelated.php','vtws_retrieve_related','GET',0),(36,'query_related','include/Webservices/QueryRelated.php','vtws_query_related','GET',0),(37,'add_related','include/Webservices/AddRelated.php','vtws_add_related','POST',0);
/*!40000 ALTER TABLE `vtiger_ws_operation` ENABLE KEYS */;
UNLOCK TABLES;

--
-- Table structure for table `vtiger_ws_operation_parameters`
--

DROP TABLE IF EXISTS `vtiger_ws_operation_parameters`;
/*!40101 SET @saved_cs_client     = @@character_set_client */;
/*!50503 SET character_set_client = utf8mb4 */;
CREATE TABLE `vtiger_ws_operation_parameters` (
  `operationid` int NOT NULL AUTO_INCREMENT,
  `name` varchar(128) NOT NULL,
  `type` varchar(64) NOT NULL,
  `sequence` int NOT NULL,
  PRIMARY KEY (`operationid`,`name`)
) ENGINE=InnoDB AUTO_INCREMENT=38 DEFAULT CHARSET=utf8mb3;
/*!40101 SET character_set_client = @saved_cs_client */;

--
-- Dumping data for table `vtiger_ws_operation_parameters`
--

LOCK TABLES `vtiger_ws_operation_parameters` WRITE;
/*!40000 ALTER TABLE `vtiger_ws_operation_parameters` DISABLE KEYS */;
INSERT INTO `vtiger_ws_operation_parameters` VALUES (1,'accessKey','String',2),(1,'username','String',1),(2,'id','String',1),(3,'element','encoded',2),(3,'elementType','String',1),(4,'element','encoded',1),(5,'id','String',1),(6,'elementType','String',2),(6,'modifiedTime','DateTime',1),(7,'query','String',1),(8,'sessionName','String',1),(9,'fieldTypeList','encoded',1),(10,'username','String',1),(11,'elementType','String',1),(13,'accountName','String',3),(13,'assignedTo','String',2),(13,'avoidPotential','Boolean',4),(13,'leadId','String',1),(13,'potential','Encoded',5),(14,'element','Encoded',1),(15,'confirmPassword','String',4),(15,'id','String',1),(15,'newPassword','String',3),(15,'oldPassword','String',2),(16,'id','String',1),(16,'newOwnerId','String',2),(17,'synctype','string',2),(17,'type','string',1),(18,'key','string',2),(18,'type','string',1),(19,'key','string',1),(19,'module','string',2),(19,'token','string',3),(20,'element','encoded',2),(20,'key','string',1),(21,'element','encoded',2),(21,'key','string',1),(23,'alertid','string',1),(24,'module','string',1),(25,'record','string',1),(26,'record','string',1),(27,'filterid','string',1),(28,'elements','encoded',1),(29,'module','string',1),(29,'record','string',2),(29,'values','encoded',3),(30,'module','string',1),(30,'page','string',3),(30,'syncToken','string',2),(31,'module','string',1),(31,'page','string',3),(31,'query','string',2),(32,'module','string',1),(32,'page','string',3),(32,'query','string',2),(33,'id','String',1),(34,'elementType','string',1),(35,'id','string',1),(35,'relatedLabel','string',3),(35,'relatedType','string',2),(36,'id','string',2),(36,'query','string',1),(36,'relatedLabel','string',3),(37,'relatedRecordId','string',2),(37,'relationIdLabel','string',3),(37,'sourceRecordId','string',1);
/*!40000 ALTER TABLE `vtiger_ws_operation_parameters` ENABLE KEYS */;
UNLOCK TABLES;

--
-- Table structure for table `vtiger_ws_operation_seq`
--

DROP TABLE IF EXISTS `vtiger_ws_operation_seq`;
/*!40101 SET @saved_cs_client     = @@character_set_client */;
/*!50503 SET character_set_client = utf8mb4 */;
CREATE TABLE `vtiger_ws_operation_seq` (
  `id` int NOT NULL
) ENGINE=InnoDB DEFAULT CHARSET=utf8mb3;
/*!40101 SET character_set_client = @saved_cs_client */;

--
-- Dumping data for table `vtiger_ws_operation_seq`
--

LOCK TABLES `vtiger_ws_operation_seq` WRITE;
/*!40000 ALTER TABLE `vtiger_ws_operation_seq` DISABLE KEYS */;
INSERT INTO `vtiger_ws_operation_seq` VALUES (37);
/*!40000 ALTER TABLE `vtiger_ws_operation_seq` ENABLE KEYS */;
UNLOCK TABLES;

--
-- Table structure for table `vtiger_ws_referencetype`
--

DROP TABLE IF EXISTS `vtiger_ws_referencetype`;
/*!40101 SET @saved_cs_client     = @@character_set_client */;
/*!50503 SET character_set_client = utf8mb4 */;
CREATE TABLE `vtiger_ws_referencetype` (
  `fieldtypeid` int NOT NULL,
  `type` varchar(25) NOT NULL,
  PRIMARY KEY (`fieldtypeid`,`type`),
  CONSTRAINT `fk_1_vtiger_referencetype` FOREIGN KEY (`fieldtypeid`) REFERENCES `vtiger_ws_fieldtype` (`fieldtypeid`) ON DELETE CASCADE
) ENGINE=InnoDB DEFAULT CHARSET=utf8mb3;
/*!40101 SET character_set_client = @saved_cs_client */;

--
-- Dumping data for table `vtiger_ws_referencetype`
--

LOCK TABLES `vtiger_ws_referencetype` WRITE;
/*!40000 ALTER TABLE `vtiger_ws_referencetype` DISABLE KEYS */;
INSERT INTO `vtiger_ws_referencetype` VALUES (20,'Accounts'),(21,'Accounts'),(22,'Contacts'),(23,'Campaigns'),(24,'Accounts'),(25,'Vendors'),(26,'Potentials'),(27,'Quotes'),(28,'SalesOrder'),(29,'Vendors'),(30,'Users'),(31,'Users'),(32,'Accounts'),(32,'Contacts'),(32,'Leads'),(32,'Users'),(32,'Vendors'),(33,'Products'),(34,'Accounts'),(34,'Act'),(34,'Campaigns'),(34,'Consignment'),(34,'HelpDesk'),(34,'Leads'),(34,'Potentials'),(34,'Timetable'),(34,'Trips'),(34,'Vendors'),(35,'Users'),(36,'Accounts'),(36,'Contacts'),(37,'Currency'),(38,'DocumentFolders');
/*!40000 ALTER TABLE `vtiger_ws_referencetype` ENABLE KEYS */;
UNLOCK TABLES;

--
-- Table structure for table `vtiger_ws_userauthtoken`
--

DROP TABLE IF EXISTS `vtiger_ws_userauthtoken`;
/*!40101 SET @saved_cs_client     = @@character_set_client */;
/*!50503 SET character_set_client = utf8mb4 */;
CREATE TABLE `vtiger_ws_userauthtoken` (
  `userid` int NOT NULL,
  `token` varchar(36) NOT NULL,
  `expiretime` int NOT NULL,
  PRIMARY KEY (`userid`,`expiretime`),
  UNIQUE KEY `userid_idx` (`userid`)
) ENGINE=InnoDB DEFAULT CHARSET=utf8mb3;
/*!40101 SET character_set_client = @saved_cs_client */;

--
-- Dumping data for table `vtiger_ws_userauthtoken`
--

LOCK TABLES `vtiger_ws_userauthtoken` WRITE;
/*!40000 ALTER TABLE `vtiger_ws_userauthtoken` DISABLE KEYS */;
/*!40000 ALTER TABLE `vtiger_ws_userauthtoken` ENABLE KEYS */;
UNLOCK TABLES;

--
-- Table structure for table `vtiger_wsapp`
--

DROP TABLE IF EXISTS `vtiger_wsapp`;
/*!40101 SET @saved_cs_client     = @@character_set_client */;
/*!50503 SET character_set_client = utf8mb4 */;
CREATE TABLE `vtiger_wsapp` (
  `appid` int NOT NULL AUTO_INCREMENT,
  `name` varchar(200) NOT NULL,
  `appkey` varchar(255) DEFAULT NULL,
  `type` varchar(100) DEFAULT NULL,
  PRIMARY KEY (`appid`)
) ENGINE=InnoDB AUTO_INCREMENT=4 DEFAULT CHARSET=utf8mb3;
/*!40101 SET character_set_client = @saved_cs_client */;

--
-- Dumping data for table `vtiger_wsapp`
--

LOCK TABLES `vtiger_wsapp` WRITE;
/*!40000 ALTER TABLE `vtiger_wsapp` DISABLE KEYS */;
INSERT INTO `vtiger_wsapp` VALUES (3,'vtigerCRM','60d2f63f64a24','user');
/*!40000 ALTER TABLE `vtiger_wsapp` ENABLE KEYS */;
UNLOCK TABLES;

--
-- Table structure for table `vtiger_wsapp_handlerdetails`
--

DROP TABLE IF EXISTS `vtiger_wsapp_handlerdetails`;
/*!40101 SET @saved_cs_client     = @@character_set_client */;
/*!50503 SET character_set_client = utf8mb4 */;
CREATE TABLE `vtiger_wsapp_handlerdetails` (
  `type` varchar(200) NOT NULL,
  `handlerclass` varchar(100) DEFAULT NULL,
  `handlerpath` varchar(300) DEFAULT NULL
) ENGINE=InnoDB DEFAULT CHARSET=utf8mb3;
/*!40101 SET character_set_client = @saved_cs_client */;

--
-- Dumping data for table `vtiger_wsapp_handlerdetails`
--

LOCK TABLES `vtiger_wsapp_handlerdetails` WRITE;
/*!40000 ALTER TABLE `vtiger_wsapp_handlerdetails` DISABLE KEYS */;
INSERT INTO `vtiger_wsapp_handlerdetails` VALUES ('Outlook','OutlookHandler','modules/WSAPP/Handlers/OutlookHandler.php'),('vtigerCRM','vtigerCRMHandler','modules/WSAPP/Handlers/vtigerCRMHandler.php'),('vtigerSyncLib','WSAPP_VtigerSyncEventHandler','modules/WSAPP/synclib/handlers/VtigerSyncEventHandler.php'),('Google_vtigerHandler','Google_Vtiger_Handler','modules/Google/handlers/Vtiger.php'),('Google_vtigerSyncHandler','Google_VtigerSync_Handler','modules/Google/handlers/VtigerSync.php');
/*!40000 ALTER TABLE `vtiger_wsapp_handlerdetails` ENABLE KEYS */;
UNLOCK TABLES;

--
-- Table structure for table `vtiger_wsapp_logs_basic`
--

DROP TABLE IF EXISTS `vtiger_wsapp_logs_basic`;
/*!40101 SET @saved_cs_client     = @@character_set_client */;
/*!50503 SET character_set_client = utf8mb4 */;
CREATE TABLE `vtiger_wsapp_logs_basic` (
  `id` int NOT NULL AUTO_INCREMENT,
  `extensiontabid` int DEFAULT NULL,
  `module` varchar(50) NOT NULL,
  `sync_datetime` datetime NOT NULL,
  `app_create_count` int DEFAULT NULL,
  `app_update_count` int DEFAULT NULL,
  `app_delete_count` int DEFAULT NULL,
  `app_skip_count` int DEFAULT NULL,
  `vt_create_count` int DEFAULT NULL,
  `vt_update_count` int DEFAULT NULL,
  `vt_delete_count` int DEFAULT NULL,
  `vt_skip_count` int DEFAULT NULL,
  `userid` int DEFAULT NULL,
  PRIMARY KEY (`id`)
) ENGINE=InnoDB DEFAULT CHARSET=utf8mb3;
/*!40101 SET character_set_client = @saved_cs_client */;

--
-- Dumping data for table `vtiger_wsapp_logs_basic`
--

LOCK TABLES `vtiger_wsapp_logs_basic` WRITE;
/*!40000 ALTER TABLE `vtiger_wsapp_logs_basic` DISABLE KEYS */;
/*!40000 ALTER TABLE `vtiger_wsapp_logs_basic` ENABLE KEYS */;
UNLOCK TABLES;

--
-- Table structure for table `vtiger_wsapp_logs_details`
--

DROP TABLE IF EXISTS `vtiger_wsapp_logs_details`;
/*!40101 SET @saved_cs_client     = @@character_set_client */;
/*!50503 SET character_set_client = utf8mb4 */;
CREATE TABLE `vtiger_wsapp_logs_details` (
  `id` int NOT NULL,
  `app_create_ids` mediumtext,
  `app_update_ids` mediumtext,
  `app_delete_ids` mediumtext,
  `app_skip_info` mediumtext,
  `vt_create_ids` mediumtext,
  `vt_update_ids` mediumtext,
  `vt_delete_ids` mediumtext,
  `vt_skip_info` mediumtext,
  KEY `vtiger_wsapp_logs_basic_ibfk_1` (`id`),
  CONSTRAINT `vtiger_wsapp_logs_basic_ibfk_1` FOREIGN KEY (`id`) REFERENCES `vtiger_wsapp_logs_basic` (`id`) ON DELETE CASCADE
) ENGINE=InnoDB DEFAULT CHARSET=utf8mb3;
/*!40101 SET character_set_client = @saved_cs_client */;

--
-- Dumping data for table `vtiger_wsapp_logs_details`
--

LOCK TABLES `vtiger_wsapp_logs_details` WRITE;
/*!40000 ALTER TABLE `vtiger_wsapp_logs_details` DISABLE KEYS */;
/*!40000 ALTER TABLE `vtiger_wsapp_logs_details` ENABLE KEYS */;
UNLOCK TABLES;

--
-- Table structure for table `vtiger_wsapp_queuerecords`
--

DROP TABLE IF EXISTS `vtiger_wsapp_queuerecords`;
/*!40101 SET @saved_cs_client     = @@character_set_client */;
/*!50503 SET character_set_client = utf8mb4 */;
CREATE TABLE `vtiger_wsapp_queuerecords` (
  `syncserverid` int DEFAULT NULL,
  `details` varchar(300) DEFAULT NULL,
  `flag` varchar(100) DEFAULT NULL,
  `appid` int DEFAULT NULL
) ENGINE=InnoDB DEFAULT CHARSET=utf8mb3;
/*!40101 SET character_set_client = @saved_cs_client */;

--
-- Dumping data for table `vtiger_wsapp_queuerecords`
--

LOCK TABLES `vtiger_wsapp_queuerecords` WRITE;
/*!40000 ALTER TABLE `vtiger_wsapp_queuerecords` DISABLE KEYS */;
/*!40000 ALTER TABLE `vtiger_wsapp_queuerecords` ENABLE KEYS */;
UNLOCK TABLES;

--
-- Table structure for table `vtiger_wsapp_recordmapping`
--

DROP TABLE IF EXISTS `vtiger_wsapp_recordmapping`;
/*!40101 SET @saved_cs_client     = @@character_set_client */;
/*!50503 SET character_set_client = utf8mb4 */;
CREATE TABLE `vtiger_wsapp_recordmapping` (
  `id` int NOT NULL AUTO_INCREMENT,
  `serverid` varchar(10) DEFAULT NULL,
  `clientid` varchar(255) DEFAULT NULL,
  `clientmodifiedtime` datetime DEFAULT NULL,
  `appid` int DEFAULT NULL,
  `servermodifiedtime` datetime DEFAULT NULL,
  `serverappid` int DEFAULT NULL,
  PRIMARY KEY (`id`)
) ENGINE=InnoDB DEFAULT CHARSET=utf8mb3;
/*!40101 SET character_set_client = @saved_cs_client */;

--
-- Dumping data for table `vtiger_wsapp_recordmapping`
--

LOCK TABLES `vtiger_wsapp_recordmapping` WRITE;
/*!40000 ALTER TABLE `vtiger_wsapp_recordmapping` DISABLE KEYS */;
/*!40000 ALTER TABLE `vtiger_wsapp_recordmapping` ENABLE KEYS */;
UNLOCK TABLES;

--
-- Table structure for table `vtiger_wsapp_sync_state`
--

DROP TABLE IF EXISTS `vtiger_wsapp_sync_state`;
/*!40101 SET @saved_cs_client     = @@character_set_client */;
/*!50503 SET character_set_client = utf8mb4 */;
CREATE TABLE `vtiger_wsapp_sync_state` (
  `id` int NOT NULL AUTO_INCREMENT,
  `name` varchar(200) DEFAULT NULL,
  `stateencodedvalues` varchar(300) NOT NULL,
  `userid` int DEFAULT NULL,
  PRIMARY KEY (`id`)
) ENGINE=InnoDB DEFAULT CHARSET=utf8mb3;
/*!40101 SET character_set_client = @saved_cs_client */;

--
-- Dumping data for table `vtiger_wsapp_sync_state`
--

LOCK TABLES `vtiger_wsapp_sync_state` WRITE;
/*!40000 ALTER TABLE `vtiger_wsapp_sync_state` DISABLE KEYS */;
/*!40000 ALTER TABLE `vtiger_wsapp_sync_state` ENABLE KEYS */;
UNLOCK TABLES;
/*!40103 SET TIME_ZONE=@OLD_TIME_ZONE */;

/*!40101 SET SQL_MODE=@OLD_SQL_MODE */;
/*!40014 SET FOREIGN_KEY_CHECKS=@OLD_FOREIGN_KEY_CHECKS */;
/*!40014 SET UNIQUE_CHECKS=@OLD_UNIQUE_CHECKS */;
/*!40101 SET CHARACTER_SET_CLIENT=@OLD_CHARACTER_SET_CLIENT */;
/*!40101 SET CHARACTER_SET_RESULTS=@OLD_CHARACTER_SET_RESULTS */;
/*!40101 SET COLLATION_CONNECTION=@OLD_COLLATION_CONNECTION */;
/*!40111 SET SQL_NOTES=@OLD_SQL_NOTES */;

-- Dump completed on 2021-07-13 16:04:01
